,origin,destination,flow,cost,O,D,log_O,log_D,log_cost,log_flow
0,8740190ceffffff,874019009ffffff,3,15.182336594457507,588,5,6.376726947898627,1.6094379124341003,9.627953828803122,1.0986122886681098
1,8740190ceffffff,874019019ffffff,3,13.832345914510254,588,3,6.376726947898627,1.0986122886681098,9.534837327032935,1.0986122886681098
2,8740190ceffffff,87401901affffff,19,15.139407299941702,588,19,6.376726947898627,2.9444389791664403,9.625122428871437,2.9444389791664403
4,8740190ceffffff,874019050ffffff,12,12.412434359867245,588,12,6.376726947898627,2.4849066497880004,9.42653458123977,2.4849066497880004
5,8740190ceffffff,874019053ffffff,36,10.326100556992577,588,36,6.376726947898627,3.58351893845611,9.242526840913875,3.58351893845611
7,8740190ceffffff,874019058ffffff,1,11.600003484857929,588,2,6.376726947898627,0.6931471805599453,9.358846880668253,0.0
8,8740190ceffffff,874019089ffffff,12,12.090482400484076,588,12,6.376726947898627,2.4849066497880004,9.40025654986278,2.4849066497880004
11,8740190ceffffff,8740190c2ffffff,3,4.837544430701622,588,3,6.376726947898627,1.0986122886681098,8.484369217021756,1.0986122886681098
15,8740190ceffffff,8740190c9ffffff,27,4.839341055924178,588,27,6.376726947898627,3.295836866004329,8.484740463328095,3.295836866004329
18,8740190ceffffff,8740190cdffffff,5,4.044918317299479,588,5,6.376726947898627,1.6094379124341003,8.305463829016604,1.6094379124341003
20,8740190ceffffff,8740190d0ffffff,2,8.565360406804356,588,4,6.376726947898627,1.3862943611198906,9.055598231397669,0.6931471805599453
22,8740190ceffffff,8740190d5ffffff,67,7.255641481540539,588,68,6.376726947898627,4.219507705176107,8.889672394935335,4.204692619390966
23,8740190ceffffff,8740190d6ffffff,33,10.926985406475659,588,37,6.376726947898627,3.6109179126442243,9.299082246384685,3.4965075614664802
25,8740190ceffffff,8740190d9ffffff,5,4.134293105908475,588,10,6.376726947898627,2.302585092994046,8.327313489083108,1.6094379124341003
26,8740190ceffffff,8740190dbffffff,2,6.2305904885589065,588,45,6.376726947898627,3.8066624897703196,8.737386874313035,0.6931471805599453
29,8740190ceffffff,8740190deffffff,1,6.129900477179035,588,2,6.376726947898627,0.6931471805599453,8.721096914908546,0.0
30,8740190ceffffff,8740190e2ffffff,73,8.972641314103834,588,73,6.376726947898627,4.290459441148391,9.10204681628135,4.290459441148391
31,8740190ceffffff,8740190e5ffffff,4,11.205818007400438,588,4,6.376726947898627,1.3862943611198906,9.324277622730419,1.3862943611198906
32,8740190ceffffff,8740190e6ffffff,3,11.393559721302202,588,3,6.376726947898627,1.0986122886681098,9.340891303048478,1.0986122886681098
33,8740190ceffffff,8740190e8ffffff,2,6.234773439783514,588,2,6.376726947898627,0.6931471805599453,8.738057898501566,0.6931471805599453
35,8740190ceffffff,8740190ebffffff,13,4.638017369657931,588,13,6.376726947898627,2.5649493574615367,8.44225784901245,2.5649493574615367
36,8740190ceffffff,8740190ecffffff,2,8.273366302228771,588,2,6.376726947898627,0.6931471805599453,9.020917617521796,0.6931471805599453
37,8740190ceffffff,8740190edffffff,28,8.450526106806391,588,28,6.376726947898627,3.332204510175204,9.042102308400002,3.332204510175204
38,8740190ceffffff,8740190eeffffff,19,6.406657351893932,588,19,6.376726947898627,2.9444389791664403,8.765249015391856,2.9444389791664403
40,8740190ceffffff,8740190f1ffffff,63,8.609176776192633,588,63,6.376726947898627,4.143134726391533,9.06070012870841,4.143134726391533
41,8740190ceffffff,8740190f2ffffff,2,11.223986434469998,588,2,6.376726947898627,0.6931471805599453,9.325897504099258,0.6931471805599453
43,8740190ceffffff,8740190f4ffffff,77,12.913201894300514,588,77,6.376726947898627,4.343805421853684,9.466082906818311,4.343805421853684
45,8740190ceffffff,87401910cffffff,1,35.805604502966396,588,1,6.376726947898627,0.0,10.48588763869692,0.0
46,8740190ceffffff,87401914dffffff,2,31.010869615348795,588,2,6.376726947898627,0.6931471805599453,10.342125301001003,0.6931471805599453
47,8740190ceffffff,8740193b4ffffff,1,8.347253236960375,588,1,6.376726947898627,0.0,9.029807602782558,0.0
48,8740190ceffffff,874019626ffffff,1,21.382648964116587,588,72,6.376726947898627,4.276666119016055,9.97038184186455,0.0
49,8740190ceffffff,874019754ffffff,1,14.425064589769043,588,5,6.376726947898627,1.6094379124341003,9.57679189037018,0.0
50,8740190ceffffff,874019766ffffff,51,6.403547864552712,588,53,6.376726947898627,3.970291913552122,8.764763620824763,3.9318256327243257
51,8740190ceffffff,874019770ffffff,12,10.315195092630724,588,19,6.376726947898627,2.9444389791664403,9.241470278477193,2.4849066497880004
52,8740190ceffffff,874019771ffffff,1,10.490544594533965,588,9,6.376726947898627,2.1972245773362196,9.258324935025103,0.0
53,8740190ceffffff,8740197b6ffffff,1,36.70957366816416,588,51,6.376726947898627,3.9318256327243257,10.510820103395861,0.0
54,874019319ffffff,87401904affffff,1,16.035259832672182,864,1,6.761572768804055,0.0,9.682607676716199,0.0
56,874019319ffffff,874019059ffffff,8,16.964140875117653,864,8,6.761572768804055,2.0794415416798357,9.73891598105168,2.0794415416798357
57,874019319ffffff,87401905bffffff,15,18.144087993611596,864,15,6.761572768804055,2.70805020110221,9.806155169104224,2.70805020110221
58,874019319ffffff,874019061ffffff,1,23.767560309762374,864,1,6.761572768804055,0.0,10.076118990987869,0.0
59,874019319ffffff,874019204ffffff,5,7.4189777331045805,864,5,6.761572768804055,1.6094379124341003,8.91193133522762,1.6094379124341003
60,874019319ffffff,874019206ffffff,2,8.794241435038039,864,2,6.761572768804055,0.6931471805599453,9.081966108192038,0.6931471805599453
61,874019319ffffff,874019210ffffff,15,12.421005443935373,864,15,6.761572768804055,2.70805020110221,9.427224811368658,2.70805020110221
62,874019319ffffff,874019212ffffff,94,14.453656752529179,864,94,6.761572768804055,4.543294782270004,9.578771908234863,4.543294782270004
63,874019319ffffff,874019214ffffff,20,10.336200347159123,864,20,6.761572768804055,2.995732273553991,9.243504351938093,2.995732273553991
65,874019319ffffff,874019216ffffff,15,12.483976869159875,864,15,6.761572768804055,2.70805020110221,9.432281350021718,2.70805020110221
69,874019319ffffff,874019223ffffff,64,6.59838257872623,864,64,6.761572768804055,4.1588830833596715,8.794731374960723,4.1588830833596715
70,874019319ffffff,874019224ffffff,20,2.4252282641104332,864,20,6.761572768804055,2.995732273553991,7.794093175807515,2.995732273553991
71,874019319ffffff,874019225ffffff,100,4.850899679676965,864,100,6.761572768804055,4.605170185988092,8.487125593773717,4.605170185988092
73,874019319ffffff,87401922cffffff,1,8.88040926193684,864,1,6.761572768804055,0.0,9.09171552406316,0.0
75,874019319ffffff,874019230ffffff,96,6.244078625413193,864,96,6.761572768804055,4.564348191467836,8.739549012618644,4.564348191467836
77,874019319ffffff,874019232ffffff,10,8.462062578066623,864,10,6.761572768804055,2.302585092994046,9.04346639395526,2.302585092994046
80,874019319ffffff,874019273ffffff,1,19.41582658321951,864,1,6.761572768804055,0.0,9.873895318771561,0.0
83,874019319ffffff,8740192a2ffffff,3,19.16832588628635,864,6,6.761572768804055,1.791759469228055,9.861066670386768,1.0986122886681098
88,874019319ffffff,8740192aeffffff,1,18.57854152493366,864,1,6.761572768804055,0.0,9.82981633633322,0.0
89,874019319ffffff,8740192b5ffffff,1,19.90351384439465,864,4,6.761572768804055,1.3862943611198906,9.898701811342866,0.0
90,874019319ffffff,87401930affffff,4,2.324953984619146,864,4,6.761572768804055,1.3862943611198906,7.751885549830105,1.3862943611198906
91,874019319ffffff,87401930bffffff,4,4.056993916778546,864,7,6.761572768804055,1.9459101490553132,8.308444021315772,1.3862943611198906
92,874019319ffffff,874019310ffffff,33,8.876429425496058,864,33,6.761572768804055,3.4965075614664802,9.091267314968245,3.4965075614664802
93,874019319ffffff,874019316ffffff,1,11.247453582677958,864,1,6.761572768804055,0.0,9.327985938866654,0.0
94,874019319ffffff,874019318ffffff,23,2.4247845314092564,864,23,6.761572768804055,3.1354942159291497,7.793910269157795,3.1354942159291497
97,874019319ffffff,874019329ffffff,1,10.737076973413712,864,1,6.761572768804055,0.0,9.281551299276222,0.0
98,874019319ffffff,874019343ffffff,2,14.853549283874667,864,2,6.761572768804055,0.6931471805599453,9.606061446398016,0.6931471805599453
99,874019319ffffff,874019352ffffff,99,7.2770136647356845,864,99,6.761572768804055,4.59511985013459,8.892613255710282,4.59511985013459
100,874019319ffffff,874019353ffffff,1,9.703569636582793,864,1,6.761572768804055,0.0,9.180352150115258,0.0
101,874019319ffffff,874019356ffffff,23,6.267852524872409,864,23,6.761572768804055,3.1354942159291497,8.743348606491347,3.1354942159291497
102,874019319ffffff,87401935cffffff,3,13.359212564408715,864,3,6.761572768804055,1.0986122886681098,9.5000363574737,1.0986122886681098
103,874019319ffffff,874019384ffffff,1,14.29702444704702,864,1,6.761572768804055,0.0,9.56787665614818,0.0
104,874019319ffffff,874019386ffffff,6,16.209028562853415,864,6,6.761572768804055,1.791759469228055,9.693385376779583,1.791759469228055
105,874019319ffffff,874019399ffffff,7,16.25619521501017,864,7,6.761572768804055,1.9459101490553132,9.696290872220821,1.9459101490553132
106,874019319ffffff,87401939bffffff,4,18.57586441153111,864,8,6.761572768804055,2.0794415416798357,9.829672236636831,1.3862943611198906
107,874019319ffffff,8740193a3ffffff,8,12.523485490032838,864,8,6.761572768804055,2.0794415416798357,9.435440846469222,2.0794415416798357
108,874019319ffffff,8740193a6ffffff,1,15.74058504750988,864,2,6.761572768804055,0.6931471805599453,9.664061218776133,0.0
109,874019319ffffff,8740193b0ffffff,15,18.77910222976959,864,15,6.761572768804055,2.70805020110221,9.840553196292145,2.70805020110221
110,874019319ffffff,8740193b1ffffff,39,16.512819446766223,864,39,6.761572768804055,3.6635616461296463,9.711952851574152,3.6635616461296463
111,874019319ffffff,8740193b2ffffff,8,20.523877961095874,864,8,6.761572768804055,2.0794415416798357,9.929392988436733,2.0794415416798357
114,874019319ffffff,8740193b5ffffff,5,17.170626856176764,864,5,6.761572768804055,1.6094379124341003,9.751013699325965,1.6094379124341003
115,874019319ffffff,874019655ffffff,1,41.24216458875332,864,78,6.761572768804055,4.356708826689592,10.627240671092602,0.0
116,874019319ffffff,874019706ffffff,1,44.50158417563661,864,5,6.761572768804055,1.6094379124341003,10.703302537830876,0.0
117,874019319ffffff,874019732ffffff,7,48.717728234963595,864,11,6.761572768804055,2.3978952727983707,10.793818798491424,1.9459101490553132
118,874019319ffffff,874019750ffffff,1,35.642417983432395,864,47,6.761572768804055,3.8501476017100584,10.481319780000723,0.0
119,874019319ffffff,874019ac1ffffff,2,21.487373367687148,864,2,6.761572768804055,0.6931471805599453,9.975267294249031,0.6931471805599453
120,874019319ffffff,874019ac3ffffff,23,19.210293608175355,864,23,6.761572768804055,3.1354942159291497,9.863253593848041,3.1354942159291497
121,874019319ffffff,874019aceffffff,5,19.95074146409199,864,5,6.761572768804055,1.6094379124341003,9.901071709941517,1.6094379124341003
122,874019319ffffff,874019ad1ffffff,1,16.590311750109855,864,1,6.761572768804055,0.0,9.71663444878144,0.0
123,874019319ffffff,874019ad9ffffff,1,16.28850671616112,864,1,6.761572768804055,0.0,9.69827641974786,0.0
124,874019319ffffff,874019adcffffff,3,16.948277958171467,864,3,6.761572768804055,1.0986122886681098,9.737980513563295,1.0986122886681098
125,874019319ffffff,874019addffffff,3,17.636325249274513,864,3,6.761572768804055,1.0986122886681098,9.777772688204092,1.0986122886681098
126,874019319ffffff,87401a45affffff,1,255.63046076998484,864,12,6.761572768804055,2.4849066497880004,12.45149207986562,0.0
127,874019319ffffff,87401b935ffffff,1,120.3326976331495,864,2,6.761572768804055,0.6931471805599453,11.69802397606462,0.0
129,874019319ffffff,8740e4d83ffffff,8,28.6369615679715,864,8,6.761572768804055,2.0794415416798357,10.2624884442389,2.0794415416798357
130,874019319ffffff,8740e4d86ffffff,8,27.401718094600557,864,8,6.761572768804055,2.0794415416798357,10.21839748798898,2.0794415416798357
131,874019319ffffff,8740e4d90ffffff,18,22.896589800362932,864,18,6.761572768804055,2.8903717578961645,10.03878693511083,2.8903717578961645
132,874019319ffffff,8740e4d94ffffff,18,23.57665950607351,864,18,6.761572768804055,2.8903717578961645,10.06805491157694,2.8903717578961645
134,874019319ffffff,8740e4d96ffffff,1,21.28926784092426,864,1,6.761572768804055,0.0,9.966005338406054,0.0
135,874019602ffffff,874019009ffffff,2,43.31101229711582,224,5,5.4116460518550396,1.6094379124341003,10.676185295773413,0.6931471805599453
136,874019602ffffff,8740190c4ffffff,1,33.03673061606473,224,1,5.4116460518550396,0.0,10.40540553932147,0.0
137,874019602ffffff,8740190eaffffff,5,33.039411598483625,224,7,5.4116460518550396,1.9459101490553132,10.405486685138543,1.6094379124341003
138,874019602ffffff,87401922dffffff,1,53.44603989189439,224,1,5.4116460518550396,0.0,10.886446534038312,0.0
139,874019602ffffff,8740193a6ffffff,1,38.91650273920805,224,2,5.4116460518550396,0.6931471805599453,10.569199370294998,0.0
140,874019602ffffff,8740193abffffff,1,39.51322668314219,224,1,5.4116460518550396,0.0,10.584416055237332,0.0
141,874019602ffffff,8740193b6ffffff,1,33.74353611945613,224,1,5.4116460518550396,0.0,10.426573790437773,0.0
157,874019602ffffff,874019621ffffff,66,8.423713368576646,224,304,5.4116460518550396,5.717027701406222,9.038924733107887,4.189654742026425
158,874019602ffffff,874019622ffffff,1,6.390162091532778,224,78,5.4116460518550396,4.356708826689592,8.762671391796626,0.0
159,874019602ffffff,874019625ffffff,1,10.294865870238338,224,29,5.4116460518550396,3.367295829986474,9.239497721824977,0.0
160,874019602ffffff,874019633ffffff,92,4.298619582682146,224,113,5.4116460518550396,4.727387818712341,8.366281828624341,4.5217885770490405
161,874019602ffffff,8740196a1ffffff,1,8.313535571801609,224,1,5.4116460518550396,0.0,9.025760535803935,0.0
162,874019602ffffff,8740196a6ffffff,2,12.092501984402576,224,9,5.4116460518550396,2.1972245773362196,9.400423561252248,0.6931471805599453
163,874019602ffffff,8740196a8ffffff,1,8.415570021377409,224,62,5.4116460518550396,4.127134385045092,9.037957663360846,0.0
166,874019602ffffff,8740196c2ffffff,1,17.249348136809854,224,2,5.4116460518550396,0.6931471805599453,9.755587604099905,0.0
167,874019602ffffff,8740196d2ffffff,1,19.15153668689386,224,21,5.4116460518550396,3.044522437723423,9.860190449903767,0.0
168,874019602ffffff,8740196f4ffffff,1,8.759851680387978,224,1,5.4116460518550396,0.0,9.078048402993092,0.0
169,874019602ffffff,8740196f6ffffff,24,10.462104568246627,224,57,5.4116460518550396,4.04305126783455,9.255610497429036,3.1780538303479458
170,874019602ffffff,874019709ffffff,1,14.40278861795122,224,122,5.4116460518550396,4.804021044733257,9.575246549428593,0.0
171,874019602ffffff,87401970cffffff,1,16.855937617269824,224,31,5.4116460518550396,3.4339872044851463,9.732517579071665,0.0
172,874019602ffffff,87401971dffffff,1,13.613301189458946,224,80,5.4116460518550396,4.382026634673881,9.51887607727272,0.0
173,874019602ffffff,874019729ffffff,1,20.63595551142216,224,6,5.4116460518550396,1.791759469228055,9.93483870442411,0.0
174,874019602ffffff,874019741ffffff,1,19.73216108176068,224,2,5.4116460518550396,0.6931471805599453,9.89005580320106,0.0
175,874019602ffffff,874019754ffffff,1,14.62881388972315,224,5,5.4116460518550396,1.6094379124341003,9.590816772793348,0.0
176,874019602ffffff,874019763ffffff,3,22.140753656380447,224,11,5.4116460518550396,2.3978952727983707,10.00522041073113,1.0986122886681098
177,874019602ffffff,87401976cffffff,1,25.460300114163754,224,11,5.4116460518550396,2.3978952727983707,10.144914935778708,0.0
178,874019602ffffff,874019774ffffff,2,20.60070216870582,224,24,5.4116460518550396,3.1780538303479458,9.933128980912866,0.6931471805599453
179,874019602ffffff,87401b54affffff,1,109.30300310721037,224,1,5.4116460518550396,0.0,11.601888298445557,0.0
180,874019602ffffff,8740e6c82ffffff,1,57.565409613004775,224,1,5.4116460518550396,0.0,10.960694510135408,0.0
181,874019602ffffff,8740e6d20ffffff,6,20.595678298506026,224,28,5.4116460518550396,3.332204510175204,9.932885094130535,1.791759469228055
182,874019602ffffff,8740e6d2cffffff,1,21.502050700283274,224,41,5.4116460518550396,3.713572066704308,9.97595009708632,0.0
183,874019606ffffff,874019600ffffff,81,2.415458560738801,530,99,6.272877006546167,4.59511985013459,7.7900583426749535,4.394449154672439
184,874019606ffffff,874019601ffffff,1,4.831365471076969,530,25,6.272877006546167,3.2188758248682006,8.48309137232499,0.0
185,874019606ffffff,874019602ffffff,46,2.465209085099072,530,52,6.272877006546167,3.9512437185814275,7.810437467274861,3.828641396489095
186,874019606ffffff,874019603ffffff,48,4.299107370393727,530,59,6.272877006546167,4.07753744390572,8.366395271228917,3.871201010907891
187,874019606ffffff,874019604ffffff,31,2.311541206105027,530,77,6.272877006546167,4.343805421853684,7.746102288084054,3.4339872044851463
189,874019606ffffff,874019610ffffff,2,4.621084527580861,530,6,6.272877006546167,1.791759469228055,8.43860107876335,0.6931471805599453
193,874019606ffffff,874019616ffffff,54,6.112766417298708,530,62,6.272877006546167,4.127134385045092,8.718298297157459,3.9889840465642745
194,874019606ffffff,87401961cffffff,1,4.930165443550912,530,2,6.272877006546167,0.6931471805599453,8.503330637385252,0.0
195,874019606ffffff,874019620ffffff,3,6.216366463533879,530,167,6.272877006546167,5.117993812416755,8.735101697929244,1.0986122886681098
196,874019606ffffff,874019621ffffff,1,6.936619897869154,530,304,6.272877006546167,5.717027701406222,8.844714040481081,0.0
197,874019606ffffff,874019622ffffff,25,4.124609330279877,530,78,6.272877006546167,4.356708826689592,8.324969004291269,3.2188758248682006
198,874019606ffffff,874019623ffffff,92,4.623747946029081,530,98,6.272877006546167,4.584967478670572,8.439177150305573,4.5217885770490405
199,874019606ffffff,874019626ffffff,4,6.391063655258672,530,72,6.272877006546167,4.276666119016055,8.76281244597892,1.3862943611198906
200,874019606ffffff,87401962cffffff,5,8.323019223862461,530,41,6.272877006546167,3.713572066704308,9.026900496960938,1.6094379124341003
203,874019606ffffff,874019632ffffff,11,4.829569795740586,530,53,6.272877006546167,3.970291913552122,8.482719709821316,2.3978952727983707
206,874019606ffffff,87401968dffffff,3,14.563131905133178,530,5,6.272877006546167,1.6094379124341003,9.58631706618463,1.0986122886681098
207,874019606ffffff,8740196a8ffffff,57,10.285456778191245,530,62,6.272877006546167,4.127134385045092,9.238583433106133,4.04305126783455
208,874019606ffffff,8740196a9ffffff,1,10.463650641741886,530,2,6.272877006546167,0.6931471805599453,9.255758250829489,0.0
209,874019606ffffff,8740196b1ffffff,18,15.10889989723841,530,82,6.272877006546167,4.406719247264253,9.623105430310254,2.8903717578961645
210,874019606ffffff,8740196f6ffffff,33,12.772675281834607,530,57,6.272877006546167,4.04305126783455,9.455141713556898,3.4965075614664802
211,874019606ffffff,874019718ffffff,1,9.86334961126983,530,133,6.272877006546167,4.890349128221754,9.196682487369962,0.0
212,874019606ffffff,874019719ffffff,8,8.766230849305096,530,165,6.272877006546167,5.10594547390058,9.078776282861066,2.0794415416798357
213,874019606ffffff,87401978dffffff,1,7.243679894093534,530,138,6.272877006546167,4.927253685157205,8.888022670768821,0.0
214,874019606ffffff,87401979affffff,1,16.120211962845183,530,7,6.272877006546167,1.9459101490553132,9.687891197033789,0.0
215,874019606ffffff,87401979bffffff,1,14.099374731805744,530,5,6.272877006546167,1.6094379124341003,9.553956652736916,0.0
216,874019606ffffff,87401ba05ffffff,1,38.76819227338061,530,1,6.272877006546167,0.0,10.56538119664296,0.0
217,874019620ffffff,8740190dbffffff,13,14.641058298501791,73,45,4.290459441148391,3.8066624897703196,9.591653371792829,2.5649493574615367
218,874019620ffffff,8740194c2ffffff,3,34.16448566959633,73,3,4.290459441148391,1.0986122886681098,10.438971222527169,1.0986122886681098
219,874019620ffffff,874019604ffffff,3,4.125587560975857,73,77,4.290459441148391,4.343805421853684,8.325206087994784,1.0986122886681098
221,874019620ffffff,874019621ffffff,41,2.4163468531608725,73,304,4.290459441148391,5.717027701406222,7.790425876059527,3.713572066704308
227,874019620ffffff,87401962cffffff,1,4.833142156308144,73,41,4.290459441148391,3.713572066704308,8.483458968424774,0.0
228,874019620ffffff,874019630ffffff,2,6.116632714181343,73,19,4.290459441148391,2.9444389791664403,8.718930489267263,0.6931471805599453
230,874019620ffffff,874019701ffffff,1,9.867646641293438,73,20,4.290459441148391,2.995732273553991,9.197118004615954,0.0
231,874019620ffffff,874019708ffffff,2,6.394641327149915,73,12,4.290459441148391,2.4849066497880004,8.763371994700057,0.6931471805599453
232,874019620ffffff,874019709ffffff,1,6.220574812170722,73,122,4.290459441148391,4.804021044733257,8.735778338923703,0.0
233,874019620ffffff,87401971bffffff,1,4.831346076399951,73,152,4.290459441148391,5.0238805208462765,8.483087358821447,0.0
234,874019620ffffff,87401971dffffff,1,6.58136940280702,73,80,4.290459441148391,4.382026634673881,8.792150051113948,0.0
235,874019620ffffff,87401971effffff,1,8.848794413279345,73,9,4.290459441148391,2.1972245773362196,9.088149507594224,0.0
236,874019620ffffff,874019756ffffff,1,4.626991686670001,73,26,4.290459441148391,3.258096538021482,8.439878292000373,0.0
237,874019620ffffff,874019774ffffff,1,12.445350375244086,73,24,4.290459441148391,3.1780538303479458,9.429182716367501,0.0
238,874019620ffffff,87401bccdffffff,1,108.21441213412238,73,3,4.290459441148391,1.0986122886681098,11.59187907641638,0.0
239,874019621ffffff,874019600ffffff,7,6.217042735238265,198,99,5.288267030694535,4.59511985013459,8.735210463422078,1.9459101490553132
240,874019621ffffff,874019601ffffff,12,6.3919413198615915,198,25,5.288267030694535,3.2188758248682006,8.762949741913651,2.4849066497880004
241,874019621ffffff,874019602ffffff,2,8.423713368576646,198,52,5.288267030694535,3.9512437185814275,9.038924733107887,0.6931471805599453
242,874019621ffffff,874019603ffffff,4,8.250262806438789,198,59,5.288267030694535,4.07753744390572,9.018121535062226,1.3862943611198906
243,874019621ffffff,874019604ffffff,36,4.625078691764125,198,77,5.288267030694535,4.343805421853684,8.439464853404187,3.58351893845611
245,874019621ffffff,874019606ffffff,1,6.936619897869154,198,7,5.288267030694535,1.9459101490553132,8.844714040481081,0.0
246,874019621ffffff,87401961affffff,1,14.394759356353129,198,21,5.288267030694535,3.044522437723423,9.574688953051506,0.0
247,874019621ffffff,874019620ffffff,64,2.4163468531608725,198,167,5.288267030694535,5.117993812416755,7.790425876059527,4.1588830833596715
249,874019621ffffff,874019622ffffff,2,4.036058549299834,198,78,5.288267030694535,4.356708826689592,8.3032716239184,0.6931471805599453
251,874019621ffffff,874019624ffffff,3,4.30059645859861,198,62,5.288267030694535,4.127134385045092,8.366741502219746,1.0986122886681098
252,874019621ffffff,874019625ffffff,2,2.4666986542632228,198,29,5.288267030694535,3.367295829986474,7.811041276380379,0.6931471805599453
253,874019621ffffff,874019626ffffff,9,4.832244686160841,198,72,5.288267030694535,4.276666119016055,8.483273298778053,2.1972245773362196
256,874019621ffffff,874019631ffffff,1,6.117882070901578,198,98,5.288267030694535,4.584967478670572,8.719134690667175,0.0
257,874019621ffffff,874019635ffffff,1,6.236828459192132,198,6,5.288267030694535,1.791759469228055,8.738387397461667,0.0
258,874019621ffffff,874019640ffffff,4,17.30691806552181,198,8,5.288267030694535,2.0794415416798357,9.758919367425655,1.3862943611198906
259,874019621ffffff,874019643ffffff,1,19.364649411009548,198,1,5.288267030694535,0.0,9.871256126682686,0.0
260,874019621ffffff,874019645ffffff,1,17.712358817616874,198,5,5.288267030694535,1.6094379124341003,9.78207436935092,0.0
261,874019621ffffff,874019651ffffff,10,17.4144785213366,198,74,5.288267030694535,4.30406509320417,9.76511465996131,2.302585092994046
262,874019621ffffff,87401968cffffff,1,20.819202088498688,198,16,5.288267030694535,2.772588722239781,9.943679048581924,0.0
263,874019621ffffff,8740196e1ffffff,1,17.25981655573982,198,85,5.288267030694535,4.442651256490317,9.756194272657416,0.0
264,874019621ffffff,874019709ffffff,18,6.395081494369513,198,122,5.288267030694535,4.804021044733257,8.763440815331322,2.8903717578961645
265,874019621ffffff,87401970bffffff,1,4.933647850453943,198,12,5.288267030694535,2.4849066497880004,8.504036591764052,0.0
266,874019621ffffff,87401970effffff,2,8.962357428660578,198,158,5.288267030694535,5.062595033026967,9.100900148801738,0.6931471805599453
267,874019621ffffff,87401971affffff,1,9.662691014641855,198,7,5.288267030694535,1.9459101490553132,9.176130946840798,0.0
268,874019621ffffff,87401971bffffff,2,7.247692929560824,198,152,5.288267030694535,5.0238805208462765,8.888576446017504,0.6931471805599453
269,874019621ffffff,874019731ffffff,3,17.413652707209685,198,13,5.288267030694535,2.5649493574615367,9.76506724043701,1.0986122886681098
270,874019621ffffff,874019750ffffff,1,4.627738247386945,198,47,5.288267030694535,3.8501476017100584,8.44003959317776,0.0
271,874019621ffffff,874019755ffffff,1,6.942603894695376,198,3,5.288267030694535,1.0986122886681098,8.845576211898576,0.0
272,874019621ffffff,87401975effffff,1,6.240937246526985,198,3,5.288267030694535,1.0986122886681098,8.739045869356124,0.0
273,874019621ffffff,874019773ffffff,1,8.431839045968749,198,29,5.288267030694535,3.367295829986474,9.03988877317985,0.0
274,874019621ffffff,87401978dffffff,1,12.1024395429788,198,138,5.288267030694535,4.927253685157205,9.401244950940999,0.0
275,874019621ffffff,874019799ffffff,3,18.339660301898142,198,13,5.288267030694535,2.5649493574615367,9.816875748537385,1.0986122886681098
276,874019622ffffff,8740190dbffffff,26,16.86514926972367,162,45,5.087596335232384,3.8066624897703196,9.733063890428856,3.258096538021482
277,874019622ffffff,874019602ffffff,1,6.390162091532778,162,52,5.087596335232384,3.9512437185814275,8.762671391796626,0.0
278,874019622ffffff,874019603ffffff,2,7.396865670124034,162,59,5.087596335232384,4.07753744390572,8.908946814634149,0.6931471805599453
280,874019622ffffff,874019621ffffff,86,4.036058549299834,162,304,5.087596335232384,5.717027701406222,8.3032716239184,4.454347296253507
286,874019622ffffff,87401962cffffff,3,6.238159469981737,162,41,5.087596335232384,3.713572066704308,8.73860075196713,1.0986122886681098
287,874019622ffffff,874019630ffffff,2,4.034147139383463,162,19,5.087596335232384,2.9444389791664403,8.302798045809563,0.6931471805599453
288,874019622ffffff,874019631ffffff,2,2.3118331552074296,162,98,5.087596335232384,4.584967478670572,7.746228526126636,0.6931471805599453
289,874019622ffffff,874019632ffffff,1,6.11492777733422,162,53,5.087596335232384,3.970291913552122,8.718651758171873,0.0
291,874019622ffffff,8740196a5ffffff,1,11.552506027195967,162,1,5.087596335232384,0.0,9.35474422202549,0.0
292,874019622ffffff,8740196a8ffffff,1,14.389822978747638,162,62,5.087596335232384,4.127134385045092,9.574345989263973,0.0
293,874019622ffffff,8740196abffffff,10,16.488769510996036,162,19,5.087596335232384,2.9444389791664403,9.710495437954203,2.302585092994046
294,874019622ffffff,874019701ffffff,6,11.184736138235577,162,20,5.087596335232384,2.995732273553991,9.322394686531494,1.791759469228055
295,874019622ffffff,874019709ffffff,1,8.428518424634325,162,122,5.087596335232384,4.804021044733257,9.039494922986231,0.0
296,874019622ffffff,874019719ffffff,3,4.932500276068428,162,165,5.087596335232384,5.10594547390058,8.503804010255145,1.0986122886681098
297,874019622ffffff,87401971bffffff,3,4.299491214443105,162,152,5.087596335232384,5.0238805208462765,8.36648453107423,1.0986122886681098
298,874019622ffffff,87401971dffffff,1,7.3991252605211475,162,80,5.087596335232384,4.382026634673881,8.909252206146451,0.0
299,874019622ffffff,874019754ffffff,1,9.253982725993174,162,5,5.087596335232384,1.6094379124341003,9.13291735855455,0.0
300,874019622ffffff,874019756ffffff,4,6.939490175177897,162,26,5.087596335232384,3.258096538021482,8.84512768143573,1.3862943611198906
301,874019622ffffff,874019788ffffff,1,10.096215948028268,162,3,5.087596335232384,1.0986122886681098,9.22001501612119,0.0
302,874019622ffffff,87401978bffffff,1,10.565301009664152,162,20,5.087596335232384,2.995732273553991,9.265425065834858,0.0
303,874019622ffffff,87401b051ffffff,1,79.81824745305495,162,1,5.087596335232384,0.0,11.287519950508354,0.0
304,874019622ffffff,87401b0c6ffffff,2,92.51494417689598,162,2,5.087596335232384,0.6931471805599453,11.435136278126562,0.6931471805599453
305,874019622ffffff,87401b6c6ffffff,1,125.48605308877232,162,1,5.087596335232384,0.0,11.73995786959308,0.0
306,874019622ffffff,87401bcb6ffffff,1,132.97447149200437,162,1,5.087596335232384,0.0,11.797919965323386,0.0
307,874019622ffffff,87401bccdffffff,1,106.1589448149285,162,3,5.087596335232384,1.0986122886681098,11.57270214917672,0.0
308,874019623ffffff,87401829bffffff,1,90.46770906141735,313,36,5.746203190540153,3.58351893845611,11.412759313673119,0.0
309,874019623ffffff,8740190eaffffff,2,26.832992373652544,313,7,5.746203190540153,1.9459101490553132,10.19742473494573,0.6931471805599453
310,874019623ffffff,874019409ffffff,1,35.37055224187795,313,1,5.746203190540153,0.0,10.473663167068574,0.0
311,874019623ffffff,874019418ffffff,1,41.524011686810205,313,1,5.746203190540153,0.0,10.634051215921797,0.0
312,874019623ffffff,87401944effffff,2,23.808726666371367,313,4,5.746203190540153,1.3862943611198906,10.077849459632208,0.6931471805599453
313,874019623ffffff,87401948bffffff,1,43.57455379294505,313,2,5.746203190540153,0.6931471805599453,10.682251579267763,0.0
314,874019623ffffff,8740194e0ffffff,2,35.20151906927611,313,12,5.746203190540153,2.4849066497880004,10.468872923493645,0.6931471805599453
315,874019623ffffff,87401959bffffff,1,56.84803611467635,313,1,5.746203190540153,0.0,10.948154544147986,0.0
316,874019623ffffff,874019600ffffff,11,4.124957709843733,313,99,5.746203190540153,4.59511985013459,8.325053443904343,2.3978952727983707
317,874019623ffffff,874019601ffffff,11,4.931817592404494,313,25,5.746203190540153,3.2188758248682006,8.503665623539023,2.3978952727983707
318,874019623ffffff,874019602ffffff,1,6.215412855060726,313,52,5.746203190540153,3.9512437185814275,8.73494830796621,0.0
319,874019623ffffff,874019603ffffff,5,6.390600478748192,313,59,5.746203190540153,4.07753744390572,8.762739982167945,1.6094379124341003
322,874019623ffffff,874019606ffffff,6,4.623747946029081,313,7,5.746203190540153,1.9459101490553132,8.439177150305573,1.791759469228055
323,874019623ffffff,87401960cffffff,2,6.580895395450566,313,4,5.746203190540153,1.3862943611198906,8.792078036859612,0.6931471805599453
324,874019623ffffff,874019611ffffff,2,8.421421103002153,313,6,5.746203190540153,1.791759469228055,9.038652607828363,0.6931471805599453
325,874019623ffffff,874019615ffffff,1,6.934623297300903,313,1,5.746203190540153,0.0,8.844426205754342,0.0
326,874019623ffffff,874019616ffffff,2,10.567299369596114,313,62,5.746203190540153,4.127134385045092,9.26561417373395,0.6931471805599453
331,874019623ffffff,874019624ffffff,8,4.932823611595527,313,62,5.746203190540153,4.127134385045092,8.503869546874983,2.0794415416798357
332,874019623ffffff,874019625ffffff,1,4.126565257560358,313,29,5.746203190540153,3.367295829986474,8.325442986101852,0.0
333,874019623ffffff,874019626ffffff,34,4.299980627725983,313,72,5.746203190540153,4.276666119016055,8.36659832864106,3.5263605246161616
334,874019623ffffff,874019628ffffff,4,4.833147907609706,313,52,5.746203190540153,3.9512437185814275,8.483460158149436,1.3862943611198906
336,874019623ffffff,87401962cffffff,11,4.036925004194472,313,41,5.746203190540153,3.713572066704308,8.303486226187799,2.3978952727983707
338,874019623ffffff,874019630ffffff,2,6.235378725715588,313,19,5.746203190540153,2.9444389791664403,8.738154960488064,0.6931471805599453
340,874019623ffffff,874019632ffffff,4,8.068117138881735,313,53,5.746203190540153,3.970291913552122,8.995799354892934,1.3862943611198906
341,874019623ffffff,874019634ffffff,1,7.246355888547096,313,63,5.746203190540153,4.143134726391533,8.888391976299681,0.0
343,874019623ffffff,874019636ffffff,3,8.551935045921436,313,132,5.746203190540153,4.882801922586371,9.05402978324836,1.0986122886681098
344,874019623ffffff,874019640ffffff,2,17.70956562940085,313,8,5.746203190540153,2.0794415416798357,9.781916668685879,0.6931471805599453
345,874019623ffffff,874019651ffffff,23,17.203482547933678,313,74,5.746203190540153,4.30406509320417,9.752925242099767,3.1354942159291497
346,874019623ffffff,874019655ffffff,1,15.06982982382998,313,78,5.746203190540153,4.356708826689592,9.620516354724977,0.0
347,874019623ffffff,874019673ffffff,1,13.053578488194344,313,15,5.746203190540153,2.70805020110221,9.476894193227404,0.0
348,874019623ffffff,87401968cffffff,1,18.633575231597636,313,16,5.746203190540153,2.772588722239781,9.832774017534849,0.0
349,874019623ffffff,8740196a4ffffff,1,14.411988060475194,313,33,5.746203190540153,3.4965075614664802,9.575885027696941,0.0
350,874019623ffffff,8740196a6ffffff,1,16.629309877331792,313,9,5.746203190540153,2.1972245773362196,9.718982205647272,0.0
351,874019623ffffff,8740196a9ffffff,1,14.391176601570791,313,2,5.746203190540153,0.6931471805599453,9.574440046370174,0.0
352,874019623ffffff,874019701ffffff,2,12.333933045040078,313,20,5.746203190540153,2.995732273553991,9.42019060090171,0.6931471805599453
353,874019623ffffff,874019702ffffff,1,13.162137901888196,313,4,5.746203190540153,1.3862943611198906,9.485175618849158,0.0
354,874019623ffffff,874019706ffffff,2,15.528991493461879,313,5,5.746203190540153,1.6094379124341003,9.65052836839383,0.6931471805599453
355,874019623ffffff,874019709ffffff,23,8.254735538290515,313,122,5.746203190540153,4.804021044733257,9.018663454539988,3.1354942159291497
356,874019623ffffff,87401970effffff,1,9.866647634154637,313,158,5.746203190540153,5.062595033026967,9.197016769082502,0.0
357,874019623ffffff,874019716ffffff,1,17.293585394700393,313,1,5.746203190540153,0.0,9.758148748531184,0.0
358,874019623ffffff,874019718ffffff,1,8.599597505065924,313,133,5.746203190540153,4.890349128221754,9.059586957161407,0.0
359,874019623ffffff,874019719ffffff,35,6.581015779492021,313,165,5.746203190540153,5.10594547390058,8.79209632687082,3.5553480614894135
360,874019623ffffff,87401971affffff,1,8.848757456303725,313,7,5.746203190540153,1.9459101490553132,9.088145331559046,0.0
361,874019623ffffff,87401971bffffff,14,6.524159349242996,313,152,5.746203190540153,5.0238805208462765,8.783420653232621,2.6390573296152584
362,874019623ffffff,87401971cffffff,1,10.84024569281317,313,177,5.746203190540153,5.176149732573829,9.291113184702441,0.0
363,874019623ffffff,87401971effffff,2,10.78221412298553,313,9,5.746203190540153,2.1972245773362196,9.285745956144392,0.6931471805599453
364,874019623ffffff,874019728ffffff,1,15.152873010579912,313,3,5.746203190540153,1.0986122886681098,9.626011422528789,0.0
365,874019623ffffff,87401972dffffff,5,16.865650926147502,313,7,5.746203190540153,1.9459101490553132,9.73309363337465,1.6094379124341003
366,874019623ffffff,874019731ffffff,3,17.923104594252656,313,13,5.746203190540153,2.5649493574615367,9.793901711319306,1.0986122886681098
367,874019623ffffff,874019751ffffff,1,8.327754525678156,313,87,5.746203190540153,4.465908118654584,9.027469207256837,0.0
368,874019623ffffff,874019752ffffff,2,4.626408792806193,313,10,5.746203190540153,2.302585092994046,8.439752334433031,0.6931471805599453
369,874019623ffffff,874019773ffffff,2,10.684502632896725,313,29,5.746203190540153,3.367295829986474,9.276643207629235,0.6931471805599453
370,874019623ffffff,87401978bffffff,2,12.22769322773219,313,20,5.746203190540153,2.995732273553991,9.411540373236662,0.6931471805599453
371,874019623ffffff,874019799ffffff,3,16.19455295790347,313,13,5.746203190540153,2.5649493574615367,9.692491974764655,1.0986122886681098
372,874019623ffffff,87401979bffffff,1,18.33454091828128,313,5,5.746203190540153,1.6094379124341003,9.81659658202178,0.0
373,874019623ffffff,8740197aaffffff,1,13.288787595731216,313,2,5.746203190540153,0.6931471805599453,9.49475116931706,0.0
374,874019623ffffff,8740197b3ffffff,1,21.809957027636905,313,2,5.746203190540153,0.6931471805599453,9.99016773845474,0.0
375,874019623ffffff,874019d40ffffff,3,82.86733020689569,313,3,5.746203190540153,1.0986122886681098,11.325008244091341,1.0986122886681098
376,874019623ffffff,874019d5bffffff,1,74.38569407395725,313,1,5.746203190540153,0.0,11.217032361734878,0.0
377,874019623ffffff,87401aa0bffffff,1,145.88052336453615,313,1,5.746203190540153,0.0,11.890550087454713,0.0
378,874019623ffffff,87401aa66ffffff,1,138.6018582532575,313,1,5.746203190540153,0.0,11.839367987843177,0.0
379,874019623ffffff,87401aa75ffffff,17,140.0142844666805,313,17,5.746203190540153,2.833213344056216,11.849506870394315,2.833213344056216
380,874019623ffffff,87401aae4ffffff,1,147.39782719468377,313,1,5.746203190540153,0.0,11.90089730208892,0.0
381,874019623ffffff,87401b380ffffff,1,84.04350667011889,313,1,5.746203190540153,0.0,11.339101778820044,0.0
382,874019623ffffff,87401b803ffffff,12,75.91399877126833,313,14,5.746203190540153,2.6390573296152584,11.237369556130664,2.4849066497880004
383,874019623ffffff,87401b855ffffff,1,64.43967017865724,313,1,5.746203190540153,0.0,11.073500237278067,0.0
384,874019623ffffff,87401b873ffffff,1,65.11884184944722,313,3,5.746203190540153,1.0986122886681098,11.083984572071618,0.0
385,874019623ffffff,87401b92effffff,1,81.88528656233977,313,2,5.746203190540153,0.6931471805599453,11.31308681458004,0.0
386,874019623ffffff,87401bb35ffffff,1,48.12935746945381,313,1,5.746203190540153,0.0,10.781668389434623,0.0
387,874019623ffffff,87401bcc2ffffff,1,116.08277042812094,313,1,5.746203190540153,0.0,11.662067368320372,0.0
388,874019623ffffff,8740e6509ffffff,3,81.14960526714954,313,3,5.746203190540153,1.0986122886681098,11.304062031536604,1.0986122886681098
389,874019623ffffff,8740e6550ffffff,1,84.22654098756769,313,1,5.746203190540153,0.0,11.341277236861739,0.0
390,874019623ffffff,8740e6555ffffff,2,82.63689645583138,313,2,5.746203190540153,0.6931471805599453,11.322223649159673,0.6931471805599453
391,874019623ffffff,8740e6572ffffff,3,79.50070659080056,313,3,5.746203190540153,1.0986122886681098,11.28353376696297,1.0986122886681098
392,874019623ffffff,8740e6c03ffffff,1,51.035933142287725,313,1,5.746203190540153,0.0,10.840304828875732,0.0
393,874019623ffffff,8740e6c1bffffff,1,57.401017306754866,313,1,5.746203190540153,0.0,10.95783472640708,0.0
394,874019623ffffff,8740e6c1cffffff,1,52.75918207356651,313,1,5.746203190540153,0.0,10.873512057802674,0.0
395,874019623ffffff,8740e6cb0ffffff,1,59.49986846401511,313,1,5.746203190540153,0.0,10.993746187461067,0.0
396,874019623ffffff,8740e6cb5ffffff,1,57.43784313526587,313,1,5.746203190540153,0.0,10.958476063116532,0.0
398,87401962affffff,874019608ffffff,5,4.931632301020996,134,5,4.897839799950911,1.6094379124341003,8.503628059842379,1.6094379124341003
399,87401962affffff,87401960affffff,4,6.390132995831467,134,4,4.897839799950911,1.3862943611198906,8.762666839296296,1.3862943611198906
400,87401962affffff,87401960bffffff,3,7.397067735576809,134,3,4.897839799950911,1.0986122886681098,8.908974128281386,1.0986122886681098
402,87401962affffff,87401960dffffff,3,4.300696510906762,134,3,4.897839799950911,1.0986122886681098,8.366764761292409,1.0986122886681098
404,87401962affffff,874019618ffffff,1,8.421191246278486,134,17,4.897839799950911,2.833213344056216,9.038625316404978,0.0
406,87401962affffff,874019625ffffff,6,7.399341532390132,134,29,4.897839799950911,3.367295829986474,8.909281431152937,1.791759469228055
407,87401962affffff,874019626ffffff,1,8.600321133962535,134,72,4.897839799950911,4.276666119016055,9.059671090671422,0.0
414,87401962affffff,87401962effffff,2,2.4661954670566755,134,7,4.897839799950911,1.9459101490553132,7.810837346084846,0.6931471805599453
415,87401962affffff,874019640ffffff,1,13.604963773589256,134,8,4.897839799950911,2.0794415416798357,9.518263488369435,0.0
416,87401962affffff,874019642ffffff,1,13.055241631588046,134,22,4.897839799950911,3.091042453358316,9.477021584354018,0.0
417,87401962affffff,874019651ffffff,2,12.903142041697128,134,74,4.897839799950911,4.30406509320417,9.465303627315535,0.6931471805599453
418,87401962affffff,874019674ffffff,2,6.240697034164648,134,5,4.897839799950911,1.6094379124341003,8.7390073849922,0.6931471805599453
419,87401962affffff,874019676ffffff,7,4.834047391884462,134,10,4.897839799950911,2.302585092994046,8.483646209676888,1.9459101490553132
420,87401962affffff,8740196a0ffffff,1,16.196844474942456,134,5,4.897839799950911,1.6094379124341003,9.692633455265277,0.0
421,87401962affffff,87401970bffffff,1,9.866290728580854,134,12,4.897839799950911,2.4849066497880004,9.196980599162206,0.0
422,87401962affffff,874019750ffffff,2,8.254174506178186,134,47,4.897839799950911,3.8501476017100584,9.018595495583027,0.6931471805599453
424,87401962affffff,874019752ffffff,1,6.393281387207993,134,10,4.897839799950911,2.302585092994046,8.76315933666022,0.0
425,87401962affffff,874019753ffffff,49,6.219347259283295,134,77,4.897839799950911,4.343805421853684,8.735581013641585,3.8918202981106265
426,87401962affffff,874019756ffffff,1,8.769090742312777,134,26,4.897839799950911,3.258096538021482,9.079102432212675,0.0
427,87401962affffff,87401975affffff,2,6.121624490923296,134,94,4.897839799950911,4.543294782270004,8.71974612196763,0.6931471805599453
428,87401962affffff,874019766ffffff,1,18.532112890810392,134,53,4.897839799950911,3.970291913552122,9.827314297119091,0.0
429,87401962affffff,874019772ffffff,1,12.789700607515442,134,74,4.897839799950911,4.30406509320417,9.456473670829908,0.0
430,87401962affffff,8740e4452ffffff,1,83.43232451670488,134,1,4.897839799950911,0.0,11.331803083079016,0.0
431,87401962affffff,8740e6c01ffffff,35,46.391817679758574,134,35,4.897839799950911,3.5553480614894135,10.74489993484841,3.5553480614894135
432,87401962affffff,8740e6c05ffffff,1,44.09390482576317,134,2,4.897839799950911,0.6931471805599453,10.694099517929276,0.0
433,874019635ffffff,8740190c8ffffff,1,24.458298184620524,199,8,5.293304824724492,2.0794415416798357,10.10476571645915,0.0
434,874019635ffffff,874019620ffffff,10,4.035191357761247,199,167,5.293304824724492,5.117993812416755,8.303056793075331,2.302585092994046
435,874019635ffffff,874019621ffffff,2,6.236828459192132,199,304,5.293304824724492,5.717027701406222,8.738387397461667,0.6931471805599453
437,874019635ffffff,874019624ffffff,1,4.624914659522773,199,62,5.293304824724492,4.127134385045092,8.4394293946149,0.0
439,874019635ffffff,87401962cffffff,1,8.555594730328483,199,41,5.293304824724492,3.713572066704308,9.054457578110139,0.0
441,874019635ffffff,874019631ffffff,18,2.4657124396101318,199,98,5.293304824724492,4.584967478670572,7.810641546950682,2.8903717578961645
442,874019635ffffff,874019632ffffff,23,4.6222528434086385,199,53,5.293304824724492,3.970291913552122,8.438853814988565,3.1354942159291497
443,874019635ffffff,874019633ffffff,5,4.124260466431625,199,113,5.293304824724492,4.727387818712341,8.324884440152687,1.6094379124341003
444,874019635ffffff,874019634ffffff,46,2.4150024071413565,199,63,5.293304824724492,4.143134726391533,7.789869555387552,3.828641396489095
446,874019635ffffff,874019651ffffff,1,21.57024652468411,199,74,5.293304824724492,4.30406509320417,9.979116527453083,0.0
447,874019635ffffff,874019673ffffff,1,17.704164203967466,199,15,5.293304824724492,2.70805020110221,9.781611638943406,0.0
448,874019635ffffff,8740196abffffff,3,16.840104514718664,199,19,5.293304824724492,2.9444389791664403,9.731577874405485,1.0986122886681098
449,874019635ffffff,874019701ffffff,2,10.475956220201082,199,20,5.293304824724492,2.995732273553991,9.256933478686324,0.6931471805599453
450,874019635ffffff,874019709ffffff,1,9.252488556452233,199,122,5.293304824724492,4.804021044733257,9.13275590064467,0.0
451,874019635ffffff,874019719ffffff,3,4.125867144696044,199,165,5.293304824724492,5.10594547390058,8.325273837496118,1.0986122886681098
452,874019635ffffff,87401971bffffff,60,2.46596306658419,199,152,5.293304824724492,5.0238805208462765,7.810743145433987,4.0943445622221
453,874019635ffffff,87401971effffff,1,6.579821501270882,199,9,5.293304824724492,2.1972245773362196,8.791914864743932,0.0
454,874019635ffffff,874019789ffffff,14,6.932380282098534,199,16,5.293304824724492,2.772588722239781,8.844102748454892,2.6390573296152584
455,874019635ffffff,8740197abffffff,1,6.232711786131769,199,34,5.293304824724492,3.5263605246161616,8.737727226684216,0.0
456,874019635ffffff,8740197adffffff,5,6.522322714290755,199,7,5.293304824724492,1.9459101490553132,8.783139143865412,1.6094379124341003
457,874019641ffffff,8740192a0ffffff,2,20.872250795187202,448,4,6.104793232414985,1.3862943611198906,9.946223751965594,0.6931471805599453
458,874019641ffffff,8740192a2ffffff,1,18.679912633572215,448,6,6.104793232414985,1.791759469228055,9.835257566776358,0.0
459,874019641ffffff,874019609ffffff,3,10.926097173998771,448,71,6.104793232414985,4.2626798770413155,9.299000962548387,1.0986122886681098
460,874019641ffffff,874019623ffffff,1,20.07029505195823,448,98,6.104793232414985,4.584967478670572,9.907045966462894,0.0
461,874019641ffffff,874019624ffffff,1,23.830670280671335,448,62,6.104793232414985,4.127134385045092,10.07877065914599,0.0
462,874019641ffffff,87401962cffffff,1,17.30920831013661,448,41,6.104793232414985,3.713572066704308,9.759051682190082,0.0
465,874019641ffffff,874019642ffffff,3,4.040706345786678,448,22,6.104793232414985,3.091042453358316,8.304422244603613,1.0986122886681098
470,874019641ffffff,87401964cffffff,16,2.4194731210253626,448,31,6.104793232414985,3.4339872044851463,7.791718304598142,2.772588722239781
471,874019641ffffff,87401964effffff,44,2.4666383360015276,448,62,6.104793232414985,4.127134385045092,7.811016832958656,3.784189633918261
472,874019641ffffff,874019651ffffff,2,6.123981351475375,448,74,6.104793232414985,4.30406509320417,8.720130990751212,0.6931471805599453
473,874019641ffffff,874019652ffffff,11,10.11188296797176,448,41,6.104793232414985,3.713572066704308,9.221565431400894,2.3978952727983707
474,874019641ffffff,874019654ffffff,32,8.564213075547997,448,32,6.104793232414985,3.4657359027997265,9.055464287920818,3.4657359027997265
475,874019641ffffff,874019655ffffff,56,6.244423551292278,448,78,6.104793232414985,4.356708826689592,8.739604242724575,4.02535169073515
476,874019641ffffff,874019656ffffff,11,10.234057081637356,448,86,6.104793232414985,4.454347296253507,9.23357407518168,2.3978952727983707
479,874019641ffffff,87401965effffff,47,6.940688443588065,448,56,6.104793232414985,4.02535169073515,8.845300315493548,3.8501476017100584
480,874019641ffffff,874019661ffffff,1,6.394985469243684,448,30,6.104793232414985,3.4011973816621555,8.763425802100683,0.0
483,874019641ffffff,874019673ffffff,1,7.255754454085141,448,15,6.104793232414985,2.70805020110221,8.88968796297263,0.0
484,874019641ffffff,8740196c6ffffff,1,18.889494221793424,448,2,6.104793232414985,0.6931471805599453,9.846414123297478,0.0
485,874019641ffffff,8740196dcffffff,1,20.80408223705784,448,32,6.104793232414985,3.4657359027997265,9.942952574163753,0.0
486,874019641ffffff,8740196e1ffffff,43,12.243313919443468,448,85,6.104793232414985,4.442651256490317,9.412816938371355,3.7612001156935624
487,874019641ffffff,8740196e3ffffff,27,14.429653164826664,448,86,6.104793232414985,4.454347296253507,9.577109915111269,3.295836866004329
488,874019641ffffff,8740196e5ffffff,7,12.116404973947438,448,38,6.104793232414985,3.6375861597263857,9.402398125637818,1.9459101490553132
489,874019641ffffff,8740196e8ffffff,84,11.56448600891525,448,88,6.104793232414985,4.477336814478207,9.355780597899736,4.430816798843313
490,874019641ffffff,8740196e9ffffff,27,10.677748047193733,448,36,6.104793232414985,3.58351893845611,9.27601088159738,3.295836866004329
491,874019641ffffff,8740196eaffffff,2,13.875385408001266,448,2,6.104793232414985,0.6931471805599453,9.537943782855349,0.6931471805599453
493,874019641ffffff,8740196eeffffff,1,12.850668661999276,448,1,6.104793232414985,0.0,9.461228938857603,0.0
494,874019641ffffff,874019753ffffff,3,17.210344847318986,448,77,6.104793232414985,4.343805421853684,9.753324029517978,1.0986122886681098
495,874019641ffffff,87401975bffffff,1,10.84674687367283,448,7,6.104793232414985,1.9459101490553132,9.291712675991347,0.0
496,874019641ffffff,87401b068ffffff,1,81.03906073662432,448,2,6.104793232414985,0.6931471805599453,11.302698888387047,0.0
498,874019641ffffff,8740e6930ffffff,6,8.571388600234686,448,6,6.104793232414985,1.791759469228055,9.05630168923773,1.791759469228055
499,874019641ffffff,8740e6936ffffff,5,6.248509162297962,448,7,6.104793232414985,1.9459101490553132,8.740258205614163,1.6094379124341003
500,874019641ffffff,8740e6995ffffff,1,16.845923972780152,448,5,6.104793232414985,1.6094379124341003,9.731923365571378,0.0
501,874019641ffffff,8740e69b0ffffff,1,12.373490596127274,448,34,6.104793232414985,3.5263605246161616,9.42339242264032,0.0
502,874019641ffffff,8740e69b4ffffff,2,10.294514725409293,448,9,6.104793232414985,2.1972245773362196,9.239463615823444,0.6931471805599453
503,874019641ffffff,8740e6d21ffffff,1,27.957346257467776,448,10,6.104793232414985,2.302585092994046,10.23847104786989,0.0
504,874019641ffffff,8740e6d61ffffff,1,22.6166077356808,448,1,6.104793232414985,0.0,10.02648398526562,0.0
505,874019645ffffff,874019292ffffff,1,6.22338634856258,486,1,6.186208623900494,0.0,8.73623013792956,0.0
506,874019645ffffff,874019609ffffff,60,10.234351017109807,486,71,6.186208623900494,4.2626798770413155,9.23360279326791,4.0943445622221
507,874019645ffffff,87401962cffffff,1,15.372039871247633,486,41,6.186208623900494,3.713572066704308,9.640370596498492,0.0
510,874019645ffffff,874019642ffffff,1,4.628377944089875,486,22,6.186208623900494,3.091042453358316,8.440177784725742,0.0
514,874019645ffffff,874019646ffffff,87,4.0408868009997185,486,88,6.186208623900494,4.477336814478207,8.304466891881077,4.465908118654584
515,874019645ffffff,87401964cffffff,15,4.30358986356643,486,31,6.186208623900494,3.4339872044851463,8.367437142536252,2.70805020110221
516,874019645ffffff,87401964effffff,17,4.933532652929772,486,62,6.186208623900494,4.127134385045092,8.504013246862389,2.833213344056216
517,874019645ffffff,874019651ffffff,36,6.94156927971183,486,74,6.186208623900494,4.30406509320417,8.845427198203808,3.58351893845611
518,874019645ffffff,874019652ffffff,30,10.580203720020794,486,41,6.186208623900494,3.713572066704308,9.26683447209948,3.4011973816621555
520,874019645ffffff,874019655ffffff,4,6.12444110526853,486,78,6.186208623900494,4.356708826689592,8.720206050006514,1.3862943611198906
521,874019645ffffff,874019656ffffff,62,10.112516566149292,486,86,6.186208623900494,4.454347296253507,9.221628082015172,4.127134385045092
522,874019645ffffff,874019661ffffff,15,4.128360790739441,486,30,6.186208623900494,3.4011973816621555,8.32587790175857,2.70805020110221
523,874019645ffffff,874019663ffffff,1,2.4671495978643128,486,1,6.186208623900494,0.0,7.811223998206217,0.0
524,874019645ffffff,874019668ffffff,5,4.042789231863612,486,5,6.186208623900494,1.6094379124341003,8.304937460054045,1.6094379124341003
526,874019645ffffff,87401966cffffff,5,4.631036145440918,486,43,6.186208623900494,3.7612001156935624,8.440751822642271,1.6094379124341003
528,874019645ffffff,874019670ffffff,1,7.255754244436354,486,1,6.186208623900494,0.0,8.88968793408247,0.0
529,874019645ffffff,874019672ffffff,1,8.564309389337737,486,1,6.186208623900494,0.0,9.05547553262044,0.0
530,874019645ffffff,874019673ffffff,8,6.244548266503368,486,15,6.186208623900494,2.70805020110221,8.739624211580947,2.0794415416798357
531,874019645ffffff,874019675ffffff,5,6.530459272230401,486,5,6.186208623900494,1.6094379124341003,8.784385669315107,1.6094379124341003
532,874019645ffffff,8740196c4ffffff,4,17.42497449597621,486,5,6.186208623900494,1.6094379124341003,9.765717159228599,1.3862943611198906
533,874019645ffffff,8740196c6ffffff,1,19.718858629325904,486,2,6.186208623900494,0.6931471805599453,9.889381459232649,0.0
534,874019645ffffff,8740196e0ffffff,1,14.430863941697615,486,3,6.186208623900494,1.0986122886681098,9.57719381471484,0.0
535,874019645ffffff,8740196e1ffffff,38,12.852009495088007,486,85,6.186208623900494,4.442651256490317,9.461333264854744,3.6375861597263857
536,874019645ffffff,8740196e3ffffff,57,15.135176672132511,486,86,6.186208623900494,4.454347296253507,9.624842963536732,4.04305126783455
537,874019645ffffff,8740196e5ffffff,24,12.244233529382434,486,38,6.186208623900494,3.6375861597263857,9.412892040611714,3.1780538303479458
538,874019645ffffff,8740196f5ffffff,1,18.359371282580927,486,3,6.186208623900494,1.0986122886681098,9.817949886332809,0.0
539,874019645ffffff,874019719ffffff,1,24.219798230020533,486,165,6.186208623900494,5.10594547390058,10.094966974038009,0.0
540,874019645ffffff,874019753ffffff,1,15.076079998428003,486,77,6.186208623900494,4.343805421853684,9.620930988755955,0.0
541,874019645ffffff,874019759ffffff,1,8.965485946139774,486,1,6.186208623900494,0.0,9.10124912201311,0.0
542,874019645ffffff,87401975cffffff,1,13.169712579988959,486,5,6.186208623900494,1.6094379124341003,9.485750899574997,0.0
543,874019645ffffff,87401ba4bffffff,1,43.041202253206414,486,1,6.186208623900494,0.0,10.669936361119735,0.0
544,874019651ffffff,874019283ffffff,1,19.750786490804465,401,1,5.993961427306569,0.0,9.890999221469047,0.0
545,874019651ffffff,87401928effffff,2,21.18453245456964,401,90,5.993961427306569,4.499809670330265,9.961073796309586,0.6931471805599453
546,874019651ffffff,8740192a2ffffff,1,23.657337178982438,401,6,5.993961427306569,1.791759469228055,10.0714708552225,0.0
547,874019651ffffff,874019609ffffff,8,6.5275027395459535,401,71,5.993961427306569,4.2626798770413155,8.783932906476704,2.0794415416798357
548,874019651ffffff,874019622ffffff,4,19.359495173554702,401,78,5.993961427306569,4.356708826689592,9.870989937649899,1.3862943611198906
549,874019651ffffff,874019625ffffff,1,19.746213707241584,401,29,5.993961427306569,3.367295829986474,9.890767682262464,0.0
550,874019651ffffff,87401962cffffff,8,15.530418465496,401,41,5.993961427306569,3.713572066704308,9.650620249093194,2.0794415416798357
551,874019651ffffff,87401962effffff,1,15.12584991968561,401,7,5.993961427306569,1.9459101490553132,9.624226584159482,0.0
552,874019651ffffff,874019631ffffff,1,19.577286493330064,401,98,5.993961427306569,4.584967478670572,9.882176399146225,0.0
557,874019651ffffff,874019644ffffff,33,6.21849932005999,401,33,5.993961427306569,3.4965075614664802,8.735444687326112,3.4965075614664802
560,874019651ffffff,87401964affffff,1,7.255750635853851,401,7,5.993961427306569,1.9459101490553132,8.889687436810098,0.0
561,874019651ffffff,87401964effffff,1,6.244297934259325,401,62,5.993961427306569,4.127134385045092,8.739584129069314,0.0
565,874019651ffffff,874019653ffffff,1,2.312525813958208,401,1,5.993961427306569,0.0,7.746527966252476,0.0
568,874019651ffffff,874019656ffffff,12,4.834944739068387,401,86,5.993961427306569,4.454347296253507,8.483831784677745,2.4849066497880004
569,874019651ffffff,87401965affffff,63,4.931052191556822,401,63,5.993961427306569,4.143134726391533,8.503510446457932,4.143134726391533
571,874019651ffffff,87401965dffffff,1,4.836723386149323,401,2,5.993961427306569,0.6931471805599453,8.48419951428723,0.0
572,874019651ffffff,87401965effffff,9,2.465654475481411,401,56,5.993961427306569,4.02535169073515,7.810618048139537,2.1972245773362196
573,874019651ffffff,874019661ffffff,14,10.683838084451281,401,30,5.993961427306569,3.4011973816621555,9.276581014100882,2.6390573296152584
574,874019651ffffff,874019664ffffff,2,12.381110865936291,401,2,5.993961427306569,0.6931471805599453,9.424008037837856,0.6931471805599453
575,874019651ffffff,874019666ffffff,8,10.474424199233587,401,8,5.993961427306569,2.0794415416798357,9.256787240317266,2.0794415416798357
576,874019651ffffff,87401966affffff,24,8.331231060206944,401,24,5.993961427306569,3.1780538303479458,9.027886533658247,3.1780538303479458
577,874019651ffffff,87401966cffffff,1,11.572605425152748,401,43,5.993961427306569,3.7612001156935624,9.356482390067669,0.0
580,874019651ffffff,874019671ffffff,2,6.391870719742353,401,2,5.993961427306569,0.6931471805599453,8.762938698404014,0.6931471805599453
583,874019651ffffff,874019674ffffff,3,9.865171517048816,401,5,5.993961427306569,1.6094379124341003,9.196867166301889,1.0986122886681098
585,874019651ffffff,874019676ffffff,1,8.961501242734778,401,10,5.993961427306569,2.302585092994046,9.100804623567255,0.0
586,874019651ffffff,8740196c4ffffff,1,10.571100254459866,401,5,5.993961427306569,1.6094379124341003,9.265973758696608,0.0
587,874019651ffffff,8740196d3ffffff,1,18.48154497499556,401,3,5.993961427306569,1.0986122886681098,9.824582050810983,0.0
588,874019651ffffff,8740196e1ffffff,3,6.119332567968094,401,85,5.993961427306569,4.442651256490317,8.7193717152012,1.0986122886681098
589,874019651ffffff,8740196e3ffffff,2,8.32251159872709,401,86,5.993961427306569,4.454347296253507,9.026839511924665,0.6931471805599453
590,874019651ffffff,8740196e5ffffff,5,6.240205801528748,401,38,5.993961427306569,3.6375861597263857,8.738928680120006,1.6094379124341003
591,874019651ffffff,8740196e8ffffff,4,6.214276264566621,401,88,5.993961427306569,4.477336814478207,8.734765454214585,1.3862943611198906
592,874019651ffffff,8740196e9ffffff,9,6.388704718439426,401,36,5.993961427306569,3.58351893845611,8.762443336356986,2.1972245773362196
593,874019651ffffff,8740196edffffff,73,4.123809955843006,401,73,5.993961427306569,4.290459441148391,8.32477522639668,4.290459441148391
594,874019651ffffff,87401970bffffff,1,22.107503369254484,401,12,5.993961427306569,2.4849066497880004,10.00371758134125,0.0
595,874019651ffffff,87401971affffff,1,25.848590704195537,401,7,5.993961427306569,1.9459101490553132,10.16005004631782,0.0
596,874019651ffffff,874019746ffffff,1,20.967300813052727,401,86,5.993961427306569,4.454347296253507,9.950767091192434,0.0
597,874019651ffffff,874019748ffffff,16,16.511366421193955,401,16,5.993961427306569,2.772588722239781,9.711864859241098,2.772588722239781
598,874019651ffffff,87401974affffff,3,14.584004840350484,401,3,5.993961427306569,1.0986122886681098,9.587749214173586,1.0986122886681098
599,874019651ffffff,874019750ffffff,12,18.70823643550636,401,47,5.993961427306569,3.8501476017100584,9.836772607933298,2.4849066497880004
600,874019651ffffff,874019752ffffff,2,17.924110954948915,401,10,5.993961427306569,2.302585092994046,9.793957855403972,0.6931471805599453
601,874019651ffffff,874019753ffffff,1,16.25751592100407,401,77,5.993961427306569,4.343805421853684,9.696372107165313,0.0
602,874019651ffffff,874019756ffffff,4,20.33554537638075,401,26,5.993961427306569,3.258096538021482,9.920174811341699,1.3862943611198906
603,874019651ffffff,87401975bffffff,6,11.18260302345043,401,7,5.993961427306569,1.9459101490553132,9.322203968801642,1.791759469228055
604,874019651ffffff,87401975effffff,1,14.799279646807252,401,3,5.993961427306569,1.0986122886681098,9.602401354628242,0.0
605,874019651ffffff,87401a068ffffff,1,180.4163027040684,401,1,5.993961427306569,0.0,12.10302779500503,0.0
606,874019651ffffff,87401a06cffffff,6,181.18480994676682,401,6,5.993961427306569,1.791759469228055,12.107278357972447,1.791759469228055
607,874019651ffffff,87401a06dffffff,1,178.88946142678432,401,1,5.993961427306569,0.0,12.094528950170298,0.0
608,874019651ffffff,87401b068ffffff,1,74.91639851410531,401,2,5.993961427306569,0.6931471805599453,11.224141432438136,0.0
609,874019651ffffff,87401bb4dffffff,1,33.44544101372248,401,3,5.993961427306569,1.0986122886681098,10.417700662697658,0.0
610,874019651ffffff,8740e45a5ffffff,1,50.58677769323388,401,1,5.993961427306569,0.0,10.831465278533697,0.0
611,874019651ffffff,8740e45acffffff,1,52.841957400091154,401,5,5.993961427306569,1.6094379124341003,10.87507972603469,0.0
612,874019651ffffff,8740e608cffffff,30,77.44814014805164,401,30,5.993961427306569,3.4011973816621555,11.25737674375694,3.4011973816621555
613,874019651ffffff,8740e684dffffff,1,53.81282643157006,401,1,5.993961427306569,0.0,10.89328571000117,0.0
614,874019651ffffff,8740e686effffff,1,48.072134914402206,401,1,5.993961427306569,0.0,10.780478774372174,0.0
615,874019651ffffff,8740e6932ffffff,1,12.492680019220808,401,2,5.993961427306569,0.6931471805599453,9.432978196970057,0.0
616,874019651ffffff,8740e6936ffffff,2,12.124699600123702,401,7,5.993961427306569,1.9459101490553132,9.403082413120437,0.6931471805599453
617,874019651ffffff,8740e69b4ffffff,1,7.396192450078026,401,9,5.993961427306569,2.1972245773362196,8.908855808564285,0.0
618,874019651ffffff,8740e6b10ffffff,1,59.72904829723992,401,35,5.993961427306569,3.5553480614894135,10.99759049431869,0.0
619,874019651ffffff,8740e6b14ffffff,1,57.937263460279325,401,2,5.993961427306569,0.6931471805599453,10.96713329952934,0.0
620,874019651ffffff,8740e6d8dffffff,2,41.03412320175841,401,2,5.993961427306569,0.6931471805599453,10.622183642417253,0.6931471805599453
621,8740196b4ffffff,874018605ffffff,1,102.60281227254347,423,1,6.0473721790462776,0.0,11.538630367680986,0.0
622,8740196b4ffffff,8740190d2ffffff,1,33.69038250964026,423,2,6.0473721790462776,0.6931471805599453,10.424997371760485,0.0
623,8740196b4ffffff,8740190d4ffffff,18,37.66958233643699,423,57,6.0473721790462776,4.04305126783455,10.536634759457945,2.8903717578961645
624,8740196b4ffffff,8740190d6ffffff,2,35.455191519670564,423,37,6.0473721790462776,3.6109179126442243,10.476053171707624,0.6931471805599453
625,8740196b4ffffff,874019420ffffff,8,43.043733546677856,423,8,6.0473721790462776,2.0794415416798357,10.669995168962032,2.0794415416798357
626,8740196b4ffffff,874019426ffffff,4,44.757626912840216,423,4,6.0473721790462776,1.3862943611198906,10.709039485298492,1.3862943611198906
627,8740196b4ffffff,874019448ffffff,1,23.223093895453353,423,8,6.0473721790462776,2.0794415416798357,10.052945548731659,0.0
628,8740196b4ffffff,87401948bffffff,1,28.838991774418623,423,2,6.0473721790462776,0.6931471805599453,10.269518306184512,0.0
629,8740196b4ffffff,8740194ebffffff,4,17.900080222553438,423,49,6.0473721790462776,3.8918202981106265,9.792616337636685,1.3862943611198906
630,8740196b4ffffff,8740194f1ffffff,1,25.75951231588867,423,1,6.0473721790462776,0.0,10.156598068059681,0.0
631,8740196b4ffffff,874019604ffffff,2,18.32941925034014,423,77,6.0473721790462776,4.343805421853684,9.816317212931164,0.6931471805599453
632,8740196b4ffffff,874019610ffffff,4,12.086755839289529,423,6,6.0473721790462776,1.791759469228055,9.399948305145795,1.3862943611198906
635,8740196b4ffffff,874019616ffffff,1,10.085212682041465,423,62,6.0473721790462776,4.127134385045092,9.218924689271521,0.0
636,8740196b4ffffff,87401961effffff,3,14.755790898947856,423,8,6.0473721790462776,2.0794415416798357,9.599458655745106,1.0986122886681098
637,8740196b4ffffff,874019621ffffff,1,22.71781979273396,423,304,6.0473721790462776,5.717027701406222,10.030948925743518,0.0
638,8740196b4ffffff,874019623ffffff,2,20.51030674767648,423,98,6.0473721790462776,4.584967478670572,9.928731561746584,0.6931471805599453
639,8740196b4ffffff,87401962cffffff,1,24.448549737400228,423,41,6.0473721790462776,3.713572066704308,10.104367079085195,0.0
640,8740196b4ffffff,874019632ffffff,4,12.824632605132335,423,53,6.0473721790462776,3.970291913552122,9.459200994758731,1.3862943611198906
641,8740196b4ffffff,874019680ffffff,1,8.589459953819308,423,71,6.0473721790462776,4.2626798770413155,9.058407558808984,0.0
643,8740196b4ffffff,874019685ffffff,1,8.838909016787298,423,8,6.0473721790462776,2.0794415416798357,9.087031863360092,0.0
644,8740196b4ffffff,874019686ffffff,3,6.572438074363124,423,7,6.0473721790462776,1.9459101490553132,8.79079227359531,1.0986122886681098
645,8740196b4ffffff,87401968cffffff,2,13.034262442044582,423,16,6.0473721790462776,2.772588722239781,9.475413459808543,0.6931471805599453
646,8740196b4ffffff,874019698ffffff,1,13.79084240826781,423,1,6.0473721790462776,0.0,9.531832566523505,0.0
647,8740196b4ffffff,87401969affffff,3,14.772129026311818,423,3,6.0473721790462776,1.0986122886681098,9.600565203211026,1.0986122886681098
655,8740196b4ffffff,8740196aaffffff,1,11.200178226624539,423,1,6.0473721790462776,0.0,9.323774250555942,0.0
658,8740196b4ffffff,8740196b0ffffff,43,2.462655596217793,423,44,6.0473721790462776,3.784189633918261,7.809401540621819,3.7612001156935624
660,8740196b4ffffff,8740196b2ffffff,57,4.117048344314422,423,57,6.0473721790462776,4.04305126783455,8.323134627274634,4.04305126783455
664,8740196b4ffffff,87401971bffffff,1,18.475352237293873,423,152,6.0473721790462776,5.0238805208462765,9.824246935954928,0.0
665,8740196b4ffffff,874019723ffffff,1,29.236595525870264,423,6,6.0473721790462776,1.791759469228055,10.283210678125071,0.0
666,8740196b4ffffff,874019789ffffff,1,10.554179817048652,423,16,6.0473721790462776,2.772588722239781,9.264371996333294,0.0
667,8740196b4ffffff,87401978affffff,5,6.923257298470216,423,28,6.0473721790462776,3.332204510175204,8.84278607598554,1.6094379124341003
668,8740196b4ffffff,87401978bffffff,16,8.306280351102968,423,20,6.0473721790462776,2.995732273553991,9.024887560048091,2.772588722239781
669,8740196b4ffffff,87401978cffffff,1,10.65960682323641,423,3,6.0473721790462776,1.0986122886681098,9.274310621356353,0.0
670,8740196b4ffffff,87401978dffffff,1,11.542096949551523,423,138,6.0473721790462776,4.927253685157205,9.353842870570503,0.0
671,8740196b4ffffff,87401978effffff,2,8.41039791546863,423,4,6.0473721790462776,1.3862943611198906,9.037342959780348,0.6931471805599453
676,8740196b4ffffff,87401979cffffff,14,6.3830288977291,423,15,6.0473721790462776,2.70805020110221,8.761554665706038,2.6390573296152584
677,8740196b4ffffff,87401979dffffff,1,6.206173521178297,423,2,6.0473721790462776,0.6931471805599453,8.733460921746806,0.0
679,8740196b4ffffff,8740197abffffff,1,12.930703482893753,423,34,6.0473721790462776,3.5263605246161616,9.467437209638263,0.0
680,8740196b4ffffff,8740197adffffff,1,16.82893940192862,423,7,6.0473721790462776,1.9459101490553132,9.73091468657995,0.0
681,8740196b4ffffff,874019c2bffffff,1,77.8960615306625,423,1,6.0473721790462776,0.0,11.263143510103257,0.0
682,8740196b4ffffff,87401aa71ffffff,1,122.16879182826956,423,1,6.0473721790462776,0.0,11.713167092445353,0.0
683,8740196b4ffffff,87401b32bffffff,1,45.87133130760084,423,1,6.0473721790462776,0.0,10.733617410533432,0.0
684,8740196b4ffffff,87401ba1affffff,1,31.099456560815273,423,1,6.0473721790462776,0.0,10.344977778471636,0.0
685,8740196b4ffffff,87401bb41ffffff,4,8.04824488399676,423,4,6.0473721790462776,1.3862943611198906,8.993333562782595,1.3862943611198906
686,8740196b4ffffff,87401bb43ffffff,53,10.072686231625475,423,53,6.0473721790462776,3.970291913552122,9.217681979466109,3.970291913552122
688,8740196b4ffffff,87401bb4affffff,4,9.221659072663773,423,4,6.0473721790462776,1.3862943611198906,9.129418677645612,1.3862943611198906
692,8740196b4ffffff,87401bb63ffffff,1,9.642983025762671,423,1,6.0473721790462776,0.0,9.174089479216837,0.0
693,8740196b4ffffff,87401bb68ffffff,51,4.822396545512187,423,51,6.0473721790462776,3.9318256327243257,8.481233636368197,3.9318256327243257
695,8740196b4ffffff,87401bb6affffff,90,6.221200011000202,423,90,6.0473721790462776,4.499809670330265,8.735878822714014,4.499809670330265
697,8740196d3ffffff,8740196c1ffffff,6,8.31226860292597,228,6,5.429345628954441,1.791759469228055,9.025608144199515,1.791759469228055
699,8740196d3ffffff,8740196c3ffffff,4,6.11034102151786,228,4,5.429345628954441,1.3862943611198906,8.717901507873632,1.3862943611198906
704,8740196d3ffffff,8740196d5ffffff,1,4.117573315213169,228,1,5.429345628954441,0.0,8.323262099658617,0.0
705,8740196d3ffffff,8740196d6ffffff,2,4.296451435146028,228,3,5.429345628954441,1.0986122886681098,8.365777436470877,0.6931471805599453
706,8740196d3ffffff,8740196dcffffff,31,4.031310628181649,228,32,5.429345628954441,3.4657359027997265,8.302094847503376,3.4339872044851463
707,8740196d3ffffff,8740196deffffff,2,2.4145722893558386,228,2,5.429345628954441,0.6931471805599453,7.789691510831203,0.6931471805599453
708,8740196d3ffffff,87401970bffffff,2,31.937184672285746,228,12,5.429345628954441,2.4849066497880004,10.371557584596061,0.6931471805599453
709,8740196d3ffffff,874019733ffffff,1,40.61759800948635,228,43,5.429345628954441,3.7612001156935624,10.611981319755033,0.0
710,8740196d3ffffff,874019750ffffff,1,31.033083558654702,228,47,5.429345628954441,3.8501476017100584,10.342841349127228,0.0
711,8740196d3ffffff,8740e6791ffffff,3,93.48079900265027,228,3,5.429345628954441,1.0986122886681098,11.445522033254203,1.0986122886681098
712,8740196d3ffffff,8740e6c05ffffff,1,21.472038513929565,228,2,5.429345628954441,0.6931471805599453,9.97455340456351,0.0
713,8740196d3ffffff,8740e6c9bffffff,1,45.06641024008569,228,1,5.429345628954441,0.0,10.715914653196963,0.0
714,8740196d3ffffff,8740e6d01ffffff,3,8.40207745618266,228,3,5.429345628954441,1.0986122886681098,9.036353281567832,1.0986122886681098
715,8740196d3ffffff,8740e6d02ffffff,3,11.529263622440073,228,3,5.429345628954441,1.0986122886681098,9.352730477046833,1.0986122886681098
717,8740196d3ffffff,8740e6d0effffff,3,10.267376880600727,228,3,5.429345628954441,1.0986122886681098,9.23682424570006,1.0986122886681098
718,8740196d3ffffff,8740e6d10ffffff,1,15.08703765397756,228,1,5.429345628954441,0.0,9.621657500494301,0.0
723,8740196d3ffffff,8740e6d24ffffff,1,7.241039069133546,228,4,5.429345628954441,1.3862943611198906,8.887658085109923,0.0
724,8740196d3ffffff,8740e6d25ffffff,82,4.8278062484334665,228,102,5.429345628954441,4.624972813284271,8.482354562565707,4.406719247264253
725,8740196d3ffffff,8740e6d28ffffff,1,4.115949902168277,228,1,5.429345628954441,0.0,8.322867853167395,0.0
727,8740196d3ffffff,8740e6d2dffffff,72,2.4623367291250227,228,72,5.429345628954441,4.276666119016055,7.80927210380838,4.276666119016055
729,8740196d3ffffff,8740e6d30ffffff,2,12.082456918425944,228,2,5.429345628954441,0.6931471805599453,9.39959259929421,0.6931471805599453
731,8740196d3ffffff,8740e6d36ffffff,1,14.210633511734617,228,1,5.429345628954441,0.0,9.561816169567683,0.0
732,8740196d3ffffff,8740e6d90ffffff,3,31.113127729201043,228,3,5.429345628954441,1.0986122886681098,10.345417262838906,1.0986122886681098
733,8740196d3ffffff,8740e6d93ffffff,1,32.23972513431287,228,1,5.429345628954441,0.0,10.380985688126712,0.0
734,8740196f6ffffff,8740190d2ffffff,1,36.021047635822946,974,2,6.881411303642535,0.6931471805599453,10.491886464305294,0.0
735,8740196f6ffffff,874019165ffffff,2,78.55600467060373,974,7,6.881411303642535,1.9459101490553132,11.271579814381447,0.6931471805599453
736,8740196f6ffffff,8740191a9ffffff,2,63.823707754384664,974,2,6.881411303642535,0.6931471805599453,11.063895663241146,0.6931471805599453
737,8740196f6ffffff,8740192a2ffffff,1,37.172122004938714,974,6,6.881411303642535,1.791759469228055,10.523341252364029,0.0
738,8740196f6ffffff,8740192a3ffffff,1,38.575092339351976,974,76,6.881411303642535,4.330733340286331,10.560387994117589,0.0
739,8740196f6ffffff,8740194b5ffffff,1,59.00357245381467,974,1,6.881411303642535,0.0,10.985370219102146,0.0
740,8740196f6ffffff,874019604ffffff,2,14.566424586016984,974,77,6.881411303642535,4.343805421853684,9.586543122138684,0.6931471805599453
741,8740196f6ffffff,87401960effffff,2,10.666437836670685,974,2,6.881411303642535,0.6931471805599453,9.274951187688314,0.6931471805599453
742,8740196f6ffffff,874019616ffffff,1,11.367949010775682,974,62,6.881411303642535,4.127134385045092,9.338641147184198,0.0
743,8740196f6ffffff,874019618ffffff,16,6.209277845326175,974,17,6.881411303642535,2.833213344056216,8.733960915525067,2.772588722239781
745,8740196f6ffffff,87401961affffff,19,4.120119993006475,974,21,6.881411303642535,3.044522437723423,8.323880248363706,2.9444389791664403
747,8740196f6ffffff,87401961dffffff,11,8.415336563781116,974,11,6.881411303642535,2.3978952727983707,9.037929925121448,2.3978952727983707
748,8740196f6ffffff,874019622ffffff,2,16.84130961087497,974,78,6.881411303642535,4.356708826689592,9.731649428681564,0.6931471805599453
749,8740196f6ffffff,874019624ffffff,1,20.933461812777693,974,62,6.881411303642535,4.127134385045092,9.949151970588893,0.0
750,8740196f6ffffff,874019626ffffff,2,19.16373893709328,974,72,6.881411303642535,4.276666119016055,9.860827355863973,0.6931471805599453
751,8740196f6ffffff,874019628ffffff,2,16.838820772757344,974,52,6.881411303642535,3.9512437185814275,9.73150164479178,0.6931471805599453
752,8740196f6ffffff,874019631ffffff,1,15.132372523705602,974,98,6.881411303642535,4.584967478670572,9.624657685030153,0.0
753,8740196f6ffffff,874019635ffffff,1,17.521464816884826,974,6,6.881411303642535,1.791759469228055,9.771239040490302,0.0
754,8740196f6ffffff,874019655ffffff,2,16.20476834755466,974,78,6.881411303642535,4.356708826689592,9.693122528679007,0.6931471805599453
755,8740196f6ffffff,874019680ffffff,69,8.54407624296743,974,71,6.881411303642535,4.2626798770413155,9.053110518033868,4.23410650459726
757,8740196f6ffffff,874019683ffffff,28,8.05832779403321,974,28,6.881411303642535,3.332204510175204,8.994585431778662,3.332204510175204
758,8740196f6ffffff,874019685ffffff,2,7.241031469821098,974,8,6.881411303642535,2.0794415416798357,8.887657035776114,0.6931471805599453
759,8740196f6ffffff,874019686ffffff,2,10.90111388377927,974,7,6.881411303642535,1.9459101490553132,9.296711983706087,0.6931471805599453
760,8740196f6ffffff,874019688ffffff,52,4.616070603934115,974,52,6.881411303642535,3.9512437185814275,8.437515714556865,3.9512437185814275
761,8740196f6ffffff,874019689ffffff,3,4.1185024207049254,974,4,6.881411303642535,1.3862943611198906,8.323487663376525,1.0986122886681098
762,8740196f6ffffff,87401968affffff,18,6.923104185252784,974,18,6.881411303642535,2.8903717578961645,8.842763963157589,2.8903717578961645
765,8740196f6ffffff,87401968effffff,56,6.107519984763728,974,56,6.881411303642535,4.02535169073515,8.717439794470707,4.02535169073515
767,8740196f6ffffff,874019692ffffff,9,16.108991150517173,974,9,6.881411303642535,2.1972245773362196,9.68719492685474,2.1972245773362196
769,8740196f6ffffff,874019695ffffff,2,12.454066844224032,974,2,6.881411303642535,0.6931471805599453,9.429882794540493,0.6931471805599453
775,8740196f6ffffff,8740196a3ffffff,2,8.842984100934336,974,3,6.881411303642535,1.0986122886681098,9.08749274425233,0.6931471805599453
776,8740196f6ffffff,8740196a4ffffff,1,12.889905519139804,974,33,6.881411303642535,3.4965075614664802,9.464277343205154,0.0
781,8740196f6ffffff,8740196acffffff,95,6.575768407961828,974,95,6.881411303642535,4.553876891600541,8.791298780268702,4.553876891600541
782,8740196f6ffffff,8740196adffffff,39,4.927495420412912,974,39,6.881411303642535,3.6635616461296463,8.502789031900011,3.6635616461296463
783,8740196f6ffffff,8740196aeffffff,2,6.519914549208583,974,84,6.881411303642535,4.430816798843313,8.782769913367547,0.6931471805599453
784,8740196f6ffffff,8740196c2ffffff,1,8.595032872530787,974,2,6.881411303642535,0.6931471805599453,9.05905608192107,0.0
785,8740196f6ffffff,8740196d3ffffff,1,9.851921197045831,974,3,6.881411303642535,1.0986122886681098,9.195523258426473,0.0
786,8740196f6ffffff,8740196d6ffffff,1,6.381590641985013,974,3,6.881411303642535,1.0986122886681098,8.761329350657572,0.0
787,8740196f6ffffff,8740196f2ffffff,3,2.4633650496708697,974,3,6.881411303642535,1.0986122886681098,7.809689466955313,1.0986122886681098
789,8740196f6ffffff,8740196f5ffffff,2,4.032033419027761,974,3,6.881411303642535,1.0986122886681098,8.302274081233225,0.6931471805599453
791,8740196f6ffffff,87401970affffff,1,23.229678316419236,974,109,6.881411303642535,4.6913478822291435,10.05322902535619,0.0
792,8740196f6ffffff,87401970bffffff,1,22.801178638291542,974,12,6.881411303642535,2.4849066497880004,10.034611364688542,0.0
793,8740196f6ffffff,87401970effffff,1,25.557939219320527,974,158,6.881411303642535,5.062595033026967,10.148742406038728,0.0
794,8740196f6ffffff,874019718ffffff,2,22.350374537744607,974,133,6.881411303642535,4.890349128221754,10.01464309872086,0.6931471805599453
795,8740196f6ffffff,87401971bffffff,6,19.929476112544588,974,152,6.881411303642535,5.0238805208462765,9.900005302161064,1.791759469228055
796,8740196f6ffffff,87401971cffffff,1,24.780457316927546,974,177,6.881411303642535,5.176149732573829,10.117850963660803,0.0
797,8740196f6ffffff,874019744ffffff,1,29.25266254227159,974,36,6.881411303642535,3.58351893845611,10.28376005994164,0.0
798,8740196f6ffffff,874019753ffffff,1,20.827135828945067,974,77,6.881411303642535,4.343805421853684,9.944060035720382,0.0
799,8740196f6ffffff,874019763ffffff,1,31.474707186785338,974,11,6.881411303642535,2.3978952727983707,10.356971326866189,0.0
800,8740196f6ffffff,874019789ffffff,1,13.80038609524602,974,16,6.881411303642535,2.772588722239781,9.532524307785861,0.0
801,8740196f6ffffff,87401978affffff,2,15.111008340291525,974,28,6.881411303642535,3.332204510175204,9.623244961079786,0.6931471805599453
802,8740196f6ffffff,87401978cffffff,1,17.907683194940706,974,3,6.881411303642535,1.0986122886681098,9.793040968897879,0.0
803,8740196f6ffffff,87401978dffffff,44,16.242734045156805,974,138,6.881411303642535,4.927253685157205,9.69546251617504,3.784189633918261
804,8740196f6ffffff,874019799ffffff,7,15.053216620478112,974,13,6.881411303642535,2.5649493574615367,9.61941340505373,1.9459101490553132
805,8740196f6ffffff,87401979affffff,1,17.681934555006777,974,7,6.881411303642535,1.9459101490553132,9.78035530403624,0.0
806,8740196f6ffffff,87401979bffffff,1,15.346320583569192,974,5,6.881411303642535,1.6094379124341003,9.638696182962539,0.0
807,8740196f6ffffff,87401ba40ffffff,1,22.67768952967909,974,1,6.881411303642535,0.0,10.029180975293961,0.0
808,8740196f6ffffff,87401ba41ffffff,90,21.087731604068082,974,90,6.881411303642535,4.499809670330265,9.956494129609595,4.499809670330265
809,8740196f6ffffff,87401ba43ffffff,12,23.346438782134655,974,12,6.881411303642535,2.4849066497880004,10.058242568949582,2.4849066497880004
810,8740196f6ffffff,87401ba44ffffff,2,22.26199691407556,974,2,6.881411303642535,0.6931471805599453,10.010681248025987,0.6931471805599453
811,8740196f6ffffff,87401ba46ffffff,4,24.40203424998062,974,4,6.881411303642535,1.3862943611198906,10.102462758057316,1.3862943611198906
812,8740196f6ffffff,87401ba49ffffff,1,19.768841520835288,974,1,6.881411303642535,0.0,9.891912899988643,0.0
813,8740196f6ffffff,87401ba4cffffff,2,19.66495019966781,974,2,6.881411303642535,0.6931471805599453,9.886644003030774,0.6931471805599453
814,8740196f6ffffff,87401ba53ffffff,17,29.3624265035383,974,17,6.881411303642535,2.833213344056216,10.28750518244256,2.833213344056216
815,8740196f6ffffff,87401ba5cffffff,5,25.612243705673997,974,5,6.881411303642535,1.6094379124341003,10.150864828950349,1.6094379124341003
816,8740196f6ffffff,87401ba5effffff,8,27.883249840746767,974,8,6.881411303642535,2.0794415416798357,10.235817286569977,2.0794415416798357
817,8740196f6ffffff,87401ba63ffffff,2,20.157119331875013,974,2,6.881411303642535,0.6931471805599453,9.911362430724418,0.6931471805599453
818,8740196f6ffffff,87401ba68ffffff,9,16.604309049975893,974,9,6.881411303642535,2.1972245773362196,9.717477745500092,2.1972245773362196
819,8740196f6ffffff,87401ba69ffffff,9,15.093607468283231,974,9,6.881411303642535,2.1972245773362196,9.62209283771427,2.1972245773362196
820,8740196f6ffffff,87401ba6affffff,68,18.838921410401127,974,68,6.881411303642535,4.219507705176107,9.843733376699207,4.219507705176107
821,8740196f6ffffff,87401ba6bffffff,5,17.377237147187728,974,5,6.881411303642535,1.6094379124341003,9.762973963708832,1.6094379124341003
823,8740196f6ffffff,87401ba71ffffff,44,24.152399633965988,974,44,6.881411303642535,3.784189633918261,10.092180420766123,3.784189633918261
824,8740196f6ffffff,87401ba73ffffff,1,26.23415538145391,974,1,6.881411303642535,0.0,10.174855598781143,0.0
825,8740196f6ffffff,87401bae3ffffff,1,35.39893237572321,974,1,6.881411303642535,0.0,10.474465188829736,0.0
826,8740196f6ffffff,87401bae9ffffff,4,31.128009060152618,974,4,6.881411303642535,1.3862943611198906,10.345895430617803,1.3862943611198906
827,8740196f6ffffff,87401baebffffff,1,33.42219609644369,974,1,6.881411303642535,0.0,10.417005431820998,0.0
828,8740196f6ffffff,8740e6882ffffff,1,38.68826415425141,974,1,6.881411303642535,0.0,10.56331742849719,0.0
829,8740196f6ffffff,8740e6d15ffffff,2,18.602414890571715,974,2,6.881411303642535,0.6931471805599453,9.831100439116858,0.6931471805599453
830,8740196f6ffffff,8740e6d20ffffff,20,10.273825192927607,974,28,6.881411303642535,3.332204510175204,9.237452026365954,2.995732273553991
831,8740196f6ffffff,8740e6d21ffffff,7,10.452807800250199,974,10,6.881411303642535,2.302585092994046,9.25472157382073,1.9459101490553132
832,8740196f6ffffff,8740e6d22ffffff,19,12.405853782719753,974,19,6.881411303642535,2.9444389791664403,9.426004323310137,2.9444389791664403
833,8740196f6ffffff,8740e6d23ffffff,20,12.35064460163795,974,20,6.881411303642535,2.995732273553991,9.421544499314832,2.995732273553991
834,8740196f6ffffff,8740e6d24ffffff,3,8.407171411838165,974,4,6.881411303642535,1.3862943611198906,9.036959299104232,1.0986122886681098
835,8740196f6ffffff,8740e6d25ffffff,18,8.235384781373396,974,102,6.881411303642535,4.624972813284271,9.016316786504321,2.8903717578961645
836,8740196f6ffffff,8740e6d2cffffff,40,11.163431018417272,974,41,6.881411303642535,3.713572066704308,9.320488201794975,3.6888794541139363
837,8740196f6ffffff,8740e6d2effffff,3,12.76000268795009,974,3,6.881411303642535,1.0986122886681098,9.454149134371843,1.0986122886681098
838,8740196f6ffffff,8740e6d31ffffff,25,14.590184218368941,974,25,6.881411303642535,3.2188758248682006,9.588172804663655,3.2188758248682006
839,874019700ffffff,8740190d4ffffff,6,12.451562180400167,129,57,4.859812404361672,4.04305126783455,9.42968167834193,1.791759469228055
840,874019700ffffff,8740190f3ffffff,43,14.648137969069712,129,99,4.859812404361672,4.59511985013459,9.592136771012246,3.7612001156935624
841,874019700ffffff,874019456ffffff,1,24.177861418987654,129,1,4.859812404361672,0.0,10.09323403534249,0.0
842,874019700ffffff,874019655ffffff,2,28.255269451221036,129,78,4.859812404361672,4.356708826689592,10.249070639429178,0.6931471805599453
843,874019700ffffff,874019673ffffff,1,25.96643634098197,129,15,4.859812404361672,2.70805020110221,10.16459858361083,0.0
845,874019700ffffff,874019700ffffff,1,0.0,129,5,4.859812404361672,1.6094379124341003,0.0,0.0
847,874019700ffffff,874019703ffffff,38,2.4671222067104015,129,160,4.859812404361672,5.075173815233827,7.811212900294677,3.6375861597263857
848,874019700ffffff,87401971cffffff,37,4.1277465926810635,129,177,4.859812404361672,5.176149732573829,8.325729151438189,3.6109179126442243
849,874019705ffffff,8740190d4ffffff,3,10.311129412516966,287,57,5.659482215759621,4.04305126783455,9.2410760942413,1.0986122886681098
850,874019705ffffff,8740190f3ffffff,53,12.454807545232399,287,99,5.659482215759621,4.59511985013459,9.429942262626358,3.970291913552122
853,874019705ffffff,874019703ffffff,49,4.128722270059947,287,160,5.659482215759621,5.075173815233827,8.32596543673505,3.8918202981106265
854,874019705ffffff,874019705ffffff,2,0.0,287,5,5.659482215759621,1.6094379124341003,0.0,0.6931471805599453
855,874019705ffffff,87401970effffff,97,4.934818818222191,287,158,5.659482215759621,5.062595033026967,8.50427385871668,4.574710978503383
856,874019705ffffff,87401971cffffff,83,6.221115551295004,287,177,5.659482215759621,5.176149732573829,8.73586524869224,4.418840607796598
857,87401970cffffff,8740186c5ffffff,4,105.99339147603942,317,4,5.75890177387728,1.3862943611198906,11.571141461090987,1.3862943611198906
858,87401970cffffff,8740190c3ffffff,21,12.9723401629299,317,27,5.75890177387728,3.295836866004329,9.47065177406514,3.044522437723423
859,87401970cffffff,8740190dcffffff,1,10.693648829830165,317,2,5.75890177387728,0.6931471805599453,9.277498785991934,0.0
860,87401970cffffff,874019136ffffff,1,51.846333214203604,317,1,5.75890177387728,0.0,10.856058779629153,0.0
861,87401970cffffff,87401945affffff,1,22.662374833450063,317,15,5.75890177387728,2.70805020110221,10.02850545700751,0.0
862,87401970cffffff,874019620ffffff,1,8.77083480316923,317,167,5.75890177387728,5.117993812416755,9.0793012770724,0.0
863,87401970cffffff,874019624ffffff,35,6.3955379965326555,317,62,5.75890177387728,4.127134385045092,8.763512184946224,3.5553480614894135
864,87401970cffffff,874019625ffffff,1,7.401596407089877,317,29,5.75890177387728,3.367295829986474,8.9095860834762,0.0
865,87401970cffffff,87401962dffffff,1,13.16642178081223,317,110,5.75890177387728,4.700480365792417,9.485501011018066,0.0
866,87401970cffffff,874019630ffffff,1,12.437488026113348,317,19,5.75890177387728,2.9444389791664403,9.42855081759721,0.0
867,87401970cffffff,8740196e0ffffff,2,25.873321302139004,317,3,5.75890177387728,1.0986122886681098,10.161006300354638,0.6931471805599453
868,87401970cffffff,8740196e5ffffff,1,24.663186366780973,317,38,5.75890177387728,3.6375861597263857,10.113107525764367,0.0
870,87401970cffffff,874019703ffffff,1,4.036761782745416,317,160,5.75890177387728,5.075173815233827,8.303445803260713,0.0
872,87401970cffffff,874019709ffffff,6,4.301462732904848,317,122,5.75890177387728,4.804021044733257,8.366942866317757,1.791759469228055
874,87401970cffffff,87401970bffffff,2,4.934647210899158,317,12,5.75890177387728,2.4849066497880004,8.504239090360581,0.6931471805599453
877,87401970cffffff,874019719ffffff,4,6.220846679843698,317,165,5.75890177387728,5.10594547390058,8.73582203553451,1.3862943611198906
878,87401970cffffff,87401971cffffff,1,6.119696894964218,317,177,5.75890177387728,5.176149732573829,8.719431240749659,0.0
879,87401970cffffff,87401971dffffff,27,4.627407777033242,317,80,5.75890177387728,4.382026634673881,8.439968195286236,3.295836866004329
880,87401970cffffff,874019723ffffff,1,6.5833670503351085,317,6,5.75890177387728,1.791759469228055,8.792453489638827,0.0
881,87401970cffffff,874019728ffffff,1,4.130048036231076,317,3,5.75890177387728,1.0986122886681098,8.326286415562292,0.0
882,87401970cffffff,874019729ffffff,5,4.630064099979389,317,6,5.75890177387728,1.791759469228055,8.440541947883425,1.6094379124341003
884,87401970cffffff,87401972bffffff,23,2.3147001722303617,317,122,5.75890177387728,4.804021044733257,7.74746737099899,3.1354942159291497
885,87401970cffffff,874019745ffffff,1,13.307912537543338,317,2,5.75890177387728,0.6931471805599453,9.4961892053874,0.0
886,87401970cffffff,874019753ffffff,8,10.844415639371382,317,77,5.75890177387728,4.343805421853684,9.29149774796423,2.0794415416798357
887,87401970cffffff,874019756ffffff,1,6.583267629019843,317,26,5.75890177387728,3.258096538021482,8.792438389923833,0.0
888,87401970cffffff,874019770ffffff,1,6.241406857630141,317,19,5.75890177387728,2.9444389791664403,8.739121101358615,0.0
889,87401970cffffff,874019772ffffff,49,4.8340093780854785,317,74,5.75890177387728,4.30406509320417,8.483638347510224,3.8918202981106265
890,87401970cffffff,874019773ffffff,23,7.251687796304792,317,29,5.75890177387728,3.367295829986474,8.889127409669939,3.1354942159291497
891,87401970cffffff,874019774ffffff,21,6.1243504564257405,317,24,5.75890177387728,3.1780538303479458,8.720191251151707,3.044522437723423
892,87401970cffffff,874019782ffffff,54,21.13481266403995,317,68,5.75890177387728,4.219507705176107,9.958724163363627,3.9889840465642745
893,87401970cffffff,8740197a1ffffff,1,14.113935876521401,317,6,5.75890177387728,1.791759469228055,9.554988797745736,0.0
894,87401970cffffff,8740197a9ffffff,11,11.563533169088121,317,26,5.75890177387728,3.258096538021482,9.355698208013214,2.3978952727983707
895,87401970cffffff,87401a58bffffff,1,238.79683030075157,317,1,5.75890177387728,0.0,12.383372574616558,0.0
896,87401970cffffff,87401b922ffffff,1,82.9408855052923,317,1,5.75890177387728,0.0,11.325895466906964,0.0
897,87401970cffffff,87401bb4cffffff,1,32.33592745033553,317,3,5.75890177387728,1.0986122886681098,10.383965120897589,0.0
898,87401970cffffff,87401bccdffffff,1,110.90492279479189,317,3,5.75890177387728,1.0986122886681098,11.616437578538092,0.0
899,87401970cffffff,8740e68a0ffffff,2,53.76529441730072,317,2,5.75890177387728,0.6931471805599453,10.892402051998422,0.6931471805599453
900,87401970dffffff,874018cd3ffffff,2,165.46251464847072,183,2,5.209486152841421,0.6931471805599453,12.016505994199164,0.6931471805599453
901,87401970dffffff,874019065ffffff,1,37.790673131898245,183,1,5.209486152841421,0.0,10.5398440698249,0.0
902,87401970dffffff,8740190c8ffffff,1,13.900390813940758,183,8,5.209486152841421,2.0794415416798357,9.539744172670149,0.0
903,87401970dffffff,8740190ccffffff,1,15.265558789355707,183,5,5.209486152841421,1.6094379124341003,9.633420015209794,0.0
904,87401970dffffff,8740190dcffffff,1,10.311589079585778,183,2,5.209486152841421,0.6931471805599453,9.241120668626069,0.0
905,87401970dffffff,8740192a3ffffff,1,26.637290931687996,183,76,5.209486152841421,4.330733340286331,10.190104968380439,0.0
906,87401970dffffff,874019601ffffff,1,15.14876450576223,183,25,5.209486152841421,3.2188758248682006,9.625740266642593,0.0
907,87401970dffffff,87401961effffff,1,20.627925201665136,183,8,5.209486152841421,2.0794415416798357,9.934449505903704,0.0
908,87401970dffffff,874019622ffffff,4,10.30064173157104,183,78,5.209486152841421,4.356708826689592,9.240058552930929,1.3862943611198906
909,87401970dffffff,874019625ffffff,4,6.395979047560264,183,29,5.209486152841421,3.367295829986474,8.763581134090742,1.3862943611198906
910,87401970dffffff,87401962cffffff,2,9.868941717353636,183,41,5.209486152841421,3.713572066704308,9.197249227380066,0.6931471805599453
911,87401970dffffff,874019630ffffff,2,12.954206902598465,183,19,5.209486152841421,2.9444389791664403,9.46925306373695,0.6931471805599453
912,87401970dffffff,874019631ffffff,1,12.438843246756745,183,98,5.209486152841421,4.584967478670572,9.428659765470753,0.0
913,87401970dffffff,874019708ffffff,9,2.3144098532239834,183,12,5.209486152841421,2.4849066497880004,7.747341993279539,2.1972245773362196
917,87401970dffffff,87401970effffff,2,4.037629806455381,183,158,5.209486152841421,5.062595033026967,8.30366075661054,0.6931471805599453
918,87401970dffffff,874019718ffffff,2,8.325996373762743,183,133,5.209486152841421,4.890349128221754,9.02725809075629,0.6931471805599453
919,87401970dffffff,874019719ffffff,1,6.941236384622456,183,165,5.209486152841421,5.10594547390058,8.845379247213714,0.0
920,87401970dffffff,87401971bffffff,1,9.25365241546543,183,152,5.209486152841421,5.0238805208462765,9.132881667896658,0.0
921,87401970dffffff,874019728ffffff,1,4.935966915196103,183,3,5.209486152841421,1.0986122886681098,8.504506436838009,0.0
922,87401970dffffff,87401972bffffff,88,2.4678593718178767,183,122,5.209486152841421,4.804021044733257,7.811511530176612,4.477336814478207
923,87401970dffffff,874019731ffffff,3,11.214880562624792,183,13,5.209486152841421,2.5649493574615367,9.32508596037894,1.0986122886681098
924,87401970dffffff,874019750ffffff,17,6.583863760181751,183,47,5.209486152841421,3.8501476017100584,8.792528924545243,2.833213344056216
925,87401970dffffff,874019751ffffff,1,8.60426769717052,183,87,5.209486152841421,4.465908118654584,9.060129817652804,0.0
926,87401970dffffff,874019752ffffff,1,7.402082057830533,183,10,5.209486152841421,2.302585092994046,8.909651686784008,0.0
929,87401970dffffff,874019762ffffff,1,8.080986371182885,183,3,5.209486152841421,1.0986122886681098,8.997392959319612,0.0
932,87401970dffffff,874019776ffffff,12,2.3150738118731287,183,12,5.209486152841421,2.4849066497880004,7.747628708596576,2.4849066497880004
933,87401970dffffff,874019788ffffff,1,18.496660795648246,183,3,5.209486152841421,1.0986122886681098,9.825399559593292,0.0
934,87401970dffffff,87401978bffffff,1,19.821855931570862,183,20,5.209486152841421,2.995732273553991,9.894590890922837,0.0
935,87401970dffffff,87401978dffffff,1,16.18690770320778,183,138,5.209486152841421,4.927253685157205,9.692019804423275,0.0
936,87401970dffffff,874019d9effffff,1,79.48993128283617,183,1,5.209486152841421,0.0,11.283398222221717,0.0
937,87401970dffffff,87401b896ffffff,3,98.62228250714318,183,3,5.209486152841421,1.0986122886681098,11.499062643620302,1.0986122886681098
938,87401970dffffff,87401b966ffffff,1,69.75622653191063,183,3,5.209486152841421,1.0986122886681098,11.152776300509128,0.0
939,87401970dffffff,87401bb48ffffff,8,34.646251755343854,183,30,5.209486152841421,3.4011973816621555,10.452973687052404,2.0794415416798357
940,87401970dffffff,87401bb6bffffff,2,31.20816611988743,183,2,5.209486152841421,0.6931471805599453,10.348467116544777,0.6931471805599453
941,87401970dffffff,87401bcceffffff,1,116.69892811971462,183,1,5.209486152841421,0.0,11.667361202333709,0.0
942,87401970dffffff,87401bcdaffffff,1,122.9870913639197,183,1,5.209486152841421,0.0,11.719842811487858,0.0
943,87401970dffffff,87401bcdbffffff,2,121.18191054768208,183,2,5.209486152841421,0.6931471805599453,11.705056340593792,0.6931471805599453
944,874019718ffffff,874019058ffffff,1,32.43826904485164,248,2,5.5134287461649825,0.6931471805599453,10.387124975449336,0.0
945,874019718ffffff,8740190c8ffffff,2,22.049230098736277,248,8,5.5134287461649825,2.0794415416798357,10.001078316137383,0.6931471805599453
946,874019718ffffff,874019604ffffff,1,8.959703829610088,248,77,5.5134287461649825,4.343805421853684,9.100604055295737,0.0
947,874019718ffffff,874019622ffffff,16,6.580419347186448,248,78,5.5134287461649825,4.356708826689592,8.79200570731745,2.772588722239781
951,874019718ffffff,874019628ffffff,1,13.050217775409587,248,52,5.5134287461649825,3.9512437185814275,9.476636724520501,0.0
952,874019718ffffff,87401962affffff,2,12.899938011302478,248,2,5.5134287461649825,0.6931471805599453,9.46505530176068,0.6931471805599453
953,874019718ffffff,874019701ffffff,5,6.220168265428361,248,20,5.5134287461649825,2.995732273553991,8.735712992120353,1.6094379124341003
955,874019718ffffff,87401970affffff,94,4.035543204882624,248,109,5.5134287461649825,4.6913478822291435,8.303143962328543,4.543294782270004
957,874019718ffffff,87401970dffffff,1,8.325996373762743,248,48,5.5134287461649825,3.871201010907891,9.02725809075629,0.0
958,874019718ffffff,87401970effffff,1,4.626078642355674,248,158,5.5134287461649825,5.062595033026967,8.439680985165344,0.0
959,874019718ffffff,874019714ffffff,3,8.598127025923318,248,3,5.5134287461649825,1.0986122886681098,9.059415968475683,1.0986122886681098
962,874019718ffffff,87401971affffff,2,2.312041904648652,248,7,5.5134287461649825,1.9459101490553132,7.746318779079283,0.6931471805599453
963,874019718ffffff,87401971bffffff,58,2.4662129927750325,248,152,5.5134287461649825,5.0238805208462765,7.810844449557735,4.060443010546419
964,874019718ffffff,87401971cffffff,2,2.466462217749183,248,177,5.5134287461649825,5.176149732573829,7.810945459234656,0.6931471805599453
966,874019718ffffff,87401971effffff,4,2.414993293102591,248,9,5.5134287461649825,2.1972245773362196,7.789865783017157,1.3862943611198906
967,874019718ffffff,874019731ffffff,1,9.867337202024224,248,13,5.5134287461649825,2.5649493574615367,9.197086648328519,0.0
968,874019718ffffff,874019733ffffff,40,8.960748562778944,248,43,5.5134287461649825,3.7612001156935624,9.100720639025146,3.6888794541139363
969,874019718ffffff,874019750ffffff,8,10.917539835347869,248,47,5.5134287461649825,3.8501476017100584,9.298217525646553,2.0794415416798357
970,874019718ffffff,874019752ffffff,2,9.664473195298532,248,10,5.5134287461649825,2.302585092994046,9.176315350123048,0.6931471805599453
971,874019718ffffff,87401b346ffffff,1,65.99533428218825,248,1,5.5134287461649825,0.0,11.097354478287128,0.0
972,874019718ffffff,87401b90bffffff,2,69.9881906385097,248,9,5.5134287461649825,2.1972245773362196,11.156096089657725,0.6931471805599453
973,874019718ffffff,87401b926ffffff,1,80.51998394295175,248,2,5.5134287461649825,0.6931471805599453,11.296273099536887,0.0
974,87401971affffff,874019622ffffff,1,6.523241807340844,269,78,5.594711379601839,4.356708826689592,8.783280027330688,0.0
975,87401971affffff,874019630ffffff,2,4.9313512865524975,269,19,5.594711379601839,2.9444389791664403,8.503571087731665,0.6931471805599453
976,87401971affffff,874019634ffffff,16,2.4658007373467714,269,63,5.594711379601839,4.143134726391533,7.810677342025502,2.772588722239781
977,87401971affffff,874019702ffffff,2,6.393315561571929,269,4,5.594711379601839,1.3862943611198906,8.76316468116581,0.6931471805599453
978,87401971affffff,874019703ffffff,71,6.218541176978211,269,160,5.594711379601839,5.075173815233827,8.735451417253268,4.2626798770413155
979,87401971affffff,874019709ffffff,1,10.105078989226964,269,122,5.594711379601839,4.804021044733257,9.220892401893638,0.0
980,87401971affffff,87401970affffff,2,6.117540694757942,269,109,5.594711379601839,4.6913478822291435,8.719078898504028,0.6931471805599453
981,87401971affffff,87401970cffffff,1,9.252156638274727,269,31,5.594711379601839,3.4339872044851463,9.132720030483,0.0
982,87401971affffff,87401970effffff,20,6.938120547004327,269,158,5.594711379601839,5.062595033026967,8.844930323137227,2.995732273553991
983,87401971affffff,874019712ffffff,1,6.521466857299709,269,2,5.594711379601839,0.6931471805599453,8.78300793571008,0.0
984,87401971affffff,874019713ffffff,13,4.298633353189705,269,13,5.594711379601839,2.5649493574615367,8.366285031346173,2.5649493574615367
985,87401971affffff,874019718ffffff,74,2.312041904648652,269,133,5.594711379601839,4.890349128221754,7.746318779079283,4.30406509320417
986,87401971affffff,874019719ffffff,8,4.034499215800345,269,165,5.594711379601839,5.10594547390058,8.30288529443913,2.0794415416798357
988,87401971affffff,87401971bffffff,1,2.4149980850810313,269,152,5.594711379601839,5.0238805208462765,7.7898677664554805,0.0
992,87401971affffff,87401972bffffff,1,11.56685681050509,269,122,5.594711379601839,4.804021044733257,9.355985566253567,0.0
993,87401971affffff,874019732ffffff,3,11.376438984958302,269,11,5.594711379601839,2.3978952727983707,9.33938763709534,1.0986122886681098
994,87401971affffff,874019733ffffff,1,9.865690808915854,269,43,5.594711379601839,3.7612001156935624,9.196919798490628,0.0
995,87401971affffff,874019756ffffff,2,10.22451390963994,269,26,5.594711379601839,3.258096538021482,9.232641239759491,0.6931471805599453
996,87401971affffff,874019770ffffff,2,14.430677019360488,269,19,5.594711379601839,2.9444389791664403,9.577180862573078,0.6931471805599453
997,87401971affffff,8740197a8ffffff,35,4.032585375474228,269,36,5.594711379601839,3.58351893845611,8.302410930751316,3.5553480614894135
999,87401971affffff,8740197abffffff,6,4.622087366790694,269,34,5.594711379601839,3.5263605246161616,8.438818022098795,1.791759469228055
1000,87401971affffff,8740197acffffff,4,4.828643424001085,269,6,5.594711379601839,1.791759469228055,8.482527918662825,1.3862943611198906
1002,87401971affffff,87401b041ffffff,1,72.46337670958664,269,1,5.594711379601839,0.0,11.190850364358143,0.0
1003,87401971affffff,8740f499effffff,1,183.8372012051164,269,1,5.594711379601839,0.0,12.121811308467244,0.0
1004,87401971bffffff,8740190c1ffffff,8,23.65542354188835,351,9,5.860786223465865,2.1972245773362196,10.071389965577664,2.0794415416798357
1005,87401971bffffff,8740190c3ffffff,4,21.379850938208687,351,27,5.860786223465865,3.295836866004329,9.970250984451589,1.3862943611198906
1006,87401971bffffff,8740190d0ffffff,1,18.532678401021585,351,4,5.860786223465865,1.3862943611198906,9.827344810157394,0.0
1007,87401971bffffff,87401961effffff,1,13.609109175675979,351,8,5.860786223465865,2.0794415416798357,9.518568117338244,0.0
1008,87401971bffffff,874019620ffffff,27,4.831346076399951,351,167,5.860786223465865,5.117993812416755,8.483087358821447,3.295836866004329
1009,87401971bffffff,874019622ffffff,17,4.299491214443105,351,78,5.860786223465865,4.356708826689592,8.36648453107423,2.833213344056216
1010,87401971bffffff,874019623ffffff,1,6.524159349242996,351,98,5.860786223465865,4.584967478670572,8.783420653232621,0.0
1011,87401971bffffff,874019624ffffff,5,4.03536753477106,351,62,5.860786223465865,4.127134385045092,8.303100441443139,1.6094379124341003
1012,87401971bffffff,874019625ffffff,1,6.236945766764223,351,29,5.860786223465865,3.367295829986474,8.738406203119732,0.0
1014,87401971bffffff,87401962cffffff,1,9.664488232708097,351,41,5.860786223465865,3.713572066704308,9.176316905908012,0.0
1015,87401971bffffff,87401962effffff,4,8.850116754444704,351,7,5.860786223465865,1.9459101490553132,9.088298916983977,1.3862943611198906
1017,87401971bffffff,874019631ffffff,71,4.931675506194321,351,98,5.860786223465865,4.584967478670572,8.503636818854094,4.2626798770413155
1018,87401971bffffff,874019632ffffff,4,6.215011951497324,351,53,5.860786223465865,3.970291913552122,8.73488381474469,1.3862943611198906
1019,87401971bffffff,874019633ffffff,4,6.390623507868992,351,113,5.860786223465865,4.727387818712341,8.762743585190286,1.3862943611198906
1023,87401971bffffff,874019641ffffff,3,26.562376702344025,351,47,5.860786223465865,3.8501476017100584,10.187288730386827,1.0986122886681098
1024,87401971bffffff,874019673ffffff,1,19.577737837437336,351,15,5.860786223465865,2.70805020110221,9.88219945218026,0.0
1025,87401971bffffff,874019704ffffff,1,11.185423395100822,351,6,5.860786223465865,1.791759469228055,9.322456125112284,0.0
1026,87401971bffffff,87401970affffff,2,4.625496992664156,351,109,5.860786223465865,4.6913478822291435,8.439555271664915,0.6931471805599453
1028,87401971bffffff,874019718ffffff,43,2.4662129927750325,351,133,5.860786223465865,4.890349128221754,7.810844449557735,3.7612001156935624
1029,87401971bffffff,874019719ffffff,27,2.312416030842974,351,165,5.860786223465865,5.10594547390058,7.746480512396803,3.295836866004329
1032,87401971bffffff,874019751ffffff,63,12.478001767980295,351,87,5.860786223465865,4.465908118654584,9.431802652184285,4.143134726391533
1033,87401971bffffff,874019752ffffff,1,8.555681060957317,351,10,5.860786223465865,2.302585092994046,9.054467667426746,0.0
1034,87401971bffffff,874019753ffffff,1,10.917474319633723,351,77,5.860786223465865,4.343805421853684,9.298211525218685,0.0
1035,87401971bffffff,874019755ffffff,1,12.111833374769075,351,3,5.860786223465865,1.0986122886681098,9.402020779021015,0.0
1036,87401971bffffff,874019756ffffff,2,8.072645955422495,351,26,5.860786223465865,3.258096538021482,8.996360450491391,0.6931471805599453
1037,87401971bffffff,87401975cffffff,1,14.78236829371778,351,5,5.860786223465865,1.6094379124341003,9.60125806391808,0.0
1038,87401971bffffff,874019772ffffff,1,10.578475609774742,351,74,5.860786223465865,4.30406509320417,9.266671139890438,0.0
1039,87401971bffffff,874019773ffffff,1,12.24223571649795,351,29,5.860786223465865,3.367295829986474,9.412728877053482,0.0
1040,87401971bffffff,874019785ffffff,1,10.21512104292237,351,4,5.860786223465865,1.3862943611198906,9.231722246009683,0.0
1041,87401971bffffff,87401978affffff,1,11.552094938823657,351,28,5.860786223465865,3.332204510175204,9.354708640126365,0.0
1042,87401971bffffff,87401978effffff,1,10.56433849703225,351,4,5.860786223465865,1.3862943611198906,9.265333969009905,0.0
1043,87401971bffffff,8740197a9ffffff,2,4.03345476962926,351,26,5.860786223465865,3.258096538021482,8.302626446327034,0.6931471805599453
1044,87401971bffffff,8740197abffffff,1,6.114131185830517,351,34,5.860786223465865,3.5263605246161616,8.71852150101144,0.0
1045,87401971bffffff,8740197b5ffffff,3,15.671084732793213,351,5,5.860786223465865,1.6094379124341003,9.659636366245367,1.0986122886681098
1046,87401971bffffff,87401b842ffffff,2,57.14010714005198,351,2,5.860786223465865,0.6931471805599453,10.953279051516759,0.6931471805599453
1047,87401971bffffff,87401b926ffffff,1,81.85371698775106,351,2,5.860786223465865,0.6931471805599453,11.312701210799734,0.0
1048,87401971bffffff,87401b935ffffff,1,82.91894474718387,351,2,5.860786223465865,0.6931471805599453,11.32563090021066,0.0
1049,87401971bffffff,87401bb48ffffff,22,25.392599339878434,351,30,5.860786223465865,3.4011973816621555,10.142252426757706,3.091042453358316
1050,87401971bffffff,87401bb4cffffff,1,24.28100839585733,351,3,5.860786223465865,1.0986122886681098,10.097490959868514,0.0
1051,87401971bffffff,87401bb4dffffff,1,23.087518629186775,351,3,5.860786223465865,1.0986122886681098,10.047090743910475,0.0
1052,87401971bffffff,8740e6599ffffff,1,99.75759565299528,351,1,5.860786223465865,0.0,11.510508502999372,0.0
1053,87401971bffffff,8740e65a2ffffff,1,88.6789974192941,351,1,5.860786223465865,0.0,11.392789634628917,0.0
1054,87401971bffffff,8740e6809ffffff,1,62.73048434073107,351,1,5.860786223465865,0.0,11.046618743185,0.0
1055,87401971bffffff,8740e6820ffffff,1,50.32611431326771,351,1,5.860786223465865,0.0,10.826299262805149,0.0
1056,87401971bffffff,8740e6852ffffff,2,66.81112785057877,351,2,5.860786223465865,0.6931471805599453,11.10963989769507,0.6931471805599453
1057,87401971bffffff,8740e685dffffff,2,73.81425978709565,351,2,5.860786223465865,0.6931471805599453,11.209320761397011,0.6931471805599453
1058,87401971bffffff,8740e6870ffffff,2,63.39892856865975,351,2,5.860786223465865,0.6931471805599453,11.057218013747391,0.6931471805599453
1059,87401971bffffff,8740e6912ffffff,1,36.881736179892194,351,1,5.860786223465865,0.0,10.51549886634723,0.0
1060,87401971bffffff,8740e6913ffffff,1,39.17105987899357,351,1,5.860786223465865,0.0,10.575719013456732,0.0
1061,87401971bffffff,8740e6b16ffffff,1,80.70953962100847,351,1,5.860786223465865,0.0,11.298624448221089,0.0
1062,87401971bffffff,8740e6caeffffff,1,60.8781038459044,351,1,5.860786223465865,0.0,11.016645272419087,0.0
1063,87401971bffffff,8740e6d9bffffff,3,57.60124195205521,351,4,5.860786223465865,1.3862943611198906,10.961316768705247,1.0986122886681098
1064,87401971dffffff,874019624ffffff,3,4.3002325515047355,112,62,4.718498871295094,4.127134385045092,8.366656900493112,1.0986122886681098
1065,87401971dffffff,874019625ffffff,1,6.525213630119242,112,29,4.718498871295094,3.367295829986474,8.783582211848746,0.0
1066,87401971dffffff,87401962cffffff,2,10.785198185727957,112,41,4.718498871295094,3.713572066704308,9.286022650077333,0.6931471805599453
1067,87401971dffffff,874019630ffffff,1,8.251383996350153,112,19,4.718498871295094,2.9444389791664403,9.018257406839718,0.0
1068,87401971dffffff,874019631ffffff,1,8.76738708426976,112,98,4.718498871295094,4.584967478670572,9.07890815559811,0.0
1069,87401971dffffff,874019635ffffff,1,6.392861790922585,112,6,4.718498871295094,1.791759469228055,8.763093713953355,0.0
1070,87401971dffffff,874019701ffffff,1,4.128097270764654,112,20,4.718498871295094,2.995732273553991,8.325814083555967,0.0
1072,87401971dffffff,874019706ffffff,2,6.581470745183448,112,5,4.718498871295094,1.6094379124341003,8.792165447028411,0.6931471805599453
1076,87401971dffffff,87401970cffffff,22,4.627407777033242,112,31,4.718498871295094,3.4339872044851463,8.439968195286236,3.091042453358316
1077,87401971dffffff,87401970dffffff,1,6.120947124213023,112,48,4.718498871295094,3.871201010907891,8.719635482456138,0.0
1079,87401971dffffff,874019718ffffff,6,2.3127069565928333,112,133,4.718498871295094,4.890349128221754,7.746606260405245,1.791759469228055
1080,87401971dffffff,874019719ffffff,23,2.4666249844527206,112,165,4.718498871295094,5.10594547390058,7.811011422285328,3.1354942159291497
1081,87401971dffffff,87401971cffffff,21,2.415439014953691,112,177,4.718498871295094,5.176149732573829,7.790050254034628,3.044522437723423
1083,87401971dffffff,87401972affffff,1,6.221794501529794,112,2,4.718498871295094,0.6931471805599453,8.735974361611913,0.0
1084,87401971dffffff,87401972bffffff,8,6.942107949263604,112,122,4.718498871295094,4.804021044733257,8.845504784560333,2.0794415416798357
1085,87401971dffffff,87401972dffffff,1,10.687756232391163,112,7,4.718498871295094,1.9459101490553132,9.276947648549509,0.0
1086,87401971dffffff,874019750ffffff,1,9.66625452204541,112,47,4.718498871295094,3.8501476017100584,9.176499631076876,0.0
1087,87401971dffffff,874019751ffffff,1,12.083939917771694,112,87,4.718498871295094,4.465908118654584,9.399715321488625,0.0
1088,87401971dffffff,874019753ffffff,10,11.216648721890483,112,77,4.718498871295094,4.343805421853684,9.32524359578681,2.302585092994046
1089,87401971dffffff,874019754ffffff,1,8.55763766623592,112,5,4.718498871295094,1.6094379124341003,9.054696305329237,0.0
1090,87401971dffffff,87401975cffffff,1,14.502072876901241,112,5,4.718498871295094,1.6094379124341003,9.582115828501168,0.0
1091,87401971dffffff,874019c2affffff,1,66.67439455922757,112,1,4.718498871295094,0.0,11.107591266681414,0.0
1092,87401971dffffff,87401b022ffffff,1,86.6229411878189,112,1,4.718498871295094,0.0,11.369331513477462,0.0
1093,87401971dffffff,8740e6ce3ffffff,1,69.38818287850815,112,1,4.718498871295094,0.0,11.147486268042565,0.0
1094,874019722ffffff,874018613ffffff,1,111.43429586790866,206,1,5.327876168789581,0.0,11.621199395322135,0.0
1095,874019722ffffff,8740190f3ffffff,2,11.579288426005817,206,99,5.327876168789581,4.59511985013459,9.357059658071194,0.6931471805599453
1096,874019722ffffff,874019443ffffff,1,14.228542228661695,206,1,5.327876168789581,0.0,9.563075521111896,0.0
1097,874019722ffffff,874019448ffffff,7,10.100561823589944,206,8,5.327876168789581,2.0794415416798357,9.220445326873442,1.9459101490553132
1099,874019722ffffff,87401944affffff,2,12.231526491708127,206,2,5.327876168789581,0.6931471805599453,9.411853788843183,0.6931471805599453
1100,874019722ffffff,87401944bffffff,2,10.572538332141283,206,2,5.327876168789581,0.6931471805599453,9.26610977517847,0.6931471805599453
1101,874019722ffffff,87401944cffffff,3,10.218992525373375,206,3,5.327876168789581,1.0986122886681098,9.23210113238496,1.0986122886681098
1103,874019722ffffff,87401944effffff,2,12.100364100455494,206,4,5.327876168789581,1.3862943611198906,9.40107346080549,0.6931471805599453
1104,874019722ffffff,874019458ffffff,11,16.198680350743885,206,11,5.327876168789581,2.3978952727983707,9.692746789590245,2.3978952727983707
1105,874019722ffffff,874019459ffffff,1,14.417468303468132,206,1,5.327876168789581,0.0,9.576265184910628,0.0
1106,874019722ffffff,87401945affffff,14,18.340289170087996,206,15,5.327876168789581,2.70805020110221,9.816910036147448,2.6390573296152584
1107,874019722ffffff,87401945dffffff,1,14.109513383790777,206,1,5.327876168789581,0.0,9.554675428578356,0.0
1108,874019722ffffff,87401945effffff,29,18.126105295847804,206,29,5.327876168789581,3.367295829986474,9.805163627231165,3.367295829986474
1109,874019722ffffff,87401946bffffff,20,8.550706876968226,206,20,5.327876168789581,2.995732273553991,9.05388617673957,2.995732273553991
1110,874019722ffffff,874019700ffffff,3,4.934986382973069,206,5,5.327876168789581,1.6094379124341003,8.504307806864455,1.0986122886681098
1111,874019722ffffff,874019702ffffff,1,6.396438057584159,206,4,5.327876168789581,1.3862943611198906,8.763652885702452,0.0
1113,874019722ffffff,874019705ffffff,3,4.300722669688537,206,5,5.327876168789581,1.6094379124341003,8.366770842312343,1.0986122886681098
1115,874019722ffffff,874019709ffffff,1,12.903280040310488,206,122,5.327876168789581,4.804021044733257,9.465314321391517,0.0
1116,874019722ffffff,874019710ffffff,6,8.429168081555675,206,6,5.327876168789581,1.791759469228055,9.039571989297212,1.791759469228055
1117,874019722ffffff,874019712ffffff,1,10.680600682261412,206,2,5.327876168789581,0.6931471805599453,9.276277977900046,0.0
1121,874019722ffffff,87401971cffffff,26,8.771988350250536,206,177,5.327876168789581,5.176149732573829,9.079432774218068,3.258096538021482
1123,874019722ffffff,874019721ffffff,46,4.037283876946122,206,47,5.327876168789581,3.8501476017100584,8.303575097775239,3.828641396489095
1131,874019722ffffff,874019736ffffff,7,6.234843532248635,206,7,5.327876168789581,1.9459101490553132,8.738069138818725,1.9459101490553132
1132,874019722ffffff,874019751ffffff,1,19.36255736449569,206,87,5.327876168789581,4.465908118654584,9.871148092117041,0.0
1133,874019722ffffff,874019773ffffff,1,15.365881453868182,206,29,5.327876168789581,3.367295829986474,9.6399699176941,0.0
1134,874019722ffffff,8740197a9ffffff,13,14.58375794824867,206,26,5.327876168789581,3.258096538021482,9.587732286226409,2.5649493574615367
1135,874019722ffffff,87401ab15ffffff,1,153.62440260590074,206,1,5.327876168789581,0.0,11.942272467570522,0.0
1136,874019729ffffff,8740180d6ffffff,1,124.52801900566809,29,1,3.367295829986474,0.0,11.73229405210983,0.0
1137,874019729ffffff,8740190c3ffffff,2,8.44141133829756,29,27,3.367295829986474,3.295836866004329,9.041023250374263,0.6931471805599453
1138,874019729ffffff,8740190c8ffffff,4,10.594645016644174,29,8,3.367295829986474,2.0794415416798357,9.268198348192808,1.3862943611198906
1139,874019729ffffff,8740190ccffffff,4,11.586764519099777,29,5,3.367295829986474,1.6094379124341003,9.357705037583333,1.3862943611198906
1141,874019729ffffff,8740190d9ffffff,2,6.127750673617261,29,10,3.367295829986474,2.302585092994046,8.720746202876473,0.6931471805599453
1146,874019729ffffff,8740190f3ffffff,1,11.197388511288088,29,99,3.367295829986474,4.59511985013459,9.32352516401034,0.0
1147,874019729ffffff,874019221ffffff,1,38.81762282902373,29,1,3.367295829986474,0.0,10.566655380282894,0.0
1148,874019729ffffff,87401962dffffff,2,14.805878603999274,29,110,3.367295829986474,4.700480365792417,9.602847122320323,0.6931471805599453
1149,874019729ffffff,874019684ffffff,8,31.45963060966548,29,8,3.367295829986474,2.0794415416798357,10.35649222121956,2.0794415416798357
1150,874019729ffffff,874019708ffffff,1,6.224098052748184,29,12,3.367295829986474,2.4849066497880004,8.736344472654347,0.0
1151,874019729ffffff,87401971bffffff,1,12.959668544937736,29,152,3.367295829986474,5.0238805208462765,9.469674553833334,0.0
1157,874019729ffffff,874019733ffffff,1,12.476258691533488,29,43,3.367295829986474,3.7612001156935624,9.431662961668353,0.0
1159,874019729ffffff,874019772ffffff,1,4.936291995916964,29,74,3.367295829986474,4.30406509320417,8.50457228091277,0.0
1163,874019748ffffff,874019284ffffff,85,10.249521987050286,682,85,6.525029657843462,4.442651256490317,9.235083908835772,4.442651256490317
1164,874019748ffffff,874019286ffffff,54,8.573739207486172,682,54,6.525029657843462,3.9889840465642745,9.056575858450506,3.9889840465642745
1165,874019748ffffff,874019290ffffff,18,6.533489045100169,682,18,6.525029657843462,2.8903717578961645,8.784849435564674,2.8903717578961645
1166,874019748ffffff,874019291ffffff,22,8.86375372639908,682,22,6.525029657843462,3.091042453358316,9.089838437682388,3.091042453358316
1168,874019748ffffff,874019293ffffff,37,8.609830228294136,682,37,6.525029657843462,3.6109179126442243,9.060776018823507,3.6109179126442243
1169,874019748ffffff,874019294ffffff,4,4.840277704153529,682,4,6.525029657843462,1.3862943611198906,8.484933953333329,1.3862943611198906
1170,874019748ffffff,874019295ffffff,12,7.261083642421167,682,12,6.525029657843462,2.4849066497880004,8.890422069729649,2.4849066497880004
1171,874019748ffffff,874019296ffffff,30,4.304740538652591,682,30,6.525029657843462,3.4011973816621555,8.367704420338441,3.4011973816621555
1172,874019748ffffff,87401929effffff,2,10.797884220522908,682,2,6.525029657843462,0.6931471805599453,9.287198094860619,0.6931471805599453
1173,874019748ffffff,8740192a0ffffff,2,12.269860129817218,682,4,6.525029657843462,1.3862943611198906,9.414982635477653,0.6931471805599453
1174,874019748ffffff,8740192a3ffffff,74,12.13934264763113,682,76,6.525029657843462,4.330733340286331,9.404289288896493,4.30406509320417
1175,874019748ffffff,8740192a5ffffff,2,14.465774202031458,682,2,6.525029657843462,0.6931471805599453,9.579609864712907,0.6931471805599453
1176,874019748ffffff,8740192b1ffffff,14,8.09099556695795,682,14,6.525029657843462,2.6390573296152584,8.998630650457278,2.6390573296152584
1177,874019748ffffff,8740192b2ffffff,3,4.044547375532701,682,3,6.525029657843462,1.0986122886681098,8.30537214185358,1.0986122886681098
1178,874019748ffffff,8740192b3ffffff,2,6.250575041485317,682,2,6.525029657843462,0.6931471805599453,8.74058871761976,0.6931471805599453
1179,874019748ffffff,8740192b4ffffff,23,6.953045381499633,682,23,6.525029657843462,3.1354942159291497,8.847078838502744,3.1354942159291497
1180,874019748ffffff,8740192b5ffffff,3,8.343677141385996,682,4,6.525029657843462,1.3862943611198906,9.029379146478238,1.0986122886681098
1181,874019748ffffff,8740192b6ffffff,59,4.634700716777509,682,59,6.525029657843462,4.07753744390572,8.441542646029266,4.07753744390572
1182,874019748ffffff,874019385ffffff,1,18.699056858326085,682,1,6.525029657843462,0.0,9.836281843390253,0.0
1183,874019748ffffff,87401938affffff,1,13.91205263936798,682,1,6.525029657843462,0.0,9.540582717301117,0.0
1184,874019748ffffff,874019398ffffff,24,10.701867065016833,682,24,6.525029657843462,3.1780538303479458,9.278266934559381,3.1780538303479458
1185,874019748ffffff,87401939affffff,16,8.442813974539812,682,16,6.525029657843462,2.772588722239781,9.041189378235226,2.772588722239781
1186,874019748ffffff,87401939bffffff,4,9.272052477519809,682,8,6.525029657843462,2.0794415416798357,9.134867889958137,1.3862943611198906
1187,874019748ffffff,87401939dffffff,6,12.982836440621705,682,6,6.525029657843462,1.791759469228055,9.471460512120453,1.791759469228055
1188,874019748ffffff,87401939effffff,1,10.31607774490727,682,1,6.525029657843462,0.0,9.241555834683815,0.0
1189,874019748ffffff,8740193a9ffffff,2,22.194294638223607,682,2,6.525029657843462,0.6931471805599453,10.00763559216194,0.6931471805599453
1190,874019748ffffff,874019645ffffff,1,11.188970695913197,682,5,6.525029657843462,1.6094379124341003,9.322773182528028,0.0
1193,874019748ffffff,874019665ffffff,7,4.936392972201817,682,7,6.525029657843462,1.9459101490553132,8.50459273245835,1.9459101490553132
1195,874019748ffffff,87401966cffffff,37,8.968138003783794,682,43,6.525029657843462,3.7612001156935624,9.101544852752198,3.6109179126442243
1196,874019748ffffff,87401966effffff,2,9.871771472893286,682,4,6.525029657843462,1.3862943611198906,9.197535890670137,0.6931471805599453
1197,874019748ffffff,874019743ffffff,1,4.838494971144481,682,1,6.525029657843462,0.0,8.484565649461521,0.0
1199,874019748ffffff,874019749ffffff,18,2.419916298005416,682,18,6.525029657843462,2.8903717578961645,7.791901383025814,2.8903717578961645
1201,874019748ffffff,87401974bffffff,16,2.4683229441984205,682,16,6.525029657843462,2.772588722239781,7.811699280385996,2.772588722239781
1202,874019748ffffff,87401974cffffff,4,2.468575158157075,682,4,6.525029657843462,1.3862943611198906,7.811801414082074,1.3862943611198906
1204,874019748ffffff,87401974effffff,6,2.419470614571999,682,6,6.525029657843462,1.791759469228055,7.791717269075525,1.791759469228055
1205,874019748ffffff,874019750ffffff,1,10.928774109656118,682,47,6.525029657843462,3.8501476017100584,9.29924591395392,0.0
1206,874019748ffffff,874019758ffffff,9,6.1279729066441435,682,9,6.525029657843462,2.1972245773362196,8.720782462957793,2.1972245773362196
1208,874019748ffffff,87401975dffffff,21,4.042644640930343,682,21,6.525029657843462,3.044522437723423,8.304901703116665,3.044522437723423
1209,874019748ffffff,874019761ffffff,4,9.875806887287657,682,11,6.525029657843462,2.3978952727983707,9.197944548959134,1.3862943611198906
1210,874019748ffffff,874019769ffffff,3,6.22882673604705,682,3,6.525029657843462,1.0986122886681098,8.737103800166356,1.0986122886681098
1211,874019748ffffff,87401976bffffff,40,4.13186063703056,682,40,6.525029657843462,3.6888794541139363,8.32672509437645,3.6888794541139363
1212,874019748ffffff,874019773ffffff,1,11.225691292255178,682,29,6.525029657843462,3.367295829986474,9.32604937317641,0.0
1213,874019748ffffff,874019785ffffff,3,31.191348307084496,682,4,6.525029657843462,1.3862943611198906,10.347928097151911,1.0986122886681098
1214,874019748ffffff,8740e65a3ffffff,5,94.58688573401565,682,5,6.525029657843462,1.6094379124341003,11.457284689059911,1.6094379124341003
1215,874019748ffffff,8740e6932ffffff,1,17.935143490690937,682,2,6.525029657843462,0.6931471805599453,9.79457314542997,0.0
1216,874019748ffffff,8740e6934ffffff,1,15.1390768591902,682,1,6.525029657843462,0.0,9.625100603543297,0.0
1217,874019752ffffff,87401960cffffff,2,8.767930550729188,101,4,4.61512051684126,1.3862943611198906,9.078970133885887,0.6931471805599453
1218,874019752ffffff,874019624ffffff,1,4.833135464174618,101,62,4.61512051684126,4.127134385045092,8.483457584076127,0.0
1220,874019752ffffff,874019626ffffff,1,6.238277559718823,101,72,4.61512051684126,4.276666119016055,8.738619678974866,0.0
1222,874019752ffffff,87401962dffffff,76,4.301572089222292,101,110,4.61512051684126,4.700480365792417,8.366968283139352,4.330733340286331
1223,874019752ffffff,8740196abffffff,1,20.824758751574194,101,19,4.61512051684126,2.9444389791664403,9.943945901020738,0.0
1224,874019752ffffff,874019709ffffff,2,4.934471560621634,101,122,4.61512051684126,4.804021044733257,8.504203501633183,0.6931471805599453
1225,874019752ffffff,87401970affffff,1,6.526130646602804,101,109,4.61512051684126,4.6913478822291435,8.783722714767482,0.0
1226,874019752ffffff,87401970bffffff,2,4.30121190065782,101,12,4.61512051684126,2.4849066497880004,8.366884564927458,0.6931471805599453
1227,874019752ffffff,87401970dffffff,3,7.402082057830533,101,48,4.61512051684126,3.871201010907891,8.909651686784008,1.0986122886681098
1228,874019752ffffff,874019718ffffff,1,9.664473195298532,101,133,4.61512051684126,4.890349128221754,9.176315350123048,0.0
1229,874019752ffffff,87401971bffffff,1,8.555681060957317,101,152,4.61512051684126,5.0238805208462765,9.054467667426746,0.0
1230,874019752ffffff,87401972bffffff,2,9.86994142964841,101,122,4.61512051684126,4.804021044733257,9.197350510821964,0.6931471805599453
1232,874019752ffffff,874019746ffffff,1,6.944596616475342,101,86,4.61512051684126,4.454347296253507,8.845863157398721,0.0
1240,874019752ffffff,87401975cffffff,1,6.242384674541163,101,5,4.61512051684126,1.6094379124341003,8.739277730101055,0.0
1241,874019752ffffff,87401975effffff,1,4.8349286348040765,101,3,4.61512051684126,1.0986122886681098,8.48382845455468,0.0
1242,874019752ffffff,874019771ffffff,1,8.434125686636072,101,9,4.61512051684126,2.1972245773362196,9.040159895477956,0.0
1243,874019752ffffff,874019772ffffff,1,6.3964192203074495,101,74,4.61512051684126,4.30406509320417,8.763649941194936,0.0
1244,874019752ffffff,874019c5cffffff,1,60.18985285532713,101,1,4.61512051684126,0.0,11.005275673827162,0.0
1245,874019752ffffff,8740f5908ffffff,1,111.28536633304711,101,2,4.61512051684126,0.6931471805599453,11.61986203499906,0.0
1246,874019752ffffff,8740f5909ffffff,1,111.03002183944187,101,1,4.61512051684126,0.0,11.617564917279328,0.0
1247,874019753ffffff,8740190d9ffffff,2,14.595911246016525,252,10,5.529429087511423,2.302585092994046,9.588565226822755,0.6931471805599453
1248,874019753ffffff,874019621ffffff,8,4.037968076130207,252,304,5.529429087511423,5.717027701406222,8.303744511627796,2.0794415416798357
1249,874019753ffffff,874019624ffffff,1,7.250375920854678,252,62,5.529429087511423,4.127134385045092,8.88894651202921,0.0
1250,874019753ffffff,874019625ffffff,2,4.834032620521211,252,29,5.529429087511423,3.367295829986474,8.483643154611524,0.6931471805599453
1252,874019753ffffff,87401962bffffff,1,6.393718908686677,252,1,5.529429087511423,0.0,8.76322775818946,0.0
1256,874019753ffffff,874019640ffffff,1,15.130165175673751,252,8,5.529429087511423,2.0794415416798357,9.624511814767228,0.0
1257,874019753ffffff,874019641ffffff,44,17.210344847318986,252,47,5.529429087511423,3.8501476017100584,9.753324029517978,3.784189633918261
1258,874019753ffffff,874019642ffffff,17,15.532692029421035,252,22,5.529429087511423,3.091042453358316,9.650766623201825,2.833213344056216
1259,874019753ffffff,874019646ffffff,1,13.166638110779475,252,88,5.529429087511423,4.477336814478207,9.485517440064982,0.0
1260,874019753ffffff,87401964affffff,1,21.6908729249604,252,7,5.529429087511423,1.9459101490553132,9.984692949791496,0.0
1261,874019753ffffff,874019650ffffff,2,14.798325505124895,252,2,5.529429087511423,0.6931471805599453,9.602336884735633,0.6931471805599453
1263,874019753ffffff,874019655ffffff,12,13.814051329048734,252,78,5.529429087511423,4.356708826689592,9.53351395280836,2.4849066497880004
1264,874019753ffffff,874019656ffffff,1,13.615052378404924,252,86,5.529429087511423,4.454347296253507,9.51900469763338,0.0
1265,874019753ffffff,87401965dffffff,1,19.749738234454306,252,2,5.529429087511423,0.6931471805599453,9.890946148590404,0.0
1266,874019753ffffff,874019673ffffff,2,11.380022556883558,252,15,5.529429087511423,2.70805020110221,9.339702559257217,0.6931471805599453
1267,874019753ffffff,874019676ffffff,2,7.400303604213724,252,10,5.529429087511423,2.302585092994046,8.909411426409013,0.6931471805599453
1268,874019753ffffff,874019709ffffff,1,6.583509877989359,252,122,5.529429087511423,4.804021044733257,8.792475181337373,0.0
1269,874019753ffffff,87401970affffff,1,8.85291107947704,252,109,5.529429087511423,4.6913478822291435,9.088614570264136,0.0
1270,874019753ffffff,87401970bffffff,1,6.527046108071644,252,12,5.529429087511423,2.4849066497880004,8.78386295974272,0.0
1271,874019753ffffff,87401970cffffff,5,10.844415639371382,252,31,5.529429087511423,3.4339872044851463,9.29149774796423,1.6094379124341003
1272,874019753ffffff,87401970dffffff,43,8.964411871300829,252,48,5.529429087511423,3.871201010907891,9.10112932712568,3.7612001156935624
1273,874019753ffffff,87401970effffff,1,10.786781197065263,252,158,5.529429087511423,5.062595033026967,9.286169401987314,0.0
1274,874019753ffffff,874019718ffffff,1,12.08171365197859,252,133,5.529429087511423,4.890349128221754,9.399531086325458,0.0
1275,874019753ffffff,874019719ffffff,2,9.666269787742916,252,165,5.529429087511423,5.10594547390058,9.176501210189686,0.6931471805599453
1276,874019753ffffff,87401971dffffff,1,11.216648721890483,252,80,5.529429087511423,4.382026634673881,9.32524359578681,0.0
1279,874019753ffffff,874019750ffffff,1,2.467271643688839,252,47,5.529429087511423,3.8501476017100584,7.8112734452929145,0.0
1283,874019753ffffff,874019755ffffff,1,4.128867319292125,252,3,5.529429087511423,1.0986122886681098,8.326000559359636,0.0
1284,874019753ffffff,874019756ffffff,2,4.301700093324516,252,26,5.529429087511423,3.258096538021482,8.366998033297051,0.6931471805599453
1286,874019753ffffff,87401975affffff,92,4.302058420632217,252,94,5.529429087511423,4.543294782270004,8.367081309467844,4.5217885770490405
1289,874019753ffffff,8740e45acffffff,2,58.5948837494393,252,5,5.529429087511423,1.6094379124341003,10.978419729914306,0.6931471805599453
1290,874019754ffffff,8740190adffffff,1,27.159092276653325,260,1,5.560681631015528,0.0,10.209503979187234,0.0
1291,874019754ffffff,8740190caffffff,27,12.455098221017796,260,27,5.560681631015528,3.295836866004329,9.42996559892091,3.295836866004329
1292,874019754ffffff,8740190cbffffff,4,12.974031896582105,260,4,5.560681631015528,1.3862943611198906,9.470782166341827,1.3862943611198906
1293,874019754ffffff,8740190d8ffffff,1,10.485945834581726,260,1,5.560681631015528,0.0,9.257886508815034,0.0
1295,874019754ffffff,8740190dbffffff,4,8.261844319366006,260,45,5.560681631015528,3.8066624897703196,9.019524155832181,1.3862943611198906
1296,874019754ffffff,8740190ddffffff,2,12.395164508893773,260,2,5.560681631015528,0.6931471805599453,9.42514238994686,0.6931471805599453
1297,874019754ffffff,8740190deffffff,1,11.193202356893496,260,2,5.560681631015528,0.6931471805599453,9.323151276551938,0.0
1298,874019754ffffff,87401930bffffff,3,39.014300634605895,260,7,5.560681631015528,1.9459101490553132,10.571709172137114,1.0986122886681098
1299,874019754ffffff,874019319ffffff,1,35.06924473609012,260,1,5.560681631015528,0.0,10.465108321612586,0.0
1300,874019754ffffff,874019392ffffff,4,12.870056004539013,260,4,5.560681631015528,1.3862943611198906,9.462736348858854,1.3862943611198906
1301,874019754ffffff,874019624ffffff,3,6.121742907320701,260,62,5.560681631015528,4.127134385045092,8.71976546257107,1.0986122886681098
1302,874019754ffffff,874019625ffffff,9,4.628320738015774,260,29,5.560681631015528,3.367295829986474,8.4401654274656,2.1972245773362196
1303,874019754ffffff,87401962cffffff,1,6.395520783312441,260,41,5.560681631015528,3.713572066704308,8.76350949392127,0.0
1304,874019754ffffff,87401962dffffff,16,7.401814229329639,260,110,5.560681631015528,4.700480365792417,8.909615508156827,2.772588722239781
1305,874019754ffffff,874019630ffffff,1,12.849225202085496,260,19,5.560681631015528,2.9444389791664403,9.46111661562392,0.0
1306,874019754ffffff,874019709ffffff,37,2.4172335934533393,260,122,5.560681631015528,4.804021044733257,7.79079263256878,3.6109179126442243
1307,874019754ffffff,87401970bffffff,1,4.038321262488889,260,12,5.560681631015528,2.4849066497880004,8.303831952506453,0.0
1308,874019754ffffff,87401970effffff,1,7.250352850397255,260,158,5.560681631015528,5.062595033026967,8.88894333049589,0.0
1309,874019754ffffff,874019740ffffff,13,6.243949981049447,260,13,5.560681631015528,2.5649493574615367,8.739528413087962,2.5649493574615367
1311,874019754ffffff,874019744ffffff,34,6.126392742241407,260,36,5.560681631015528,3.58351893845611,8.720524610922897,3.5263605246161616
1312,874019754ffffff,874019745ffffff,1,8.08236519742993,260,2,5.560681631015528,0.6931471805599453,8.997563549639844,0.0
1315,874019754ffffff,874019751ffffff,5,4.302315028606794,260,87,5.560681631015528,4.465908118654584,8.36714094154776,1.6094379124341003
1316,874019754ffffff,874019752ffffff,1,4.128519043065745,260,10,5.560681631015528,2.302585092994046,8.32591622471023,0.0
1319,874019754ffffff,874019756ffffff,9,2.314492550815276,260,26,5.560681631015528,3.258096538021482,7.747377708820092,2.1972245773362196
1321,874019754ffffff,874019761ffffff,6,10.591549473082228,260,11,5.560681631015528,2.3978952727983707,9.267906153066368,1.791759469228055
1323,874019754ffffff,874019763ffffff,7,8.335592700689743,260,11,5.560681631015528,2.3978952727983707,9.028409862795911,1.9459101490553132
1325,874019754ffffff,874019765ffffff,40,11.582416802106907,260,127,5.560681631015528,4.844187086458591,9.357329768236152,3.6888794541139363
1327,874019754ffffff,874019770ffffff,4,4.130121967379777,260,19,5.560681631015528,2.9444389791664403,8.32630431186524,1.3862943611198906
1329,874019754ffffff,874019772ffffff,21,2.46777237875267,260,74,5.560681631015528,4.30406509320417,7.811476293419555,3.044522437723423
1332,874019754ffffff,8740e6702ffffff,2,114.34868135818127,260,2,5.560681631015528,0.6931471805599453,11.647016412898564,0.6931471805599453
1333,874019756ffffff,8740190f5ffffff,1,23.940563040017523,359,1,5.883322388488279,0.0,10.083371266872799,0.0
1334,874019756ffffff,8740194ddffffff,1,34.63586704807736,359,1,5.883322388488279,0.0,10.452673915401306,0.0
1335,874019756ffffff,874019621ffffff,98,4.1275424186995595,359,304,5.883322388488279,5.717027701406222,8.32567969840796,4.584967478670572
1336,874019756ffffff,874019623ffffff,1,6.21962392198489,359,98,5.883322388488279,4.584967478670572,8.7356254897034,0.0
1339,874019756ffffff,874019628ffffff,44,7.400578277296371,359,52,5.883322388488279,3.9512437185814275,8.909448537166888,3.784189633918261
1341,874019756ffffff,87401962dffffff,15,6.583154151792387,359,110,5.883322388488279,4.700480365792417,8.792421155174013,2.70805020110221
1342,874019756ffffff,874019635ffffff,1,8.324509855505303,359,6,5.883322388488279,1.791759469228055,9.027079556877855,0.0
1343,874019756ffffff,874019709ffffff,29,2.467360919999333,359,122,5.883322388488279,4.804021044733257,7.811309614203341,3.367295829986474
1344,874019756ffffff,87401970affffff,8,4.8331278310930115,359,109,5.883322388488279,4.6913478822291435,8.483456005078663,2.0794415416798357
1346,874019756ffffff,87401970effffff,29,6.526198688935535,359,158,5.883322388488279,5.062595033026967,8.783733139252874,3.367295829986474
1347,874019756ffffff,874019718ffffff,2,8.55576605179474,359,133,5.883322388488279,4.890349128221754,9.05447760006473,0.6931471805599453
1348,874019756ffffff,874019719ffffff,50,6.23839474933144,359,165,5.883322388488279,5.10594547390058,8.738638461359676,3.912023005428146
1349,874019756ffffff,87401971cffffff,2,9.664456276561404,359,177,5.883322388488279,5.176149732573829,9.176313599691218,0.6931471805599453
1350,874019756ffffff,87401971dffffff,48,7.249017261607714,359,80,5.883322388488279,4.382026634673881,8.888759128757295,3.871201010907891
1351,874019756ffffff,874019732ffffff,1,17.69911359165889,359,11,5.883322388488279,2.3978952727983707,9.781326336149174,0.0
1353,874019756ffffff,874019751ffffff,15,4.83492265616398,359,87,5.883322388488279,4.465908118654584,8.483827218257735,2.70805020110221
1355,874019756ffffff,874019753ffffff,2,4.301700093324516,359,77,5.883322388488279,4.343805421853684,8.366998033297051,0.6931471805599453
1358,874019756ffffff,87401975cffffff,1,7.25305561529353,359,5,5.883322388488279,1.6094379124341003,8.889315986658444,0.0
1359,874019756ffffff,874019761ffffff,1,12.866367029458937,359,11,5.883322388488279,2.3978952727983707,9.462449697644795,0.0
1360,874019756ffffff,874019771ffffff,2,6.945469442391657,359,9,5.883322388488279,2.1972245773362196,8.845988815585741,0.6931471805599453
1361,874019756ffffff,87401979affffff,4,24.947312363429948,359,7,5.883322388488279,1.9459101490553132,10.124561458147635,1.3862943611198906
1362,874019756ffffff,8740e45acffffff,2,61.91551014052625,359,5,5.883322388488279,1.6094379124341003,11.033542145895666,0.6931471805599453
1363,874019756ffffff,8740f4914ffffff,2,180.13386644818,359,2,5.883322388488279,0.6931471805599453,12.101461107364111,0.6931471805599453
1364,874019761ffffff,874019072ffffff,1,24.84823637957977,236,1,5.4638318050256105,0.0,10.120582301860663,0.0
1365,874019761ffffff,874019161ffffff,1,44.89600173323196,236,4,5.4638318050256105,1.3862943611198906,10.712126294957976,0.0
1366,874019761ffffff,874019165ffffff,1,47.252087376898395,236,7,5.4638318050256105,1.9459101490553132,10.763273272097257,0.0
1367,874019761ffffff,87401938effffff,1,12.141473663457528,236,1,5.4638318050256105,0.0,9.404464805262021,0.0
1368,874019761ffffff,874019390ffffff,7,4.637026179299325,236,7,5.4638318050256105,1.9459101490553132,8.442044162322903,1.9459101490553132
1370,874019761ffffff,874019394ffffff,2,6.232619516641208,236,2,5.4638318050256105,0.6931471805599453,8.737712424881277,0.6931471805599453
1371,874019761ffffff,874019395ffffff,16,6.956532350441263,236,16,5.4638318050256105,2.772588722239781,8.8475801431113,2.772588722239781
1372,874019761ffffff,8740193b3ffffff,2,8.447820624742585,236,2,5.4638318050256105,0.6931471805599453,9.041782139573895,0.6931471805599453
1373,874019761ffffff,874019626ffffff,1,18.910991596509394,236,72,5.4638318050256105,4.276666119016055,9.847551475858719,0.0
1374,874019761ffffff,874019628ffffff,1,16.871340587109206,236,52,5.4638318050256105,3.9512437185814275,9.733430908483387,0.0
1375,874019761ffffff,874019632ffffff,3,25.711893643283616,236,53,5.4638318050256105,3.970291913552122,10.154747843257097,1.0986122886681098
1376,874019761ffffff,87401970cffffff,1,14.256702991584643,236,31,5.4638318050256105,3.4339872044851463,9.565052600459389,0.0
1377,874019761ffffff,87401972affffff,1,14.792705927169594,236,2,5.4638318050256105,0.6931471805599453,9.601957094105822,0.0
1379,874019761ffffff,874019741ffffff,1,6.4013054413850945,236,2,5.4638318050256105,0.6931471805599453,8.764413429698658,0.0
1383,874019761ffffff,874019746ffffff,84,6.950568913042648,236,86,5.4638318050256105,4.454347296253507,8.84672265596658,4.430816798843313
1384,874019761ffffff,874019754ffffff,1,10.591549473082228,236,5,5.4638318050256105,1.6094379124341003,9.267906153066368,0.0
1387,874019761ffffff,874019762ffffff,2,4.043352766220855,236,3,5.4638318050256105,1.0986122886681098,8.30507680833905,0.6931471805599453
1389,874019761ffffff,874019765ffffff,87,2.469576982682872,236,127,5.4638318050256105,4.844187086458591,7.812206998570556,4.465908118654584
1390,874019761ffffff,87401976cffffff,10,2.4199068558611807,236,11,5.4638318050256105,2.3978952727983707,7.791897482782481,2.302585092994046
1391,874019761ffffff,87401976effffff,9,2.469327582132565,236,9,5.4638318050256105,2.1972245773362196,7.81210604517336,2.1972245773362196
1392,874019761ffffff,874019771ffffff,4,6.129791562634159,236,9,5.4638318050256105,2.1972245773362196,8.721079149897891,1.3862943611198906
1394,87401978bffffff,8740190d4ffffff,30,30.900543785097977,677,57,6.517671272912275,4.04305126783455,10.338561422320625,3.4011973816621555
1395,87401978bffffff,8740190d5ffffff,1,31.10080331792832,677,68,6.517671272912275,4.219507705176107,10.345021080985592,0.0
1396,87401978bffffff,8740190d6ffffff,2,28.811194561793165,677,37,6.517671272912275,3.6109179126442243,10.268553998790603,0.6931471805599453
1397,87401978bffffff,8740190d9ffffff,1,29.048941117712797,677,10,6.517671272912275,2.302585092994046,10.276771735349012,0.0
1398,87401978bffffff,874019602ffffff,1,8.548098807204134,677,52,6.517671272912275,3.9512437185814275,9.053581153709372,0.0
1400,87401978bffffff,874019611ffffff,4,7.242350751350865,677,6,6.517671272912275,1.791759469228055,8.887839189275866,1.3862943611198906
1401,87401978bffffff,874019612ffffff,75,4.296895664001029,677,76,6.517671272912275,4.330733340286331,8.365880801431075,4.31748811353631
1402,87401978bffffff,874019613ffffff,64,6.520138490599896,677,65,6.517671272912275,4.174387269895637,8.782804254799936,4.1588830833596715
1406,87401978bffffff,87401961effffff,1,8.844476844998393,677,8,6.517671272912275,2.0794415416798357,9.087661516389838,0.0
1407,87401978bffffff,874019620ffffff,62,12.838124245704277,677,167,6.517671272912275,5.117993812416755,9.460252369754656,4.127134385045092
1408,87401978bffffff,874019622ffffff,1,10.565301009664152,677,78,6.517671272912275,4.356708826689592,9.265425065834858,0.0
1409,87401978bffffff,874019623ffffff,1,12.22769322773219,677,98,6.517671272912275,4.584967478670572,9.411540373236662,0.0
1410,87401978bffffff,874019626ffffff,6,11.55396606975145,677,72,6.517671272912275,4.276666119016055,9.354870586291486,1.791759469228055
1411,87401978bffffff,87401962cffffff,3,16.202379665717736,677,41,6.517671272912275,3.713572066704308,9.69297512080267,1.0986122886681098
1412,87401978bffffff,874019630ffffff,2,6.930381996834809,677,19,6.517671272912275,2.9444389791664403,8.843814494644642,0.6931471805599453
1413,87401978bffffff,874019631ffffff,2,8.315029972177312,677,98,6.517671272912275,4.584967478670572,9.025940253129335,0.6931471805599453
1415,87401978bffffff,874019633ffffff,10,6.111515608238063,677,113,6.517671272912275,4.727387818712341,8.718093687274846,2.302585092994046
1416,87401978bffffff,874019636ffffff,37,6.21175062823482,677,132,6.517671272912275,4.882801922586371,8.734359012164154,3.6109179126442243
1417,87401978bffffff,874019645ffffff,1,28.020162264494683,677,5,6.517671272912275,1.6094379124341003,10.240715298848531,0.0
1418,87401978bffffff,87401966effffff,1,29.559959912109107,677,4,6.517671272912275,1.3862943611198906,10.294209847880936,0.0
1419,87401978bffffff,874019680ffffff,1,10.457474765145268,677,71,6.517671272912275,4.2626798770413155,9.25516791103504,0.0
1421,87401978bffffff,874019685ffffff,5,8.756424616695686,677,8,6.517671272912275,2.0794415416798357,9.077657147177979,1.6094379124341003
1422,87401978bffffff,874019686ffffff,2,10.27821252470973,677,7,6.517671272912275,1.9459101490553132,9.237878933420328,0.6931471805599453
1423,87401978bffffff,874019689ffffff,1,16.238837079708965,677,4,6.517671272912275,1.3862943611198906,9.695222581627723,0.0
1424,87401978bffffff,87401968cffffff,12,12.31776808645453,677,16,6.517671272912275,2.772588722239781,9.418879239105292,2.4849066497880004
1425,87401978bffffff,87401968dffffff,2,13.798257298650828,677,5,6.517671272912275,1.6094379124341003,9.53237005075866,0.6931471805599453
1426,87401978bffffff,874019691ffffff,4,14.374116582757676,677,4,6.517671272912275,1.3862943611198906,9.573253975737547,1.3862943611198906
1427,87401978bffffff,8740196a0ffffff,4,4.120342135111083,677,5,6.517671272912275,1.6094379124341003,8.323934150244286,1.3862943611198906
1429,87401978bffffff,8740196a2ffffff,83,6.207530512603098,677,85,6.517671272912275,4.442651256490317,8.73367951449459,4.418840607796598
1431,87401978bffffff,8740196a4ffffff,31,2.3087942910905013,677,33,6.517671272912275,3.4965075614664802,7.744913748074548,3.4339872044851463
1433,87401978bffffff,8740196a6ffffff,2,4.616921531735874,677,9,6.517671272912275,2.1972245773362196,8.437699997941554,0.6931471805599453
1434,87401978bffffff,8740196a8ffffff,2,8.953179730601734,677,62,6.517671272912275,4.127134385045092,9.099875711259916,0.6931471805599453
1435,87401978bffffff,8740196abffffff,5,11.367079972974658,677,19,6.517671272912275,2.9444389791664403,9.338564704672551,1.6094379124341003
1437,87401978bffffff,8740196aeffffff,82,7.391421448347457,677,84,6.517671272912275,4.430816798843313,8.908210625812545,4.406719247264253
1438,87401978bffffff,8740196b0ffffff,1,9.23117359622984,677,44,6.517671272912275,3.784189633918261,9.130449792322159,0.0
1439,87401978bffffff,8740196b1ffffff,16,8.410172006720336,677,82,6.517671272912275,4.406719247264253,9.037316101963814,2.772588722239781
1440,87401978bffffff,8740196b4ffffff,5,8.306280351102968,677,6,6.517671272912275,1.791759469228055,9.024887560048091,1.6094379124341003
1441,87401978bffffff,8740196b5ffffff,6,6.92438140535049,677,6,6.517671272912275,1.791759469228055,8.842948406123789,1.791759469228055
1442,87401978bffffff,8740196b6ffffff,16,10.55113656317684,677,16,6.517671272912275,2.772588722239781,9.264083636236911,2.772588722239781
1443,87401978bffffff,8740196d2ffffff,20,21.134806324127894,677,21,6.517671272912275,3.044522437723423,9.958723863402934,2.995732273553991
1444,87401978bffffff,8740196d3ffffff,1,22.731565595539294,677,3,6.517671272912275,1.0986122886681098,10.03155378313596,0.0
1445,87401978bffffff,874019700ffffff,1,18.51165095583566,677,5,6.517671272912275,1.6094379124341003,9.82620961280807,0.0
1446,87401978bffffff,874019703ffffff,1,16.496064988844882,677,160,6.517671272912275,5.075173815233827,9.710937764602297,0.0
1447,87401978bffffff,874019704ffffff,4,20.625822857315733,677,6,6.517671272912275,1.791759469228055,9.934347588258278,1.3862943611198906
1448,87401978bffffff,87401971bffffff,1,10.669888244507602,677,152,6.517671272912275,5.0238805208462765,9.275274587738897,0.0
1449,87401978bffffff,87401971cffffff,3,14.395137433990607,677,177,6.517671272912275,5.176149732573829,9.574715215832333,1.0986122886681098
1450,87401978bffffff,87401971effffff,1,12.370681346966968,677,9,6.517671272912275,2.1972245773362196,9.423165377489351,0.0
1451,87401978bffffff,874019721ffffff,1,24.696135008514435,677,47,6.517671272912275,3.8501476017100584,10.114442524330407,0.0
1452,87401978bffffff,874019722ffffff,10,22.81126560543585,677,10,6.517671272912275,2.302585092994046,10.035053635441852,2.302585092994046
1453,87401978bffffff,874019723ffffff,4,22.633854154022966,677,6,6.517671272912275,1.791759469228055,10.027246216466175,1.3862943611198906
1454,87401978bffffff,874019725ffffff,1,26.75985572674048,677,1,6.517671272912275,0.0,10.194695491561246,0.0
1455,87401978bffffff,874019731ffffff,3,20.9426465896165,677,13,6.517671272912275,2.5649493574615367,9.94959061394393,1.0986122886681098
1456,87401978bffffff,874019744ffffff,1,25.697108052129206,677,36,6.517671272912275,3.58351893845611,10.154172651524803,0.0
1457,87401978bffffff,874019750ffffff,1,18.883998974130122,677,47,6.517671272912275,3.8501476017100584,9.846123180824614,0.0
1458,87401978bffffff,874019753ffffff,1,18.34852690866892,677,77,6.517671272912275,4.343805421853684,9.817359071606438,0.0
1459,87401978bffffff,874019760ffffff,1,28.943085779258208,677,1,6.517671272912275,0.0,10.273121171259008,0.0
1460,87401978bffffff,874019766ffffff,1,27.75744498288722,677,53,6.517671272912275,3.970291913552122,10.23129539658516,0.0
1461,87401978bffffff,874019771ffffff,1,24.32466085718504,677,9,6.517671272912275,2.1972245773362196,10.09928707450367,0.0
1463,87401978bffffff,87401978affffff,20,2.4132169445957783,677,28,6.517671272912275,3.332204510175204,7.789130266963205,2.995732273553991
1465,87401978bffffff,87401978cffffff,1,4.928873815641699,677,3,6.517671272912275,1.0986122886681098,8.50306867150465,0.0
1467,87401978bffffff,87401978effffff,1,4.2965326979416245,677,4,6.517671272912275,1.3862943611198906,8.365796345824132,0.0
1468,87401978bffffff,874019798ffffff,3,6.226902476672836,677,12,6.517671272912275,2.4849066497880004,8.736794873979784,1.0986122886681098
1471,87401978bffffff,87401979dffffff,1,4.825982958584919,677,2,6.517671272912275,0.6931471805599453,8.481976905218156,0.0
1472,87401978bffffff,87401979effffff,1,8.540848333837705,677,2,6.517671272912275,0.6931471805599453,9.052732695898163,0.0
1473,87401978bffffff,8740197a8ffffff,1,8.761637391620056,677,36,6.517671272912275,3.58351893845611,9.078252210720072,0.0
1474,87401978bffffff,8740197adffffff,1,10.466721886186583,677,7,6.517671272912275,1.9459101490553132,9.256051695298112,0.0
1475,87401978bffffff,874019d5affffff,1,77.70619139625026,677,1,6.517671272912275,0.0,11.260703085435235,0.0
1476,87401978bffffff,87401b291ffffff,1,88.15766659728273,677,1,6.517671272912275,0.0,11.386893499468398,0.0
1477,87401978bffffff,87401bb4cffffff,1,14.389896162515749,677,3,6.517671272912275,1.0986122886681098,9.574351074698082,0.0
1478,87401978bffffff,87401bb4dffffff,1,12.817211394356537,677,3,6.517671272912275,1.0986122886681098,9.45862220392042,0.0
1479,87401978bffffff,87401bb52ffffff,1,26.229979867489245,677,1,6.517671272912275,0.0,10.174696428910762,0.0
1480,87401978bffffff,8740a9b2bffffff,1,221.08016235765336,677,4,6.517671272912275,1.3862943611198906,12.306285163567056,0.0
1481,87401978effffff,8740190c1ffffff,1,33.67346260178686,263,9,5.572154032177765,2.1972245773362196,10.424495042778158,0.0
1482,87401978effffff,874019602ffffff,1,12.070566347955507,263,52,5.572154032177765,3.9512437185814275,9.398608077664921,0.0
1483,87401978effffff,874019604ffffff,2,12.463736742418371,263,77,5.572154032177765,4.343805421853684,9.430658875992826,0.6931471805599453
1484,87401978effffff,874019605ffffff,1,14.76596909537762,263,1,5.572154032177765,0.0,9.600148147655007,0.0
1485,87401978effffff,874019612ffffff,1,8.593428361942653,263,76,5.572154032177765,4.330733340286331,9.058869407396065,0.0
1486,87401978effffff,874019616ffffff,4,6.519291370350383,263,62,5.572154032177765,4.127134385045092,8.782674342626235,1.3862943611198906
1487,87401978effffff,87401961affffff,1,15.055735201864367,263,21,5.572154032177765,3.044522437723423,9.619580691787606,0.0
1488,87401978effffff,87401961cffffff,1,13.58697763296873,263,2,5.572154032177765,0.6931471805599453,9.516940683192038,0.0
1489,87401978effffff,87401961effffff,2,13.040345607292899,263,8,5.572154032177765,2.0794415416798357,9.475880020900165,0.6931471805599453
1490,87401978effffff,874019621ffffff,1,16.132758244922798,263,304,5.572154032177765,5.717027701406222,9.688669141185002,0.0
1491,87401978effffff,874019622ffffff,2,12.096699695622966,263,78,5.572154032177765,4.356708826689592,9.4007706057123,0.6931471805599453
1492,87401978effffff,874019626ffffff,13,12.226101033768709,263,72,5.572154032177765,4.276666119016055,9.411410163279161,2.5649493574615367
1493,87401978effffff,874019630ffffff,4,8.062552556239503,263,19,5.572154032177765,2.9444389791664403,8.99510950219427,1.3862943611198906
1494,87401978effffff,874019632ffffff,2,6.229808381327533,263,53,5.572154032177765,3.970291913552122,8.737261359596236,0.6931471805599453
1495,87401978effffff,874019633ffffff,2,8.546395590561456,263,113,5.572154032177765,4.727387818712341,9.053381906236915,0.6931471805599453
1496,87401978effffff,874019635ffffff,2,10.094091820831308,263,6,5.572154032177765,1.791759469228055,9.219804626379798,0.6931471805599453
1497,87401978effffff,874019636ffffff,92,6.110718615173125,263,132,5.572154032177765,4.882801922586371,8.717963291693168,4.5217885770490405
1498,87401978effffff,874019645ffffff,1,31.376510306426276,263,5,5.572154032177765,1.6094379124341003,10.353846683000048,0.0
1499,87401978effffff,87401966effffff,1,32.751754235204295,263,4,5.572154032177765,1.3862943611198906,10.396742336312156,0.0
1500,87401978effffff,8740196a2ffffff,2,8.757019360365117,263,85,5.572154032177765,4.442651256490317,9.077725057950945,0.6931471805599453
1501,87401978effffff,8740196a3ffffff,1,9.855086167095104,263,3,5.572154032177765,1.0986122886681098,9.195844428338079,0.0
1504,87401978effffff,8740196a6ffffff,4,6.38481462680891,263,9,5.572154032177765,2.1972245773362196,8.761834344793415,1.3862943611198906
1505,87401978effffff,8740196a8ffffff,1,13.151198280855972,263,62,5.572154032177765,4.127134385045092,9.484344193281464,0.0
1507,87401978effffff,8740196b1ffffff,48,10.458243135201515,263,82,5.572154032177765,4.406719247264253,9.25524137698962,3.871201010907891
1508,87401978effffff,8740196b4ffffff,1,8.41039791546863,263,6,5.572154032177765,1.791759469228055,9.037342959780348,0.0
1509,87401978effffff,8740196d4ffffff,1,22.084334417653295,263,1,5.572154032177765,0.0,10.002669066214072,0.0
1510,87401978effffff,8740196e5ffffff,1,22.418565174957298,263,38,5.572154032177765,3.6375861597263857,10.017689301922344,0.0
1511,87401978effffff,87401970effffff,3,16.1796312216499,263,158,5.572154032177765,5.062595033026967,9.691570202314427,1.0986122886681098
1512,87401978effffff,87401971affffff,2,9.241510674645571,263,7,5.572154032177765,1.9459101490553132,9.131568845762304,0.6931471805599453
1513,87401978effffff,87401971bffffff,2,10.56433849703225,263,152,5.572154032177765,5.0238805208462765,9.265333969009905,0.6931471805599453
1514,87401978effffff,87401971dffffff,1,13.866259535887055,263,80,5.572154032177765,4.382026634673881,9.537285911659131,0.0
1515,87401978effffff,874019750ffffff,1,20.200667444967618,263,47,5.572154032177765,3.8501476017100584,9.913520426763073,0.0
1516,87401978effffff,874019781ffffff,1,2.46439962157204,263,7,5.572154032177765,1.9459101490553132,7.810109191621844,0.0
1517,87401978effffff,874019783ffffff,6,2.412761506933895,263,6,5.572154032177765,1.791759469228055,7.788941600974818,1.791759469228055
1525,87401978effffff,874019798ffffff,9,4.6167566985940045,263,12,5.572154032177765,2.4849066497880004,8.43766430307697,2.1972245773362196
1527,87401978effffff,87401979affffff,1,6.924134276310481,263,7,5.572154032177765,1.9459101490553132,8.84291272094849,0.0
1528,87401978effffff,87401979bffffff,2,6.207807235029732,263,5,5.572154032177765,1.6094379124341003,8.733724084825575,0.6931471805599453
1530,87401978effffff,87401979effffff,1,6.106048914514187,263,2,5.572154032177765,0.6931471805599453,8.717198942772553,0.0
1531,87401978effffff,8740197aaffffff,1,4.122232115540584,263,2,5.572154032177765,0.6931471805599453,8.324392628852193,0.0
1532,87401978effffff,8740197abffffff,25,4.619423307854877,263,34,5.572154032177765,3.5263605246161616,8.438241604955277,3.2188758248682006
1533,87401978effffff,8740197b2ffffff,4,11.198450191225469,263,4,5.572154032177765,1.3862943611198906,9.323619966009074,1.3862943611198906
1534,87401978effffff,87401a329ffffff,1,136.56806126638705,263,1,5.572154032177765,0.0,11.824585709004467,0.0
1535,87401978effffff,87401b89bffffff,1,74.49147902148513,263,1,5.572154032177765,0.0,11.218453446539838,0.0
1536,87401978effffff,87401bad9ffffff,2,47.39668197045282,263,2,5.572154032177765,0.6931471805599453,10.766328602910404,0.6931471805599453
1537,87401978effffff,87401bb69ffffff,1,9.23084425174994,263,1,5.572154032177765,0.0,9.130414118127879,0.0
1538,87401978effffff,87401bba3ffffff,1,42.15831083608266,263,1,5.572154032177765,0.0,10.649210836688914,0.0
1539,87401978effffff,8740e6c04ffffff,1,45.48501602043841,263,3,5.572154032177765,1.0986122886681098,10.725160217490215,0.0
1540,87401978effffff,8740e6d20ffffff,2,24.630101711666004,263,28,5.572154032177765,3.332204510175204,10.111765220591916,0.6931471805599453
1541,87401978effffff,8740e6d25ffffff,2,23.587455977745023,263,102,5.572154032177765,4.624972813284271,10.068512717853727,0.6931471805599453
1542,8740197a3ffffff,87401909dffffff,1,20.600014322421316,635,1,6.453624998892692,0.0,9.933095592517967,0.0
1543,8740197a3ffffff,8740190abffffff,1,27.070811638334867,635,1,6.453624998892692,0.0,10.20624830457792,0.0
1544,8740197a3ffffff,8740190d0ffffff,1,23.132441636206366,635,4,6.453624998892692,1.3862943611198906,10.049034539496217,0.0
1545,8740197a3ffffff,8740191b0ffffff,1,44.767446954116735,635,1,6.453624998892692,0.0,10.709258861201038,0.0
1546,8740197a3ffffff,8740191b3ffffff,3,42.339668106955806,635,3,6.453624998892692,1.0986122886681098,10.653503324133462,1.0986122886681098
1547,8740197a3ffffff,8740192a1ffffff,2,45.408542766575636,635,2,6.453624998892692,0.6931471805599453,10.723477555038345,0.6931471805599453
1548,8740197a3ffffff,874019469ffffff,1,14.580374471476885,635,1,6.453624998892692,0.0,9.587500272139778,0.0
1549,8740197a3ffffff,8740194c1ffffff,23,14.744211323203187,635,23,6.453624998892692,3.1354942159291497,9.59867365300176,3.1354942159291497
1550,8740197a3ffffff,8740194ccffffff,10,12.447903815431626,635,10,6.453624998892692,2.302585092994046,9.42938785106321,2.302585092994046
1551,8740197a3ffffff,8740194cdffffff,2,10.203767821771327,635,2,6.453624998892692,0.6931471805599453,9.230610323566346,0.6931471805599453
1552,8740197a3ffffff,8740194d9ffffff,26,16.170863823542533,635,26,6.453624998892692,3.258096538021482,9.69102821021708,3.258096538021482
1553,8740197a3ffffff,8740194e0ffffff,10,18.355010837938877,635,12,6.453624998892692,2.4849066497880004,9.817712365944866,2.302585092994046
1554,8740197a3ffffff,8740194e2ffffff,1,19.289241825191773,635,1,6.453624998892692,0.0,9.86735464211937,0.0
1555,8740197a3ffffff,8740194e3ffffff,10,16.87968047456954,635,10,6.453624998892692,2.302585092994046,9.733925079811922,2.302585092994046
1556,8740197a3ffffff,8740194e8ffffff,9,12.059188786231651,635,9,6.453624998892692,2.1972245773362196,9.397665124075044,2.1972245773362196
1559,8740197a3ffffff,8740194ebffffff,45,10.894878383733083,635,49,6.453624998892692,3.8918202981106265,9.29613986677534,3.8066624897703196
1560,8740197a3ffffff,874019613ffffff,1,17.400352403876273,635,65,6.453624998892692,4.174387269895637,9.764303206542944,0.0
1561,8740197a3ffffff,874019632ffffff,1,10.776233307357021,635,53,6.453624998892692,3.970291913552122,9.285191160999139,0.0
1563,8740197a3ffffff,874019701ffffff,3,14.417971777090665,635,20,6.453624998892692,2.995732273553991,9.576300102963076,1.0986122886681098
1564,8740197a3ffffff,874019704ffffff,1,13.87149295539024,635,6,6.453624998892692,1.791759469228055,9.537663234388807,0.0
1565,8740197a3ffffff,87401970cffffff,1,16.20330916650341,635,31,6.453624998892692,3.4339872044851463,9.693032483781607,0.0
1566,8740197a3ffffff,874019780ffffff,12,4.12250889670015,635,12,6.453624998892692,2.4849066497880004,8.324459753831444,2.4849066497880004
1567,8740197a3ffffff,874019781ffffff,6,4.9295480447990245,635,7,6.453624998892692,1.9459101490553132,8.50320542613197,1.791759469228055
1568,8740197a3ffffff,874019782ffffff,14,6.210664366174383,635,68,6.453624998892692,4.219507705176107,8.734184152894933,2.6390573296152584
1569,8740197a3ffffff,874019784ffffff,23,2.3095861788931575,635,23,6.453624998892692,3.1354942159291497,7.7452565284215575,3.1354942159291497
1571,8740197a3ffffff,874019788ffffff,1,8.954847363400438,635,3,6.453624998892692,1.0986122886681098,9.100061934630183,0.0
1573,8740197a3ffffff,87401978dffffff,90,8.594182834622213,635,138,6.453624998892692,4.927253685157205,9.058957189798054,4.499809670330265
1574,8740197a3ffffff,874019790ffffff,1,9.234345217511272,635,1,6.453624998892692,0.0,9.130793273365237,0.0
1575,8740197a3ffffff,874019794ffffff,2,8.30762857936648,635,2,6.453624998892692,0.6931471805599453,9.025049841662911,0.6931471805599453
1576,8740197a3ffffff,874019796ffffff,4,10.553281452249857,635,4,6.453624998892692,1.3862943611198906,9.264286881437384,1.3862943611198906
1577,8740197a3ffffff,87401979cffffff,1,8.243410783733356,635,15,6.453624998892692,2.70805020110221,9.017290768975341,0.0
1578,8740197a3ffffff,8740197a0ffffff,3,2.465147023147207,635,3,6.453624998892692,1.0986122886681098,7.810412302039218,1.0986122886681098
1579,8740197a3ffffff,8740197a1ffffff,5,2.310252231337807,635,6,6.453624998892692,1.791759469228055,7.745544748125555,1.6094379124341003
1580,8740197a3ffffff,8740197a2ffffff,6,2.4127451716430164,635,6,6.453624998892692,1.791759469228055,7.788934833385681,1.791759469228055
1582,8740197a3ffffff,8740197a5ffffff,81,4.124113392321455,635,81,6.453624998892692,4.394449154672439,8.32484878743859,4.394449154672439
1583,8740197a3ffffff,8740197a6ffffff,74,4.296534060792735,635,74,6.453624998892692,4.30406509320417,8.365796662948163,4.30406509320417
1586,8740197a3ffffff,8740197acffffff,2,4.030844393081665,635,6,6.453624998892692,1.791759469228055,8.301979216020777,0.6931471805599453
1588,8740197a3ffffff,8740197b0ffffff,15,6.226021855083395,635,15,6.453624998892692,2.70805020110221,8.73665346459544,2.70805020110221
1589,8740197a3ffffff,8740197b1ffffff,13,4.0289265491541295,635,13,6.453624998892692,2.5649493574615367,8.301503428758288,2.5649493574615367
1591,8740197a3ffffff,8740197b3ffffff,1,6.107409095450726,635,2,6.453624998892692,0.6931471805599453,8.717421641084979,0.0
1592,8740197a3ffffff,8740197b4ffffff,74,7.236875519907579,635,74,6.453624998892692,4.30406509320417,8.887083005842001,4.30406509320417
1593,8740197a3ffffff,8740197b5ffffff,2,4.825037199560213,635,5,6.453624998892692,1.6094379124341003,8.481780954311136,0.6931471805599453
1594,8740197a3ffffff,8740197b6ffffff,50,8.539374467970891,635,51,6.453624998892692,3.9318256327243257,9.052560134529823,3.912023005428146
1595,8740197a3ffffff,87401b85bffffff,2,46.17934813566964,635,3,6.453624998892692,1.0986122886681098,10.740309621547668,0.6931471805599453
1596,8740198d9ffffff,874019125ffffff,1,12.103152177549735,30,1,3.4011973816621555,0.0,9.401303827889963,0.0
1597,8740198d9ffffff,874019161ffffff,3,6.539638451535182,30,4,3.4011973816621555,1.3862943611198906,8.785790062245368,1.0986122886681098
1598,8740198d9ffffff,874019164ffffff,8,2.4219934205355993,30,8,3.4011973816621555,2.0794415416798357,7.792759005392121,2.0794415416798357
1599,8740198d9ffffff,874019165ffffff,4,4.844439834582151,30,7,3.4011973816621555,1.9459101490553132,8.485793301336017,1.3862943611198906
1600,8740198d9ffffff,874019170ffffff,5,6.25240887379189,30,5,3.4011973816621555,1.6094379124341003,8.740882013849829,1.6094379124341003
1601,8740198d9ffffff,8740198d9ffffff,9,0.0,30,9,3.4011973816621555,2.1972245773362196,0.0,2.1972245773362196
1602,87401a4d9ffffff,87401a11dffffff,1,59.602656015922975,412,1,6.021023349349527,0.0,10.995472193721108,0.0
1603,87401a4d9ffffff,87401a4c0ffffff,9,7.300924136325499,412,10,6.021023349349527,2.302585092994046,8.895893172723854,2.1972245773362196
1604,87401a4d9ffffff,87401a4c1ffffff,29,6.293025323738651,412,112,6.021023349349527,4.718498871295094,8.747356101089192,3.367295829986474
1605,87401a4d9ffffff,87401a4c2ffffff,1,6.491033142035704,412,1,6.021023349349527,0.0,8.778331033679322,0.0
1607,87401a4d9ffffff,87401a4ccffffff,1,6.08927524848469,412,1,6.021023349349527,0.0,8.714448556478114,0.0
1608,87401a4d9ffffff,87401a4ceffffff,59,4.05164163921945,412,68,6.021023349349527,4.219507705176107,8.307124204071098,4.07753744390572
1609,87401a4d9ffffff,87401a4d1ffffff,1,6.412696598553736,412,1,6.021023349349527,0.0,8.766191076133612,0.0
1616,87401a4d9ffffff,87401a4e5ffffff,1,14.922554685308528,412,1,6.021023349349527,0.0,9.610696095066361,0.0
1617,87401a4d9ffffff,87401a6e3ffffff,1,38.4471139042153,412,2,6.021023349349527,0.6931471805599453,10.557064920524278,0.0
1618,87401a4d9ffffff,87401a711ffffff,2,23.834282926908784,412,2,6.021023349349527,0.6931471805599453,10.0789222377975,0.6931471805599453
1619,87401a4d9ffffff,87401a785ffffff,1,15.718697062350573,412,1,6.021023349349527,0.0,9.662669794954674,0.0
1620,87401a4d9ffffff,87401a788ffffff,1,19.007804314609857,412,1,6.021023349349527,0.0,9.852657535798379,0.0
1621,87401a4d9ffffff,87401a792ffffff,15,7.093935191003138,412,15,6.021023349349527,2.70805020110221,8.867136455091979,2.70805020110221
1622,87401a4d9ffffff,87401a79dffffff,2,15.332333958808873,412,2,6.021023349349527,0.6931471805599453,9.637784427595005,0.6931471805599453
1623,87401a4d9ffffff,87401ab14ffffff,1,95.06050812288386,412,1,6.021023349349527,0.0,11.462279414999905,0.0
1624,87401a4d9ffffff,8740a9b00ffffff,2,13.716084503083207,412,3,6.021023349349527,1.0986122886681098,9.526397378923324,0.6931471805599453
1625,87401a4d9ffffff,8740a9b01ffffff,65,11.88805774100497,412,78,6.021023349349527,4.356708826689592,9.383373738521406,4.174387269895637
1626,87401a4d9ffffff,8740a9b03ffffff,2,14.013063053263515,412,3,6.021023349349527,1.0986122886681098,9.547816608225588,0.6931471805599453
1627,87401a4d9ffffff,8740a9b05ffffff,56,11.767975929969417,412,74,6.021023349349527,4.30406509320417,9.373222189669471,4.02535169073515
1628,87401a4d9ffffff,8740a9b10ffffff,2,19.62307570050612,412,2,6.021023349349527,0.6931471805599453,9.884512443478078,0.6931471805599453
1629,87401a4d9ffffff,8740a9b14ffffff,1,19.603249337786576,412,1,6.021023349349527,0.0,9.88350162466854,0.0
1630,87401a4d9ffffff,8740a9b19ffffff,1,15.756912564880288,412,1,6.021023349349527,0.0,9.665097903172413,0.0
1631,87401a4d9ffffff,8740a9b20ffffff,1,12.972273981991613,412,1,6.021023349349527,0.0,9.470646672749188,0.0
1632,87401a4d9ffffff,8740a9b21ffffff,1,10.646082032743236,412,1,6.021023349349527,0.0,9.273041146060283,0.0
1633,87401a4d9ffffff,8740a9b23ffffff,2,12.143671433331788,412,2,6.021023349349527,0.6931471805599453,9.40464578741299,0.6931471805599453
1634,87401a4d9ffffff,8740a9b29ffffff,12,5.9464562239076795,412,14,6.021023349349527,2.6390573296152584,8.690718881730971,2.4849066497880004
1635,87401a4d9ffffff,8740a9b2affffff,1,9.81806214445221,412,1,6.021023349349527,0.0,9.192080892149386,0.0
1636,87401a4d9ffffff,8740a9b2bffffff,2,8.090097998795418,412,4,6.021023349349527,1.3862943611198906,8.998519723809068,0.6931471805599453
1637,87401a4d9ffffff,8740a9b2effffff,4,9.947476390453984,412,4,6.021023349349527,1.3862943611198906,9.205174691840027,1.3862943611198906
1638,87401a4d9ffffff,8740a9b33ffffff,2,17.752070328353945,412,2,6.021023349349527,0.6931471805599453,9.784313756190189,0.6931471805599453
1639,87401a4d9ffffff,8740a9b64ffffff,19,2.364158456393542,412,22,6.021023349349527,3.091042453358316,7.76860029927083,2.9444389791664403
1640,87401a4d9ffffff,8740a9b65ffffff,7,4.728803687176934,412,7,6.021023349349527,1.9459101490553132,8.461638976856584,1.9459101490553132
1641,87401a4d9ffffff,8740a9b66ffffff,1,2.433163077021586,412,1,6.021023349349527,0.0,7.797358270901122,0.0
1642,87401a4d9ffffff,8740a9b72ffffff,1,8.23309021837969,412,1,6.021023349349527,0.0,9.016038159080571,0.0
1644,87401a4d9ffffff,8740a9b75ffffff,71,4.050008886622631,412,74,6.021023349349527,4.30406509320417,8.306721236886444,4.2626798770413155
1645,87401a4d9ffffff,8740a9b76ffffff,34,6.757085779332108,412,42,6.021023349349527,3.7376696182833684,8.818494960199319,3.5263605246161616
1646,87401a4dbffffff,87401a4c0ffffff,1,8.637782111219597,244,10,5.497168225293202,2.302585092994046,9.064016892512814,0.0
1648,87401a4dbffffff,87401a4c4ffffff,1,11.02226827555855,244,1,5.497168225293202,0.0,9.307763615466172,0.0
1649,87401a4dbffffff,87401a4c5ffffff,1,10.300931976554224,244,1,5.497168225293202,0.0,9.240086727167817,0.0
1650,87401a4dbffffff,87401a4c6ffffff,1,9.733341782005791,244,1,5.497168225293202,0.0,9.183415301961674,0.0
1651,87401a4dbffffff,87401a4ceffffff,9,6.087601278238504,244,68,5.497168225293202,4.219507705176107,8.71417365915847,2.1972245773362196
1653,87401a4dbffffff,87401a4d9ffffff,62,2.2530486392555273,244,62,5.497168225293202,4.127134385045092,7.720483273450982,4.127134385045092
1654,87401a4dbffffff,87401a4daffffff,58,2.3632075843699276,244,58,5.497168225293202,4.060443010546419,7.768198185318037,4.060443010546419
1656,87401a4dbffffff,87401a4dcffffff,49,4.866193895966929,244,90,5.497168225293202,4.499809670330265,8.490272847948253,3.8918202981106265
1658,87401a4dbffffff,87401a604ffffff,3,30.427781983542815,244,3,5.497168225293202,1.0986122886681098,10.323144215259255,1.0986122886681098
1659,87401a4dbffffff,87401a626ffffff,1,29.580263723046702,244,1,5.497168225293202,0.0,10.294896457564755,0.0
1660,87401a4dbffffff,87401a631ffffff,2,28.20250534496467,244,2,5.497168225293202,0.6931471805599453,10.247201552214158,0.6931471805599453
1661,87401a4dbffffff,87401a6e3ffffff,1,39.28979808821595,244,2,5.497168225293202,0.6931471805599453,10.578745625103037,0.0
1662,87401a4dbffffff,8740a9849ffffff,1,19.877538200265924,244,1,5.497168225293202,0.0,9.897395946333269,0.0
1663,87401a4dbffffff,8740a9b00ffffff,1,11.764725272312807,244,3,5.497168225293202,1.0986122886681098,9.372945945866812,0.0
1664,87401a4dbffffff,8740a9b01ffffff,13,9.815215197886642,244,78,5.497168225293202,4.356708826689592,9.191790909325524,2.5649493574615367
1665,87401a4dbffffff,8740a9b03ffffff,1,11.884525138040532,244,3,5.497168225293202,1.0986122886681098,9.383076563760577,0.0
1666,87401a4dbffffff,8740a9b05ffffff,18,9.944893205949995,244,74,5.497168225293202,4.30406509320417,9.204915001830148,2.8903717578961645
1667,87401a4dbffffff,8740a9b15ffffff,3,15.682282613672132,244,3,5.497168225293202,1.0986122886681098,9.660350622355413,1.0986122886681098
1668,87401a4dbffffff,8740a9b22ffffff,1,12.96942309724493,244,1,5.497168225293202,0.0,9.470426898000088,0.0
1669,87401a4dbffffff,8740a9b29ffffff,2,3.9235825393886894,244,14,5.497168225293202,2.6390573296152584,8.27501526516853,0.6931471805599453
1670,87401a4dbffffff,8740a9b2bffffff,1,5.9446906612021415,244,4,5.497168225293202,1.3862943611198906,8.690421977516205,0.0
1671,87401a4dbffffff,8740a9b64ffffff,3,3.9255880739757747,244,22,5.497168225293202,3.091042453358316,8.275526153220637,1.0986122886681098
1673,87401a4dbffffff,8740a9b75ffffff,3,2.432737515289172,244,74,5.497168225293202,4.30406509320417,7.797183426848567,1.0986122886681098
1674,87401a4dbffffff,8740a9b76ffffff,8,4.504037140076579,244,42,5.497168225293202,3.7376696182833684,8.412951414198595,2.0794415416798357
1675,87401a4f0ffffff,87401a08cffffff,2,36.22918534017485,500,2,6.214608098422191,0.6931471805599453,10.497647899530879,0.6931471805599453
1676,87401a4f0ffffff,87401a0adffffff,1,41.262689716155826,500,1,6.214608098422191,0.0,10.627738208612335,0.0
1677,87401a4f0ffffff,87401a401ffffff,1,12.165038396905242,500,1,6.214608098422191,0.0,9.406403610958627,0.0
1678,87401a4f0ffffff,87401a44affffff,1,19.92400908459137,500,1,6.214608098422191,0.0,9.899730959597653,0.0
1679,87401a4f0ffffff,87401a458ffffff,1,16.027247087204117,500,1,6.214608098422191,0.0,9.682107887609517,0.0
1680,87401a4f0ffffff,87401a45affffff,11,14.40910039333931,500,12,6.214608098422191,2.4849066497880004,9.575684655890834,2.3978952727983707
1681,87401a4f0ffffff,87401a45effffff,2,13.865203178528008,500,2,6.214608098422191,0.6931471805599453,9.537209732397246,0.6931471805599453
1682,87401a4f0ffffff,87401a469ffffff,1,25.622003122146683,500,1,6.214608098422191,0.0,10.15124578646363,0.0
1683,87401a4f0ffffff,87401a46effffff,1,22.148640021377506,500,1,6.214608098422191,0.0,10.005576523484672,0.0
1684,87401a4f0ffffff,87401a495ffffff,6,14.38541480334307,500,6,6.214608098422191,1.791759469228055,9.57403962383221,1.791759469228055
1685,87401a4f0ffffff,87401a4a4ffffff,1,14.82052595311154,500,1,6.214608098422191,0.0,9.603835859346464,0.0
1686,87401a4f0ffffff,87401a4b2ffffff,3,17.642849518851147,500,3,6.214608098422191,1.0986122886681098,9.778142532445043,1.0986122886681098
1687,87401a4f0ffffff,87401a4b6ffffff,2,18.886981443889983,500,2,6.214608098422191,0.6931471805599453,9.84628109633634,0.6931471805599453
1689,87401a4f0ffffff,87401a4c1ffffff,83,8.688595769922708,500,112,6.214608098422191,4.718498871295094,9.069881700482762,4.418840607796598
1691,87401a4f0ffffff,87401a4c3ffffff,9,8.47060215126042,500,9,6.214608098422191,2.1972245773362196,9.044474925751327,2.1972245773362196
1696,87401a4f0ffffff,87401a4d3ffffff,1,8.637630373465672,500,1,6.214608098422191,0.0,9.063999327642605,0.0
1697,87401a4f0ffffff,87401a4d5ffffff,2,4.867247605798069,500,2,6.214608098422191,0.6931471805599453,8.49048931678227,0.6931471805599453
1698,87401a4f0ffffff,87401a4d8ffffff,1,11.227084897193606,500,1,6.214608098422191,0.0,9.32617349865675,0.0
1699,87401a4f0ffffff,87401a4dcffffff,41,8.841432676020615,500,90,6.214608098422191,4.499809670330265,9.08731730736907,3.713572066704308
1700,87401a4f0ffffff,87401a4ddffffff,2,10.687467869741045,500,2,6.214608098422191,0.6931471805599453,9.276920670056066,0.6931471805599453
1701,87401a4f0ffffff,87401a4e1ffffff,1,7.852925186997673,500,1,6.214608098422191,0.0,8.96876870962756,0.0
1703,87401a4f0ffffff,87401a4e3ffffff,74,6.0758295789546395,500,74,6.214608098422191,4.30406509320417,8.712238388127618,4.30406509320417
1704,87401a4f0ffffff,87401a4e6ffffff,6,4.508926803491329,500,6,6.214608098422191,1.791759469228055,8.41403620254048,1.791759469228055
1705,87401a4f0ffffff,87401a4e8ffffff,45,10.653228330467929,500,45,6.214608098422191,3.8066624897703196,9.273712118678487,3.8066624897703196
1707,87401a4f0ffffff,87401a4edffffff,1,12.156019267441858,500,1,6.214608098422191,0.0,9.40566199943912,0.0
1708,87401a4f0ffffff,87401a4eeffffff,41,8.343105616840306,500,41,6.214608098422191,3.713572066704308,9.029310654419328,3.713572066704308
1711,87401a4f0ffffff,87401a4f2ffffff,3,2.253434806949122,500,3,6.214608098422191,1.0986122886681098,7.72065458058747,1.0986122886681098
1712,87401a4f0ffffff,87401a4f3ffffff,45,2.4337421623153688,500,45,6.214608098422191,3.8066624897703196,7.79759614174397,3.8066624897703196
1713,87401a4f0ffffff,87401a4f4ffffff,1,2.433978205291402,500,1,6.214608098422191,0.0,7.797693084877619,0.0
1714,87401a4f0ffffff,87401a4f5ffffff,64,2.254120620637633,500,64,6.214608098422191,4.1588830833596715,7.72095874081116,4.1588830833596715
1715,87401a4f0ffffff,87401a4f6ffffff,28,2.3625923479986013,500,28,6.214608098422191,3.332204510175204,7.767937922031265,3.332204510175204
1716,87401a4f0ffffff,87401a510ffffff,1,28.173006389522616,500,1,6.214608098422191,0.0,10.246155072608138,0.0
1717,87401a4f0ffffff,87401a513ffffff,2,25.74335345670799,500,2,6.214608098422191,0.6931471805599453,10.155970598811157,0.6931471805599453
1718,87401a4f0ffffff,87401a51effffff,9,24.3502922700604,500,9,6.214608098422191,2.1972245773362196,10.10034019774157,2.1972245773362196
1719,87401a4f0ffffff,87401a55dffffff,3,23.114059064144932,500,3,6.214608098422191,1.0986122886681098,10.048239591649212,1.0986122886681098
1720,87401a4f0ffffff,87401a716ffffff,1,24.32945336219038,500,1,6.214608098422191,0.0,10.099484069479438,0.0
1721,87401a4f0ffffff,87401a733ffffff,1,27.754471802653462,500,1,6.214608098422191,0.0,10.231188281814353,0.0
1722,87401a4f0ffffff,8740a9841ffffff,1,22.08105099941251,500,1,6.214608098422191,0.0,10.00252038554322,0.0
1723,87401a4f0ffffff,8740a994bffffff,1,20.440329550413548,500,1,6.214608098422191,0.0,9.925314088699936,0.0
1724,87401b840ffffff,87401b104ffffff,1,30.989112314637413,863,1,6.760414691083428,0.0,10.34142347499715,0.0
1725,87401b840ffffff,87401b125ffffff,1,25.48987900274308,863,1,6.760414691083428,0.0,10.146075980994624,0.0
1726,87401b840ffffff,87401b12dffffff,3,24.256731994951007,863,3,6.760414691083428,1.0986122886681098,10.096490690697935,1.0986122886681098
1727,87401b840ffffff,87401b140ffffff,2,28.729567291522557,863,2,6.760414691083428,0.6931471805599453,10.265716897393519,0.6931471805599453
1728,87401b840ffffff,87401b160ffffff,1,22.518049490237196,863,1,6.760414691083428,0.0,10.022116874002178,0.0
1729,87401b840ffffff,87401b163ffffff,1,24.630199291091422,863,1,6.760414691083428,0.0,10.111769182218694,0.0
1730,87401b840ffffff,87401b168ffffff,4,25.459399492812132,863,4,6.760414691083428,1.3862943611198906,10.144879562986414,1.3862943611198906
1731,87401b840ffffff,87401b16cffffff,2,23.141194418342863,863,2,6.760414691083428,0.6931471805599453,10.049412828504739,0.6931471805599453
1732,87401b840ffffff,87401b16dffffff,1,23.81266703419503,863,1,6.760414691083428,0.0,10.078014939978168,0.0
1733,87401b840ffffff,87401b16effffff,26,24.932871104663366,863,26,6.760414691083428,3.258096538021482,10.123982443430716,3.258096538021482
1734,87401b840ffffff,87401b176ffffff,1,27.33682441625601,863,1,6.760414691083428,0.0,10.21602653199302,0.0
1735,87401b840ffffff,87401b1a5ffffff,2,41.373884705602926,863,2,6.760414691083428,0.6931471805599453,10.63042932610395,0.6931471805599453
1736,87401b840ffffff,87401b803ffffff,2,15.58481468201713,863,14,6.760414691083428,2.6390573296152584,9.654116464304405,0.6931471805599453
1737,87401b840ffffff,87401b808ffffff,2,10.844380447547733,863,2,6.760414691083428,0.6931471805599453,9.291494503101893,0.6931471805599453
1738,87401b840ffffff,87401b80cffffff,1,12.009199192209348,863,1,6.760414691083428,0.0,9.393511500465996,0.0
1739,87401b840ffffff,87401b80dffffff,7,9.608284982478708,863,7,6.760414691083428,1.9459101490553132,9.170485095708093,1.9459101490553132
1740,87401b840ffffff,87401b80effffff,1,13.209408192031832,863,1,6.760414691083428,0.0,9.48876029726848,0.0
1741,87401b840ffffff,87401b811ffffff,2,19.327148457960938,863,2,6.760414691083428,0.6931471805599453,9.869317781683982,0.6931471805599453
1742,87401b840ffffff,87401b816ffffff,5,24.036431624626605,863,5,6.760414691083428,1.6094379124341003,10.087367545363675,1.6094379124341003
1743,87401b840ffffff,87401b81affffff,1,18.123873978502953,863,1,6.760414691083428,0.0,9.805040526788522,0.0
1744,87401b840ffffff,87401b81cffffff,22,16.99019413524409,863,22,6.760414691083428,3.091042453358316,9.740450496789663,3.091042453358316
1745,87401b840ffffff,87401b81effffff,2,18.573354249859403,863,2,6.760414691083428,0.6931471805599453,9.829537104505722,0.6931471805599453
1746,87401b840ffffff,87401b82bffffff,2,11.157924425654041,863,2,6.760414691083428,0.6931471805599453,9.319994853661113,0.6931471805599453
1749,87401b840ffffff,87401b843ffffff,4,2.4590070631825727,863,4,6.760414691083428,1.3862943611198906,7.807919500134714,1.3862943611198906
1751,87401b840ffffff,87401b845ffffff,7,2.2993343074388997,863,7,6.760414691083428,1.9459101490553132,7.74080974241519,1.9459101490553132
1754,87401b840ffffff,87401b849ffffff,12,8.812637281731774,863,12,6.760414691083428,2.4849066497880004,9.08405549204003,2.4849066497880004
1755,87401b840ffffff,87401b84affffff,39,6.560177226987495,863,39,6.760414691083428,3.6635616461296463,8.788925321171412,3.6635616461296463
1757,87401b840ffffff,87401b84dffffff,47,7.211057891743358,863,47,6.760414691083428,3.8501476017100584,8.883509611432332,3.8501476017100584
1758,87401b840ffffff,87401b84effffff,45,4.284821949651227,863,45,6.760414691083428,3.8066624897703196,8.363067632858723,3.8066624897703196
1759,87401b840ffffff,87401b850ffffff,15,6.0755463505339655,863,15,6.760414691083428,2.70805020110221,8.712191779115873,2.70805020110221
1761,87401b840ffffff,87401b852ffffff,17,8.264828758669497,863,17,6.760414691083428,2.833213344056216,9.01988527850934,2.833213344056216
1762,87401b840ffffff,87401b853ffffff,34,6.893979649486211,863,34,6.760414691083428,3.5263605246161616,8.838548838734463,3.5263605246161616
1763,87401b840ffffff,87401b854ffffff,33,6.195313784792349,863,33,6.760414691083428,3.4965075614664802,8.731709843377802,3.4965075614664802
1765,87401b840ffffff,87401b858ffffff,4,6.3695674045290955,863,4,6.760414691083428,1.3862943611198906,8.759443819093676,1.3862943611198906
1766,87401b840ffffff,87401b85affffff,28,8.216524631200157,863,28,6.760414691083428,3.332204510175204,9.014024302941872,3.332204510175204
1767,87401b840ffffff,87401b85bffffff,1,8.737337898893097,863,3,6.760414691083428,1.0986122886681098,9.075475278813279,0.0
1768,87401b840ffffff,87401b85cffffff,6,4.109067540296071,863,6,6.760414691083428,1.791759469228055,8.321194740517319,1.791759469228055
1769,87401b840ffffff,87401b85dffffff,18,4.9177683355317825,863,18,6.760414691083428,2.8903717578961645,8.500813439839941,2.8903717578961645
1770,87401b840ffffff,87401b85effffff,32,6.187035112725876,863,32,6.760414691083428,3.4657359027997265,8.730372886002307,3.4657359027997265
1771,87401b840ffffff,87401b861ffffff,1,6.191261230341282,863,1,6.760414691083428,0.0,8.73105560274227,0.0
1772,87401b840ffffff,87401b863ffffff,3,4.1106755164246405,863,3,6.760414691083428,1.0986122886681098,8.321585892646004,1.0986122886681098
1773,87401b840ffffff,87401b868ffffff,69,6.080257163859165,863,69,6.760414691083428,4.23410650459726,8.71296672395774,4.23410650459726
1774,87401b840ffffff,87401b86affffff,39,4.009989433394043,863,39,6.760414691083428,3.6635616461296463,8.296793231359713,3.6635616461296463
1775,87401b840ffffff,87401b86bffffff,90,6.199499544169484,863,90,6.760414691083428,4.499809670330265,8.732385139427702,4.499809670330265
1776,87401b840ffffff,87401b86cffffff,2,6.900012724158331,863,2,6.760414691083428,0.6931471805599453,8.8394234514326,0.6931471805599453
1777,87401b840ffffff,87401b86effffff,5,4.599338651110475,863,5,6.760414691083428,1.6094379124341003,8.433885199574007,1.6094379124341003
1778,87401b840ffffff,87401b871ffffff,3,4.284426713211045,863,3,6.760414691083428,1.0986122886681098,8.3629754090869,1.0986122886681098
1779,87401b840ffffff,87401b872ffffff,2,7.2069074096458445,863,2,6.760414691083428,0.6931471805599453,8.882933953707035,0.6931471805599453
1780,87401b840ffffff,87401b873ffffff,2,4.805067022090815,863,3,6.760414691083428,1.0986122886681098,8.477634361702883,0.6931471805599453
1781,87401b840ffffff,87401b876ffffff,8,8.808442847169111,863,8,6.760414691083428,2.0794415416798357,9.083579475973464,2.0794415416798357
1782,87401b840ffffff,87401b889ffffff,1,22.56209573714897,863,1,6.760414691083428,0.0,10.024070918589219,0.0
1783,87401b840ffffff,87401b8c0ffffff,4,16.076553545503387,863,4,6.760414691083428,1.3862943611198906,9.685179388465508,1.3862943611198906
1784,87401b840ffffff,87401b8c1ffffff,22,15.14089282197272,863,22,6.760414691083428,3.091042453358316,9.625220540443294,3.091042453358316
1785,87401b840ffffff,87401b8c2ffffff,2,18.370516621321872,863,2,6.760414691083428,0.6931471805599453,9.818556734481323,0.6931471805599453
1786,87401b840ffffff,87401b8c3ffffff,2,17.415193996868915,863,2,6.760414691083428,0.6931471805599453,9.765155741854924,0.6931471805599453
1788,87401b840ffffff,87401b8ceffffff,17,16.751570714954923,863,17,6.760414691083428,2.833213344056216,9.726307000996746,2.833213344056216
1789,87401b840ffffff,87401b8d1ffffff,6,20.66380693859361,863,6,6.760414691083428,1.791759469228055,9.936187384467816,1.791759469228055
1790,87401b840ffffff,87401b8d3ffffff,15,22.95642419920731,863,15,6.760414691083428,2.70805020110221,10.041396657694458,2.70805020110221
1791,87401b840ffffff,87401b8dcffffff,8,19.693476413676866,863,8,6.760414691083428,2.0794415416798357,9.888093490318285,2.0794415416798357
1792,87401b840ffffff,87401b8ddffffff,8,18.97843097855888,863,8,6.760414691083428,2.0794415416798357,9.851111091659655,2.0794415416798357
1793,87401b840ffffff,87401b8deffffff,10,21.974290870135512,863,10,6.760414691083428,2.302585092994046,9.99767395887695,2.302585092994046
1794,87401b840ffffff,87401b8e9ffffff,5,10.246699670078563,863,5,6.760414691083428,1.6094379124341003,9.234808536948712,1.6094379124341003
1795,87401b840ffffff,87401b8eaffffff,5,12.87304319619709,863,5,6.760414691083428,1.6094379124341003,9.462968407911973,1.6094379124341003
1796,87401b840ffffff,87401b8ebffffff,18,12.369836775625284,863,18,6.760414691083428,2.8903717578961645,9.423097108662564,2.8903717578961645
1797,87401b840ffffff,87401b8ecffffff,2,9.190630760943044,863,2,6.760414691083428,0.6931471805599453,9.12604864911157,0.6931471805599453
1798,87401b840ffffff,87401b8eeffffff,3,11.48661031502059,863,3,6.760414691083428,1.0986122886681098,9.349024369666417,1.0986122886681098
1799,87401b840ffffff,87401b8f4ffffff,1,18.001417751288596,863,1,6.760414691083428,0.0,9.798261347374277,0.0
1800,87401b840ffffff,87401b8f6ffffff,2,20.04865413238077,863,2,6.760414691083428,0.6931471805599453,9.905967182330604,0.6931471805599453
1801,87401b840ffffff,87401b95affffff,1,10.804218057910644,863,1,6.760414691083428,0.0,9.28778444994148,0.0
1802,87401b840ffffff,87401b999ffffff,1,30.148812772504744,863,1,6.760414691083428,0.0,10.313933992268877,0.0
1803,87401b840ffffff,87401bb34ffffff,1,10.163923791416373,863,1,6.760414691083428,0.0,9.226698228879043,0.0
1804,87401b840ffffff,87401bb36ffffff,15,8.506168900108566,863,15,6.760414691083428,2.70805020110221,9.04866448702924,2.70805020110221
1805,87401b840ffffff,87401bb91ffffff,1,19.86878202649031,863,1,6.760414691083428,0.0,9.896955365505335,0.0
1806,87401b840ffffff,87401bb93ffffff,49,21.44493571022152,863,49,6.760414691083428,3.8918202981106265,9.973290429024107,3.8918202981106265
1807,87401b840ffffff,87401bb98ffffff,1,23.334330397960574,863,1,6.760414691083428,0.0,10.057723817184925,0.0
1808,87401b840ffffff,87401bb9bffffff,3,25.782488576007076,863,3,6.760414691083428,1.0986122886681098,10.157489588362438,1.0986122886681098
1809,87401b840ffffff,87401bb9effffff,1,22.280343695950915,863,1,6.760414691083428,0.0,10.011505001735731,0.0
1810,87401b840ffffff,87401bc4dffffff,1,37.445760863284136,863,1,6.760414691083428,0.0,10.530675492902532,0.0
1811,87401b921ffffff,874018210ffffff,2,19.91219054025749,266,2,5.583496308781699,0.6931471805599453,9.899137632349339,0.6931471805599453
1812,87401b921ffffff,87401828effffff,1,8.93568645404372,266,1,5.583496308781699,0.0,9.097920156738152,0.0
1813,87401b921ffffff,87401829bffffff,35,7.199485288775632,266,36,5.583496308781699,3.58351893845611,8.881903703951624,3.5553480614894135
1814,87401b921ffffff,8740182a5ffffff,3,19.69284914223559,266,3,5.583496308781699,1.0986122886681098,9.888061639690848,1.0986122886681098
1815,87401b921ffffff,8740182aeffffff,22,14.768240894765736,266,22,5.583496308781699,3.091042453358316,9.600301979131244,3.091042453358316
1816,87401b921ffffff,874018383ffffff,1,27.559262184734422,266,1,5.583496308781699,0.0,10.22413023831654,0.0
1817,87401b921ffffff,874018399ffffff,1,22.697883599813377,266,1,5.583496308781699,0.0,10.030071021635125,0.0
1818,87401b921ffffff,87401864affffff,1,16.07936648146818,266,1,5.583496308781699,0.0,9.685354333609324,0.0
1819,87401b921ffffff,8740186c0ffffff,1,32.125810390506736,266,1,5.583496308781699,0.0,10.377446175177965,0.0
1820,87401b921ffffff,8740186c4ffffff,1,31.962576464733324,266,1,5.583496308781699,0.0,10.3723522980228,0.0
1821,87401b921ffffff,8740186c8ffffff,2,29.21674402704884,266,2,5.583496308781699,0.6931471805599453,10.282531475857617,0.6931471805599453
1822,87401b921ffffff,8740186c9ffffff,17,27.75428453118801,266,17,5.583496308781699,2.833213344056216,10.231181534600736,2.833213344056216
1823,87401b921ffffff,8740186ddffffff,2,33.002393042042634,266,2,5.583496308781699,0.6931471805599453,10.404365654618896,0.6931471805599453
1824,87401b921ffffff,8740186e8ffffff,11,26.081915777256583,266,11,5.583496308781699,2.3978952727983707,10.169035811066468,2.3978952727983707
1825,87401b921ffffff,8740186ecffffff,2,25.968924844625658,266,2,5.583496308781699,0.6931471805599453,10.164694410722134,0.6931471805599453
1826,87401b921ffffff,8740194b0ffffff,1,27.06109585828802,266,1,5.583496308781699,0.0,10.2058893509904,0.0
1827,87401b921ffffff,874019512ffffff,1,30.068334900931788,266,1,5.583496308781699,0.0,10.311261157378524,0.0
1828,87401b921ffffff,87401951cffffff,1,36.134858431770134,266,1,5.583496308781699,0.0,10.49504095967595,0.0
1829,87401b921ffffff,874019594ffffff,1,18.593576951436667,266,1,5.583496308781699,0.0,9.830625255438186,0.0
1830,87401b921ffffff,874019734ffffff,2,67.61311161509823,266,2,5.583496308781699,0.6931471805599453,11.121571991948088,0.6931471805599453
1831,87401b921ffffff,87401b820ffffff,1,16.016755753110633,266,1,5.583496308781699,0.0,9.681453120491097,0.0
1832,87401b921ffffff,87401b824ffffff,1,13.580538203548153,266,1,5.583496308781699,0.0,9.51646666447342,0.0
1833,87401b921ffffff,87401b900ffffff,24,6.1929875956050555,266,24,5.583496308781699,3.1780538303479458,8.731334357884235,3.1780538303479458
1835,87401b921ffffff,87401b908ffffff,11,9.84078462472976,266,11,5.583496308781699,2.3978952727983707,9.194392337903587,2.3978952727983707
1836,87401b921ffffff,87401b909ffffff,7,11.345767796589357,266,7,5.583496308781699,1.9459101490553132,9.336688206722375,1.9459101490553132
1837,87401b921ffffff,87401b90affffff,4,11.15406470697599,266,4,5.583496308781699,1.3862943611198906,9.319648907564824,1.3862943611198906
1838,87401b921ffffff,87401b90bffffff,7,12.300385702146928,266,9,5.583496308781699,2.1972245773362196,9.417467193726125,1.9459101490553132
1839,87401b921ffffff,87401b90cffffff,5,7.380944816857948,266,5,5.583496308781699,1.6094379124341003,8.906792408197326,1.6094379124341003
1840,87401b921ffffff,87401b90dffffff,15,8.93485814898256,266,15,5.583496308781699,2.70805020110221,9.097827466516344,2.70805020110221
1842,87401b921ffffff,87401b921ffffff,1,0.0,266,1,5.583496308781699,0.0,0.0,0.0
1845,87401b921ffffff,87401b924ffffff,4,4.282890366408937,266,4,5.583496308781699,1.3862943611198906,8.362616839832363,1.3862943611198906
1847,87401b921ffffff,87401b92affffff,2,4.920866977271876,266,2,5.583496308781699,0.6931471805599453,8.501443204432167,0.6931471805599453
1848,87401b921ffffff,87401b92bffffff,1,6.5602815636460985,266,1,5.583496308781699,0.0,8.788941223169699,0.0
1849,87401b921ffffff,87401b92effffff,1,2.460551805128285,266,2,5.583496308781699,0.6931471805599453,7.808547245139,0.0
1851,87401b921ffffff,87401b956ffffff,3,13.773816667998553,266,3,5.583496308781699,1.0986122886681098,9.530597324894332,1.0986122886681098
1853,87401b921ffffff,87401b961ffffff,12,16.815152437726574,266,12,5.583496308781699,2.4849066497880004,9.730095158116473,2.4849066497880004
1854,87401b921ffffff,87401b966ffffff,2,12.00849425132324,266,3,5.583496308781699,1.0986122886681098,9.39345280355648,0.6931471805599453
1855,87401b921ffffff,87401b968ffffff,1,20.68093551354033,266,1,5.583496308781699,0.0,9.93701591774085,0.0
1856,87401b921ffffff,87401b96affffff,8,19.96082326674564,266,8,5.583496308781699,2.0794415416798357,9.901576891723002,2.0794415416798357
1857,87401b921ffffff,87401b972ffffff,24,10.803755561045,266,24,5.583496308781699,3.1780538303479458,9.287741645922015,3.1780538303479458
1858,87401b921ffffff,87401b974ffffff,2,8.805579734233326,266,2,5.583496308781699,0.6931471805599453,9.083254418152066,0.6931471805599453
1859,87401b921ffffff,87401b994ffffff,16,26.427932839687863,266,16,5.583496308781699,2.772588722239781,10.182214629926863,2.772588722239781
1860,87401b921ffffff,87401b996ffffff,3,28.71288950728065,266,3,5.583496308781699,1.0986122886681098,10.265136239636796,1.0986122886681098
1861,87401b921ffffff,87401b9b5ffffff,2,20.98489957837572,266,2,5.583496308781699,0.6931471805599453,9.951606042534184,0.6931471805599453
1862,87401b921ffffff,87401bd63ffffff,1,34.42431762817926,266,1,5.583496308781699,0.0,10.446547550226164,0.0
1863,8740e4456ffffff,8740e4401ffffff,1,8.635420754343809,183,1,5.209486152841421,0.0,9.063743511423299,0.0
1864,8740e4456ffffff,8740e4403ffffff,2,8.897914899834163,183,2,5.209486152841421,0.6931471805599453,9.09368462692027,0.6931471805599453
1865,8740e4456ffffff,8740e4408ffffff,2,4.3178604955211615,183,2,5.209486152841421,0.6931471805599453,8.37074687225871,0.6931471805599453
1866,8740e4456ffffff,8740e4409ffffff,2,2.4727467140580788,183,2,5.209486152841421,0.6931471805599453,7.813489168591721,0.6931471805599453
1867,8740e4456ffffff,8740e440affffff,3,4.86386852002299,183,3,5.209486152841421,1.0986122886681098,8.4897949685659,1.0986122886681098
1868,8740e4456ffffff,8740e440effffff,10,6.557348168606782,183,10,5.209486152841421,2.302585092994046,8.788494046664255,2.302585092994046
1869,8740e4456ffffff,8740e4419ffffff,38,6.284202933825644,183,38,5.209486152841421,3.6375861597263857,8.745953409099048,3.6375861597263857
1870,8740e4456ffffff,8740e441dffffff,1,7.295158862619541,183,1,5.209486152841421,0.0,8.895103305450718,0.0
1872,8740e4456ffffff,8740e4454ffffff,6,2.3273911750469662,183,6,5.209486152841421,1.791759469228055,7.752932825254239,1.791759469228055
1873,8740e4456ffffff,8740e4456ffffff,29,0.0,183,29,5.209486152841421,3.367295829986474,0.0,3.367295829986474
1874,8740e4456ffffff,8740e4470ffffff,18,6.2471003082388785,183,18,5.209486152841421,2.8903717578961645,8.740032745846296,2.8903717578961645
1875,8740e4456ffffff,8740e44c4ffffff,4,8.462858065892688,183,4,5.209486152841421,1.3862943611198906,9.04356038480491,1.3862943611198906
1876,8740e4456ffffff,8740e44e0ffffff,1,4.652802589442289,183,1,5.209486152841421,0.0,8.445439925567298,0.0
1877,8740e4456ffffff,8740e44e1ffffff,1,4.139441264262416,183,1,5.209486152841421,0.0,8.328557646710154,0.0
1878,8740e4456ffffff,8740e44e4ffffff,40,4.0671586787151135,183,40,5.209486152841421,3.6888794541139363,8.310945762974852,3.6888794541139363
1879,8740e4456ffffff,8740e44e5ffffff,6,2.3267313681164,183,6,5.209486152841421,1.791759469228055,7.7526494104906165,1.791759469228055
1880,8740e4456ffffff,8740e44f1ffffff,2,9.302963236792197,183,2,5.209486152841421,0.6931471805599453,9.138195742857095,0.6931471805599453
1881,8740e4456ffffff,8740e44f3ffffff,17,11.62705198758338,183,17,5.209486152841421,2.833213344056216,9.361175732565176,2.833213344056216
1882,8740e45a8ffffff,874019248ffffff,1,11.409777333164108,890,1,6.7912214627261855,0.0,9.342313567894376,0.0
1883,8740e45a8ffffff,874019249ffffff,46,9.89257904554363,890,53,6.7912214627261855,3.970291913552122,9.199641244444651,3.828641396489095
1884,8740e45a8ffffff,87401924bffffff,96,8.986580027717956,890,120,6.7912214627261855,4.787491742782046,9.103598906325454,4.564348191467836
1885,8740e45a8ffffff,87401924cffffff,2,13.850980421522667,890,2,6.7912214627261855,0.6931471805599453,9.536183492116944,0.6931471805599453
1887,8740e45a8ffffff,87401924effffff,12,13.20211231989788,890,12,6.7912214627261855,2.4849066497880004,9.488207862592745,2.4849066497880004
1888,8740e45a8ffffff,87401925bffffff,2,11.264730334239792,890,2,6.7912214627261855,0.6931471805599453,9.329520682921048,0.6931471805599453
1889,8740e45a8ffffff,87401925effffff,1,15.42428508931779,890,1,6.7912214627261855,0.0,9.643763330892439,0.0
1890,8740e45a8ffffff,874019269ffffff,3,16.10805968813949,890,3,6.7912214627261855,1.0986122886681098,9.68713710625769,1.0986122886681098
1891,8740e45a8ffffff,87401926bffffff,1,14.84041326329189,890,1,6.7912214627261855,0.0,9.605176745562426,0.0
1892,8740e45a8ffffff,87401926dffffff,1,18.56567095695276,890,1,6.7912214627261855,0.0,9.829123368321895,0.0
1893,8740e45a8ffffff,8740192caffffff,1,18.36675357430339,890,1,6.7912214627261855,0.0,9.818351882996163,0.0
1894,8740e45a8ffffff,8740192ddffffff,1,20.56198954692595,890,1,6.7912214627261855,0.0,9.931248114977565,0.0
1895,8740e45a8ffffff,8740192e9ffffff,10,14.568436880120695,890,13,6.7912214627261855,2.5649493574615367,9.58668124917129,2.302585092994046
1896,8740e45a8ffffff,87401972dffffff,1,66.82471697238235,890,7,6.7912214627261855,1.9459101490553132,11.109843270053677,0.0
1897,8740e45a8ffffff,8740e4404ffffff,1,11.271600654358178,890,1,6.7912214627261855,0.0,9.330130339451044,0.0
1898,8740e45a8ffffff,8740e4405ffffff,1,13.669030059070288,890,1,6.7912214627261855,0.0,9.522961128623425,0.0
1899,8740e45a8ffffff,8740e4406ffffff,1,10.828304539613656,890,1,6.7912214627261855,0.0,9.290011121830938,0.0
1900,8740e45a8ffffff,8740e4421ffffff,1,13.384699733775859,890,1,6.7912214627261855,0.0,9.501942232046074,0.0
1901,8740e45a8ffffff,8740e4428ffffff,2,17.016253035743873,890,2,6.7912214627261855,0.6931471805599453,9.741982992846822,0.6931471805599453
1902,8740e45a8ffffff,8740e442dffffff,1,18.20673887488969,890,1,6.7912214627261855,0.0,9.809601995593525,0.0
1903,8740e45a8ffffff,8740e442effffff,2,14.58406508251624,890,2,6.7912214627261855,0.6931471805599453,9.587753344583003,0.6931471805599453
1904,8740e45a8ffffff,8740e4474ffffff,4,21.88191825818752,890,11,6.7912214627261855,2.3978952727983707,9.993461623244903,1.3862943611198906
1905,8740e45a8ffffff,8740e4476ffffff,1,20.910899578326216,890,1,6.7912214627261855,0.0,9.94807363374489,0.0
1906,8740e45a8ffffff,8740e44b2ffffff,2,18.713840171866725,890,2,6.7912214627261855,0.6931471805599453,9.837072080193419,0.6931471805599453
1907,8740e45a8ffffff,8740e44b4ffffff,4,14.681007120884098,890,5,6.7912214627261855,1.6094379124341003,9.59437801767838,1.3862943611198906
1908,8740e45a8ffffff,8740e44b6ffffff,1,16.913714430729627,890,1,6.7912214627261855,0.0,9.735939198466895,0.0
1909,8740e45a8ffffff,8740e4504ffffff,2,12.496905708443869,890,7,6.7912214627261855,1.9459101490553132,9.43331636592895,0.6931471805599453
1910,8740e45a8ffffff,8740e4508ffffff,2,12.326770910484694,890,2,6.7912214627261855,0.6931471805599453,9.419609793965892,0.6931471805599453
1911,8740e45a8ffffff,8740e4509ffffff,25,14.225222613250814,890,28,6.7912214627261855,3.332204510175204,9.562842203508636,3.2188758248682006
1912,8740e45a8ffffff,8740e450dffffff,24,14.531691963898364,890,28,6.7912214627261855,3.332204510175204,9.584156008770794,3.1780538303479458
1913,8740e45a8ffffff,8740e4510ffffff,14,6.412976020847209,890,14,6.7912214627261855,2.6390573296152584,8.766234641681597,2.6390573296152584
1915,8740e45a8ffffff,8740e4513ffffff,51,4.141276847370146,890,55,6.7912214627261855,4.007333185232471,8.329000878777947,3.9318256327243257
1916,8740e45a8ffffff,8740e4514ffffff,71,8.794454941753813,890,90,6.7912214627261855,4.499809670330265,9.081990383150938,4.2626798770413155
1917,8740e45a8ffffff,8740e4515ffffff,1,8.28416109294042,890,1,6.7912214627261855,0.0,9.022221373599264,0.0
1919,8740e45a8ffffff,8740e451affffff,55,4.063881425694197,890,62,6.7912214627261855,4.127134385045092,8.310139851985546,4.007333185232471
1920,8740e45a8ffffff,8740e451bffffff,6,6.279745613457326,890,9,6.7912214627261855,2.1972245773362196,8.74524398067214,1.791759469228055
1921,8740e45a8ffffff,8740e451dffffff,1,8.381160859736669,890,1,6.7912214627261855,0.0,9.03386101939329,0.0
1922,8740e45a8ffffff,8740e451effffff,5,4.6526897199735116,890,5,6.7912214627261855,1.6094379124341003,8.445415672102447,1.6094379124341003
1923,8740e45a8ffffff,8740e4523ffffff,22,14.704941392965024,890,63,6.7912214627261855,4.143134726391533,9.59600686750173,3.091042453358316
1924,8740e45a8ffffff,8740e4531ffffff,3,12.428650167031012,890,3,6.7912214627261855,1.0986122886681098,9.427840039863407,1.0986122886681098
1925,8740e45a8ffffff,8740e4532ffffff,13,11.216172178239768,890,17,6.7912214627261855,2.833213344056216,9.325201113285798,2.5649493574615367
1926,8740e45a8ffffff,8740e4533ffffff,30,10.511060891156475,890,33,6.7912214627261855,3.4965075614664802,9.260278533245332,3.4011973816621555
1927,8740e45a8ffffff,8740e4534ffffff,7,15.1967744989339,890,7,6.7912214627261855,1.9459101490553132,9.62890428157089,1.9459101490553132
1928,8740e45a8ffffff,8740e4536ffffff,4,13.65687758104648,890,6,6.7912214627261855,1.791759469228055,9.5220717463125,1.3862943611198906
1929,8740e45a8ffffff,8740e4542ffffff,2,20.60742449025767,890,2,6.7912214627261855,0.6931471805599453,9.933455227015777,0.6931471805599453
1930,8740e45a8ffffff,8740e4546ffffff,4,20.33815640806224,890,5,6.7912214627261855,1.6094379124341003,9.920303194212579,1.3862943611198906
1931,8740e45a8ffffff,8740e4551ffffff,4,18.851278450012323,890,4,6.7912214627261855,1.3862943611198906,9.844389058251341,1.3862943611198906
1932,8740e45a8ffffff,8740e4554ffffff,2,16.266779313028437,890,2,6.7912214627261855,0.6931471805599453,9.696941701225022,0.6931471805599453
1933,8740e45a8ffffff,8740e4555ffffff,5,18.40404885760603,890,6,6.7912214627261855,1.791759469228055,9.82038030039292,1.6094379124341003
1934,8740e45a8ffffff,8740e455affffff,1,20.625936843203732,890,1,6.7912214627261855,0.0,9.934353114343116,0.0
1935,8740e45a8ffffff,8740e4575ffffff,7,20.696822698850518,890,7,6.7912214627261855,1.9459101490553132,9.937783790090865,1.9459101490553132
1936,8740e45a8ffffff,8740e4581ffffff,3,4.650049926383659,890,3,6.7912214627261855,1.0986122886681098,8.444848263714679,1.0986122886681098
1937,8740e45a8ffffff,8740e4584ffffff,56,6.27572060888475,890,76,6.7912214627261855,4.330733340286331,8.744602927032949,4.02535169073515
1938,8740e45a8ffffff,8740e458affffff,1,8.277721258550036,890,1,6.7912214627261855,0.0,9.021443798079442,0.0
1939,8740e45a8ffffff,8740e458dffffff,10,4.944733550027793,890,12,6.7912214627261855,2.4849066497880004,8.506280574820234,2.302585092994046
1940,8740e45a8ffffff,8740e459bffffff,17,12.48010620305666,890,18,6.7912214627261855,2.8903717578961645,9.431971276060734,2.833213344056216
1941,8740e45a8ffffff,8740e459cffffff,6,9.297457355006884,890,6,6.7912214627261855,1.791759469228055,9.137603789576723,1.791759469228055
1947,8740e45a8ffffff,8740e45a6ffffff,56,8.88917940218899,890,73,6.7912214627261855,4.290459441148391,9.092702508528065,4.02535169073515
1949,8740e45a8ffffff,8740e45a9ffffff,8,2.429595665314274,890,8,6.7912214627261855,2.0794415416798357,7.795891636054164,2.0794415416798357
1950,8740e45a8ffffff,8740e45aaffffff,28,2.3253551067384084,890,57,6.7912214627261855,4.04305126783455,7.752057989843173,3.332204510175204
1952,8740e45a8ffffff,8740e45adffffff,64,2.326015055357825,890,72,6.7912214627261855,4.276666119016055,7.752341633138614,4.1588830833596715
1954,8740e45a8ffffff,8740e45b4ffffff,30,12.141454759799405,890,39,6.7912214627261855,3.6635616461296463,9.4044632484398,3.4011973816621555
1955,8740e45a8ffffff,8740e45b6ffffff,3,13.368952012814091,890,5,6.7912214627261855,1.6094379124341003,9.500765080920818,1.0986122886681098
1956,8740e45a8ffffff,8740e4c19ffffff,1,33.474170835233984,890,4,6.7912214627261855,1.3862943611198906,10.418559273914058,0.0
1957,8740e45a8ffffff,8740e4c1dffffff,1,35.3581726984426,890,2,6.7912214627261855,0.6931471805599453,10.47331311994062,0.0
1958,8740e45a8ffffff,8740e4c99ffffff,1,18.771979694282056,890,1,6.7912214627261855,0.0,9.840173864678972,0.0
1959,8740e45a8ffffff,8740e4cc3ffffff,11,25.622387678852775,890,15,6.7912214627261855,2.70805020110221,10.151260794611524,2.3978952727983707
1960,8740e45a8ffffff,8740e4cc4ffffff,2,28.376918925422213,890,2,6.7912214627261855,0.6931471805599453,10.253366619111391,0.6931471805599453
1961,8740e45a8ffffff,8740e4ccaffffff,5,25.895138621500504,890,5,6.7912214627261855,1.6094379124341003,10.16184914859996,1.6094379124341003
1962,8740e45a8ffffff,8740e4cccffffff,1,29.157584573048887,890,1,6.7912214627261855,0.0,10.28050464492559,0.0
1963,8740e45a8ffffff,8740e4cd3ffffff,2,19.95462207241749,890,3,6.7912214627261855,1.0986122886681098,9.901266190758781,0.6931471805599453
1964,8740e45a8ffffff,8740e4ce0ffffff,2,32.25044778267484,890,2,6.7912214627261855,0.6931471805599453,10.381318213702322,0.6931471805599453
1965,8740e45a8ffffff,8740e4ce3ffffff,1,30.685673729521497,890,1,6.7912214627261855,0.0,10.331583758863475,0.0
1966,8740e45a8ffffff,8740e4cf3ffffff,2,25.431242323031753,890,3,6.7912214627261855,1.0986122886681098,10.143773030817963,0.6931471805599453
1967,8740e45a8ffffff,8740e4cf4ffffff,1,29.094506532446125,890,1,6.7912214627261855,0.0,10.278339026543835,0.0
1968,8740e45a8ffffff,8740e6944ffffff,1,21.253924575137876,890,1,6.7912214627261855,0.0,9.964343892216275,0.0
1969,8740e45a8ffffff,8740e6945ffffff,1,19.816042783373184,890,1,6.7912214627261855,0.0,9.894297593087686,0.0
1970,8740e45a8ffffff,8740e6969ffffff,4,15.301361349411,890,4,6.7912214627261855,1.3862943611198906,9.635762432034674,1.3862943611198906
1971,8740e45a8ffffff,8740e696cffffff,1,15.210640665017273,890,1,6.7912214627261855,0.0,9.629816246958558,0.0
1972,8740e45a8ffffff,8740e696dffffff,1,13.942219596016452,890,1,6.7912214627261855,0.0,9.542748618623925,0.0
1973,8740e45a8ffffff,8740e696effffff,10,17.51129581461432,890,10,6.7912214627261855,2.302585092994046,9.770658531169115,2.302585092994046
1974,8740e45acffffff,874019249ffffff,7,7.419822220913907,547,53,6.304448802421981,3.970291913552122,8.912045141466214,1.9459101490553132
1975,8740e45acffffff,87401924bffffff,24,6.601339789864655,547,120,6.304448802421981,4.787491742782046,8.795179378805269,3.1780538303479458
1976,8740e45acffffff,87401924dffffff,14,9.893611193258149,547,14,6.304448802421981,2.6390573296152584,9.199745564011321,2.6390573296152584
1977,8740e45acffffff,8740192e9ffffff,3,13.369045491662682,547,13,6.304448802421981,2.5649493574615367,9.500772072607978,1.0986122886681098
1978,8740e45acffffff,8740e4429ffffff,2,20.910981469798386,547,2,6.304448802421981,0.6931471805599453,9.94807754975986,0.6931471805599453
1979,8740e45acffffff,8740e4433ffffff,1,10.876141592329654,547,1,6.304448802421981,0.0,9.294418764599419,0.0
1980,8740e45acffffff,8740e4474ffffff,7,23.333370652983227,547,11,6.304448802421981,2.3978952727983707,10.057682687931647,1.9459101490553132
1981,8740e45acffffff,8740e44b4ffffff,1,16.557958613913176,547,5,6.304448802421981,1.6094379124341003,9.714682540328605,0.0
1982,8740e45acffffff,8740e4504ffffff,5,10.73845333611492,547,7,6.304448802421981,1.9459101490553132,9.281679466964336,1.6094379124341003
1983,8740e45acffffff,8740e4509ffffff,3,14.345965107255955,547,28,6.304448802421981,3.332204510175204,9.571293708036881,1.0986122886681098
1984,8740e45acffffff,8740e450dffffff,4,14.226047535957667,547,28,6.304448802421981,3.332204510175204,9.562900187895158,1.3862943611198906
1985,8740e45acffffff,8740e4512ffffff,58,2.4730159189653773,547,58,6.304448802421981,4.060443010546419,7.813597987436735,4.060443010546419
1986,8740e45acffffff,8740e4513ffffff,4,2.3263084143581474,547,55,6.304448802421981,4.007333185232471,7.75246769184623,1.3862943611198906
1987,8740e45acffffff,8740e4514ffffff,19,6.413889174560079,547,90,6.304448802421981,4.499809670330265,8.766377000916107,2.9444389791664403
1988,8740e45acffffff,8740e4516ffffff,93,4.9462902276342255,547,93,6.304448802421981,4.532599493153256,8.506595276908143,4.532599493153256
1989,8740e45acffffff,8740e451affffff,7,4.859637486913484,547,62,6.304448802421981,4.127134385045092,8.488924878439295,1.9459101490553132
1990,8740e45acffffff,8740e451bffffff,3,7.290106561162148,547,9,6.304448802421981,2.1972245773362196,8.894410605138132,1.0986122886681098
1991,8740e45acffffff,8740e4521ffffff,1,15.33119917326808,547,1,6.304448802421981,0.0,9.637710417106655,0.0
1992,8740e45acffffff,8740e4523ffffff,41,13.028610761028819,547,63,6.304448802421981,4.143134726391533,9.474979797149967,3.713572066704308
1993,8740e45acffffff,8740e4532ffffff,4,8.795632066357538,547,17,6.304448802421981,2.833213344056216,9.082124207478312,1.3862943611198906
1994,8740e45acffffff,8740e4533ffffff,3,8.28543026208314,547,33,6.304448802421981,3.4965075614664802,9.022374547681101,1.0986122886681098
1995,8740e45acffffff,8740e4536ffffff,2,11.217608893458634,547,6,6.304448802421981,1.791759469228055,9.32532918684974,0.6931471805599453
1996,8740e45acffffff,8740e4546ffffff,1,20.6080507697794,547,5,6.304448802421981,1.6094379124341003,9.933485616044596,0.0
1997,8740e45acffffff,8740e4555ffffff,1,18.85169149143661,547,6,6.304448802421981,1.791759469228055,9.84441096737499,0.0
1998,8740e45acffffff,8740e4584ffffff,20,6.156958500219356,547,76,6.304448802421981,4.330733340286331,8.725500589296319,2.995732273553991
1999,8740e45acffffff,8740e458dffffff,2,7.417490374657518,547,12,6.304448802421981,2.4849066497880004,8.911730861911746,0.6931471805599453
2000,8740e45acffffff,8740e459bffffff,1,14.449125367173124,547,18,6.304448802421981,2.8903717578961645,9.578458369431878,0.0
2003,8740e45acffffff,8740e45a2ffffff,86,6.275855342276789,547,86,6.304448802421981,4.454347296253507,8.744624392373593,4.454347296253507
2006,8740e45acffffff,8740e45a6ffffff,17,7.286195722562476,547,73,6.304448802421981,4.290459441148391,8.893874076450858,2.833213344056216
2008,8740e45acffffff,8740e45aaffffff,29,4.14030370746358,547,57,6.304448802421981,4.04305126783455,8.328765922431568,3.367295829986474
2010,8740e45acffffff,8740e45adffffff,8,2.429601769535746,547,72,6.304448802421981,4.276666119016055,7.795894147460687,2.0794415416798357
2011,8740e45acffffff,8740e45aeffffff,55,2.3256486700181047,547,55,6.304448802421981,4.007333185232471,7.752184172109155,4.007333185232471
2012,8740e45acffffff,8740e45b4ffffff,9,10.977601417434093,547,39,6.304448802421981,3.6635616461296463,9.303703331489203,2.1972245773362196
2013,8740e45acffffff,8740e45b6ffffff,2,12.54767591109992,547,5,6.304448802421981,1.6094379124341003,9.437370433902236,0.6931471805599453
2014,8740e45acffffff,8740e4c19ffffff,3,31.677071287445518,547,4,6.304448802421981,1.3862943611198906,10.363379962996925,1.0986122886681098
2015,8740e45acffffff,8740e4c1dffffff,1,33.47923965764826,547,2,6.304448802421981,0.6931471805599453,10.418710682811014,0.0
2016,8740e45acffffff,8740e4cc3ffffff,4,24.50903349178915,547,15,6.304448802421981,2.70805020110221,10.10683784297529,1.3862943611198906
2017,8740e45acffffff,8740e4cd3ffffff,1,18.62891149941372,547,3,6.304448802421981,1.0986122886681098,9.832523713150305,0.0
2018,8740e45acffffff,8740e4cf3ffffff,1,23.779454518230892,547,3,6.304448802421981,1.0986122886681098,10.076619283528508,0.0
2019,8740e6880ffffff,8740e6880ffffff,65,0.0,178,150,5.181783550292085,5.0106352940962555,0.0,4.174387269895637
2023,8740e6880ffffff,8740e6884ffffff,1,2.463095772083739,178,1,5.181783550292085,0.0,7.809580192438527,0.0
2024,8740e6880ffffff,8740e6885ffffff,2,2.310382818645889,178,4,5.181783550292085,1.3862943611198906,7.745601247203118,0.6931471805599453
2025,8740e6880ffffff,8740e6886ffffff,1,2.418536579041564,178,1,5.181783550292085,0.0,7.791331304549165,0.0
2026,8740e6880ffffff,8740e688bffffff,1,8.602211294155948,178,1,5.181783550292085,0.0,9.059890818840021,0.0
2027,8740e6880ffffff,8740e6890ffffff,1,6.116231799181096,178,1,5.181783550292085,0.0,8.718864952783399,0.0
2028,8740e6880ffffff,8740e6891ffffff,22,4.618762424105848,178,44,5.181783550292085,3.784189633918261,8.438098559399846,3.091042453358316
2029,8740e6880ffffff,8740e6895ffffff,2,4.037270707399689,178,2,5.181783550292085,0.6931471805599453,8.30357183659591,0.6931471805599453
2030,8740e6880ffffff,8740e689bffffff,1,8.748797774023453,178,1,5.181783550292085,0.0,9.076785867544407,0.0
2031,8740e6880ffffff,8740e689cffffff,77,4.1167851308378465,178,173,5.181783550292085,5.153291594497779,8.323070708188007,4.343805421853684
2032,8740e6880ffffff,8740e689dffffff,5,4.925394971941807,178,19,5.181783550292085,2.9444389791664403,8.502362756534323,1.6094379124341003
2033,8740e6882ffffff,8740e6880ffffff,85,2.309715186760875,220,150,5.393627546352362,5.0106352940962555,7.7453123602565945,4.442651256490317
2037,8740e6882ffffff,8740e6885ffffff,2,4.620098005406764,220,4,5.393627546352362,1.3862943611198906,8.438387619346244,0.6931471805599453
2038,8740e6882ffffff,8740e688affffff,1,6.5288673874009495,220,1,5.393627546352362,0.0,8.784141913856137,0.0
2039,8740e6882ffffff,8740e6891ffffff,22,2.309047237344972,220,44,5.393627546352362,3.784189633918261,7.745023252373847,3.091042453358316
2040,8740e6882ffffff,8740e689cffffff,96,2.4624136073919662,220,173,5.393627546352362,5.153291594497779,7.809303312317721,4.564348191467836
2041,8740e6882ffffff,8740e689dffffff,14,4.300329445839333,220,19,5.393627546352362,2.9444389791664403,8.3666794273484,2.6390573296152584
2042,8740e6930ffffff,874019208ffffff,39,26.817236099868126,798,39,6.682108597449809,3.6635616461296463,10.196837386584416,3.6635616461296463
2043,8740e6930ffffff,874019209ffffff,1,27.84376356330242,798,1,6.682108597449809,0.0,10.234400204815243,0.0
2044,8740e6930ffffff,87401920affffff,1,24.501856612161784,798,1,6.682108597449809,0.0,10.106544986150752,0.0
2045,8740e6930ffffff,87401920bffffff,2,25.519811609503364,798,2,6.682108597449809,0.6931471805599453,10.14724953983325,0.6931471805599453
2046,8740e6930ffffff,87401920cffffff,1,28.27190901684909,798,1,6.682108597449809,0.0,10.249659346591022,0.0
2047,8740e6930ffffff,874019218ffffff,4,21.409813657131608,798,4,6.682108597449809,1.3862943611198906,9.971651384464208,1.3862943611198906
2048,8740e6930ffffff,874019219ffffff,1,22.1888497257454,798,1,6.682108597449809,0.0,10.007390243742618,0.0
2049,8740e6930ffffff,874019250ffffff,1,28.079303686106332,798,1,6.682108597449809,0.0,10.242823673113541,0.0
2050,8740e6930ffffff,874019253ffffff,1,27.312164160901805,798,1,6.682108597449809,0.0,10.215124068646245,0.0
2051,8740e6930ffffff,874019256ffffff,2,26.72004419431333,798,2,6.682108597449809,0.6931471805599453,10.193206706015506,0.6931471805599453
2054,8740e6930ffffff,87401928affffff,11,8.439590005182534,798,11,6.682108597449809,2.3978952727983707,9.040807490974018,2.3978952727983707
2055,8740e6930ffffff,87401928cffffff,1,12.456340902621477,798,1,6.682108597449809,0.0,9.430065358861603,0.0
2056,8740e6930ffffff,87401928effffff,88,10.311129429115779,798,90,6.682108597449809,4.499809670330265,9.241076095850941,4.477336814478207
2057,8740e6930ffffff,874019298ffffff,10,6.397616986621721,798,10,6.682108597449809,2.302585092994046,8.763837150155338,2.302585092994046
2058,8740e6930ffffff,87401929affffff,25,4.935809992813264,798,25,6.682108597449809,3.2188758248682006,8.504474651152691,3.2188758248682006
2059,8740e6930ffffff,87401929bffffff,100,4.12973570913591,798,100,6.682108597449809,4.605170185988092,8.326210807895729,4.605170185988092
2060,8740e6930ffffff,87401929cffffff,4,8.774684907507199,798,4,6.682108597449809,1.3862943611198906,9.079740097425729,1.3862943611198906
2061,8740e6930ffffff,87401929dffffff,6,8.261082661014385,798,6,6.682108597449809,1.791759469228055,9.01943197287088,1.791759469228055
2064,8740e6930ffffff,8740192e8ffffff,1,24.56389746924113,798,1,6.682108597449809,0.0,10.109073770738599,0.0
2065,8740e6930ffffff,8740192eeffffff,31,22.82352031621351,798,31,6.682108597449809,3.4339872044851463,10.035590689523323,3.4339872044851463
2066,8740e6930ffffff,8740192f0ffffff,64,16.230611146109347,798,64,6.682108597449809,4.1588830833596715,9.694715925212623,4.1588830833596715
2068,8740e6930ffffff,8740192f6ffffff,2,15.271831091674668,798,2,6.682108597449809,0.6931471805599453,9.633830783233096,0.6931471805599453
2069,8740e6930ffffff,874019622ffffff,3,30.449928460808305,798,78,6.682108597449809,4.356708826689592,10.323871763996946,1.0986122886681098
2072,8740e6930ffffff,87401964affffff,5,8.336068382171188,798,7,6.682108597449809,1.9459101490553132,9.028466920628526,1.6094379124341003
2073,8740e6930ffffff,87401964bffffff,27,6.946022055711636,798,27,6.682108597449809,3.295836866004329,8.84606836554197,3.295836866004329
2075,8740e6930ffffff,874019659ffffff,38,10.588140572273929,798,38,6.682108597449809,3.6375861597263857,9.267584280653882,3.6375861597263857
2076,8740e6930ffffff,87401965bffffff,9,12.861430309455939,798,9,6.682108597449809,2.1972245773362196,9.462065962009527,2.1972245773362196
2078,8740e6930ffffff,8740196c9ffffff,1,20.82010179474713,798,1,6.682108597449809,0.0,9.943722260785417,0.0
2079,8740e6930ffffff,8740e6904ffffff,44,4.842930999548517,798,44,6.682108597449809,3.784189633918261,8.48548186005223,3.784189633918261
2080,8740e6930ffffff,8740e6914ffffff,5,4.128121940412483,798,5,6.682108597449809,1.6094379124341003,8.325820058124382,1.6094379124341003
2081,8740e6930ffffff,8740e691cffffff,1,8.967166844774658,798,1,6.682108597449809,0.0,9.101436569036412,0.0
2082,8740e6930ffffff,8740e6920ffffff,1,6.134037501803637,798,1,6.682108597449809,0.0,8.721771469889758,0.0
2083,8740e6930ffffff,8740e6924ffffff,12,6.951998486157825,798,12,6.682108597449809,2.4849066497880004,8.846928282373959,2.4849066497880004
2084,8740e6930ffffff,8740e6926ffffff,2,4.634002155060966,798,2,6.682108597449809,0.6931471805599453,8.44139194295367,0.6931471805599453
2086,8740e6930ffffff,8740e6931ffffff,71,2.421244850942906,798,71,6.682108597449809,4.2626798770413155,7.792450013529716,4.2626798770413155
2090,8740e6930ffffff,8740e6935ffffff,62,2.3166692169544296,798,62,6.682108597449809,4.127134385045092,7.748317311798962,4.127134385045092
2092,8740e6930ffffff,8740e6986ffffff,1,16.85476157086294,798,1,6.682108597449809,0.0,9.732447810323645,0.0
2093,8740e6930ffffff,8740e6995ffffff,4,19.09866312760401,798,5,6.682108597449809,1.6094379124341003,9.857425976580963,1.3862943611198906
2094,8740e6930ffffff,8740e69a1ffffff,65,10.30011923435058,798,65,6.682108597449809,4.174387269895637,9.240007831843457,4.174387269895637
2095,8740e6930ffffff,8740e69a4ffffff,1,9.260033124264664,798,1,6.682108597449809,0.0,9.133570889912027,0.0
2096,8740e6930ffffff,8740e69a5ffffff,3,8.431456438339138,798,3,6.682108597449809,1.0986122886681098,9.039843400997663,1.0986122886681098
2097,8740e6930ffffff,8740e69b0ffffff,33,16.1980729478743,798,34,6.682108597449809,3.5263605246161616,9.69270929414318,3.4965075614664802
2098,8740e6930ffffff,8740e69b3ffffff,1,17.535598869416685,798,1,6.682108597449809,0.0,9.77204534002095,0.0
2099,8740e6930ffffff,8740e69b4ffffff,6,15.146081920849236,798,9,6.682108597449809,2.1972245773362196,9.62556317990015,1.791759469228055
2100,8740e6930ffffff,8740e69b5ffffff,1,13.886058892726515,798,1,6.682108597449809,0.0,9.538712670543452,0.0
2101,8740e6930ffffff,8740e6d21ffffff,2,34.95788394381257,798,10,6.682108597449809,2.302585092994046,10.461927905455909,0.6931471805599453
2102,8740e6930ffffff,8740e6d40ffffff,1,32.01433000836566,798,1,6.682108597449809,0.0,10.373970129829361,0.0
2103,8740e6930ffffff,8740e6d48ffffff,1,32.977825040186644,798,1,6.682108597449809,0.0,10.403620969044345,0.0
2104,8740e6930ffffff,8740e6d60ffffff,1,26.730018059618338,798,1,6.682108597449809,0.0,10.193579895187268,0.0
2105,8740e6930ffffff,8740e6d66ffffff,1,27.748142117328882,798,1,6.682108597449809,0.0,10.23096020400586,0.0
2107,8740e6b12ffffff,874019645ffffff,1,58.29940732972189,209,5,5.342334251964811,1.6094379124341003,10.97336435910186,0.0
2108,8740e6b12ffffff,8740e6b10ffffff,34,2.317824419687975,209,35,5.342334251964811,3.5553480614894135,7.74881562058486,3.5263605246161616
2109,8740e6b12ffffff,8740e6b11ffffff,74,4.054374427417736,209,74,5.342334251964811,4.30406509320417,8.307798299504386,4.30406509320417
2112,8740e6b12ffffff,8740e6b14ffffff,1,4.126710906371844,209,2,5.342334251964811,0.6931471805599453,8.325478272337856,0.0
2114,8740e6b12ffffff,8740e6b36ffffff,1,8.768013947924343,209,1,5.342334251964811,0.0,9.078979644372724,0.0
2115,8740e6b12ffffff,8740e6ba1ffffff,2,2.317159740258203,209,2,5.342334251964811,0.6931471805599453,7.748528934492608,0.6931471805599453
2117,8740e6b12ffffff,8740e6ba8ffffff,2,4.9325728365196575,209,2,5.342334251964811,0.6931471805599453,8.503818717848857,0.6931471805599453
2118,8740e6b12ffffff,8740e6ba9ffffff,2,6.589315385219151,209,2,5.342334251964811,0.6931471805599453,8.793356484503004,0.6931471805599453
2119,8740e6b12ffffff,8740e6bacffffff,90,2.4664217661502614,209,90,5.342334251964811,4.499809670330265,7.8109290650908205,4.499809670330265
2120,8740e6b12ffffff,8740e6badffffff,1,4.30940618470838,209,1,5.342334251964811,0.0,8.368787421048994,0.0
2121,8740e6b12ffffff,8740f5908ffffff,1,116.666958985534,209,2,5.342334251964811,0.6931471805599453,11.667087221755,0.0
2122,8740e6c0cffffff,8740e61b3ffffff,1,22.058326075655724,169,1,5.1298987149230735,0.0,10.001490742733216,0.0
2123,8740e6c0cffffff,8740e6454ffffff,1,48.40207027465555,169,1,5.1298987149230735,0.0,10.787318526119549,0.0
2126,8740e6c0cffffff,8740e6c04ffffff,2,6.516790689215895,169,3,5.1298987149230735,1.0986122886681098,8.782290746150354,0.6931471805599453
2129,8740e6c0cffffff,8740e6c09ffffff,1,4.294249594776952,169,1,5.1298987149230735,0.0,8.36526494559994,0.0
2133,8740e6c0cffffff,8740e6c0dffffff,1,2.413648189495327,169,1,5.1298987149230735,0.0,7.789308878247107,0.0
2137,8740e6c0cffffff,8740e6c21ffffff,15,7.379023844070112,169,15,5.1298987149230735,2.70805020110221,8.906532148493108,2.70805020110221
2138,8740e6c0cffffff,8740e6c23ffffff,22,6.568957515736084,169,22,5.1298987149230735,3.091042453358316,8.790262645055327,3.091042453358316
2139,8740e6c0cffffff,8740e6c28ffffff,20,4.109810167463423,169,20,5.1298987149230735,2.995732273553991,8.32137540910181,2.995732273553991
2141,8740e6c0cffffff,8740e6c2bffffff,1,2.3038476899759326,169,1,5.1298987149230735,0.0,7.742769875145947,0.0
2142,8740e6c0cffffff,8740e6c2cffffff,37,6.370091911236608,169,37,5.1298987149230735,3.6109179126442243,8.75952614851323,3.6109179126442243
2144,8740e6c0cffffff,8740e6c51ffffff,23,10.77272217529299,169,23,5.1298987149230735,3.1354942159291497,9.284865316319266,3.1354942159291497
2145,8740e6c0cffffff,8740e6c54ffffff,9,6.518478738218163,169,9,5.1298987149230735,2.1972245773362196,8.782549703598628,2.1972245773362196
2146,8740e6c0cffffff,8740e6c6effffff,1,14.76461200305674,169,1,5.1298987149230735,0.0,9.600056242899557,0.0
2147,8740e6c0cffffff,8740e6c71ffffff,25,8.546193386552643,169,25,5.1298987149230735,3.2188758248682006,9.053358249159334,3.2188758248682006
2148,8740e6c0cffffff,8740e6c72ffffff,3,4.827738306719601,169,3,5.1298987149230735,1.0986122886681098,8.482340492381825,1.0986122886681098
2149,8740e6c0cffffff,8740e6c73ffffff,2,7.2422697796416555,169,2,5.1298987149230735,0.6931471805599453,8.887828010449303,0.6931471805599453
2150,8740e6c0cffffff,8740e6c74ffffff,1,6.102728027043552,169,1,5.1298987149230735,0.0,8.716655015458443,0.0
2151,8740e6c0cffffff,8740e6d95ffffff,2,25.24352276455093,169,2,5.1298987149230735,0.6931471805599453,10.136364490957108,0.6931471805599453
2152,8740e6c0cffffff,8740e6d9bffffff,1,20.38693023431949,169,4,5.1298987149230735,1.3862943611198906,9.922698349554896,0.0
2153,8740e6c0cffffff,8740e6da6ffffff,1,26.506272389793793,169,1,5.1298987149230735,0.0,10.185174404128881,0.0
2154,8740f4922ffffff,87401a293ffffff,1,10.650817912971801,329,1,5.796057750765372,0.0,9.273485852624347,0.0
2156,8740f4922ffffff,87401a29cffffff,2,8.867410302623298,329,2,5.796057750765372,0.6931471805599453,9.090250837440273,0.6931471805599453
2157,8740f4922ffffff,87401a64dffffff,2,7.900229876498472,329,2,5.796057750765372,0.6931471805599453,8.974773706907577,0.6931471805599453
2158,8740f4922ffffff,87401a663ffffff,1,14.25517569390528,329,1,5.796057750765372,0.0,9.56494547384237,0.0
2159,8740f4922ffffff,87401a669ffffff,38,7.129732258303155,329,38,5.796057750765372,3.6375861597263857,8.872169209159237,3.6375861597263857
2160,8740f4922ffffff,87401a66dffffff,1,8.728390705747044,329,1,5.796057750765372,0.0,9.074450853241869,0.0
2161,8740f4922ffffff,87401a758ffffff,98,22.098081709188115,329,98,5.796057750765372,4.584967478670572,10.003291335022105,4.584967478670572
2162,8740f4922ffffff,8740f4900ffffff,1,4.878644043277205,329,1,5.796057750765372,0.0,8.492827554235406,0.0
2163,8740f4922ffffff,8740f4904ffffff,26,2.4394464914701963,329,26,5.796057750765372,3.258096538021482,7.7999362898543865,3.258096538021482
2164,8740f4922ffffff,8740f490dffffff,1,10.655035057913725,329,1,5.796057750765372,0.0,9.27388168274414,0.0
2165,8740f4922ffffff,8740f4920ffffff,34,2.266125944080319,329,34,5.796057750765372,3.5263605246161616,7.726268204359321,3.5263605246161616
2167,8740f4922ffffff,8740f4923ffffff,27,2.3775280729710024,329,27,5.796057750765372,3.295836866004329,7.7742371186073935,3.295836866004329
2168,8740f4922ffffff,8740f4925ffffff,1,4.532934902544133,329,1,5.796057750765372,0.0,8.419345473342906,0.0
2170,8740f4922ffffff,8740f4928ffffff,1,7.134007080191549,329,1,5.796057750765372,0.0,8.872768522228812,0.0
2171,8740f4922ffffff,8740f492bffffff,1,8.732735314803135,329,1,5.796057750765372,0.0,9.074948428434377,0.0
2172,8740f4922ffffff,8740f4930ffffff,60,3.951106429796945,329,60,5.796057750765372,4.0943445622221,8.282003989121772,4.0943445622221
2173,8740f4922ffffff,8740f4931ffffff,31,2.2654426651996866,329,31,5.796057750765372,3.4339872044851463,7.725966773436049,3.4339872044851463
2174,8740f4922ffffff,8740f4932ffffff,1,5.985432503847382,329,1,5.796057750765372,0.0,8.697250938366432,0.0
2178,8740f4922ffffff,8740f49a5ffffff,2,11.320375276934785,329,2,5.796057750765372,0.6931471805599453,9.334447835273052,0.6931471805599453
