,origin,destination,flow,cost,O,D,log_O,log_D,log_cost,log_flow
0,8743a0203ffffff,8743a1223ffffff,1,108.3293702264155,6,328,1.791759469228055,5.793013608384144,11.592940820513535,0.0
1,8743a0203ffffff,8743a1224ffffff,1,106.08983016775277,6,845,1.791759469228055,6.739336627357174,11.572050894549978,0.0
2,8743a0203ffffff,8743a1225ffffff,2,108.33512448074126,6,598,1.791759469228055,6.393590753950631,11.59299393674948,0.6931471805599453
3,8743a0203ffffff,8743a1226ffffff,2,104.93933572704833,6,670,1.791759469228055,6.507277712385012,11.561147236464176,0.6931471805599453
4,8743a0221ffffff,8743a0226ffffff,1,4.446659445370269,2,1,0.6931471805599453,0.0,8.400133269458424,0.0
5,8743a0221ffffff,8743a1371ffffff,1,112.8565603085942,2,543,0.6931471805599453,6.297109319933935,11.63388177431796,0.0
6,8743a02d0ffffff,8743a02ccffffff,1,9.506533906197799,3,3,1.0986122886681098,1.0986122886681098,9.159839806054041,0.0
7,8743a02d0ffffff,8743a02d0ffffff,1,0.0,3,1,1.0986122886681098,0.0,0.0,0.0
8,8743a02d0ffffff,8743a392cffffff,1,4.1163099763230795,3,1,1.0986122886681098,0.0,8.322955310731365,0.0
9,8743a02eaffffff,8743a02c5ffffff,1,2.2256757340734126,6,1,1.791759469228055,0.0,7.708265050042948,0.0
10,8743a02eaffffff,8743a02ccffffff,2,2.417310002089235,6,3,1.791759469228055,1.0986122886681098,7.790824228949291,0.6931471805599453
11,8743a02eaffffff,8743a02e3ffffff,1,4.058111879289961,6,1,1.791759469228055,0.0,8.30871947972338,0.0
12,8743a02eaffffff,8743a15a2ffffff,1,10.074317083088143,6,1,1.791759469228055,0.0,9.217843858586455,0.0
13,8743a02eaffffff,8743a15b6ffffff,1,4.453336485267914,6,1,1.791759469228055,0.0,8.401633391723548,0.0
14,8743a1200ffffff,8743a1200ffffff,32,0.0,119,292,4.77912349311153,5.676753802268282,0.0,3.4657359027997265
15,8743a1200ffffff,8743a1201ffffff,5,2.255876297752815,119,115,4.77912349311153,4.74493212836325,7.721736967053574,1.6094379124341003
16,8743a1200ffffff,8743a1202ffffff,2,2.2855566326421832,119,68,4.77912349311153,4.219507705176107,7.734802311058245,0.6931471805599453
17,8743a1200ffffff,8743a1203ffffff,23,2.434358453234909,119,257,4.77912349311153,5.54907608489522,7.797849233403252,3.1354942159291497
18,8743a1200ffffff,8743a1204ffffff,3,2.434298683717363,119,422,4.77912349311153,6.045005314036012,7.797824690711837,1.0986122886681098
19,8743a1200ffffff,8743a1205ffffff,4,2.2861599673636603,119,295,4.77912349311153,5.68697535633982,7.735066137953412,1.3862943611198906
20,8743a1200ffffff,8743a1206ffffff,1,2.2552255823925424,119,172,4.77912349311153,5.147494476813453,7.721448599814339,0.0
21,8743a1200ffffff,8743a1220ffffff,1,6.40819442687645,119,473,4.77912349311153,6.159095388491933,8.765488867582771,0.0
22,8743a1200ffffff,8743a1222ffffff,1,4.868536889364043,119,253,4.77912349311153,5.53338948872752,8.49075411696842,0.0
23,8743a1200ffffff,8743a1223ffffff,3,4.1495560979045445,119,328,4.77912349311153,5.793013608384144,8.330997603742684,1.0986122886681098
24,8743a1200ffffff,8743a1224ffffff,1,8.761509363491111,119,845,4.77912349311153,6.739336627357174,9.078237599928991,0.0
25,8743a1200ffffff,8743a1231ffffff,1,4.0983559173958195,119,210,4.77912349311153,5.3471075307174685,8.31858514703386,0.0
26,8743a1200ffffff,8743a1270ffffff,2,10.21370692728429,119,224,4.77912349311153,5.4116460518550396,9.231583816412762,0.6931471805599453
27,8743a1200ffffff,8743a12e0ffffff,20,11.095198604927846,119,268,4.77912349311153,5.5909869805108565,9.31435786062034,2.995732273553991
28,8743a1200ffffff,8743a12e1ffffff,2,12.711433269179391,119,21,4.77912349311153,3.044522437723423,9.450335791114279,0.6931471805599453
29,8743a1200ffffff,8743a12e4ffffff,16,8.707090720483667,119,174,4.77912349311153,5.159055299214529,9.072007840362144,2.772588722239781
30,8743a1200ffffff,8743a12e5ffffff,1,10.41556213258076,119,31,4.77912349311153,3.4339872044851463,9.251152331173838,0.0
31,8743a1200ffffff,8743a12e6ffffff,1,9.737785342932709,119,43,4.77912349311153,3.7612001156935624,9.183871680742085,0.0
32,8743a1203ffffff,8743a1200ffffff,46,2.434358453234909,219,292,5.389071729816501,5.676753802268282,7.797849233403252,3.828641396489095
33,8743a1203ffffff,8743a1201ffffff,12,2.286012943020346,219,115,5.389071729816501,4.74493212836325,7.735001853394762,2.4849066497880004
34,8743a1203ffffff,8743a1202ffffff,6,2.2554383007299506,219,68,5.389071729816501,4.219507705176107,7.721542875986053,1.791759469228055
35,8743a1203ffffff,8743a1203ffffff,48,0.0,219,257,5.389071729816501,5.54907608489522,0.0,3.871201010907891
36,8743a1203ffffff,8743a1204ffffff,14,4.868657136952272,219,422,5.389071729816501,6.045005314036012,8.490778810508338,2.6390573296152584
37,8743a1203ffffff,8743a1205ffffff,13,4.149348966727161,219,295,5.389071729816501,5.68697535633982,8.330947698057505,2.5649493574615367
38,8743a1203ffffff,8743a1206ffffff,2,4.0987433441208925,219,172,5.389071729816501,5.147494476813453,8.318679651738096,0.6931471805599453
39,8743a1203ffffff,8743a1220ffffff,2,8.761394156453447,219,473,5.389071729816501,6.159095388491933,9.0782244521205,0.6931471805599453
40,8743a1203ffffff,8743a1222ffffff,4,7.302895342598953,219,253,5.389071729816501,5.53338948872752,8.896163093393252,1.3862943611198906
41,8743a1203ffffff,8743a1223ffffff,2,6.408025012461268,219,328,5.389071729816501,5.793013608384144,8.7654624342055,0.6931471805599453
42,8743a1203ffffff,8743a1224ffffff,1,11.149615299716713,219,845,5.389071729816501,6.739336627357174,9.319249959196789,0.0
43,8743a1203ffffff,8743a1225ffffff,3,10.519401549396129,219,598,5.389071729816501,6.393590753950631,9.261071655657931,1.0986122886681098
44,8743a1203ffffff,8743a1226ffffff,1,9.737072361727227,219,670,5.389071729816501,6.507277712385012,9.183798467576326,0.0
45,8743a1203ffffff,8743a1228ffffff,2,6.8598483635046295,219,113,5.389071729816501,4.727387818712341,8.833586381223018,0.6931471805599453
46,8743a1203ffffff,8743a1229ffffff,1,8.083277021247389,219,32,5.389071729816501,3.4657359027997265,8.997676345779949,0.0
47,8743a1203ffffff,8743a122bffffff,4,5.898148111167513,219,24,5.389071729816501,3.1780538303479458,8.682563231531159,1.3862943611198906
48,8743a1203ffffff,8743a1231ffffff,7,6.352976071157657,219,210,5.389071729816501,5.3471075307174685,8.756836048872993,1.9459101490553132
49,8743a1203ffffff,8743a1270ffffff,1,9.651109223226184,219,224,5.389071729816501,5.4116460518550396,9.174931742804619,0.0
50,8743a1203ffffff,8743a1274ffffff,1,9.686207157391031,219,44,5.389071729816501,3.784189633918261,9.178561444290226,0.0
51,8743a1203ffffff,8743a12e0ffffff,18,8.707622027155056,219,268,5.389071729816501,5.5909869805108565,9.072068851493148,2.8903717578961645
52,8743a1203ffffff,8743a12e1ffffff,2,10.416419148335468,219,21,5.389071729816501,3.044522437723423,9.251234602127587,0.6931471805599453
53,8743a1203ffffff,8743a12e4ffffff,22,6.355116609077322,219,174,5.389071729816501,5.159055299214529,8.757172873787454,3.091042453358316
54,8743a1203ffffff,8743a12e5ffffff,1,8.201328503043577,219,31,5.389071729816501,3.4339872044851463,9.012173356728061,0.0
55,8743a1203ffffff,8743a12e6ffffff,4,7.3034268896978,219,43,5.389071729816501,3.7612001156935624,8.896235866582483,1.3862943611198906
56,8743a1203ffffff,8743a1350ffffff,1,12.488048000699202,219,500,5.389071729816501,6.214608098422191,9.432607379293861,0.0
57,8743a1203ffffff,8743a1388ffffff,1,11.270681210421424,219,199,5.389071729816501,5.293304824724492,9.33004877163329,0.0
58,8743a1204ffffff,8743a1200ffffff,3,2.434298683717363,84,292,4.430816798843313,5.676753802268282,7.797824690711837,1.0986122886681098
59,8743a1204ffffff,8743a1202ffffff,1,4.1487706923993,84,68,4.430816798843313,4.219507705176107,8.330808356854597,0.0
60,8743a1204ffffff,8743a1203ffffff,3,4.868657136952272,84,257,4.430816798843313,5.54907608489522,8.490778810508338,1.0986122886681098
61,8743a1204ffffff,8743a1204ffffff,27,0.0,84,422,4.430816798843313,6.045005314036012,0.0,3.295836866004329
62,8743a1204ffffff,8743a1205ffffff,13,2.255663460150374,84,295,4.430816798843313,5.68697535633982,7.721642656328948,2.5649493574615367
63,8743a1204ffffff,8743a1206ffffff,1,2.2857035581234504,84,172,4.430816798843313,5.147494476813453,7.73486656521182,0.0
64,8743a1204ffffff,8743a1220ffffff,3,4.149762139472414,84,473,4.430816798843313,6.159095388491933,8.331047244429143,1.0986122886681098
65,8743a1204ffffff,8743a1222ffffff,3,2.43423820564668,84,253,4.430816798843313,5.53338948872752,7.797799856459655,1.0986122886681098
66,8743a1204ffffff,8743a1223ffffff,4,2.2863065825981104,84,328,4.430816798843313,5.793013608384144,7.73513023951931,1.3862943611198906
67,8743a1204ffffff,8743a1224ffffff,2,6.408362044287938,84,845,4.430816798843313,6.739336627357174,8.765515019889683,0.6931471805599453
68,8743a1204ffffff,8743a1225ffffff,1,6.243266467225502,84,598,4.430816798843313,6.393590753950631,8.739418956449516,0.0
69,8743a1204ffffff,8743a1226ffffff,1,4.868415224774954,84,670,4.430816798843313,6.507277712385012,8.490729131818545,0.0
70,8743a1204ffffff,8743a122affffff,1,4.511977603922787,84,40,4.430816798843313,3.6888794541139363,8.414712437244953,0.0
71,8743a1204ffffff,8743a122effffff,1,3.8349960358117556,84,132,4.430816798843313,4.882801922586371,8.25218440258563,0.0
72,8743a1204ffffff,8743a1231ffffff,2,2.2550124926960025,84,210,4.430816798843313,5.3471075307174685,7.721354150145172,0.6931471805599453
73,8743a1204ffffff,8743a12e0ffffff,5,13.499436552712403,84,268,4.430816798843313,5.5909869805108565,9.51047730114164,1.6094379124341003
74,8743a1204ffffff,8743a12e4ffffff,6,11.09460436531101,84,174,4.430816798843313,5.159055299214529,9.314304305745347,1.791759469228055
75,8743a1204ffffff,8743a12e6ffffff,1,12.17208402665007,84,43,4.430816798843313,3.7612001156935624,9.406982566092589,0.0
76,8743a1204ffffff,8743a1319ffffff,1,7.30253034904255,84,724,4.430816798843313,6.584791392385716,8.896113119693,0.0
77,8743a1204ffffff,8743a1356ffffff,1,8.438443387810185,84,509,4.430816798843313,6.2324480165505225,9.040671636103662,0.0
78,8743a1204ffffff,8743a1372ffffff,1,12.489661219134438,84,873,4.430816798843313,6.771935555839602,9.432736541601018,0.0
79,8743a1204ffffff,8743a1388ffffff,3,9.637056309335387,84,199,4.430816798843313,5.293304824724492,9.173474739612697,1.0986122886681098
80,8743a1205ffffff,8743a1200ffffff,41,2.2861599673636603,397,292,5.983936280687191,5.676753802268282,7.735066137953412,3.713572066704308
81,8743a1205ffffff,8743a1201ffffff,14,2.434664449751046,397,115,5.983936280687191,4.74493212836325,7.7979748729342635,2.6390573296152584
82,8743a1205ffffff,8743a1202ffffff,2,4.571716600005844,397,68,5.983936280687191,4.219507705176107,8.42786274929199,0.6931471805599453
83,8743a1205ffffff,8743a1203ffffff,40,4.149348966727161,397,257,5.983936280687191,5.54907608489522,8.330947698057505,3.6888794541139363
84,8743a1205ffffff,8743a1204ffffff,45,2.255663460150374,397,422,5.983936280687191,6.045005314036012,7.721642656328948,3.8066624897703196
85,8743a1205ffffff,8743a1205ffffff,44,0.0,397,295,5.983936280687191,5.68697535633982,0.0,3.784189633918261
86,8743a1205ffffff,8743a1206ffffff,9,3.8339559258478095,397,172,5.983936280687191,5.147494476813453,8.251913221127182,2.1972245773362196
87,8743a1205ffffff,8743a1220ffffff,10,4.869147744587044,397,473,5.983936280687191,6.159095388491933,8.490879553314002,2.302585092994046
88,8743a1205ffffff,8743a1221ffffff,6,4.150340838169393,397,324,5.983936280687191,5.780743515792329,8.331186654576062,1.791759469228055
89,8743a1205ffffff,8743a1222ffffff,21,4.098864413433785,397,253,5.983936280687191,5.53338948872752,8.318709182251379,3.044522437723423
90,8743a1205ffffff,8743a1223ffffff,24,2.4346043010437977,397,328,5.983936280687191,5.793013608384144,7.797950177640151,3.1780538303479458
91,8743a1205ffffff,8743a1224ffffff,9,7.303629621939882,397,845,5.983936280687191,6.739336627357174,8.89626362090624,2.1972245773362196
92,8743a1205ffffff,8743a1225ffffff,7,6.409227206302946,397,598,5.983936280687191,6.393590753950631,8.76564999488762,1.9459101490553132
93,8743a1205ffffff,8743a1226ffffff,7,6.353239410622586,397,670,5.983936280687191,6.507277712385012,8.756877492845256,1.9459101490553132
94,8743a1205ffffff,8743a1228ffffff,9,3.8360734081835126,397,113,5.983936280687191,4.727387818712341,8.25246522172501,2.1972245773362196
95,8743a1205ffffff,8743a1229ffffff,2,5.864693368818362,397,32,5.983936280687191,3.4657359027997265,8.676875975552377,0.6931471805599453
96,8743a1205ffffff,8743a122affffff,4,2.2563141437724132,397,40,5.983936280687191,3.6888794541139363,7.7219309535619605,1.3862943611198906
97,8743a1205ffffff,8743a122effffff,3,2.286762952030634,397,132,5.983936280687191,4.882801922586371,7.735329742250616,1.0986122886681098
98,8743a1205ffffff,8743a1231ffffff,24,4.510675952846377,397,210,5.983936280687191,5.3471075307174685,8.414423971637436,3.1780538303479458
99,8743a1205ffffff,8743a1236ffffff,1,9.018746904622699,397,125,5.983936280687191,4.8283137373023015,9.10717155330853,0.0
100,8743a1205ffffff,8743a1244ffffff,1,13.547635125614718,397,322,5.983936280687191,5.7745515455444085,9.514041092497447,0.0
101,8743a1205ffffff,8743a1251ffffff,2,14.300258516235242,397,45,5.983936280687191,3.8066624897703196,9.56810282050385,0.6931471805599453
102,8743a1205ffffff,8743a1255ffffff,1,12.314046869706663,397,2,5.983936280687191,0.6931471805599453,9.418577116451306,0.0
103,8743a1205ffffff,8743a1260ffffff,3,13.87178569756485,397,269,5.983936280687191,5.594711379601839,9.537684336514202,1.0986122886681098
104,8743a1205ffffff,8743a1262ffffff,2,12.436966462400344,397,371,5.983936280687191,5.916202062607435,9.428508885278172,0.6931471805599453
105,8743a1205ffffff,8743a1263ffffff,4,14.670286305068554,397,305,5.983936280687191,5.720311776607412,9.593647549983551,1.3862943611198906
106,8743a1205ffffff,8743a1270ffffff,3,9.029157826237757,397,224,5.983936280687191,5.4116460518550396,9.10832512424697,1.0986122886681098
107,8743a1205ffffff,8743a1271ffffff,4,11.288071849827771,397,332,5.983936280687191,5.805134968916488,9.331590443828746,1.3862943611198906
108,8743a1205ffffff,8743a1275ffffff,1,10.21602494523733,397,132,5.983936280687191,4.882801922586371,9.231810720130708,0.0
109,8743a1205ffffff,8743a12e0ffffff,15,12.173909556289367,397,268,5.983936280687191,5.5909869805108565,9.407132519281667,2.70805020110221
110,8743a1205ffffff,8743a12e4ffffff,7,9.739011601737229,397,174,5.983936280687191,5.159055299214529,9.183997587779324,1.9459101490553132
111,8743a1205ffffff,8743a12e5ffffff,6,11.09649199853573,397,31,5.983936280687191,3.4339872044851463,9.314474415692903,1.791759469228055
112,8743a1205ffffff,8743a12e6ffffff,3,11.149427691842629,397,43,5.983936280687191,3.7612001156935624,9.319233134165406,1.0986122886681098
113,8743a1205ffffff,8743a130affffff,1,9.738049224523548,397,617,5.983936280687191,6.424869023905388,9.183898776319875,0.0
114,8743a1205ffffff,8743a1319ffffff,2,8.70494092858328,397,724,5.983936280687191,6.584791392385716,9.071760936950616,0.6931471805599453
115,8743a1205ffffff,8743a1350ffffff,1,8.43982819536914,397,500,5.983936280687191,6.214608098422191,9.040835710189228,0.0
116,8743a1205ffffff,8743a1354ffffff,1,10.355456018607821,397,303,5.983936280687191,5.713732805509369,9.245365374143724,0.0
117,8743a1205ffffff,8743a1355ffffff,1,10.674950019450142,397,434,5.983936280687191,6.073044534100405,9.27574882893329,0.0
118,8743a1205ffffff,8743a1356ffffff,1,8.301670379591528,397,509,5.983936280687191,6.2324480165505225,9.0243324745208,0.0
119,8743a1205ffffff,8743a135affffff,5,7.674263269624461,397,504,5.983936280687191,6.222576268071369,8.94575787409829,1.6094379124341003
120,8743a1205ffffff,8743a135cffffff,2,10.316904518224373,397,25,5.983936280687191,3.2188758248682006,9.241635967858343,0.6931471805599453
121,8743a1205ffffff,8743a1388ffffff,5,11.71460021445016,397,199,5.983936280687191,5.293304824724492,9.368676584324293,1.6094379124341003
122,8743a1205ffffff,8743a1389ffffff,1,9.639868744115313,397,67,5.983936280687191,4.204692619390966,9.173766502228307,0.0
123,8743a1205ffffff,8743a13a8ffffff,1,12.72288306412852,397,68,5.983936280687191,4.219507705176107,9.451236062645142,0.0
124,8743a1205ffffff,8743a13adffffff,2,12.299240647226078,397,401,5.983936280687191,5.993961427306569,9.41737410598425,0.6931471805599453
125,8743a1218ffffff,8743a1200ffffff,5,6.406817859795448,63,292,4.143134726391533,5.676753802268282,8.765274064467114,1.6094379124341003
126,8743a1218ffffff,8743a1201ffffff,1,6.24068071100361,63,115,4.143134726391533,4.74493212836325,8.739004769808815,0.0
127,8743a1218ffffff,8743a1203ffffff,4,4.1483539319724665,63,257,4.143134726391533,5.54907608489522,8.330707922062725,1.3862943611198906
128,8743a1218ffffff,8743a12e0ffffff,30,6.154709235723528,63,268,4.143134726391533,5.5909869805108565,8.725135261179778,3.4011973816621555
129,8743a1218ffffff,8743a12e1ffffff,3,8.315514584847177,63,21,4.143134726391533,3.044522437723423,9.025998525953236,1.0986122886681098
130,8743a1218ffffff,8743a12e4ffffff,12,4.512375201315848,63,174,4.143134726391533,5.159055299214529,8.414800534265288,2.4849066497880004
131,8743a1218ffffff,8743a12e5ffffff,1,6.769537451788249,63,31,4.143134726391533,3.4339872044851463,8.82033575002094,0.0
132,8743a1218ffffff,8743a12e6ffffff,7,4.0998993802157555,63,43,4.143134726391533,3.7612001156935624,8.31896158966452,1.9459101490553132
134,8743a1220ffffff,8743a1201ffffff,53,7.303812194338091,1576,115,7.362645270417825,4.74493212836325,8.89628861466035,3.970291913552122
135,8743a1220ffffff,8743a1202ffffff,34,8.298532831871714,1576,68,7.362645270417825,4.219507705176107,9.02395450688395,3.5263605246161616
139,8743a1220ffffff,8743a1206ffffff,86,6.24190120210634,1576,172,7.362645270417825,5.147494476813453,8.739200289549101,4.454347296253507
140,8743a1220ffffff,8743a121dffffff,1,11.149555977966845,1576,1,7.362645270417825,0.0,9.319244639139907,0.0
148,8743a1220ffffff,8743a1228ffffff,40,6.153879646517309,1576,113,7.362645270417825,4.727387818712341,8.725000484652773,3.6888794541139363
149,8743a1220ffffff,8743a1229ffffff,9,8.314562281550304,1576,32,7.362645270417825,3.4657359027997265,9.025884011896386,2.1972245773362196
150,8743a1220ffffff,8743a122affffff,16,6.354445904110115,1576,40,7.362645270417825,3.6888794541139363,8.757067347033031,2.772588722239781
151,8743a1220ffffff,8743a122bffffff,8,8.200029245780193,1576,24,7.362645270417825,3.1780538303479458,9.01201494315372,2.0794415416798357
152,8743a1220ffffff,8743a122dffffff,7,6.769616001364904,1576,38,7.362645270417825,3.6375861597263857,8.82034735162887,1.9459101490553132
153,8743a1220ffffff,8743a122effffff,55,4.099372534041738,1576,132,7.362645270417825,4.882801922586371,8.3188331105261,4.007333185232471
155,8743a1220ffffff,8743a1234ffffff,2,5.859223827660988,1576,13,7.362645270417825,2.5649493574615367,8.675943077688201,0.6931471805599453
156,8743a1220ffffff,8743a1235ffffff,1,3.833880299610497,1576,7,7.362645270417825,1.9459101490553132,8.25189350069637,0.0
157,8743a1220ffffff,8743a1236ffffff,32,7.665642242688131,1576,125,7.362645270417825,4.8283137373023015,8.944634020501772,3.4657359027997265
158,8743a1220ffffff,8743a1244ffffff,2,16.636514389973385,1576,322,7.362645270417825,5.7745515455444085,9.719415327614993,0.6931471805599453
159,8743a1220ffffff,8743a1246ffffff,1,16.361958395308072,1576,158,7.362645270417825,5.062595033026967,9.702775424817833,0.0
160,8743a1220ffffff,8743a1251ffffff,2,18.593454192804952,1576,45,7.362645270417825,3.8066624897703196,9.830618653565109,0.6931471805599453
161,8743a1220ffffff,8743a1260ffffff,5,15.804873993766902,1576,269,7.362645270417825,5.594711379601839,9.66813692168246,1.6094379124341003
162,8743a1220ffffff,8743a1262ffffff,26,14.972744768900105,1576,371,7.362645270417825,5.916202062607435,9.614053597694122,3.258096538021482
163,8743a1220ffffff,8743a1263ffffff,11,17.213893420912196,1576,305,7.362645270417825,5.720311776607412,9.753530184694046,2.3978952727983707
164,8743a1220ffffff,8743a126cffffff,1,20.32639924282944,1576,356,7.362645270417825,5.87493073085203,9.919724971377022,0.0
165,8743a1220ffffff,8743a126effffff,1,19.460048488417858,1576,282,7.362645270417825,5.641907070938114,9.87617023344673,0.0
166,8743a1220ffffff,8743a1270ffffff,12,12.31145894569463,1576,224,7.362645270417825,5.4116460518550396,9.418366951114958,2.4849066497880004
167,8743a1220ffffff,8743a1271ffffff,6,14.458895627139789,1576,332,7.362645270417825,5.805134968916488,9.579134277646581,1.791759469228055
168,8743a1220ffffff,8743a1274ffffff,3,10.516596017670516,1576,44,7.362645270417825,3.784189633918261,9.260804944747512,1.0986122886681098
169,8743a1220ffffff,8743a1275ffffff,10,12.738899975540047,1576,132,7.362645270417825,4.882801922586371,9.452494077881836,2.302585092994046
170,8743a1220ffffff,8743a12e0ffffff,98,17.04305730087641,1576,268,7.362645270417825,5.5909869805108565,9.743556876552452,4.584967478670572
171,8743a1220ffffff,8743a12e1ffffff,10,18.334508537347805,1576,21,7.362645270417825,3.044522437723423,9.816594816000139,2.302585092994046
172,8743a1220ffffff,8743a12e4ffffff,69,14.60815934632427,1576,174,7.362645270417825,5.159055299214529,9.589403963481084,4.23410650459726
173,8743a1220ffffff,8743a12e5ffffff,13,15.914639663585158,1576,31,7.362645270417825,3.4339872044851463,9.675057531405207,2.5649493574615367
174,8743a1220ffffff,8743a12e6ffffff,15,15.968017997802205,1576,43,7.362645270417825,3.7612001156935624,9.678405748886522,2.70805020110221
175,8743a1220ffffff,8743a1300ffffff,5,11.090972475768066,1576,431,7.362645270417825,6.066108090103747,9.313976925283624,1.6094379124341003
176,8743a1220ffffff,8743a1301ffffff,10,9.737551027024725,1576,567,7.362645270417825,6.340359303727752,9.183847620377408,2.302585092994046
177,8743a1220ffffff,8743a1302ffffff,5,10.408264109752027,1576,423,7.362645270417825,6.0473721790462776,9.250451468404451,1.6094379124341003
178,8743a1220ffffff,8743a1303ffffff,10,8.703851302757862,1576,368,7.362645270417825,5.908082938168931,9.071635770236504,2.302585092994046
179,8743a1220ffffff,8743a1308ffffff,4,6.409558467032887,1576,246,7.362645270417825,5.5053315359323625,8.765701670461715,1.3862943611198906
180,8743a1220ffffff,8743a1309ffffff,17,6.245032543551171,1576,528,7.362645270417825,6.269096283706261,8.739701748132232,2.833213344056216
181,8743a1220ffffff,8743a130affffff,52,4.868901479936506,1576,617,7.362645270417825,6.424869023905388,8.490828985879503,3.9512437185814275
182,8743a1220ffffff,8743a130bffffff,35,4.15075041957354,1576,487,7.362645270417825,6.18826412308259,8.3312853121463,3.5553480614894135
183,8743a1220ffffff,8743a130cffffff,28,8.76303748435544,1576,576,7.362645270417825,6.3561076606958915,9.078411977789214,3.332204510175204
184,8743a1220ffffff,8743a130dffffff,29,8.30248594741333,1576,613,7.362645270417825,6.418364935936212,9.024430699276294,3.367295829986474
185,8743a1220ffffff,8743a130effffff,3,7.303258099283054,1576,167,7.362645270417825,5.117993812416755,8.896212758354073,1.0986122886681098
186,8743a1220ffffff,8743a1310ffffff,1,12.29662781442931,1576,81,7.362645270417825,4.394449154672439,9.417161662145006,0.0
187,8743a1220ffffff,8743a1311ffffff,9,10.203472144569009,1576,547,7.362645270417825,6.304448802421981,9.230581348729181,2.1972245773362196
188,8743a1220ffffff,8743a1313ffffff,5,10.504192714740979,1576,95,7.362645270417825,4.553876891600541,9.25962495815995,1.6094379124341003
189,8743a1220ffffff,8743a1315ffffff,1,12.290384669102894,1576,159,7.362645270417825,5.0689042022202315,9.416653862536156,0.0
190,8743a1220ffffff,8743a1316ffffff,1,14.437308896093164,1576,8,7.362645270417825,2.0794415416798357,9.577640293129695,0.0
191,8743a1220ffffff,8743a1318ffffff,46,6.15017185434041,1576,369,7.362645270417825,5.910796644040527,8.724397888070296,3.828641396489095
193,8743a1220ffffff,8743a131affffff,2,6.763755318723122,1576,6,7.362645270417825,1.791759469228055,8.819481371247624,0.6931471805599453
194,8743a1220ffffff,8743a131bffffff,91,4.509821871147939,1576,469,7.362645270417825,6.150602768446279,8.414234648964792,4.51085950651685
195,8743a1220ffffff,8743a131cffffff,12,8.194881382243448,1576,465,7.362645270417825,6.142037405587356,9.011387036614169,2.4849066497880004
196,8743a1220ffffff,8743a131dffffff,3,6.3522903295667295,1576,392,7.362645270417825,5.971261839790462,8.756728119823586,1.0986122886681098
197,8743a1220ffffff,8743a131effffff,13,8.307154008664057,1576,593,7.362645270417825,6.385194398997726,9.02499272221755,2.5649493574615367
198,8743a1220ffffff,8743a1328ffffff,1,12.820468430918075,1576,199,7.362645270417825,5.293304824724492,9.458876266108502,0.0
199,8743a1220ffffff,8743a132affffff,1,11.151365230019485,1576,372,7.362645270417825,5.918893854273146,9.319406882645117,0.0
200,8743a1220ffffff,8743a132bffffff,1,10.522337298534477,1576,99,7.362645270417825,4.59511985013459,9.261350669684726,0.0
201,8743a1220ffffff,8743a1340ffffff,6,11.80528158652706,1576,643,7.362645270417825,6.466144724237619,9.376387006653509,1.791759469228055
202,8743a1220ffffff,8743a1342ffffff,4,9.689239734841369,1576,214,7.362645270417825,5.365976015021851,9.178874445016477,1.3862943611198906
203,8743a1220ffffff,8743a1344ffffff,2,12.570666687122742,1576,418,7.362645270417825,6.035481432524756,9.439200885246779,0.6931471805599453
204,8743a1220ffffff,8743a134cffffff,1,15.356684217600915,1576,283,7.362645270417825,5.645446897643238,9.63937122825189,0.0
205,8743a1220ffffff,8743a134dffffff,1,17.30322849981016,1576,307,7.362645270417825,5.726847747587197,9.758706172574035,0.0
206,8743a1220ffffff,8743a134effffff,3,13.472042140771412,1576,325,7.362645270417825,5.783825182329737,9.508446089545167,1.0986122886681098
207,8743a1220ffffff,8743a1350ffffff,44,5.900237983796834,1576,500,7.362645270417825,6.214608098422191,8.68291743564522,3.784189633918261
208,8743a1220ffffff,8743a1351ffffff,5,7.674111574137826,1576,115,7.362645270417825,4.74493212836325,8.94573810969668,1.6094379124341003
209,8743a1220ffffff,8743a1352ffffff,73,3.835997634289648,1576,468,7.362645270417825,6.148468295917647,8.252445473694676,4.290459441148391
210,8743a1220ffffff,8743a1353ffffff,1,5.864152449707865,1576,4,7.362645270417825,1.3862943611198906,8.676783753879832,0.0
211,8743a1220ffffff,8743a1354ffffff,9,6.862971137049142,1576,303,7.362645270417825,5.713732805509369,8.834041436183599,2.1972245773362196
212,8743a1220ffffff,8743a1355ffffff,28,8.086475129348125,1576,434,7.362645270417825,6.073044534100405,8.998071863607905,3.332204510175204
213,8743a1220ffffff,8743a1356ffffff,37,4.574712314813485,1576,509,7.362645270417825,6.2324480165505225,8.428517662817057,3.6109179126442243
214,8743a1220ffffff,8743a135affffff,86,9.027455715914739,1576,504,7.362645270417825,6.222576268071369,9.10813661472224,4.454347296253507
215,8743a1220ffffff,8743a135bffffff,3,11.285945477709424,1576,16,7.362645270417825,2.772588722239781,9.331402069405236,1.0986122886681098
216,8743a1220ffffff,8743a135cffffff,3,9.65268582372021,1576,25,7.362645270417825,3.2188758248682006,9.175095072053034,1.0986122886681098
217,8743a1220ffffff,8743a135dffffff,2,11.733229793853509,1576,77,7.362645270417825,4.343805421853684,9.37026547288477,0.6931471805599453
218,8743a1220ffffff,8743a1363ffffff,1,14.835446269670149,1576,553,7.362645270417825,6.315358001522335,9.604842018345147,0.0
219,8743a1220ffffff,8743a1368ffffff,1,17.71512652355517,1576,725,7.362645270417825,6.586171654854675,9.782230606785207,0.0
220,8743a1220ffffff,8743a136affffff,2,15.585168496793338,1576,932,7.362645270417825,6.837332814685591,9.654139165123548,0.6931471805599453
221,8743a1220ffffff,8743a136bffffff,2,17.339908441248504,1576,578,7.362645270417825,6.359573868672378,9.760823638884288,0.6931471805599453
222,8743a1220ffffff,8743a136effffff,1,16.18165843926033,1576,628,7.362645270417825,6.4425401664681985,9.691695481149448,0.0
223,8743a1220ffffff,8743a1370ffffff,2,10.676416662709286,1576,353,7.362645270417825,5.8664680569332965,9.275886197741055,0.6931471805599453
224,8743a1220ffffff,8743a1371ffffff,6,11.441292345065357,1576,543,7.362645270417825,6.297109319933935,9.34507162467384,1.791759469228055
225,8743a1220ffffff,8743a1372ffffff,24,8.440975235563185,1576,873,7.362645270417825,6.771935555839602,9.0409715928583,3.1780538303479458
226,8743a1220ffffff,8743a1373ffffff,3,9.151831265143196,1576,305,7.362645270417825,5.720311776607412,9.121818538291134,1.0986122886681098
227,8743a1220ffffff,8743a1385ffffff,2,13.842946815806405,1576,9,7.362645270417825,2.1972245773362196,9.535603363069614,0.6931471805599453
228,8743a1220ffffff,8743a1388ffffff,70,11.786042171902848,1576,199,7.362645270417825,5.293304824724492,9.374756086051919,4.248495242049359
229,8743a1220ffffff,8743a1389ffffff,26,10.304005128850378,1576,67,7.362645270417825,4.204692619390966,9.24038499102947,3.258096538021482
230,8743a1220ffffff,8743a138bffffff,1,12.550497292043115,1576,5,7.362645270417825,1.6094379124341003,9.437595243582413,0.0
231,8743a1220ffffff,8743a138dffffff,8,9.675997339743281,1576,30,7.362645270417825,3.4011973816621555,9.177506939975798,2.0794415416798357
232,8743a1220ffffff,8743a1392ffffff,5,22.97148626644292,1576,20,7.362645270417825,2.995732273553991,10.042052529548892,1.6094379124341003
233,8743a1220ffffff,8743a13a8ffffff,13,10.20011034865058,1576,68,7.362645270417825,4.219507705176107,9.230251851058632,2.5649493574615367
234,8743a1220ffffff,8743a13a9ffffff,11,8.007162271419975,1576,70,7.362645270417825,4.248495242049359,8.988216584453584,2.3978952727983707
235,8743a1220ffffff,8743a13aaffffff,4,11.713515345271059,1576,9,7.362645270417825,2.1972245773362196,9.368583979644038,1.3862943611198906
236,8743a1220ffffff,8743a13abffffff,16,9.639249618082049,1576,41,7.362645270417825,3.713572066704308,9.173702281261262,2.772588722239781
237,8743a1220ffffff,8743a13acffffff,4,11.269665830927417,1576,20,7.362645270417825,2.995732273553991,9.329958685228991,1.3862943611198906
238,8743a1220ffffff,8743a13adffffff,38,9.017036732175244,1576,401,7.362645270417825,5.993961427306569,9.106981932179126,3.6375861597263857
239,8743a1220ffffff,8743a13aeffffff,10,12.413883093476379,1576,70,7.362645270417825,4.248495242049359,9.42665128134347,2.302585092994046
240,8743a1220ffffff,8743acc92ffffff,3,19.154477609751037,1576,365,7.362645270417825,5.8998973535824915,9.860343990770708,1.0986122886681098
241,8743a1220ffffff,8743acd9bffffff,1,23.212830615693004,1576,734,7.362645270417825,6.598509028614515,10.052503527257379,0.0
242,8743a1221ffffff,8743a1200ffffff,27,6.242862137636182,968,292,6.875232087276577,5.676753802268282,8.739354202217356,3.295836866004329
243,8743a1221ffffff,8743a1201ffffff,4,6.40905887930268,968,115,6.875232087276577,4.74493212836325,8.765623735411168,1.3862943611198906
244,8743a1221ffffff,8743a1202ffffff,4,8.435905621005066,968,68,6.875232087276577,4.219507705176107,9.040370887781508,1.3862943611198906
245,8743a1221ffffff,8743a1203ffffff,25,8.299689804896556,968,257,6.875232087276577,5.54907608489522,9.024093899355007,3.2188758248682006
246,8743a1221ffffff,8743a1204ffffff,31,4.573215839237094,968,422,6.875232087276577,6.045005314036012,8.428190561759095,3.4339872044851463
247,8743a1221ffffff,8743a1205ffffff,57,4.150340838169393,968,295,6.875232087276577,5.68697535633982,8.331186654576062,4.04305126783455
248,8743a1221ffffff,8743a1206ffffff,11,6.858919397360545,968,172,6.875232087276577,5.147494476813453,8.833450970995006,2.3978952727983707
249,8743a1221ffffff,8743a1220ffffff,84,2.255887858342238,968,473,6.875232087276577,6.159095388491933,7.721742089425512,4.430816798843313
251,8743a1221ffffff,8743a1222ffffff,19,3.8349581857777406,968,253,6.875232087276577,5.53338948872752,8.252174535468876,2.9444389791664403
252,8743a1221ffffff,8743a1223ffffff,47,2.286909256638984,968,328,6.875232087276577,5.793013608384144,7.735393691153303,3.8501476017100584
253,8743a1221ffffff,8743a1224ffffff,98,4.098983193508575,968,845,6.875232087276577,6.739336627357174,8.318738153539748,4.584967478670572
255,8743a1221ffffff,8743a1226ffffff,62,4.511124529178658,968,670,6.875232087276577,6.507277712385012,8.414523392349041,4.127134385045092
256,8743a1221ffffff,8743a1228ffffff,13,4.100269015759475,968,113,6.875232087276577,4.727387818712341,8.319051720841088,2.5649493574615367
257,8743a1221ffffff,8743a1229ffffff,2,6.15540613534881,968,32,6.875232087276577,3.4657359027997265,8.725248466685903,0.6931471805599453
258,8743a1221ffffff,8743a122affffff,10,4.869879704864236,968,40,6.875232087276577,3.6888794541139363,8.491029837312762,2.302585092994046
259,8743a1221ffffff,8743a122bffffff,1,6.355651583091649,968,24,6.875232087276577,3.1780538303479458,8.757257037048603,0.0
260,8743a1221ffffff,8743a122effffff,13,2.434909588350701,968,132,6.875232087276577,4.882801922586371,7.798075513342454,2.5649493574615367
261,8743a1221ffffff,8743a1231ffffff,15,5.896934944086605,968,210,6.875232087276577,5.3471075307174685,8.68235755914935,2.70805020110221
262,8743a1221ffffff,8743a1236ffffff,4,9.642062280447739,968,125,6.875232087276577,4.8283137373023015,9.173994001106943,1.3862943611198906
263,8743a1221ffffff,8743a1244ffffff,1,14.462587839595368,968,322,6.875232087276577,5.7745515455444085,9.579389586622755,0.0
264,8743a1221ffffff,8743a1262ffffff,1,12.742366111570016,968,371,6.875232087276577,5.916202062607435,9.452766110206069,0.0
265,8743a1221ffffff,8743a1271ffffff,1,12.314509401800176,968,332,6.875232087276577,5.805134968916488,9.418614674035348,0.0
266,8743a1221ffffff,8743a1275ffffff,1,10.519413885916197,968,132,6.875232087276577,4.882801922586371,9.261072828285494,0.0
267,8743a1221ffffff,8743a12e0ffffff,2,15.970263029609194,968,268,6.875232087276577,5.5909869805108565,9.678546325721696,0.6931471805599453
268,8743a1221ffffff,8743a1301ffffff,4,11.092869684459822,968,567,6.875232087276577,6.340359303727752,9.314147954057981,1.3862943611198906
269,8743a1221ffffff,8743a1302ffffff,1,12.293080971301528,968,423,6.875232087276577,6.0473721790462776,9.416873203690713,0.0
270,8743a1221ffffff,8743a1308ffffff,3,7.304358506286205,968,246,6.875232087276577,5.5053315359323625,8.896363399816465,1.0986122886681098
271,8743a1221ffffff,8743a1309ffffff,10,6.410424434615695,968,528,6.875232087276577,6.269096283706261,8.765836745916232,2.302585092994046
272,8743a1221ffffff,8743a130affffff,15,6.35349869341068,968,617,6.875232087276577,6.424869023905388,8.756918296705718,2.70805020110221
273,8743a1221ffffff,8743a130bffffff,14,4.869634756191567,968,487,6.875232087276577,6.18826412308259,8.490979547663509,2.6390573296152584
274,8743a1221ffffff,8743a130cffffff,14,9.739018892731814,968,576,6.875232087276577,6.3561076606958915,9.183998336340224,2.6390573296152584
275,8743a1221ffffff,8743a130dffffff,10,8.764234130183713,968,613,6.875232087276577,6.418364935936212,9.078548508941957,2.302585092994046
276,8743a1221ffffff,8743a1311ffffff,6,12.299688301116063,968,547,6.875232087276577,6.304448802421981,9.417410499235167,1.791759469228055
277,8743a1221ffffff,8743a1313ffffff,1,12.723678930830177,968,95,6.875232087276577,4.553876891600541,9.451298609731463,0.0
278,8743a1221ffffff,8743a1318ffffff,3,8.309328992143403,968,369,6.875232087276577,5.910796644040527,9.025254476974787,1.0986122886681098
279,8743a1221ffffff,8743a1319ffffff,49,6.151700850818054,968,724,6.875232087276577,6.584791392385716,8.724646427131477,3.8918202981106265
280,8743a1221ffffff,8743a131bffffff,23,6.765709729490177,968,469,6.875232087276577,6.150602768446279,8.819770240305585,3.1354942159291497
281,8743a1221ffffff,8743a131cffffff,4,10.205893572322518,968,465,6.875232087276577,6.142037405587356,9.230818611418847,1.3862943611198906
282,8743a1221ffffff,8743a131dffffff,3,8.196677777644016,968,392,6.875232087276577,5.971261839790462,9.01160619529597,1.0986122886681098
283,8743a1221ffffff,8743a131effffff,3,10.507017507743784,968,593,6.875232087276577,6.385194398997726,9.259893816938776,1.0986122886681098
284,8743a1221ffffff,8743a1328ffffff,2,13.55799833447266,968,199,6.875232087276577,5.293304824724492,9.514805689626742,0.6931471805599453
285,8743a1221ffffff,8743a132affffff,1,12.173615206931654,968,372,6.875232087276577,5.918893854273146,9.407108342271185,0.0
286,8743a1221ffffff,8743a132bffffff,1,11.152908849110652,968,99,6.875232087276577,4.59511985013459,9.319545284880125,0.0
287,8743a1221ffffff,8743a1342ffffff,8,8.088420002841,968,214,6.875232087276577,5.365976015021851,8.998312314384936,2.0794415416798357
288,8743a1221ffffff,8743a1346ffffff,1,9.153656730154381,968,243,6.875232087276577,5.493061443340548,9.122017961064778,0.0
290,8743a1221ffffff,8743a1351ffffff,23,5.901743974477382,968,115,6.875232087276577,4.74493212836325,8.683172602197327,3.1354942159291497
291,8743a1221ffffff,8743a1352ffffff,89,2.2875115794458405,968,468,6.875232087276577,6.148468295917647,7.73565691992177,4.48863636973214
292,8743a1221ffffff,8743a1354ffffff,4,6.245993952050949,968,303,6.875232087276577,5.713732805509369,8.739855659356548,1.3862943611198906
293,8743a1221ffffff,8743a1355ffffff,78,6.864340297775864,968,434,6.875232087276577,6.073044534100405,8.834240886933589,4.356708826689592
295,8743a1221ffffff,8743a135affffff,19,6.771567857572503,968,504,6.875232087276577,6.222576268071369,8.820635593484175,2.9444389791664403
296,8743a1221ffffff,8743a135cffffff,4,7.676265913612649,968,25,6.875232087276577,3.2188758248682006,8.946018761926693,1.3862943611198906
297,8743a1221ffffff,8743a1370ffffff,2,10.358209785368842,968,353,6.875232087276577,5.8664680569332965,9.245631237360799,0.6931471805599453
298,8743a1221ffffff,8743a1371ffffff,1,10.67824054134228,968,543,6.875232087276577,6.297109319933935,9.276056999624515,0.0
299,8743a1221ffffff,8743a1372ffffff,12,8.303644613036296,968,873,6.875232087276577,6.771935555839602,9.024570229203594,2.4849066497880004
300,8743a1221ffffff,8743a1373ffffff,2,8.442360551332781,968,305,6.875232087276577,5.720311776607412,9.04113567793072,0.6931471805599453
301,8743a1221ffffff,8743a1376ffffff,1,10.523765265487446,968,44,6.875232087276577,3.784189633918261,9.261486355735363,0.0
302,8743a1221ffffff,8743a13a8ffffff,3,12.41757777611184,968,68,6.875232087276577,4.219507705176107,9.426948838150565,1.0986122886681098
303,8743a1221ffffff,8743a13a9ffffff,1,10.203151906884539,968,70,6.875232087276577,4.248495242049359,9.230549966144673,0.0
304,8743a1221ffffff,8743a13aaffffff,1,13.847071104835825,968,9,6.875232087276577,2.1972245773362196,9.535901231507495,0.0
305,8743a1221ffffff,8743a13abffffff,2,11.71698423166645,968,41,6.875232087276577,3.713572066704308,9.368880054453244,0.6931471805599453
306,8743a1221ffffff,8743a13acffffff,2,13.525553689269657,968,20,6.875232087276577,2.995732273553991,9.51240997247891,0.6931471805599453
307,8743a1221ffffff,8743a13adffffff,9,11.272924590517482,968,401,6.875232087276577,5.993961427306569,9.330247779823468,2.1972245773362196
308,8743a1221ffffff,8743a13aeffffff,6,14.643082408885553,968,70,6.875232087276577,4.248495242049359,9.591791601708966,1.791759469228055
309,8743a1222ffffff,8743a1200ffffff,8,4.868536889364043,119,292,4.77912349311153,5.676753802268282,8.49075411696842,2.0794415416798357
310,8743a1222ffffff,8743a1201ffffff,4,6.353711331527849,119,115,4.77912349311153,4.74493212836325,8.756951758756747,1.3862943611198906
311,8743a1222ffffff,8743a1202ffffff,1,6.407160657783952,119,68,4.77912349311153,4.219507705176107,8.765327559873356,0.0
312,8743a1222ffffff,8743a1203ffffff,17,7.302895342598953,119,257,4.77912349311153,5.54907608489522,8.896163093393252,2.833213344056216
313,8743a1222ffffff,8743a1204ffffff,7,2.43423820564668,119,422,4.77912349311153,6.045005314036012,7.797799856459655,1.9459101490553132
314,8743a1222ffffff,8743a1205ffffff,5,4.098864413433785,119,295,4.77912349311153,5.68697535633982,8.318709182251379,1.6094379124341003
315,8743a1222ffffff,8743a1206ffffff,5,4.1489774390309515,119,172,4.77912349311153,5.147494476813453,8.330858176831883,1.6094379124341003
316,8743a1222ffffff,8743a1222ffffff,8,0.0,119,253,4.77912349311153,5.53338948872752,0.0,2.0794415416798357
317,8743a1222ffffff,8743a1225ffffff,2,4.57350794020845,119,598,4.77912349311153,6.393590753950631,8.428254417872472,0.6931471805599453
318,8743a1222ffffff,8743a1228ffffff,1,6.768303276265925,119,113,4.77912349311153,4.727387818712341,8.820153447207998,0.0
319,8743a1222ffffff,8743a1229ffffff,2,9.025705481051252,119,32,4.77912349311153,3.4657359027997265,9.107942738317607,0.6931471805599453
320,8743a1222ffffff,8743a122bffffff,2,8.313276634648474,119,24,4.77912349311153,3.1780538303479458,9.02572939261103,0.6931471805599453
321,8743a1222ffffff,8743a1231ffffff,9,2.2858500746373336,119,210,4.77912349311153,5.3471075307174685,7.734930636402713,2.1972245773362196
322,8743a1222ffffff,8743a1244ffffff,5,17.210894208325694,119,322,4.77912349311153,5.7745515455444085,9.753355947549043,1.6094379124341003
323,8743a1222ffffff,8743a1246ffffff,2,16.63394244035556,119,158,4.77912349311153,5.062595033026967,9.719260728293634,0.6931471805599453
324,8743a1222ffffff,8743a1251ffffff,1,18.388992727685437,119,45,4.77912349311153,3.8066624897703196,9.819561922148884,0.0
325,8743a1222ffffff,8743a1262ffffff,1,15.801811431184902,119,371,4.77912349311153,5.916202062607435,9.667943141868438,0.0
326,8743a1222ffffff,8743a1270ffffff,3,12.736764549482004,119,224,4.77912349311153,5.4116460518550396,9.45232644665638,1.0986122886681098
327,8743a1222ffffff,8743a1271ffffff,4,14.970178354089386,119,332,4.77912349311153,5.805134968916488,9.61388218868389,1.3862943611198906
328,8743a1222ffffff,8743a1275ffffff,1,13.54245984561746,119,132,4.77912349311153,4.882801922586371,9.513659041565932,0.0
329,8743a1222ffffff,8743a12e0ffffff,19,15.912757506937844,119,268,4.77912349311153,5.5909869805108565,9.67493926610226,2.9444389791664403
330,8743a1222ffffff,8743a12e1ffffff,1,17.41518066259384,119,21,4.77912349311153,3.044522437723423,9.765154976229542,0.0
331,8743a1222ffffff,8743a12e4ffffff,4,13.49878019758384,119,174,4.77912349311153,5.159055299214529,9.510428682633517,1.3862943611198906
332,8743a1222ffffff,8743a12e5ffffff,2,15.049238783045231,119,31,4.77912349311153,3.4339872044851463,9.619149136034231,0.6931471805599453
333,8743a1222ffffff,8743a12e6ffffff,2,14.606322232296751,119,43,4.77912349311153,3.7612001156935624,9.589278204735972,0.6931471805599453
334,8743a1222ffffff,8743a131bffffff,1,4.097577944577965,119,469,4.77912349311153,6.150602768446279,8.318395349742666,0.0
335,8743a1222ffffff,8743a1352ffffff,1,5.898586836995738,119,468,4.77912349311153,6.148468295917647,8.682637599813921,0.0
336,8743a1222ffffff,8743a1388ffffff,1,9.673301472771211,119,199,4.77912349311153,5.293304824724492,9.177228316094721,0.0
337,8743a1223ffffff,8743a1200ffffff,15,4.1495560979045445,313,292,5.746203190540153,5.676753802268282,8.330997603742684,2.70805020110221
338,8743a1223ffffff,8743a1201ffffff,5,4.869268750794843,313,115,5.746203190540153,4.74493212836325,8.490904399522142,1.6094379124341003
339,8743a1223ffffff,8743a1202ffffff,3,6.241495849611095,313,68,5.746203190540153,4.219507705176107,8.73913535729365,1.0986122886681098
340,8743a1223ffffff,8743a1203ffffff,14,6.408025012461268,313,257,5.746203190540153,5.54907608489522,8.7654624342055,2.6390573296152584
341,8743a1223ffffff,8743a1204ffffff,20,2.2863065825981104,313,422,5.746203190540153,6.045005314036012,7.73513023951931,2.995732273553991
342,8743a1223ffffff,8743a1205ffffff,16,2.4346043010437977,313,295,5.746203190540153,5.68697535633982,7.797950177640151,2.772588722239781
343,8743a1223ffffff,8743a1206ffffff,9,4.57201014072156,313,172,5.746203190540153,5.147494476813453,8.427926941176166,2.1972245773362196
344,8743a1223ffffff,8743a1220ffffff,19,2.4345434435432463,313,473,5.746203190540153,6.159095388491933,7.797925190715612,2.9444389791664403
345,8743a1223ffffff,8743a1221ffffff,7,2.286909256638984,313,324,5.746203190540153,5.780743515792329,7.735393691153303,1.9459101490553132
346,8743a1223ffffff,8743a1222ffffff,7,2.255450251088774,313,253,5.746203190540153,5.53338948872752,7.721548172087956,1.9459101490553132
347,8743a1223ffffff,8743a1223ffffff,22,0.0,313,328,5.746203190540153,5.793013608384144,0.0,3.091042453358316
348,8743a1223ffffff,8743a1224ffffff,17,4.869025320896085,313,845,5.746203190540153,6.739336627357174,8.490854415425765,2.833213344056216
349,8743a1223ffffff,8743a1225ffffff,19,4.150546173997117,313,598,5.746203190540153,6.393590753950631,8.331236115884511,2.9444389791664403
350,8743a1223ffffff,8743a1226ffffff,23,4.0984755099054055,313,670,5.746203190540153,6.507277712385012,8.318614320096058,3.1354942159291497
351,8743a1223ffffff,8743a1228ffffff,3,4.512853025177151,313,113,5.746203190540153,4.727387818712341,8.414906397072732,1.0986122886681098
352,8743a1223ffffff,8743a1229ffffff,2,6.770255229962477,313,32,5.746203190540153,3.4657359027997265,8.820441759349507,0.6931471805599453
353,8743a1223ffffff,8743a122affffff,1,4.099760834176746,313,40,5.746203190540153,3.6888794541139363,8.318927804787945,0.0
354,8743a1223ffffff,8743a122bffffff,1,6.154528881550121,313,24,5.746203190540153,3.1780538303479458,8.725105962067584,0.0
355,8743a1223ffffff,8743a122effffff,2,2.256101186835584,313,132,5.746203190540153,4.882801922586371,7.72183660826079,0.6931471805599453
356,8743a1223ffffff,8743a1231ffffff,11,3.8339183333542017,313,210,5.746203190540153,5.3471075307174685,8.251903418490963,2.3978952727983707
357,8743a1223ffffff,8743a1234ffffff,1,6.76439681312113,313,13,5.746203190540153,2.5649493574615367,8.819576195665302,0.0
358,8743a1223ffffff,8743a1236ffffff,4,8.007661656173644,313,125,5.746203190540153,4.8283137373023015,8.988278941979157,1.3862943611198906
359,8743a1223ffffff,8743a1262ffffff,1,13.546361180096124,313,371,5.746203190540153,5.916202062607435,9.51394706048584,0.0
360,8743a1223ffffff,8743a1263ffffff,1,15.806361983680723,313,305,5.746203190540153,5.720311776607412,9.668231058829065,0.0
361,8743a1223ffffff,8743a1270ffffff,1,10.517706350678663,313,224,5.746203190540153,5.4116460518550396,9.260910508262405,0.0
362,8743a1223ffffff,8743a1271ffffff,2,12.740230733768453,313,332,5.746203190540153,5.805134968916488,9.452598528366769,0.6931471805599453
363,8743a1223ffffff,8743a12e0ffffff,7,14.608513857333163,313,268,5.746203190540153,5.5909869805108565,9.589428229539054,1.9459101490553132
364,8743a1223ffffff,8743a12e4ffffff,4,12.173615902781025,313,174,5.746203190540153,5.159055299214529,9.407108399426942,1.3862943611198906
365,8743a1223ffffff,8743a1301ffffff,1,12.172094470567972,313,567,5.746203190540153,6.340359303727752,9.4069834240439,0.0
366,8743a1223ffffff,8743a1309ffffff,1,8.302079254070527,313,528,5.746203190540153,6.269096283706261,9.024381719449588,0.0
367,8743a1223ffffff,8743a130affffff,2,7.303444923479751,313,617,5.746203190540153,6.424869023905388,8.896238335463336,0.6931471805599453
368,8743a1223ffffff,8743a130bffffff,3,6.409393735553177,313,487,5.746203190540153,6.18826412308259,8.765675973231568,1.0986122886681098
369,8743a1223ffffff,8743a130dffffff,2,10.521963832132139,313,613,5.746203190540153,6.418364935936212,9.261315179704795,0.6931471805599453
370,8743a1223ffffff,8743a1318ffffff,2,8.195662909284794,313,369,5.746203190540153,5.910796644040527,9.01148238813838,0.6931471805599453
371,8743a1223ffffff,8743a1319ffffff,14,6.352765743116616,313,724,5.746203190540153,6.584791392385716,8.756802946525758,2.6390573296152584
372,8743a1223ffffff,8743a131bffffff,12,6.150824201560405,313,469,5.746203190540153,6.150602768446279,8.724503934958003,2.4849066497880004
373,8743a1223ffffff,8743a1340ffffff,2,12.570043113214474,313,643,5.746203190540153,6.466144724237619,9.43915128248611,0.6931471805599453
374,8743a1223ffffff,8743a1350ffffff,6,6.8625343862928485,313,500,5.746203190540153,6.214608098422191,8.833977804702162,1.791759469228055
375,8743a1223ffffff,8743a1351ffffff,1,8.08616336017577,313,115,5.746203190540153,4.74493212836325,8.998033313235036,0.0
376,8743a1223ffffff,8743a1354ffffff,1,8.44040265398555,313,303,5.746203190540153,5.713732805509369,9.040903765012287,0.0
377,8743a1223ffffff,8743a135affffff,5,8.016709479742463,313,504,5.746203190540153,6.222576268071369,8.989408059039201,1.6094379124341003
378,8743a1223ffffff,8743a135bffffff,1,10.215306488099596,313,16,5.746203190540153,2.772588722239781,9.231740398055194,0.0
379,8743a1223ffffff,8743a135cffffff,1,9.689128076023671,313,25,5.746203190540153,3.2188758248682006,9.178862922137368,0.0
380,8743a1223ffffff,8743a1370ffffff,1,12.492386658633105,313,353,5.746203190540153,5.8664680569332965,9.432954715975548,0.0
381,8743a1223ffffff,8743a1372ffffff,4,10.356072418238329,313,873,5.746203190540153,6.771935555839602,9.245424890766648,1.3862943611198906
382,8743a1223ffffff,8743a1388ffffff,1,11.495398693185983,313,199,5.746203190540153,5.293304824724492,9.349789108193152,0.0
383,8743a1223ffffff,8743a1389ffffff,3,9.675884086361526,313,67,5.746203190540153,4.204692619390966,9.177495236547502,1.0986122886681098
384,8743a1223ffffff,8743a138dffffff,1,9.639559739346872,313,30,5.746203190540153,3.4011973816621555,9.17373445016653,0.0
385,8743a1223ffffff,8743a1390ffffff,1,21.319281382352777,313,9,5.746203190540153,2.1972245773362196,9.967414076239253,0.0
386,8743a1223ffffff,8743a1392ffffff,4,23.06336408859082,313,20,5.746203190540153,2.995732273553991,10.046044025206076,1.3862943611198906
387,8743a1223ffffff,8743a13a8ffffff,1,11.270736241628743,313,68,5.746203190540153,4.219507705176107,9.330053653875074,0.0
388,8743a1223ffffff,8743a13abffffff,1,10.200833275406168,313,41,5.746203190540153,3.713572066704308,9.2303227160053,0.0
389,8743a1223ffffff,8743a13adffffff,4,10.505310640648464,313,401,5.746203190540153,5.993961427306569,9.25973136900449,1.3862943611198906
390,8743a1223ffffff,8743a13b3ffffff,1,20.387171883991986,313,6,5.746203190540153,1.791759469228055,9.92271020206948,0.0
391,8743a1224ffffff,8743a1200ffffff,16,8.761509363491111,944,292,6.8501261661455,5.676753802268282,9.078237599928991,2.772588722239781
392,8743a1224ffffff,8743a1201ffffff,2,9.73829407169093,944,115,6.8501261661455,4.74493212836325,9.183923916770855,0.6931471805599453
393,8743a1224ffffff,8743a1202ffffff,1,10.517976040563656,944,68,6.8501261661455,4.219507705176107,9.260936147007206,0.0
394,8743a1224ffffff,8743a1203ffffff,6,11.149615299716713,944,257,6.8501261661455,5.54907608489522,9.319249959196789,1.791759469228055
395,8743a1224ffffff,8743a1204ffffff,39,6.408362044287938,944,422,6.8501261661455,6.045005314036012,8.765515019889683,3.6635616461296463
396,8743a1224ffffff,8743a1205ffffff,11,7.303629621939882,944,295,6.8501261661455,5.68697535633982,8.89626362090624,2.3978952727983707
397,8743a1224ffffff,8743a1206ffffff,3,8.29894453033063,944,172,6.8501261661455,5.147494476813453,9.024004110669662,1.0986122886681098
398,8743a1224ffffff,8743a1220ffffff,52,2.434481877352839,944,473,6.8501261661455,6.159095388491933,7.797899912181277,3.9512437185814275
399,8743a1224ffffff,8743a1221ffffff,27,4.098983193508575,944,324,6.8501261661455,5.780743515792329,8.318738153539748,3.295836866004329
400,8743a1224ffffff,8743a1222ffffff,37,4.149967091299677,944,253,6.8501261661455,5.53338948872752,8.331096620124642,3.6109179126442243
401,8743a1224ffffff,8743a1223ffffff,26,4.869025320896085,944,328,6.8501261661455,5.793013608384144,8.490854415425765,3.258096538021482
403,8743a1224ffffff,8743a1225ffffff,81,2.25567415855854,944,598,6.8501261661455,6.393590753950631,7.721647397125702,4.394449154672439
404,8743a1224ffffff,8743a1226ffffff,79,2.286598585052735,944,670,6.8501261661455,6.507277712385012,7.735257893511828,4.3694478524670215
405,8743a1224ffffff,8743a1228ffffff,5,8.19925220926805,944,113,6.8501261661455,4.727387818712341,9.011920190007162,1.6094379124341003
406,8743a1224ffffff,8743a1229ffffff,1,10.211782290899247,944,32,6.8501261661455,3.4657359027997265,9.231395380489953,0.0
407,8743a1224ffffff,8743a122affffff,1,8.706485173082172,944,40,6.8501261661455,3.6888794541139363,9.071938299463188,0.0
408,8743a1224ffffff,8743a122dffffff,2,8.31367565471792,944,38,6.8501261661455,3.6375861597263857,9.025777383616427,0.6931471805599453
409,8743a1224ffffff,8743a122effffff,2,6.353973172289713,944,132,6.8501261661455,4.882801922586371,8.756992962102403,0.6931471805599453
410,8743a1224ffffff,8743a1231ffffff,22,6.24230507627056,944,210,6.8501261661455,5.3471075307174685,8.73926498080205,3.091042453358316
411,8743a1224ffffff,8743a1234ffffff,1,5.895573180614203,944,13,6.8501261661455,2.5649493574615367,8.682126644309315,0.0
412,8743a1224ffffff,8743a1236ffffff,3,8.078067871258492,944,125,6.8501261661455,4.8283137373023015,8.997031782392371,1.0986122886681098
413,8743a1224ffffff,8743a1262ffffff,1,16.634746252585366,944,371,6.8501261661455,5.916202062607435,9.719309047836242,0.0
414,8743a1224ffffff,8743a1263ffffff,1,18.83208791529525,944,305,6.8501261661455,5.720311776607412,9.843370597335248,0.0
415,8743a1224ffffff,8743a1274ffffff,1,12.310160826432684,944,44,6.8501261661455,3.784189633918261,9.41826151419909,0.0
416,8743a1224ffffff,8743a1275ffffff,1,14.457358762588033,944,132,6.8501261661455,4.882801922586371,9.579027987375218,0.0
417,8743a1224ffffff,8743a12e0ffffff,2,19.47753917822925,944,268,6.8501261661455,5.5909869805108565,9.877068583533918,0.6931471805599453
418,8743a1224ffffff,8743a12e4ffffff,2,17.04264122367711,944,174,6.8501261661455,5.159055299214529,9.743532464391038,0.6931471805599453
419,8743a1224ffffff,8743a12e6ffffff,1,18.38721332587118,944,43,6.8501261661455,3.7612001156935624,9.819465158222277,0.0
420,8743a1224ffffff,8743a1300ffffff,5,8.703302809719238,944,431,6.8501261661455,6.066108090103747,9.071572758210158,1.6094379124341003
421,8743a1224ffffff,8743a1301ffffff,10,7.303069149671884,944,567,6.8501261661455,6.340359303727752,8.896186889600182,2.302585092994046
422,8743a1224ffffff,8743a1302ffffff,2,8.194097777792953,944,423,6.8501261661455,6.0473721790462776,9.011291422503085,0.6931471805599453
423,8743a1224ffffff,8743a1303ffffff,9,6.351813170539588,944,368,6.8501261661455,5.908082938168931,8.756653012765414,2.1972245773362196
424,8743a1224ffffff,8743a1308ffffff,6,4.15095357477533,944,246,6.8501261661455,5.5053315359323625,8.33133424337072,1.791759469228055
425,8743a1224ffffff,8743a1309ffffff,19,4.5750029737130316,944,528,6.8501261661455,6.269096283706261,8.428581182909298,2.9444389791664403
426,8743a1224ffffff,8743a130affffff,81,2.434419602583666,944,617,6.8501261661455,6.424869023905388,7.797874342060661,4.394449154672439
427,8743a1224ffffff,8743a130bffffff,66,2.2872006369172975,944,487,6.8501261661455,6.18826412308259,7.735521039615418,4.189654742026425
428,8743a1224ffffff,8743a130cffffff,29,6.409721400721881,944,576,6.8501261661455,6.3561076606958915,8.76572708659656,3.367295829986474
429,8743a1224ffffff,8743a130dffffff,20,6.2454328889530375,944,613,6.8501261661455,6.418364935936212,8.739765842030137,2.995732273553991
430,8743a1224ffffff,8743a130effffff,1,4.868776221930214,944,167,6.8501261661455,5.117993812416755,8.490803264698549,0.0
431,8743a1224ffffff,8743a1310ffffff,1,10.503072698278121,944,81,6.8501261661455,4.394449154672439,9.259518336967643,0.0
432,8743a1224ffffff,8743a1311ffffff,8,8.306262289297575,944,547,6.8501261661455,6.304448802421981,9.024885385831709,2.0794415416798357
433,8743a1224ffffff,8743a1313ffffff,2,9.016179423271835,944,95,6.8501261661455,4.553876891600541,9.106886861635289,0.6931471805599453
434,8743a1224ffffff,8743a1318ffffff,20,4.509393717839855,944,369,6.8501261661455,5.910796644040527,8.414139727542244,2.995732273553991
436,8743a1224ffffff,8743a131bffffff,29,3.833841824657619,944,469,6.8501261661455,6.150602768446279,8.25188346775065,3.367295829986474
437,8743a1224ffffff,8743a131cffffff,7,6.1495181258742795,944,465,6.8501261661455,6.142037405587356,8.72429160536153,1.9459101490553132
438,8743a1224ffffff,8743a131dffffff,9,4.09769458413544,944,392,6.8501261661455,5.971261839790462,8.318423807880924,2.1972245773362196
439,8743a1224ffffff,8743a131effffff,11,6.763112712701395,944,593,6.8501261661455,6.385194398997726,8.819386373496044,2.3978952727983707
440,8743a1224ffffff,8743a1321ffffff,1,13.55608073833234,944,36,6.8501261661455,3.58351893845611,9.51466425353354,0.0
441,8743a1224ffffff,8743a1328ffffff,1,10.522707876647873,944,199,6.8501261661455,5.293304824724492,9.261385883949755,0.0
442,8743a1224ffffff,8743a132affffff,1,8.763143704540271,944,372,6.8501261661455,5.918893854273146,9.078424097721532,0.0
443,8743a1224ffffff,8743a132bffffff,1,8.302890459372136,944,99,6.8501261661455,4.59511985013459,9.024479414009914,0.0
444,8743a1224ffffff,8743a1341ffffff,1,13.47169319764064,944,292,6.8501261661455,5.676753802268282,9.508420189852588,0.0
445,8743a1224ffffff,8743a1342ffffff,3,9.652375221489617,944,214,6.8501261661455,5.365976015021851,9.175062897064837,1.0986122886681098
446,8743a1224ffffff,8743a1343ffffff,1,11.73268726565285,944,55,6.8501261661455,4.007333185232471,9.370219237149456,0.0
447,8743a1224ffffff,8743a1344ffffff,1,11.805569104816406,944,418,6.8501261661455,6.035481432524756,9.376411359349685,0.0
448,8743a1224ffffff,8743a1345ffffff,1,13.508774417094278,944,450,6.8501261661455,6.1092475827643655,9.511168733338472,0.0
449,8743a1224ffffff,8743a1346ffffff,1,9.689350220903831,944,243,6.8501261661455,5.493061443340548,9.178885846739822,0.0
450,8743a1224ffffff,8743a134affffff,1,14.66681953240951,944,79,6.8501261661455,4.3694478524670215,9.593411225625585,0.0
451,8743a1224ffffff,8743a134dffffff,1,17.606415234572214,944,307,6.8501261661455,5.726847747587197,9.77607541244198,0.0
452,8743a1224ffffff,8743a1350ffffff,14,5.8638809326729335,944,500,6.8501261661455,6.214608098422191,8.676737459546963,2.6390573296152584
453,8743a1224ffffff,8743a1351ffffff,6,8.015712782727526,944,115,6.8501261661455,4.74493212836325,8.989283739372436,1.791759469228055
454,8743a1224ffffff,8743a1352ffffff,23,4.511999472570829,944,468,6.8501261661455,6.148468295917647,8.414717282958133,3.1354942159291497
455,8743a1224ffffff,8743a1354ffffff,6,5.900382177709751,944,303,6.8501261661455,5.713732805509369,8.68294186986592,1.791759469228055
456,8743a1224ffffff,8743a1355ffffff,9,7.6740343988616795,944,434,6.8501261661455,6.073044534100405,8.94572805438173,2.1972245773362196
457,8743a1224ffffff,8743a1356ffffff,21,3.8359590842222775,944,509,6.8501261661455,6.2324480165505225,8.252435426708804,3.044522437723423
458,8743a1224ffffff,8743a135affffff,15,10.515483585665406,944,504,6.8501261661455,6.222576268071369,9.260699170496665,2.70805020110221
459,8743a1224ffffff,8743a1368ffffff,2,17.339943657100502,944,725,6.8501261661455,6.586171654854675,9.760825669678486,0.6931471805599453
460,8743a1224ffffff,8743a136affffff,2,15.35652956640219,944,932,6.8501261661455,6.837332814685591,9.639361158245553,0.6931471805599453
461,8743a1224ffffff,8743a1370ffffff,5,9.152411334971328,944,353,6.8501261661455,5.8664680569332965,9.12188191228229,1.6094379124341003
462,8743a1224ffffff,8743a1371ffffff,2,10.318314573345578,944,543,6.8501261661455,6.297109319933935,9.241772619518352,0.6931471805599453
463,8743a1224ffffff,8743a1372ffffff,23,6.863406657595735,944,873,6.8501261661455,6.771935555839602,8.834104884400606,3.1354942159291497
464,8743a1224ffffff,8743a1373ffffff,1,8.086785772680258,944,305,6.8501261661455,5.720311776607412,8.998110273292182,0.0
465,8743a1224ffffff,8743a1376ffffff,2,8.441545939569853,944,44,6.8501261661455,3.784189633918261,9.041039193710107,0.6931471805599453
466,8743a1224ffffff,8743a1388ffffff,10,12.551125804727455,944,199,6.8501261661455,5.293304824724492,9.437645317046474,2.302585092994046
467,8743a1224ffffff,8743a1389ffffff,2,11.42696539515164,944,67,6.8501261661455,4.204692619390966,9.343818735270444,0.6931471805599453
468,8743a1224ffffff,8743a138dffffff,1,10.304477873298817,944,30,6.8501261661455,3.4011973816621555,9.240430865204129,0.0
469,8743a1224ffffff,8743a13a8ffffff,4,9.638938380719267,944,68,6.8501261661455,4.219507705176107,9.173669995542593,1.3862943611198906
470,8743a1224ffffff,8743a13a9ffffff,4,7.6655653678740565,944,70,6.8501261661455,4.248495242049359,8.944623993269893,1.3862943611198906
471,8743a1224ffffff,8743a13abffffff,1,9.676109425791763,944,41,6.8501261661455,3.713572066704308,9.177518522638831,0.0
472,8743a1224ffffff,8743a13adffffff,11,8.006661859845574,944,401,6.8501261661455,5.993961427306569,8.988154094809534,2.3978952727983707
473,8743a1224ffffff,8743a13aeffffff,5,11.712970805332839,944,70,6.8501261661455,4.248495242049359,9.36853749435815,1.6094379124341003
474,8743a1225ffffff,8743a1200ffffff,14,8.300102271901661,680,292,6.522092798170152,5.676753802268282,9.024143588810613,2.6390573296152584
475,8743a1225ffffff,8743a1201ffffff,1,8.762703786391315,680,115,6.522092798170152,4.74493212836325,9.07837390123856,0.0
476,8743a1225ffffff,8743a1202ffffff,4,10.351172766452796,680,68,6.522092798170152,4.219507705176107,9.244951705787354,1.3862943611198906
477,8743a1225ffffff,8743a1203ffffff,19,10.519401549396129,680,257,6.522092798170152,5.54907608489522,9.261071655657931,2.9444389791664403
478,8743a1225ffffff,8743a1204ffffff,35,6.243266467225502,680,422,6.522092798170152,6.045005314036012,8.739418956449516,3.5553480614894135
479,8743a1225ffffff,8743a1205ffffff,25,6.409227206302946,680,295,6.522092798170152,5.68697535633982,8.76564999488762,3.2188758248682006
480,8743a1225ffffff,8743a1206ffffff,3,8.436482755595266,680,172,6.522092798170152,5.147494476813453,9.040439291397394,1.0986122886681098
481,8743a1225ffffff,8743a1220ffffff,39,2.2870551516576887,680,473,6.522092798170152,6.159095388491933,7.735457456954667,3.6635616461296463
482,8743a1225ffffff,8743a1221ffffff,45,2.4348483511576853,680,324,6.522092798170152,5.780743515792329,7.798050373672634,3.8066624897703196
483,8743a1225ffffff,8743a1222ffffff,12,4.57350794020845,680,253,6.522092798170152,5.53338948872752,8.428254417872472,2.4849066497880004
484,8743a1225ffffff,8743a1223ffffff,20,4.150546173997117,680,328,6.522092798170152,5.793013608384144,8.331236115884511,2.995732273553991
487,8743a1225ffffff,8743a1226ffffff,33,3.834919894083453,680,670,6.522092798170152,6.507277712385012,8.252164553116735,3.4965075614664802
488,8743a1225ffffff,8743a1228ffffff,4,6.3551797880621494,680,113,6.522092798170152,4.727387818712341,8.757182813609946,1.3862943611198906
489,8743a1225ffffff,8743a1229ffffff,1,8.201045232543871,680,32,6.522092798170152,3.4657359027997265,9.012138820755608,0.0
490,8743a1225ffffff,8743a122dffffff,4,6.154756382056568,680,38,6.522092798170152,3.6375861597263857,8.72514292011081,1.3862943611198906
491,8743a1225ffffff,8743a122effffff,4,4.8697579395083865,680,132,6.522092798170152,4.882801922586371,8.491004838362832,1.3862943611198906
492,8743a1225ffffff,8743a1231ffffff,11,6.8593580148457844,680,210,6.522092798170152,5.3471075307174685,8.833514908111175,2.3978952727983707
493,8743a1225ffffff,8743a1235ffffff,1,5.8970802182389805,680,7,6.522092798170152,1.9459101490553132,8.682382190204903,0.0
494,8743a1225ffffff,8743a1236ffffff,2,9.67869206837746,680,125,6.522092798170152,4.8283137373023015,9.177785368646607,0.6931471805599453
495,8743a1225ffffff,8743a12e0ffffff,5,18.38981820619193,680,268,6.522092798170152,5.5909869805108565,9.819606808516838,1.6094379124341003
496,8743a1225ffffff,8743a12e4ffffff,1,15.970210982471242,680,174,6.522092798170152,5.159055299214529,9.678543066917262,0.0
497,8743a1225ffffff,8743a12e5ffffff,1,17.04519961934408,680,31,6.522092798170152,3.4339872044851463,9.743682561640453,0.0
498,8743a1225ffffff,8743a12e6ffffff,1,17.523737288732338,680,43,6.522092798170152,3.7612001156935624,9.771368721133216,0.0
499,8743a1225ffffff,8743a1300ffffff,5,10.409484959974723,680,431,6.522092798170152,6.066108090103747,9.250568746496517,1.6094379124341003
500,8743a1225ffffff,8743a1301ffffff,8,8.704850845091757,680,567,6.522092798170152,6.340359303727752,9.07175058953862,2.0794415416798357
501,8743a1225ffffff,8743a1302ffffff,1,10.204838280204413,680,423,6.522092798170152,6.0473721790462776,9.230715215937373,0.0
502,8743a1225ffffff,8743a1303ffffff,4,8.195895375819854,680,368,6.522092798170152,5.908082938168931,9.011510748855562,1.3862943611198906
503,8743a1225ffffff,8743a1308ffffff,3,4.869510155128519,680,246,6.522092798170152,5.5053315359323625,8.490953965236764,1.0986122886681098
504,8743a1225ffffff,8743a1309ffffff,32,4.15153308007341,680,528,6.522092798170152,6.269096283706261,8.331473807758767,3.4657359027997265
505,8743a1225ffffff,8743a130affffff,26,4.0985928130226545,680,617,6.522092798170152,6.424869023905388,8.318642933863535,3.258096538021482
506,8743a1225ffffff,8743a130bffffff,12,2.4347864050338806,680,487,6.522092798170152,6.18826412308259,7.798024942322828,2.4849066497880004
507,8743a1225ffffff,8743a130cffffff,17,7.304170541574128,680,576,6.522092798170152,6.3561076606958915,8.896337669781438,2.833213344056216
508,8743a1225ffffff,8743a130dffffff,14,6.410588076240506,680,613,6.522092798170152,6.418364935936212,8.765862269033311,2.6390573296152584
509,8743a1225ffffff,8743a130effffff,5,6.353022468034832,680,167,6.522092798170152,5.117993812416755,8.756843350868982,1.6094379124341003
510,8743a1225ffffff,8743a1311ffffff,4,10.50589885999321,680,547,6.522092798170152,6.304448802421981,9.259787354678156,1.3862943611198906
511,8743a1225ffffff,8743a1313ffffff,2,11.271853581830374,680,95,6.522092798170152,4.553876891600541,9.330152776565821,0.6931471805599453
512,8743a1225ffffff,8743a1318ffffff,6,6.765067876398394,680,369,6.522092798170152,5.910796644040527,8.819675381273543,1.791759469228055
513,8743a1225ffffff,8743a1319ffffff,38,4.510696878230926,680,724,6.522092798170152,6.584791392385716,8.414428609677989,3.6375861597263857
514,8743a1225ffffff,8743a131affffff,1,8.009050629344978,680,6,6.522092798170152,1.791759469228055,8.988452360809593,0.0
515,8743a1225ffffff,8743a131bffffff,11,5.860685956446387,680,469,6.522092798170152,6.150602768446279,8.676192547069881,2.3978952727983707
516,8743a1225ffffff,8743a131dffffff,2,6.151047984777303,680,392,6.522092798170152,5.971261839790462,8.724540311021332,0.6931471805599453
517,8743a1225ffffff,8743a131effffff,9,9.018786871259934,680,593,6.522092798170152,6.385194398997726,9.107175984314091,2.1972245773362196
518,8743a1225ffffff,8743a1328ffffff,1,11.152954826122452,680,199,6.522092798170152,5.293304824724492,9.319549406925379,0.0
519,8743a1225ffffff,8743a132affffff,1,9.738766855773969,680,372,6.522092798170152,5.918893854273146,9.183972459571239,0.0
520,8743a1225ffffff,8743a132dffffff,1,12.822524470777603,680,38,6.522092798170152,3.6375861597263857,9.459036612408601,0.0
521,8743a1225ffffff,8743a1340ffffff,5,9.691930304984671,680,643,6.522092798170152,6.466144724237619,9.179152064224796,1.6094379124341003
522,8743a1225ffffff,8743a1342ffffff,3,7.676189106112902,680,214,6.522092798170152,5.365976015021851,8.946008757338493,1.0986122886681098
523,8743a1225ffffff,8743a1344ffffff,1,10.32070476353363,680,418,6.522092798170152,6.035481432524756,9.242004215658032,0.0
524,8743a1225ffffff,8743a1345ffffff,2,11.808580670101929,680,450,6.522092798170152,6.1092475827643655,9.376666402219124,0.6931471805599453
525,8743a1225ffffff,8743a1346ffffff,1,8.088730927539737,680,243,6.522092798170152,5.493061443340548,8.998350749615575,0.0
526,8743a1225ffffff,8743a1350ffffff,26,3.837036677657029,680,500,6.522092798170152,6.214608098422191,8.252716232972485,3.258096538021482
527,8743a1225ffffff,8743a1351ffffff,5,5.865613676542891,680,115,6.522092798170152,4.74493212836325,8.677032859909879,1.6094379124341003
528,8743a1225ffffff,8743a1352ffffff,35,2.256325314012288,680,468,6.522092798170152,6.148468295917647,7.721935902014646,3.5553480614894135
529,8743a1225ffffff,8743a1354ffffff,19,4.575915985391453,680,303,6.522092798170152,5.713732805509369,8.428780684660714,2.9444389791664403
530,8743a1225ffffff,8743a1355ffffff,10,5.9018883824467725,680,434,6.522092798170152,6.073044534100405,8.683197066447109,2.302585092994046
531,8743a1225ffffff,8743a1356ffffff,37,2.2876571631557976,680,509,6.522092798170152,6.2324480165505225,7.735720532918447,3.6109179126442243
532,8743a1225ffffff,8743a135affffff,14,8.315847328102818,680,504,6.522092798170152,6.222576268071369,9.026038535093592,2.6390573296152584
533,8743a1225ffffff,8743a135bffffff,1,10.518302832371248,680,16,6.522092798170152,2.772588722239781,9.260967213408557,0.0
534,8743a1225ffffff,8743a1370ffffff,2,8.44293179166838,680,353,6.522092798170152,5.8664680569332965,9.041203331208013,0.6931471805599453
535,8743a1225ffffff,8743a1371ffffff,2,9.154237193407669,680,543,6.522092798170152,6.297109319933935,9.122081365392068,0.6931471805599453
536,8743a1225ffffff,8743a1372ffffff,20,6.2463947519089364,680,873,6.522092798170152,6.771935555839602,8.739919816134062,2.995732273553991
537,8743a1225ffffff,8743a1373ffffff,3,6.864776113485505,680,305,6.522092798170152,5.720311776607412,8.834304365487952,1.0986122886681098
538,8743a1225ffffff,8743a1388ffffff,2,13.954233281904282,680,199,6.522092798170152,5.293304824724492,9.543609862556195,0.6931471805599453
539,8743a1225ffffff,8743a13adffffff,4,10.202428497092832,680,401,6.522092798170152,5.993961427306569,9.230479069960246,1.3862943611198906
540,8743a1226ffffff,8743a1200ffffff,14,7.302713908492317,270,292,5.598421958998375,5.676753802268282,8.896138252352733,2.6390573296152584
541,8743a1226ffffff,8743a1201ffffff,2,8.705482060023497,270,115,5.598421958998375,4.74493212836325,9.071823091590524,0.6931471805599453
542,8743a1226ffffff,8743a1203ffffff,11,9.737072361727227,270,257,5.598421958998375,5.54907608489522,9.183798467576326,2.3978952727983707
543,8743a1226ffffff,8743a1204ffffff,8,4.868415224774954,270,422,5.598421958998375,6.045005314036012,8.490729131818545,2.0794415416798357
544,8743a1226ffffff,8743a1205ffffff,9,6.353239410622586,270,295,5.598421958998375,5.68697535633982,8.756877492845256,2.1972245773362196
545,8743a1226ffffff,8743a1206ffffff,5,6.407329362405871,270,172,5.598421958998375,5.147494476813453,8.765353886054964,1.6094379124341003
546,8743a1226ffffff,8743a1220ffffff,9,2.25523667083642,270,473,5.598421958998375,6.159095388491933,7.721453514401213,2.1972245773362196
547,8743a1226ffffff,8743a1221ffffff,3,4.511124529178658,270,324,5.598421958998375,5.780743515792329,8.414523392349041,1.0986122886681098
548,8743a1226ffffff,8743a1222ffffff,8,2.434177019128274,270,253,5.598421958998375,5.53338948872752,7.797774730668286,2.0794415416798357
549,8743a1226ffffff,8743a1223ffffff,10,4.0984755099054055,270,328,5.598421958998375,5.793013608384144,8.318614320096058,2.302585092994046
550,8743a1226ffffff,8743a1224ffffff,14,2.286598585052735,270,845,5.598421958998375,6.739336627357174,7.735257893511828,2.6390573296152584
551,8743a1226ffffff,8743a1225ffffff,19,3.834919894083453,270,598,5.598421958998375,6.393590753950631,8.252164553116735,2.9444389791664403
552,8743a1226ffffff,8743a1226ffffff,49,0.0,270,670,5.598421958998375,6.507277712385012,0.0,3.8918202981106265
553,8743a1226ffffff,8743a122affffff,1,8.19823634408215,270,40,5.598421958998375,3.6888794541139363,9.011796300145122,0.0
554,8743a1226ffffff,8743a122bffffff,1,10.210414036642225,270,24,5.598421958998375,3.1780538303479458,9.231261396832812,0.0
555,8743a1226ffffff,8743a122effffff,5,6.152352334573121,270,132,5.598421958998375,4.882801922586371,8.724752307342762,1.6094379124341003
556,8743a1226ffffff,8743a1231ffffff,12,4.14918309643677,270,210,5.598421958998375,5.3471075307174685,8.33090773187482,2.4849066497880004
557,8743a1226ffffff,8743a1236ffffff,2,5.893920878569517,270,125,5.598421958998375,4.8283137373023015,8.681846391095057,0.6931471805599453
558,8743a1226ffffff,8743a12e0ffffff,18,18.331549733857067,270,268,5.598421958998375,5.5909869805108565,9.816433432843427,2.8903717578961645
559,8743a1226ffffff,8743a12e1ffffff,1,19.79686701224362,270,21,5.598421958998375,3.044522437723423,9.893329484225331,0.0
560,8743a1226ffffff,8743a12e4ffffff,13,15.912039012170151,270,174,5.598421958998375,5.159055299214529,9.67489411579834,2.5649493574615367
561,8743a1226ffffff,8743a12e5ffffff,1,17.41411195146005,270,31,5.598421958998375,3.4339872044851463,9.765093611229629,0.0
562,8743a1226ffffff,8743a12e6ffffff,2,17.04049925142502,270,43,5.598421958998375,3.7612001156935624,9.743406780751478,0.6931471805599453
563,8743a1226ffffff,8743a1302ffffff,1,8.70230344454564,270,423,5.598421958998375,6.0473721790462776,9.071457938842107,0.0
564,8743a1226ffffff,8743a1308ffffff,1,6.2440706886501385,270,246,5.598421958998375,5.5053315359323625,8.739547741735029,0.0
565,8743a1226ffffff,8743a1309ffffff,1,6.861601558765768,270,528,5.598421958998375,6.269096283706261,8.833841884799831,0.0
566,8743a1226ffffff,8743a130affffff,1,4.150170953259912,270,617,5.598421958998375,6.424869023905388,8.331145730837855,0.0
567,8743a1226ffffff,8743a130bffffff,2,4.573799221970033,270,487,5.598421958998375,6.18826412308259,8.428318090838417,0.6931471805599453
568,8743a1226ffffff,8743a130cffffff,1,8.301326592734698,270,576,5.598421958998375,6.3561076606958915,9.02429106688219,0.0
569,8743a1226ffffff,8743a130dffffff,1,8.439589354121575,270,613,5.598421958998375,6.418364935936212,9.040807413839484,0.0
570,8743a1226ffffff,8743a1318ffffff,2,4.09718739937939,270,369,5.598421958998375,5.910796644040527,8.318300057226049,0.6931471805599453
571,8743a1226ffffff,8743a1319ffffff,17,2.4341151242675982,270,724,5.598421958998375,6.584791392385716,7.797749313359074,2.833213344056216
572,8743a1226ffffff,8743a131bffffff,10,2.254585200311519,270,469,5.598421958998375,6.150602768446279,7.7211647306025455,2.302585092994046
573,8743a1226ffffff,8743a131dffffff,1,4.868167645441014,270,392,5.598421958998375,5.971261839790462,8.490678286775218,0.0
574,8743a1226ffffff,8743a1350ffffff,1,7.671956571740481,270,500,5.598421958998375,6.214608098422191,8.945457292281612,0.0
575,8743a1226ffffff,8743a1352ffffff,2,5.8624195044657785,270,468,5.598421958998375,6.148468295917647,8.676488245567059,0.6931471805599453
576,8743a1226ffffff,8743a1354ffffff,1,8.084529718929558,270,303,5.598421958998375,5.713732805509369,8.997831288594641,0.0
577,8743a1226ffffff,8743a1355ffffff,1,9.686659287860591,270,434,5.598421958998375,6.073044534100405,9.178608116144291,0.0
578,8743a1226ffffff,8743a135affffff,1,11.282692386751158,270,504,5.598421958998375,6.222576268071369,9.331113810739236,0.0
579,8743a1226ffffff,8743a1372ffffff,2,9.150005242648472,270,873,5.598421958998375,6.771935555839602,9.121619014819649,0.6931471805599453
580,8743a1226ffffff,8743a1389ffffff,3,9.140366810098909,270,67,5.598421958998375,4.204692619390966,9.120565194854281,1.0986122886681098
581,8743a1226ffffff,8743a138dffffff,1,8.075808282314537,270,30,5.598421958998375,3.4011973816621555,8.996752058911303,0.0
582,8743a1226ffffff,8743a13a9ffffff,1,5.85748948113284,270,70,5.598421958998375,4.248495242049359,8.675647081618477,0.0
583,8743a1226ffffff,8743a13adffffff,1,6.7618000613388265,270,401,5.598421958998375,5.993961427306569,8.819192293532845,0.0
584,8743a1226ffffff,8743a13aeffffff,1,10.197067632595067,270,70,5.598421958998375,4.248495242049359,9.229953533540067,0.0
585,8743a1229ffffff,8743a1204ffffff,4,8.014821454243377,47,422,3.8501476017100584,6.045005314036012,8.989172549404351,1.3862943611198906
586,8743a1229ffffff,8743a1205ffffff,2,5.864693368818362,47,295,3.8501476017100584,5.68697535633982,8.676875975552377,0.6931471805599453
587,8743a1229ffffff,8743a1206ffffff,1,9.6479932254304,47,172,3.8501476017100584,5.147494476813453,9.174608859919443,0.0
588,8743a1229ffffff,8743a1229ffffff,1,0.0,47,32,3.8501476017100584,3.4657359027997265,0.0,0.0
589,8743a1229ffffff,8743a122dffffff,1,2.4356410372654413,47,38,3.8501476017100584,3.6375861597263857,7.79837574579828,0.0
590,8743a1229ffffff,8743a122effffff,1,4.5141540431268945,47,132,3.8501476017100584,4.882801922586371,8.415194583348123,0.0
591,8743a1229ffffff,8743a1231ffffff,1,10.2099517851336,47,210,3.8501476017100584,5.3471075307174685,9.231216127688901,0.0
592,8743a1229ffffff,8743a1244ffffff,7,8.32195210842308,47,322,3.8501476017100584,5.7745515455444085,9.026772291605196,1.9459101490553132
593,8743a1229ffffff,8743a1246ffffff,2,8.206172740778392,47,158,3.8501476017100584,5.062595033026967,9.012763775389002,0.6931471805599453
594,8743a1229ffffff,8743a1262ffffff,3,6.776105950133648,47,371,3.8501476017100584,5.916202062607435,8.821305438794878,1.0986122886681098
595,8743a1229ffffff,8743a1270ffffff,6,4.102446832394255,47,224,3.8501476017100584,5.4116460518550396,8.319582590337664,1.791759469228055
596,8743a1229ffffff,8743a1271ffffff,7,6.159103266451365,47,332,3.8501476017100584,5.805134968916488,8.725848820421364,1.9459101490553132
597,8743a1229ffffff,8743a1274ffffff,1,2.2580522853496485,47,44,3.8501476017100584,3.784189633918261,7.722700661551924,0.0
598,8743a1229ffffff,8743a1275ffffff,3,4.516754364566207,47,132,3.8501476017100584,4.882801922586371,8.415770327370709,1.0986122886681098
599,8743a1229ffffff,8743a135affffff,7,2.2882778257308605,47,504,3.8501476017100584,6.222576268071369,7.735991686869026,1.9459101490553132
600,8743a122dffffff,8743a1205ffffff,1,5.899947332261007,6,295,1.791759469228055,5.68697535633982,8.682868181794666,0.0
601,8743a122dffffff,8743a122dffffff,3,0.0,6,38,1.791759469228055,3.6375861597263857,0.0,1.0986122886681098
602,8743a122dffffff,8743a1270ffffff,1,6.3580604908956415,6,224,1.791759469228055,5.4116460518550396,8.757635923864974,0.0
603,8743a122dffffff,8743a135affffff,1,2.2578397145498355,6,504,1.791759469228055,6.222576268071369,7.722606559789432,0.0
604,8743a122effffff,8743a1200ffffff,5,4.572922919394294,70,292,4.248495242049359,5.676753802268282,8.428126522537429,1.6094379124341003
605,8743a122effffff,8743a1201ffffff,1,4.15013441222014,70,115,4.248495242049359,4.74493212836325,8.331136928213002,0.0
606,8743a122effffff,8743a1202ffffff,1,6.858479552036479,70,68,4.248495242049359,4.219507705176107,8.833386850791804,0.0
607,8743a122effffff,8743a1203ffffff,5,6.242456329254186,70,257,4.248495242049359,5.54907608489522,8.73928920693703,1.6094379124341003
608,8743a122effffff,8743a1204ffffff,10,3.8349960358117556,70,422,4.248495242049359,6.045005314036012,8.25218440258563,2.302585092994046
609,8743a122effffff,8743a1205ffffff,7,2.286762952030634,70,295,4.248495242049359,5.68697535633982,7.735329742250616,1.9459101490553132
610,8743a122effffff,8743a1206ffffff,4,5.896788916779551,70,172,4.248495242049359,5.147494476813453,8.68233279978591,1.3862943611198906
611,8743a122effffff,8743a1220ffffff,5,4.099372534041738,70,473,4.248495242049359,6.159095388491933,8.3188331105261,1.6094379124341003
612,8743a122effffff,8743a1221ffffff,2,2.434909588350701,70,324,4.248495242049359,5.780743515792329,7.798075513342454,0.6931471805599453
613,8743a122effffff,8743a1222ffffff,5,4.511551437924358,70,253,4.248495242049359,5.53338948872752,8.414618001562175,1.6094379124341003
614,8743a122effffff,8743a1223ffffff,7,2.256101186835584,70,328,4.248495242049359,5.793013608384144,7.72183660826079,1.9459101490553132
615,8743a122effffff,8743a1228ffffff,2,2.2567518383415677,70,113,4.248495242049359,4.727387818712341,7.7221248353666825,0.6931471805599453
616,8743a122effffff,8743a122affffff,2,2.434970116513536,70,40,4.248495242049359,3.6888794541139363,7.798100361313465,0.6931471805599453
617,8743a122effffff,8743a122effffff,4,0.0,70,132,4.248495242049359,4.882801922586371,0.0,1.3862943611198906
618,8743a122effffff,8743a1231ffffff,9,5.861228489302348,70,210,4.248495242049359,5.3471075307174685,8.676285098556649,2.1972245773362196
619,8743a122effffff,8743a1355ffffff,1,8.441787432848813,70,434,4.248495242049359,6.073044534100405,9.041067797620215,0.0
620,8743a1231ffffff,8743a1200ffffff,5,4.0983559173958195,81,292,4.394449154672439,5.676753802268282,8.31858514703386,1.6094379124341003
621,8743a1231ffffff,8743a1201ffffff,4,6.152124749176079,81,115,4.394449154672439,4.74493212836325,8.724715321063826,1.3862943611198906
622,8743a1231ffffff,8743a1202ffffff,1,4.867925374717357,81,68,4.394449154672439,4.219507705176107,8.490628529451437,0.0
623,8743a1231ffffff,8743a1203ffffff,3,6.352976071157657,81,257,4.394449154672439,5.54907608489522,8.756836048872993,1.0986122886681098
624,8743a1231ffffff,8743a1204ffffff,20,2.2550124926960025,81,422,4.394449154672439,6.045005314036012,7.721354150145172,2.995732273553991
625,8743a1231ffffff,8743a1205ffffff,4,4.510675952846377,81,295,4.394449154672439,5.68697535633982,8.414423971637436,1.3862943611198906
626,8743a1231ffffff,8743a1206ffffff,2,2.433932637906828,81,172,4.394449154672439,5.147494476813453,7.79767437103006,0.6931471805599453
627,8743a1231ffffff,8743a1220ffffff,3,4.572302863188095,81,473,4.394449154672439,6.159095388491933,8.427990950021371,1.0986122886681098
628,8743a1231ffffff,8743a1222ffffff,6,2.2858500746373336,81,253,4.394449154672439,5.53338948872752,7.734930636402713,1.791759469228055
629,8743a1231ffffff,8743a1223ffffff,2,3.8339183333542017,81,328,4.394449154672439,5.793013608384144,8.251903418490963,0.6931471805599453
630,8743a1231ffffff,8743a1224ffffff,3,6.24230507627056,81,845,4.394449154672439,6.739336627357174,8.73926498080205,1.0986122886681098
631,8743a1231ffffff,8743a1225ffffff,3,6.8593580148457844,81,598,4.394449154672439,6.393590753950631,8.833514908111175,1.0986122886681098
632,8743a1231ffffff,8743a1226ffffff,2,4.14918309643677,81,670,4.394449154672439,6.507277712385012,8.33090773187482,0.6931471805599453
633,8743a1231ffffff,8743a1231ffffff,9,0.0,81,210,4.394449154672439,5.3471075307174685,0.0,2.1972245773362196
634,8743a1231ffffff,8743a12e0ffffff,2,15.047501495998715,81,268,4.394449154672439,5.5909869805108565,9.619033696847584,0.6931471805599453
635,8743a1231ffffff,8743a12e4ffffff,1,12.70809268023498,81,174,4.394449154672439,5.159055299214529,9.450072975343874,0.0
636,8743a1231ffffff,8743a1308ffffff,1,10.352409927885208,81,246,4.394449154672439,5.5053315359323625,9.24507120606437,0.0
637,8743a1231ffffff,8743a1309ffffff,1,10.671302682542382,81,528,4.394449154672439,6.269096283706261,9.275407130060398,0.0
638,8743a1231ffffff,8743a130cffffff,1,12.450509689171469,81,576,4.394449154672439,6.3561076606958915,9.429597154715848,0.0
639,8743a1231ffffff,8743a1356ffffff,1,9.147015178001581,81,509,4.394449154672439,6.2324480165505225,9.12129221430194,0.0
640,8743a1231ffffff,8743a135affffff,1,11.727383687312521,81,504,4.394449154672439,6.222576268071369,9.369767139085198,0.0
641,8743a1231ffffff,8743a1388ffffff,3,7.661480359831783,81,199,4.394449154672439,5.293304824724492,8.944091017087091,1.0986122886681098
642,8743a1231ffffff,8743a1389ffffff,1,5.892121697594149,81,67,4.394449154672439,4.204692619390966,8.68154113583699,0.0
643,8743a1231ffffff,8743a13a8ffffff,1,8.304583456243916,81,68,4.394449154672439,4.219507705176107,9.024683273191275,0.0
644,8743a1231ffffff,8743a13abffffff,1,6.761128847269521,81,41,4.394449154672439,3.713572066704308,8.819093037695806,0.0
645,8743a1236ffffff,8743a1203ffffff,1,10.205258088699548,16,257,2.772588722239781,5.54907608489522,9.230756349242606,0.0
646,8743a1236ffffff,8743a1204ffffff,2,6.763083444472325,16,422,2.772588722239781,6.045005314036012,8.819382046499491,0.6931471805599453
647,8743a1236ffffff,8743a1226ffffff,1,5.893920878569517,16,670,2.772588722239781,6.507277712385012,8.681846391095057,0.0
648,8743a1236ffffff,8743a1231ffffff,1,4.508070951776323,16,210,2.772588722239781,5.3471075307174685,8.413846413887505,0.0
649,8743a1236ffffff,8743a1236ffffff,1,0.0,16,125,2.772588722239781,4.8283137373023015,0.0,0.0
650,8743a1236ffffff,8743a1319ffffff,1,6.856617962490857,16,724,2.772588722239781,6.584791392385716,8.83311542463112,0.0
651,8743a1236ffffff,8743a1388ffffff,4,4.568063516476847,16,199,2.772588722239781,5.293304824724492,8.427063543081188,1.3862943611198906
652,8743a1236ffffff,8743a1389ffffff,2,4.1470338064085785,16,67,2.772588722239781,4.204692619390966,8.33038971936649,0.6931471805599453
653,8743a1236ffffff,8743a13a9ffffff,1,2.433138244609113,16,70,2.772588722239781,4.248495242049359,7.797348069226725,0.0
654,8743a1236ffffff,8743a13adffffff,1,4.866214317577236,16,401,2.772588722239781,5.993961427306569,8.4902770437062,0.0
655,8743a1236ffffff,8743a13aeffffff,1,6.145357910925127,16,70,2.772588722239781,4.248495242049359,8.723614975769522,0.0
656,8743a1242ffffff,8743a1242ffffff,2,0.0,15,14,2.70805020110221,2.6390573296152584,0.0,0.6931471805599453
657,8743a1242ffffff,8743a1251ffffff,8,2.2881444761140846,15,45,2.70805020110221,3.8066624897703196,7.7359334355291445,2.0794415416798357
658,8743a1242ffffff,8743a1262ffffff,1,6.413198244089049,15,371,2.70805020110221,5.916202062607435,8.76626928780306,0.0
659,8743a1242ffffff,8743a1263ffffff,1,6.248209802103662,15,305,2.70805020110221,5.720311776607412,8.740210303073876,0.0
660,8743a1242ffffff,8743a12e0ffffff,3,9.688433506193658,15,268,2.70805020110221,5.5909869805108565,9.17879124148274,1.0986122886681098
661,8743a1244ffffff,8743a122effffff,1,12.743695234253543,123,132,4.812184355372417,4.882801922586371,9.452870403951026,0.0
662,8743a1244ffffff,8743a1240ffffff,1,2.436853144219984,123,5,4.812184355372417,1.6094379124341003,7.798873072057948,0.0
663,8743a1244ffffff,8743a1244ffffff,21,0.0,123,322,4.812184355372417,5.7745515455444085,0.0,3.044522437723423
664,8743a1244ffffff,8743a1246ffffff,6,2.2888954963199177,123,158,4.812184355372417,5.062595033026967,7.736261460712191,1.791759469228055
665,8743a1244ffffff,8743a1251ffffff,1,6.246842442303681,123,45,4.812184355372417,3.8066624897703196,8.739991473900613,0.0
666,8743a1244ffffff,8743a1260ffffff,4,4.153805767506432,123,269,4.812184355372417,5.594711379601839,8.332020959507702,1.3862943611198906
667,8743a1244ffffff,8743a1262ffffff,17,2.436794978439224,123,371,4.812184355372417,5.916202062607435,7.798849212345639,2.833213344056216
668,8743a1244ffffff,8743a1263ffffff,12,2.2894982343689985,123,305,4.812184355372417,5.720311776607412,7.736524642476903,2.4849066497880004
669,8743a1244ffffff,8743a1265ffffff,1,6.2499836675008416,123,224,4.812184355372417,5.4116460518550396,8.740494117146579,0.0
670,8743a1244ffffff,8743a126affffff,3,4.521073152393471,123,256,4.812184355372417,5.545177444479562,8.416725829706952,1.0986122886681098
671,8743a1244ffffff,8743a126dffffff,1,7.687174821153394,123,166,4.812184355372417,5.111987788356544,8.947438689875643,0.0
672,8743a1244ffffff,8743a126effffff,5,3.8425306417823113,123,282,4.812184355372417,5.641907070938114,8.25414666112174,1.6094379124341003
673,8743a1244ffffff,8743a1270ffffff,5,4.518477299376964,123,224,4.812184355372417,5.4116460518550396,8.416151624408496,1.6094379124341003
674,8743a1244ffffff,8743a1271ffffff,15,2.2595632757869484,123,332,4.812184355372417,5.805134968916488,7.723369298285803,2.70805020110221
675,8743a1244ffffff,8743a1273ffffff,1,3.8404160533047538,123,4,4.812184355372417,1.3862943611198906,8.25359634148653,0.0
676,8743a1244ffffff,8743a1274ffffff,1,6.160626403308127,123,44,4.812184355372417,3.784189633918261,8.72609604818976,0.0
677,8743a1244ffffff,8743a1275ffffff,1,4.104234765575931,123,132,4.812184355372417,4.882801922586371,8.320018210403715,0.0
678,8743a1244ffffff,8743a134dffffff,1,12.464387840513035,123,307,4.812184355372417,5.726847747587197,9.43071110983487,0.0
679,8743a1244ffffff,8743a135affffff,5,8.207189959711286,123,504,4.812184355372417,6.222576268071369,9.01288771038243,1.6094379124341003
680,8743a1244ffffff,8743a135bffffff,1,6.360466120744178,123,16,4.812184355372417,2.772588722239781,8.758014151897612,0.0
681,8743a1244ffffff,8743acc81ffffff,1,16.203721017445766,123,607,4.812184355372417,6.408528791059498,9.693057899595658,0.0
682,8743a1244ffffff,8743acc83ffffff,1,13.996520308702896,123,574,4.812184355372417,6.352629396319567,9.546635472102718,0.0
683,8743a1244ffffff,8743acc85ffffff,1,17.128246916621183,123,556,4.812184355372417,6.320768294250582,9.748542627515882,0.0
684,8743a1244ffffff,8743acc90ffffff,1,9.161605827138244,123,353,4.812184355372417,5.8664680569332965,9.122885896156937,0.0
685,8743a1244ffffff,8743acc91ffffff,2,10.331229072742236,123,927,4.812184355372417,6.831953565565855,9.243023325160646,0.6931471805599453
686,8743a1244ffffff,8743acc93ffffff,1,8.09750817668388,123,349,4.812184355372417,5.855071922202427,8.99943514798006,0.0
687,8743a1244ffffff,8743acc9effffff,2,9.704477511216835,123,612,4.812184355372417,6.416732282512326,9.180445696991036,0.6931471805599453
688,8743a1244ffffff,8743acca1ffffff,2,20.62714009404358,123,655,4.812184355372417,6.484635235635252,9.934411446598418,0.6931471805599453
689,8743a1244ffffff,8743acca2ffffff,1,17.486377243600625,123,736,4.812184355372417,6.601230118728877,9.769234599283658,0.0
690,8743a1244ffffff,8743acca5ffffff,1,22.04974559629168,123,342,4.812184355372417,5.834810737062605,10.001101694194094,0.0
691,8743a1244ffffff,8743acca6ffffff,2,19.136046518802317,123,594,4.812184355372417,6.386879319362645,9.85938134373756,0.6931471805599453
692,8743a1244ffffff,8743accaaffffff,2,18.432571026072548,123,490,4.812184355372417,6.194405391104672,9.821928793482826,0.6931471805599453
693,8743a1244ffffff,8743accacffffff,2,21.69127857409634,123,639,4.812184355372417,6.459904454377535,9.98471165012892,0.6931471805599453
694,8743a1244ffffff,8743accaeffffff,1,19.40793831185058,123,671,4.812184355372417,6.508769136971682,9.873488976668641,0.0
695,8743a1245ffffff,8743a126dffffff,1,5.9104772919093325,1,166,0.0,5.111987788356544,8.684651043954224,0.0
696,8743a1246ffffff,8743a1229ffffff,1,8.206172740778392,26,32,3.258096538021482,3.4657359027997265,9.012763775389002,0.0
697,8743a1246ffffff,8743a1231ffffff,1,17.207893826625227,26,210,3.258096538021482,5.3471075307174685,9.753181612103553,0.0
698,8743a1246ffffff,8743a1244ffffff,5,2.2888954963199177,26,322,3.258096538021482,5.7745515455444085,7.736261460712191,1.6094379124341003
699,8743a1246ffffff,8743a1246ffffff,3,0.0,26,158,3.258096538021482,5.062595033026967,0.0,1.0986122886681098
700,8743a1246ffffff,8743a1251ffffff,4,4.152025006811308,26,45,3.258096538021482,3.8066624897703196,8.33159226499748,1.3862943611198906
701,8743a1246ffffff,8743a1255ffffff,1,2.2882924056165646,26,2,3.258096538021482,0.6931471805599453,7.7359980556195165,0.0
702,8743a1246ffffff,8743a1263ffffff,2,4.5783937306889175,26,305,3.258096538021482,5.720311776607412,8.429321895134096,0.6931471805599453
703,8743a1246ffffff,8743a1268ffffff,1,7.685097239182742,26,24,3.258096538021482,3.1780538303479458,8.94716842251272,0.0
704,8743a1246ffffff,8743a126effffff,1,5.907323337946018,26,282,3.258096538021482,5.641907070938114,8.684117370986813,0.0
705,8743a1246ffffff,8743a1270ffffff,3,4.103725908384138,26,224,3.258096538021482,5.4116460518550396,8.319894249470732,1.0986122886681098
706,8743a1246ffffff,8743a1271ffffff,1,2.436489066755232,26,332,3.258096538021482,5.805134968916488,7.798723717428191,0.0
707,8743a1246ffffff,8743a12e0ffffff,1,10.314524134861575,26,268,3.258096538021482,5.5909869805108565,9.241405237094845,0.0
708,8743a1246ffffff,8743a12e6ffffff,1,11.800217704317042,26,43,3.258096538021482,3.7612001156935624,9.375958000410595,0.0
709,8743a1246ffffff,8743ac506ffffff,1,15.83203484786437,26,37,3.258096538021482,3.6109179126442243,9.669853849463097,0.0
710,8743a1260ffffff,8743a1223ffffff,1,14.669132815281815,167,328,5.117993812416755,5.793013608384144,9.59356892462582,0.0
711,8743a1260ffffff,8743a122dffffff,1,9.035257992402,167,38,5.117993812416755,3.6375861597263857,9.109000428796286,0.0
712,8743a1260ffffff,8743a1244ffffff,10,4.153805767506432,167,322,5.117993812416755,5.7745515455444085,8.332020959507702,2.302585092994046
713,8743a1260ffffff,8743a1245ffffff,1,4.874259663499306,167,30,5.117993812416755,3.4011973816621555,8.491928646321005,0.0
714,8743a1260ffffff,8743a1246ffffff,1,6.248618350300951,167,158,5.117993812416755,5.062595033026967,8.74027567691412,0.0
715,8743a1260ffffff,8743a1260ffffff,13,0.0,167,269,5.117993812416755,5.594711379601839,0.0,2.5649493574615367
716,8743a1260ffffff,8743a1261ffffff,8,2.2604381775874316,167,264,5.117993812416755,5.575949103146316,7.723756251638393,2.0794415416798357
717,8743a1260ffffff,8743a1262ffffff,11,2.2896451326008638,167,371,5.117993812416755,5.916202062607435,7.736588774166374,2.3978952727983707
718,8743a1260ffffff,8743a1263ffffff,22,2.43710055906287,167,305,5.117993812416755,5.720311776607412,7.798974555729925,3.091042453358316
719,8743a1260ffffff,8743a1264ffffff,2,2.4370413025835487,167,40,5.117993812416755,3.6888794541139363,7.798950251072265,0.6931471805599453
720,8743a1260ffffff,8743a1265ffffff,11,2.2902472058195147,167,224,5.117993812416755,5.4116460518550396,7.736851579652686,2.3978952727983707
721,8743a1260ffffff,8743a126affffff,5,6.362868459347742,167,256,5.117993812416755,5.545177444479562,8.758391719751248,1.6094379124341003
722,8743a1260ffffff,8743a126cffffff,5,4.521525249062533,167,356,5.117993812416755,5.87493073085203,8.41682580024171,1.6094379124341003
723,8743a1260ffffff,8743a126effffff,5,4.105636446534515,167,282,5.117993812416755,5.641907070938114,8.320359589593911,1.6094379124341003
724,8743a1260ffffff,8743a1270ffffff,6,5.905967023999579,167,224,5.117993812416755,5.4116460518550396,8.683887784762378,1.791759469228055
725,8743a1260ffffff,8743a1271ffffff,12,4.578687838148579,167,332,5.117993812416755,5.805134968916488,8.429386117175914,2.4849066497880004
726,8743a1260ffffff,8743a1274ffffff,3,5.871347351946073,167,44,5.117993812416755,3.784189633918261,8.678009722486596,1.0986122886681098
727,8743a1260ffffff,8743a1275ffffff,3,3.84141853704726,167,132,5.117993812416755,4.882801922586371,8.253857274679822,1.0986122886681098
728,8743a1260ffffff,8743a12e1ffffff,1,15.192395214308878,167,21,5.117993812416755,3.044522437723423,9.628616087026444,0.0
729,8743a1260ffffff,8743a12e4ffffff,1,14.830765885592578,167,174,5.117993812416755,5.159055299214529,9.60452650326848,0.0
730,8743a1260ffffff,8743a12e6ffffff,1,17.0974210665501,167,43,5.117993812416755,3.7612001156935624,9.746741402938119,0.0
731,8743a1260ffffff,8743a1341ffffff,1,9.747802561997881,167,292,5.117993812416755,5.676753802268282,9.184899742295555,0.0
732,8743a1260ffffff,8743a1349ffffff,2,6.25175297835444,167,23,5.117993812416755,3.1354942159291497,8.740777122285845,0.6931471805599453
733,8743a1260ffffff,8743a134affffff,2,4.874022637690691,167,79,5.117993812416755,4.3694478524670215,8.491880027050026,0.6931471805599453
734,8743a1260ffffff,8743a134bffffff,4,4.1547970069669224,167,52,5.117993812416755,3.9512437185814275,8.332259507659284,1.3862943611198906
735,8743a1260ffffff,8743a134dffffff,1,8.310582073006602,167,307,5.117993812416755,5.726847747587197,9.02540525155909,0.0
736,8743a1260ffffff,8743a134effffff,1,7.310943294424334,167,325,5.117993812416755,5.783825182329737,8.89726435796501,0.0
737,8743a1260ffffff,8743a135affffff,5,6.777418277852165,167,504,5.117993812416755,6.222576268071369,8.82149906136536,1.6094379124341003
738,8743a1260ffffff,8743acc81ffffff,1,13.534263053314264,167,607,5.117993812416755,6.408528791059498,9.51305363690308,0.0
739,8743a1260ffffff,8743acc8affffff,2,13.899028989716914,167,510,5.117993812416755,6.234410725718371,9.539646204707752,0.6931471805599453
740,8743a1260ffffff,8743acc90ffffff,4,5.910770971020703,167,353,5.117993812416755,5.8664680569332965,8.684700722199135,1.3862943611198906
741,8743a1260ffffff,8743acc91ffffff,2,7.68917789137129,167,927,5.117993812416755,6.831953565565855,8.947699195050243,0.6931471805599453
742,8743a1260ffffff,8743acc92ffffff,5,3.8435324943319147,167,365,5.117993812416755,5.8998973535824915,8.254407286597242,1.6094379124341003
743,8743a1260ffffff,8743acc93ffffff,1,5.876266016617323,167,349,5.117993812416755,5.855071922202427,8.678846969603464,0.0
744,8743a1260ffffff,8743acc96ffffff,3,4.581096130213703,167,94,5.117993812416755,4.543294782270004,8.429911842761436,1.0986122886681098
745,8743a1260ffffff,8743acc9cffffff,4,9.672330218447282,167,487,5.117993812416755,6.18826412308259,9.1771279157625,1.3862943611198906
746,8743a1260ffffff,8743acc9dffffff,2,11.757446870642648,167,654,5.117993812416755,6.483107351457199,9.372327143907858,0.6931471805599453
747,8743a1260ffffff,8743acc9effffff,1,8.032889454891075,167,612,5.117993812416755,6.416732282512326,8.991424055164503,0.0
748,8743a1260ffffff,8743accb1ffffff,1,11.457249656277583,167,637,5.117993812416755,6.456769655572163,9.346465243549233,0.0
749,8743a1260ffffff,8743accb3ffffff,2,9.164597712108682,167,462,5.117993812416755,6.135564891081739,9.123212374962195,0.6931471805599453
750,8743a1261ffffff,8743a1220ffffff,1,18.065312171354336,899,473,6.80128303447162,6.159095388491933,9.801804277055371,0.0
751,8743a1261ffffff,8743a1225ffffff,1,17.216891461437278,899,598,6.80128303447162,6.393590753950631,9.75370432341346,0.0
752,8743a1261ffffff,8743a122bffffff,1,11.741232667244162,899,24,6.80128303447162,3.1780538303479458,9.370947251386442,0.0
753,8743a1261ffffff,8743a122dffffff,1,11.295696169989432,899,38,6.80128303447162,3.6375861597263857,9.332265587613504,0.0
754,8743a1261ffffff,8743a1240ffffff,1,6.249576143952952,899,5,6.80128303447162,1.6094379124341003,8.740428921514324,0.0
755,8743a1261ffffff,8743a1242ffffff,1,8.445583779979883,899,14,6.80128303447162,2.6390573296152584,9.04151735221253,0.0
756,8743a1261ffffff,8743a1244ffffff,95,4.579598853330118,899,322,6.80128303447162,5.7745515455444085,8.42958502256288,4.553876891600541
757,8743a1261ffffff,8743a1245ffffff,5,4.154382039962036,899,30,6.80128303447162,3.4011973816621555,8.332159650105286,1.6094379124341003
758,8743a1261ffffff,8743a1246ffffff,31,6.868494349650035,899,158,6.80128303447162,5.062595033026967,8.834845779836558,3.4339872044851463
759,8743a1261ffffff,8743a1251ffffff,12,10.680011779325486,899,45,6.80128303447162,3.8066624897703196,9.276222843918925,2.4849066497880004
760,8743a1261ffffff,8743a1260ffffff,63,2.2604381775874316,899,269,6.80128303447162,5.594711379601839,7.723756251638393,4.143134726391533
761,8743a1261ffffff,8743a1261ffffff,63,0.0,899,264,6.80128303447162,5.575949103146316,0.0,4.143134726391533
764,8743a1261ffffff,8743a1264ffffff,6,4.105251346478494,899,40,6.80128303447162,3.6888794541139363,8.320265810142393,1.791759469228055
765,8743a1261ffffff,8743a1265ffffff,20,2.437405808181739,899,224,6.80128303447162,5.4116460518550396,7.799099747453786,2.995732273553991
766,8743a1261ffffff,8743a1266ffffff,2,4.520227171718991,899,30,6.80128303447162,3.4011973816621555,8.416538734145238,0.6931471805599453
767,8743a1261ffffff,8743a1268ffffff,3,4.106529096934705,899,24,6.80128303447162,3.1780538303479458,8.320576933741403,1.0986122886681098
768,8743a1261ffffff,8743a1269ffffff,2,6.166068338524211,899,24,6.80128303447162,3.1780538303479458,8.72697885625395,0.6931471805599453
769,8743a1261ffffff,8743a126affffff,70,4.874987680618914,899,256,6.80128303447162,5.545177444479562,8.492077964063704,4.248495242049359
770,8743a1261ffffff,8743a126cffffff,75,2.261087071475102,899,356,6.80128303447162,5.87493073085203,7.724043149071874,4.31748811353631
771,8743a1261ffffff,8743a126dffffff,13,4.522822746448679,899,166,6.80128303447162,5.111987788356544,8.417112655754165,2.5649493574615367
773,8743a1261ffffff,8743a1270ffffff,49,7.682873662065144,899,224,6.80128303447162,5.4116460518550396,8.946879082064726,3.8918202981106265
774,8743a1261ffffff,8743a1271ffffff,69,5.9074708780399465,899,332,6.80128303447162,5.805134968916488,8.684142342242339,4.23410650459726
775,8743a1261ffffff,8743a1274ffffff,3,8.026242451582345,899,44,6.80128303447162,3.784189633918261,8.990596342183009,1.0986122886681098
776,8743a1261ffffff,8743a1275ffffff,15,5.87307684493769,899,132,6.80128303447162,4.882801922586371,8.678304193889149,2.70805020110221
777,8743a1261ffffff,8743a12e0ffffff,2,17.101158132716435,899,268,6.80128303447162,5.5909869805108565,9.746959941118973,0.6931471805599453
778,8743a1261ffffff,8743a1341ffffff,1,11.10611182490709,899,292,6.80128303447162,5.676753802268282,9.315340887083224,0.0
779,8743a1261ffffff,8743a1348ffffff,4,7.312037803575177,899,135,6.80128303447162,4.90527477843843,8.89741403462381,1.3862943611198906
780,8743a1261ffffff,8743a1349ffffff,1,6.4164690084007745,899,23,6.80128303447162,3.1354942159291497,8.766779083501188,0.0
781,8743a1261ffffff,8743a134affffff,1,6.361934402918776,899,79,6.80128303447162,4.3694478524670215,8.758244934035975,0.0
782,8743a1261ffffff,8743a134bffffff,6,4.874751979788784,899,52,6.80128303447162,3.9512437185814275,8.492029623800656,1.791759469228055
783,8743a1261ffffff,8743a134dffffff,1,8.772585733487444,899,307,6.80128303447162,5.726847747587197,9.07950086537185,0.0
784,8743a1261ffffff,8743a134effffff,1,8.716194927663485,899,325,6.80128303447162,5.783825182329737,9.073052782544679,0.0
785,8743a1261ffffff,8743a135affffff,24,9.037856455439597,899,504,6.80128303447162,6.222576268071369,9.10928794709256,3.1780538303479458
786,8743a1261ffffff,8743a135bffffff,2,6.779366693644911,899,16,6.80128303447162,2.772588722239781,8.821786464080315,0.6931471805599453
787,8743a1261ffffff,8743a135dffffff,1,8.209222131304657,899,77,6.80128303447162,4.343805421853684,9.013135258268605,0.0
788,8743a1261ffffff,8743ac506ffffff,2,14.323779074512485,899,37,6.80128303447162,3.6109179126442243,9.569746119091413,0.6931471805599453
789,8743a1261ffffff,8743ac534ffffff,1,8.331895425820376,899,14,6.80128303447162,2.6390573296152584,9.02796626489993,0.0
790,8743a1261ffffff,8743ac536ffffff,1,8.21433312713436,899,12,6.80128303447162,2.4849066497880004,9.013757580730676,0.0
791,8743a1261ffffff,8743acc81ffffff,2,11.8293466780243,899,607,6.80128303447162,6.408528791059498,9.378423261532424,0.6931471805599453
792,8743a1261ffffff,8743acc82ffffff,2,8.102018909206244,899,621,6.80128303447162,6.431331081933479,8.99999197606361,0.6931471805599453
793,8743a1261ffffff,8743acc83ffffff,4,9.709856205416573,899,574,6.80128303447162,6.352629396319567,9.180999735092753,1.3862943611198906
794,8743a1261ffffff,8743acc85ffffff,1,12.59334997676281,899,556,6.80128303447162,6.320768294250582,9.441003577829068,0.0
795,8743a1261ffffff,8743acc86ffffff,1,9.166419224233351,899,205,6.80128303447162,5.3230099791384085,9.123411088805856,0.0
796,8743a1261ffffff,8743acc89ffffff,1,15.548776506738024,899,617,6.80128303447162,6.424869023905388,9.651801544947054,0.0
797,8743a1261ffffff,8743acc8effffff,4,11.54015882937716,899,693,6.80128303447162,6.541029999189903,9.353674953510714,1.3862943611198906
798,8743a1261ffffff,8743acc90ffffff,23,4.582006973808126,899,353,6.80128303447162,5.8664680569332965,8.43011060617677,3.1354942159291497
799,8743a1261ffffff,8743acc91ffffff,42,5.912273963805071,899,927,6.80128303447162,6.831953565565855,8.684954927202288,3.7376696182833684
800,8743a1261ffffff,8743acc92ffffff,45,2.290702649281585,899,365,6.80128303447162,5.8998973535824915,7.737050335248086,3.8066624897703196
801,8743a1261ffffff,8743acc93ffffff,29,3.844607556515027,899,349,6.80128303447162,5.855071922202427,8.254686881554685,3.367295829986474
802,8743a1261ffffff,8743acc94ffffff,1,6.25271123690311,899,22,6.80128303447162,3.091042453358316,8.740930364406728,0.0
803,8743a1261ffffff,8743acc95ffffff,2,6.873912617690164,899,314,6.80128303447162,5.749392985908253,8.835634212299839,0.6931471805599453
804,8743a1261ffffff,8743acc96ffffff,8,4.155373701667823,899,94,6.80128303447162,4.543294782270004,8.332398266768557,2.0794415416798357
805,8743a1261ffffff,8743acc98ffffff,9,8.03526838740696,899,461,6.80128303447162,6.133398042996649,8.991720123511385,2.1972245773362196
806,8743a1261ffffff,8743acc9affffff,7,6.7852067337139905,899,284,6.80128303447162,5.648974238161206,8.822647409618417,1.9459101490553132
807,8743a1261ffffff,8743acc9cffffff,16,7.691327521488874,899,487,6.80128303447162,6.18826412308259,8.947978685298922,2.772588722239781
808,8743a1261ffffff,8743acc9dffffff,8,9.675132758933565,899,654,6.80128303447162,6.483107351457199,9.17741759207126,2.0794415416798357
809,8743a1261ffffff,8743acc9effffff,34,5.877994065882928,899,612,6.80128303447162,6.416732282512326,8.679140949026499,3.5263605246161616
810,8743a1261ffffff,8743acca8ffffff,1,16.212735249860426,899,508,6.80128303447162,6.230481447578482,9.693614016924174,0.0
811,8743a1261ffffff,8743accaeffffff,1,14.86172945033912,899,671,6.80128303447162,6.508769136971682,9.606611979086034,0.0
812,8743a1261ffffff,8743accb3ffffff,7,8.452041814082706,899,462,6.80128303447162,6.135564891081739,9.042281633572639,1.9459101490553132
813,8743a1261ffffff,8743accb4ffffff,1,12.46908335882182,899,406,6.80128303447162,6.0063531596017325,9.431087723400882,0.0
814,8743a1262ffffff,8743a1224ffffff,1,16.634746252585366,448,845,6.104793232414985,6.739336627357174,9.719309047836242,0.0
815,8743a1262ffffff,8743a1226ffffff,3,17.209128018620937,448,670,6.104793232414985,6.507277712385012,9.753253327796218,1.0986122886681098
816,8743a1262ffffff,8743a1228ffffff,1,9.033508154918971,448,113,6.104793232414985,4.727387818712341,9.108806763793458,0.0
817,8743a1262ffffff,8743a1229ffffff,4,6.776105950133648,448,32,6.104793232414985,3.4657359027997265,8.821305438794878,1.3862943611198906
818,8743a1262ffffff,8743a1242ffffff,4,6.413198244089049,448,14,6.104793232414985,2.6390573296152584,8.76626928780306,1.3862943611198906
819,8743a1262ffffff,8743a1244ffffff,44,2.436794978439224,448,322,6.104793232414985,5.7745515455444085,7.798849212345639,3.784189633918261
820,8743a1262ffffff,8743a1245ffffff,1,4.105127908796152,448,30,6.104793232414985,3.4011973816621555,8.320235748773205,0.0
821,8743a1262ffffff,8743a1246ffffff,13,4.153020795596469,448,158,6.104793232414985,5.062595033026967,8.331832010585412,2.5649493574615367
822,8743a1262ffffff,8743a1251ffffff,6,8.305045802407776,448,45,6.104793232414985,3.8066624897703196,9.02473893855158,1.791759469228055
823,8743a1262ffffff,8743a1260ffffff,35,2.2896451326008638,448,269,6.104793232414985,5.594711379601839,7.736588774166374,3.5553480614894135
824,8743a1262ffffff,8743a1261ffffff,15,3.842494089829739,448,264,6.104793232414985,5.575949103146316,8.25413715108272,2.70805020110221
827,8743a1262ffffff,8743a1264ffffff,2,4.1540134119379575,448,40,6.104793232414985,3.6888794541139363,8.332070935187577,0.6931471805599453
828,8743a1262ffffff,8743a1265ffffff,9,4.579892338420378,448,224,6.104793232414985,5.4116460518550396,8.429649091846846,2.1972245773362196
829,8743a1262ffffff,8743a1266ffffff,3,2.4367361017978206,448,30,6.104793232414985,3.4011973816621555,7.798825060457184,1.0986122886681098
830,8743a1262ffffff,8743a1268ffffff,1,6.781948907371182,448,24,6.104793232414985,3.1780538303479458,8.822167228464693,0.0
831,8743a1262ffffff,8743a126affffff,14,6.163670177605939,448,256,6.104793232414985,5.545177444479562,8.726589914995527,2.6390573296152584
832,8743a1262ffffff,8743a126cffffff,28,5.874805722017298,448,356,6.104793232414985,5.87493073085203,8.678598473782115,3.332204510175204
833,8743a1262ffffff,8743a126dffffff,7,8.031003541473968,448,166,6.104793232414985,5.111987788356544,8.991189282851977,1.9459101490553132
834,8743a1262ffffff,8743a126effffff,43,4.520650536033369,448,282,6.104793232414985,5.641907070938114,8.416632369009795,3.7612001156935624
835,8743a1262ffffff,8743a1270ffffff,29,3.840379572235406,448,224,6.104793232414985,5.4116460518550396,8.253586844665028,3.367295829986474
836,8743a1262ffffff,8743a1271ffffff,50,2.2890427055477156,448,332,6.104793232414985,5.805134968916488,7.736325745085193,3.912023005428146
837,8743a1262ffffff,8743a1274ffffff,4,4.518053664783998,448,44,6.104793232414985,3.784189633918261,8.416057884707884,1.3862943611198906
838,8743a1262ffffff,8743a1275ffffff,13,2.2593515855674386,448,132,6.104793232414985,4.882801922586371,7.723275649001905,2.5649493574615367
839,8743a1262ffffff,8743a1348ffffff,1,8.309016262885926,448,135,6.104793232414985,4.90527477843843,9.025216844873563,0.0
840,8743a1262ffffff,8743a1349ffffff,1,8.448702792960916,448,23,6.104793232414985,3.1354942159291497,9.041886547301994,0.0
841,8743a1262ffffff,8743a134affffff,1,6.414576076898097,448,79,6.104793232414985,4.3694478524670215,8.76648407456078,0.0
842,8743a1262ffffff,8743a134bffffff,1,6.250389708672981,448,52,6.104793232414985,3.9512437185814275,8.740559071401274,0.0
843,8743a1262ffffff,8743a134effffff,2,8.77008906957454,448,325,6.104793232414985,5.783825182329737,9.079216258907747,0.6931471805599453
844,8743a1262ffffff,8743a1350ffffff,1,12.307702015514723,448,500,6.104793232414985,6.214608098422191,9.418061772150004,0.0
845,8743a1262ffffff,8743a135affffff,16,6.159980642768055,448,504,6.104793232414985,6.222576268071369,8.7259912391119,2.772588722239781
846,8743a1262ffffff,8743a135bffffff,1,4.103849493902632,448,16,6.104793232414985,2.772588722239781,8.319924357122456,0.0
847,8743a1262ffffff,8743a135dffffff,2,7.310028832533459,448,77,6.104793232414985,4.343805421853684,8.897139286005066,0.6931471805599453
848,8743a1262ffffff,8743a136affffff,3,12.830517421265764,448,932,6.104793232414985,6.837332814685591,9.459659721954118,1.0986122886681098
849,8743a1262ffffff,8743acc81ffffff,2,15.609389428519856,448,607,6.104793232414985,6.408528791059498,9.655691960573048,0.6931471805599453
850,8743a1262ffffff,8743acc82ffffff,1,11.823043960920065,448,621,6.104793232414985,6.431331081933479,9.37789036112086,0.0
851,8743a1262ffffff,8743acc83ffffff,1,13.53053627577521,448,574,6.104793232414985,6.352629396319567,9.512778260600378,0.0
852,8743a1262ffffff,8743acc88ffffff,1,17.333348214706813,448,458,6.104793232414985,6.126869184114185,9.760445258029891,0.0
853,8743a1262ffffff,8743acc8bffffff,1,17.639160625927698,448,418,6.104793232414985,6.035481432524756,9.77793343529754,0.0
854,8743a1262ffffff,8743acc90ffffff,9,8.097822774894617,448,353,6.104793232414985,5.8664680569332965,8.999473993665404,2.1972245773362196
855,8743a1262ffffff,8743acc91ffffff,7,9.704592667594719,448,927,6.104793232414985,6.831953565565855,9.18045756201206,1.9459101490553132
856,8743a1262ffffff,8743acc92ffffff,13,5.909121301922906,448,365,6.104793232414985,5.8998973535824915,8.684421635049564,2.5649493574615367
857,8743a1262ffffff,8743acc93ffffff,14,7.6871016463447654,448,349,6.104793232414985,5.855071922202427,8.947429171991546,2.6390573296152584
858,8743a1262ffffff,8743acc94ffffff,1,9.16219155033245,448,22,6.104793232414985,3.091042453358316,9.12294981950852,0.0
859,8743a1262ffffff,8743acc95ffffff,2,10.331702799947935,448,314,6.104793232414985,5.749392985908253,9.24306917357754,0.6931471805599453
860,8743a1262ffffff,8743acc96ffffff,5,6.870741262814566,448,94,6.104793232414985,4.543294782270004,8.835172812026082,1.6094379124341003
861,8743a1262ffffff,8743acc98ffffff,4,11.7545272159358,448,461,6.104793232414985,6.133398042996649,9.37207881032451,1.3862943611198906
862,8743a1262ffffff,8743acc9affffff,3,10.233502999778763,448,284,6.104793232414985,5.648974238161206,9.233519938028119,1.0986122886681098
863,8743a1262ffffff,8743acc9cffffff,6,11.533821611318611,448,487,6.104793232414985,6.18826412308259,9.353125705496385,1.791759469228055
864,8743a1262ffffff,8743acc9dffffff,5,13.49567698526142,448,654,6.104793232414985,6.483107351457199,9.51019878488693,1.6094379124341003
865,8743a1262ffffff,8743acc9effffff,7,9.669832712382092,448,612,6.104793232414985,6.416732282512326,9.176869697705921,1.9459101490553132
866,8743a1262ffffff,8743accb3ffffff,6,11.454242844709544,448,462,6.104793232414985,6.135564891081739,9.346202794550226,1.791759469228055
867,8743a1262ffffff,8743accb5ffffff,1,15.212256681503256,448,508,6.104793232414985,6.230481447578482,9.629922476831357,0.0
868,8743a1263ffffff,8743a1205ffffff,4,14.670286305068554,813,295,6.70073110954781,5.68697535633982,9.593647549983551,1.3862943611198906
869,8743a1263ffffff,8743a1220ffffff,1,17.213893420912196,813,473,6.70073110954781,6.159095388491933,9.753530184694046,0.0
870,8743a1263ffffff,8743a1221ffffff,1,14.976859419692861,813,324,6.70073110954781,5.780743515792329,9.614328350978969,0.0
871,8743a1263ffffff,8743a1223ffffff,1,15.806361983680723,813,328,6.70073110954781,5.793013608384144,9.668231058829065,0.0
872,8743a1263ffffff,8743a1228ffffff,3,11.293508958503574,813,113,6.70073110954781,4.727387818712341,9.332071953721,1.0986122886681098
873,8743a1263ffffff,8743a1229ffffff,4,9.036106753718247,813,32,6.70073110954781,3.4657359027997265,9.109094352792043,1.3862943611198906
874,8743a1263ffffff,8743a122affffff,2,12.440651278135997,813,40,6.70073110954781,3.6888794541139363,9.428805096884075,0.6931471805599453
875,8743a1263ffffff,8743a122bffffff,2,10.222093393878911,813,24,6.70073110954781,3.1780538303479458,9.2324044983779,0.6931471805599453
876,8743a1263ffffff,8743a122dffffff,5,10.525045425469012,813,38,6.70073110954781,3.6375861597263857,9.261607981453436,1.6094379124341003
877,8743a1263ffffff,8743a122effffff,2,13.550260796845139,813,132,6.70073110954781,4.882801922586371,9.514234869716823,0.6931471805599453
878,8743a1263ffffff,8743a1240ffffff,1,4.153597030662812,813,5,6.70073110954781,1.6094379124341003,8.331970718389602,0.0
879,8743a1263ffffff,8743a1242ffffff,4,6.248209802103662,813,14,6.70073110954781,2.6390573296152584,8.740210303073876,1.3862943611198906
881,8743a1263ffffff,8743a1245ffffff,10,2.437159104436436,813,30,6.70073110954781,3.4011973816621555,7.798998568140095,2.302585092994046
882,8743a1263ffffff,8743a1246ffffff,58,4.5783937306889175,813,158,6.70073110954781,5.062595033026967,8.429321895134096,4.060443010546419
883,8743a1263ffffff,8743a1251ffffff,5,8.443620650144286,813,45,6.70073110954781,3.8066624897703196,9.041284908179001,1.6094379124341003
885,8743a1263ffffff,8743a1261ffffff,61,2.2901006189611195,813,264,6.70073110954781,5.575949103146316,7.736787600721339,4.110873864173311
888,8743a1263ffffff,8743a1264ffffff,10,4.874141861646418,813,40,6.70073110954781,3.6888794541139363,8.491904482833462,2.302585092994046
889,8743a1263ffffff,8743a1265ffffff,57,4.154590069926928,813,224,6.70073110954781,5.4116460518550396,8.332209711629302,4.04305126783455
890,8743a1263ffffff,8743a1266ffffff,12,4.104743245113526,813,30,6.70073110954781,3.4011973816621555,8.32014206399036,2.4849066497880004
891,8743a1263ffffff,8743a1268ffffff,2,4.5219481037865785,813,24,6.70073110954781,3.1780538303479458,8.416919295564258,0.6931471805599453
892,8743a1263ffffff,8743a1269ffffff,10,6.783894823221537,813,24,6.70073110954781,3.1780538303479458,8.822454070781326,2.302585092994046
893,8743a1263ffffff,8743a126affffff,58,4.106020501459267,813,256,6.70073110954781,5.545177444479562,8.320453105777377,4.060443010546419
895,8743a1263ffffff,8743a126dffffff,33,5.876533981130193,813,166,6.70073110954781,5.111987788356544,8.678892561959433,3.4965075614664802
899,8743a1263ffffff,8743a1273ffffff,1,5.905819701421848,813,4,6.70073110954781,1.3862943611198906,8.683862843973932,0.0
900,8743a1263ffffff,8743a1274ffffff,11,6.7780544683686,813,44,6.70073110954781,3.784189633918261,8.821592912266455,2.3978952727983707
901,8743a1263ffffff,8743a1275ffffff,47,4.519352389152041,813,132,6.70073110954781,4.882801922586371,8.416345231989162,3.8501476017100584
902,8743a1263ffffff,8743a1276ffffff,1,8.024355404020874,813,1,6.70073110954781,0.0,8.990361234122977,0.0
903,8743a1263ffffff,8743a12e0ffffff,1,14.829977722733384,813,268,6.70073110954781,5.5909869805108565,9.604473361666354,0.0
904,8743a1263ffffff,8743a1348ffffff,6,8.7712793308827,813,135,6.70073110954781,4.90527477843843,9.079351952496667,1.791759469228055
905,8743a1263ffffff,8743a1349ffffff,2,8.310170000566735,813,23,6.70073110954781,3.1354942159291497,9.025355672230933,0.6931471805599453
906,8743a1263ffffff,8743a134affffff,4,7.311123196753562,813,79,6.70073110954781,4.3694478524670215,8.89728896156338,1.3862943611198906
907,8743a1263ffffff,8743a134bffffff,7,6.415437644377854,813,52,6.70073110954781,3.9512437185814275,8.766618358625584,1.9459101490553132
908,8743a1263ffffff,8743a134cffffff,1,11.162088661887555,813,283,6.70073110954781,5.645446897643238,9.320367959461697,0.0
909,8743a1263ffffff,8743a134dffffff,15,10.531931876559884,813,307,6.70073110954781,5.726847747587197,9.262261997195754,2.70805020110221
910,8743a1263ffffff,8743a134effffff,5,9.748043853487204,813,325,6.70073110954781,5.783825182329737,9.184924492874073,1.6094379124341003
911,8743a1263ffffff,8743a1359ffffff,1,6.36120060774504,813,1,6.70073110954781,0.0,8.758129603994457,0.0
912,8743a1263ffffff,8743a135affffff,94,8.323237807682876,813,504,6.70073110954781,6.222576268071369,9.026926756024576,4.543294782270004
913,8743a1263ffffff,8743a135bffffff,2,6.161503818737824,813,16,6.70073110954781,2.772588722239781,8.726238438024234,0.6931471805599453
914,8743a1263ffffff,8743a135dffffff,1,8.715192973740562,813,77,6.70073110954781,4.343805421853684,9.072937835991583,0.0
915,8743a1263ffffff,8743a136affffff,1,13.56936161972935,813,932,6.70073110954781,6.837332814685591,9.51564340094322,0.0
916,8743a1263ffffff,8743a136bffffff,2,12.832242072255735,813,578,6.70073110954781,6.359573868672378,9.459794120329681,0.6931471805599453
917,8743a1263ffffff,8743ac506ffffff,1,14.486219849736086,813,37,6.70073110954781,3.6109179126442243,9.581022150083028,0.0
918,8743a1263ffffff,8743ac50cffffff,1,21.087095290003543,813,10,6.70073110954781,2.302585092994046,9.956463955975805,0.0
919,8743a1263ffffff,8743ac533ffffff,2,12.334060367553807,813,20,6.70073110954781,2.995732273553991,9.420200922956655,0.6931471805599453
920,8743a1263ffffff,8743ac534ffffff,2,9.046489599140035,813,14,6.70073110954781,2.6390573296152584,9.110242605853378,0.6931471805599453
921,8743a1263ffffff,8743ac535ffffff,2,11.309732139105048,813,41,6.70073110954781,3.713572066704308,9.333507300799733,0.6931471805599453
922,8743a1263ffffff,8743ac536ffffff,2,8.330609694614076,813,12,6.70073110954781,2.4849066497880004,9.027811957142267,0.6931471805599453
923,8743a1263ffffff,8743acc80ffffff,1,12.589890652692924,813,312,6.70073110954781,5.7430031878094825,9.440728867403028,0.0
924,8743a1263ffffff,8743acc81ffffff,2,14.000424750420995,813,607,6.70073110954781,6.408528791059498,9.54691437130661,0.6931471805599453
925,8743a1263ffffff,8743acc82ffffff,1,10.334088231267899,813,621,6.70073110954781,6.431331081933479,9.243300009212268,0.0
926,8743a1263ffffff,8743acc83ffffff,3,11.826049509192048,813,574,6.70073110954781,6.352629396319567,9.378144518358196,1.0986122886681098
927,8743a1263ffffff,8743acc85ffffff,1,14.857669279842513,813,556,6.70073110954781,6.320768294250582,9.606338763780204,0.0
928,8743a1263ffffff,8743acc86ffffff,1,11.456519843194469,813,205,6.70073110954781,5.3230099791384085,9.346401548277434,0.0
929,8743a1263ffffff,8743acc88ffffff,1,15.386950806879742,813,458,6.70073110954781,6.126869184114185,9.641340067017566,0.0
930,8743a1263ffffff,8743acc8affffff,6,13.499553717367103,813,510,6.70073110954781,6.234410725718371,9.510485979686651,1.791759469228055
931,8743a1263ffffff,8743acc8cffffff,2,15.613464905292583,813,386,6.70073110954781,5.955837369464831,9.655953001137227,0.6931471805599453
932,8743a1263ffffff,8743acc90ffffff,50,6.872107592769246,813,353,6.70073110954781,5.8664680569332965,8.835371625410431,3.912023005428146
933,8743a1263ffffff,8743acc91ffffff,37,8.099764098167869,813,927,6.70073110954781,6.831953565565855,8.999713669318586,3.6109179126442243
935,8743a1263ffffff,8743acc93ffffff,65,5.910624510532126,813,349,6.70073110954781,5.855071922202427,8.684675947507499,4.174387269895637
936,8743a1263ffffff,8743acc94ffffff,1,8.45008414907573,813,22,6.70073110954781,3.091042453358316,9.042050013787032,0.0
937,8743a1263ffffff,8743acc95ffffff,1,9.164013236651282,813,314,6.70073110954781,5.749392985908253,9.123148604533677,0.0
938,8743a1263ffffff,8743acc96ffffff,11,6.2513479637004,813,94,6.70073110954781,4.543294782270004,8.74071234637463,2.3978952727983707
939,8743a1263ffffff,8743acc98ffffff,6,9.672635623863751,813,461,6.70073110954781,6.133398042996649,9.17715948716434,1.791759469228055
940,8743a1263ffffff,8743acc9affffff,12,8.033382727362044,813,284,6.70073110954781,5.648974238161206,8.991485452241367,2.4849066497880004
941,8743a1263ffffff,8743acc9cffffff,11,9.70716744101339,813,487,6.70073110954781,6.18826412308259,9.180722814432958,2.3978952727983707
942,8743a1263ffffff,8743acc9dffffff,6,11.537045773328101,813,654,6.70073110954781,6.483107351457199,9.353405181989421,1.791759469228055
943,8743a1263ffffff,8743acc9effffff,27,7.689251582748593,813,612,6.70073110954781,6.416732282512326,8.947708777536535,3.295836866004329
944,8743a1263ffffff,8743acca8ffffff,1,18.4376816936327,813,508,6.70073110954781,6.230481447578482,9.822206002886425,0.0
945,8743a1263ffffff,8743accaeffffff,1,17.13290988846469,813,671,6.70073110954781,6.508769136971682,9.748814813286668,0.0
946,8743a1263ffffff,8743accb0ffffff,5,12.505824407264583,813,947,6.70073110954781,6.853299093186078,9.43402972689367,1.6094379124341003
947,8743a1263ffffff,8743accb3ffffff,3,10.688432599098451,813,462,6.70073110954781,6.135564891081739,9.277010924883426,1.0986122886681098
948,8743a1264ffffff,8743a1244ffffff,1,6.414405283706582,83,322,4.418840607796598,5.7745515455444085,8.766457452560994,0.0
949,8743a1264ffffff,8743a1260ffffff,6,2.4370413025835487,83,269,4.418840607796598,5.594711379601839,7.798950251072265,1.791759469228055
950,8743a1264ffffff,8743a1261ffffff,3,4.105251346478494,83,264,4.418840607796598,5.575949103146316,8.320265810142393,1.0986122886681098
951,8743a1264ffffff,8743a1262ffffff,8,4.1540134119379575,83,371,4.418840607796598,5.916202062607435,8.332070935187577,2.0794415416798357
952,8743a1264ffffff,8743a1263ffffff,11,4.874141861646418,83,305,4.418840607796598,5.720311776607412,8.491904482833462,2.3978952727983707
953,8743a1264ffffff,8743a1265ffffff,10,2.2602262488343143,83,224,4.418840607796598,5.4116460518550396,7.723662533098484,2.302585092994046
954,8743a1264ffffff,8743a126affffff,1,8.717264244453151,83,256,4.418840607796598,5.545177444479562,9.073175442553852,0.0
955,8743a1264ffffff,8743a126cffffff,2,6.1639031350716165,83,356,4.418840607796598,5.87493073085203,8.726627703402277,0.6931471805599453
956,8743a1264ffffff,8743a126effffff,1,6.362402308214582,83,282,4.418840607796598,5.641907070938114,8.758318467419011,0.0
957,8743a1264ffffff,8743a1270ffffff,1,6.867568160525767,83,224,4.418840607796598,5.4116460518550396,8.834710944356665,0.0
958,8743a1264ffffff,8743a1275ffffff,2,4.5789811250274015,83,132,4.418840607796598,4.882801922586371,8.429450155926682,0.6931471805599453
959,8743a1264ffffff,8743a1341ffffff,1,7.310761259414335,83,292,4.418840607796598,5.676753802268282,8.897239462083213,0.0
960,8743a1264ffffff,8743a1348ffffff,1,4.155002850947969,83,135,4.418840607796598,4.90527477843843,8.332309038202514,0.0
961,8743a1264ffffff,8743a134affffff,2,2.4369813351071437,83,79,4.418840607796598,4.3694478524670215,7.798925654190395,0.6931471805599453
962,8743a1264ffffff,8743a134bffffff,1,2.2903933819211564,83,52,4.418840607796598,3.9512437185814275,7.73691537523032,0.0
963,8743a1264ffffff,8743a134dffffff,1,6.252156509476005,83,307,4.418840607796598,5.726847747587197,8.740841656756064,0.0
964,8743a1264ffffff,8743a134effffff,1,4.873901991840786,83,325,4.418840607796598,5.783825182329737,8.491855278992068,0.0
965,8743a1264ffffff,8743a135affffff,5,5.871078161958929,83,504,4.418840607796598,6.222576268071369,8.67796388116607,1.6094379124341003
966,8743a1264ffffff,8743a1369ffffff,1,10.367951540406908,83,444,4.418840607796598,6.095824562432225,9.246571191040452,0.0
967,8743a1264ffffff,8743a136bffffff,1,8.31099195869114,83,578,4.418840607796598,6.359573868672378,9.025454565344901,0.0
968,8743a1264ffffff,8743acc80ffffff,1,11.536823146925045,83,312,4.418840607796598,5.7430031878094825,9.35338588681975,0.0
969,8743a1264ffffff,8743acc90ffffff,3,5.875997341419571,83,353,4.418840607796598,5.8664680569332965,8.678801254242218,1.0986122886681098
970,8743a1264ffffff,8743acc91ffffff,3,8.032395142960459,83,927,4.418840607796598,6.831953565565855,8.991362524925492,1.0986122886681098
971,8743a1264ffffff,8743acc92ffffff,7,4.521101646179208,83,365,4.418840607796598,5.8998973535824915,8.416732130731948,1.9459101490553132
972,8743a1264ffffff,8743acc95ffffff,5,7.689103308725444,83,314,4.418840607796598,5.749392985908253,8.947689496574009,1.6094379124341003
973,8743a1264ffffff,8743acc96ffffff,2,3.843495239111997,83,94,4.418840607796598,4.543294782270004,8.254397596108092,0.6931471805599453
974,8743a1264ffffff,8743acc9effffff,1,9.044798725659323,83,612,4.418840607796598,6.416732282512326,9.110055699697318,0.0
975,8743a1264ffffff,8743acca0ffffff,1,14.859223120087814,83,358,4.418840607796598,5.8805329864007,9.606443332969784,0.0
976,8743a1265ffffff,8743a1261ffffff,1,2.437405808181739,15,264,2.70805020110221,5.575949103146316,7.799099747453786,0.0
977,8743a1265ffffff,8743a1265ffffff,3,0.0,15,224,2.70805020110221,5.4116460518550396,0.0,1.0986122886681098
978,8743a1265ffffff,8743a126effffff,1,4.8748705415992575,15,282,2.70805020110221,5.641907070938114,8.492053940125498,0.0
979,8743a1265ffffff,8743a1271ffffff,1,6.868935043968094,15,332,2.70805020110221,5.805134968916488,8.834909930145217,0.0
980,8743a1265ffffff,8743a1275ffffff,1,5.907617661280428,15,132,2.70805020110221,4.882801922586371,8.684167184781177,0.0
981,8743a1265ffffff,8743a134affffff,1,4.104865201739063,15,79,2.70805020110221,4.3694478524670215,8.320171767458648,0.0
982,8743a1265ffffff,8743acc8effffff,1,11.760365498905047,15,693,2.70805020110221,6.541029999189903,9.372575328564396,0.0
983,8743a1265ffffff,8743acc91ffffff,1,5.877725800030187,15,927,2.70805020110221,6.831953565565855,8.67909531673455,0.0
984,8743a1265ffffff,8743acc92ffffff,3,2.2608753973448934,15,365,2.70805020110221,5.8998973535824915,7.723949569988571,1.0986122886681098
985,8743a1265ffffff,8743acc93ffffff,1,4.522399653222001,15,349,2.70805020110221,5.855071922202427,8.417019125782579,0.0
986,8743a1265ffffff,8743accb0ffffff,1,8.45261681581245,15,947,2.70805020110221,6.853299093186078,9.042349654314354,0.0
987,8743a126affffff,8743a1244ffffff,1,4.521073152393471,4,322,1.3862943611198906,5.7745515455444085,8.416725829706952,0.0
988,8743a126affffff,8743a126effffff,1,2.437522947201397,4,282,1.3862943611198906,5.641907070938114,7.799147785481633,0.0
989,8743a126affffff,8743ac533ffffff,1,8.333645373122971,4,20,1.3862943611198906,2.995732273553991,9.028176247563858,0.0
990,8743a126affffff,8743acc92ffffff,1,6.416126374746909,4,365,1.3862943611198906,5.8998973535824915,8.766725691299296,0.0
991,8743a126cffffff,8743a122bffffff,2,13.880011913941601,561,24,6.329720905522696,3.1780538303479458,9.538277135866046,0.6931471805599453
992,8743a126cffffff,8743a1244ffffff,21,5.908974301228108,561,322,6.329720905522696,5.7745515455444085,8.684396762036732,3.044522437723423
993,8743a126cffffff,8743a1245ffffff,2,4.580509584780739,561,30,6.329720905522696,3.4011973816621555,8.429783826464792,0.6931471805599453
994,8743a126cffffff,8743a1246ffffff,6,8.095251147618006,561,158,6.329720905522696,5.062595033026967,8.999156412243975,1.791759469228055
995,8743a126cffffff,8743a1260ffffff,11,4.521525249062533,561,269,6.329720905522696,5.594711379601839,8.41682580024171,2.3978952727983707
996,8743a126cffffff,8743a1261ffffff,20,2.261087071475102,561,264,6.329720905522696,5.575949103146316,7.724043149071874,2.995732273553991
997,8743a126cffffff,8743a1262ffffff,46,5.874805722017298,561,371,6.329720905522696,5.916202062607435,8.678598473782115,3.828641396489095
998,8743a126cffffff,8743a1263ffffff,44,3.84356930434978,561,305,6.329720905522696,5.720311776607412,8.254416861192256,3.784189633918261
999,8743a126cffffff,8743a1264ffffff,2,6.1639031350716165,561,40,6.329720905522696,3.6888794541139363,8.726627703402277,0.6931471805599453
1000,8743a126cffffff,8743a1265ffffff,14,4.106144605727361,561,224,6.329720905522696,5.4116460518550396,8.320483322912407,2.6390573296152584
1001,8743a126cffffff,8743a1268ffffff,2,2.4378286243888443,561,24,6.329720905522696,3.1780538303479458,7.7992731310440195,0.6931471805599453
1002,8743a126cffffff,8743a1269ffffff,2,4.107421195085782,561,24,6.329720905522696,3.1780538303479458,8.320794096241876,0.6931471805599453
1003,8743a126cffffff,8743a126affffff,12,4.1549579635421905,561,256,6.329720905522696,5.545177444479562,8.332298237524604,2.4849066497880004
1005,8743a126cffffff,8743a126dffffff,20,2.261735674973577,561,166,6.329720905522696,5.111987788356544,7.724329835883386,2.995732273553991
1006,8743a126cffffff,8743a126effffff,29,2.2905559632698527,561,282,6.329720905522696,5.641907070938114,7.736986325763053,3.367295829986474
1007,8743a126cffffff,8743a1270ffffff,9,9.664530060146557,561,224,6.329720905522696,5.4116460518550396,9.176321233402595,2.1972245773362196
1008,8743a126cffffff,8743a1271ffffff,36,7.685024580089825,561,332,6.329720905522696,5.805134968916488,8.94715896915374,3.58351893845611
1009,8743a126cffffff,8743a1275ffffff,6,8.028623448590107,561,132,6.329720905522696,4.882801922586371,8.990892912764096,1.791759469228055
1010,8743a126cffffff,8743a1341ffffff,1,12.72412955389783,561,292,6.329720905522696,5.676753802268282,9.451334022419772,0.0
1011,8743a126cffffff,8743a1348ffffff,1,8.717732944005789,561,135,6.329720905522696,4.90527477843843,9.0732292017588,0.0
1012,8743a126cffffff,8743a134bffffff,5,6.363136221845743,561,52,6.329720905522696,3.9512437185814275,8.758433794295492,1.6094379124341003
1013,8743a126cffffff,8743a134cffffff,1,11.107998054077429,561,283,6.329720905522696,5.645446897643238,9.315510694415394,0.0
1014,8743a126cffffff,8743a134dffffff,1,9.75072144451066,561,307,6.329720905522696,5.726847747587197,9.18519910681864,0.0
1015,8743a126cffffff,8743a134effffff,3,10.427091663457606,561,325,6.329720905522696,5.783825182329737,9.25225856514303,1.0986122886681098
1016,8743a126cffffff,8743a135affffff,7,11.298943526914698,561,504,6.329720905522696,6.222576268071369,9.332553007069775,1.9459101490553132
1017,8743a126cffffff,8743a135bffffff,1,9.040453765120013,561,16,6.329720905522696,2.772588722239781,9.109575255182586,0.0
1018,8743a126cffffff,8743a136bffffff,1,12.188249984719945,561,578,6.329720905522696,6.359573868672378,9.408309693488103,0.0
1019,8743a126cffffff,8743ac506ffffff,3,12.326082064829867,561,37,6.329720905522696,3.6109179126442243,9.41955391485311,1.0986122886681098
1020,8743a126cffffff,8743ac520ffffff,1,11.315158573376365,561,45,6.329720905522696,3.8066624897703196,9.33398694552373,0.0
1021,8743a126cffffff,8743ac526ffffff,1,9.0508314047019,561,18,6.329720905522696,2.8903717578961645,9.110722381381336,0.0
1022,8743a126cffffff,8743acc81ffffff,2,10.339330357586025,561,607,6.329720905522696,6.408528791059498,9.243807097028451,0.6931471805599453
1023,8743a126cffffff,8743acc82ffffff,6,6.8752783892623,561,621,6.329720905522696,6.431331081933479,8.835832852777735,1.791759469228055
1024,8743a126cffffff,8743acc83ffffff,5,8.103959412606379,561,574,6.329720905522696,6.352629396319567,9.000231426459074,1.6094379124341003
1025,8743a126cffffff,8743acc85ffffff,1,11.461802499741276,561,556,6.329720905522696,6.320768294250582,9.346862506597418,0.0
1026,8743a126cffffff,8743acc86ffffff,3,8.453422557823007,561,205,6.329720905522696,5.3230099791384085,9.042444963059898,1.0986122886681098
1027,8743a126cffffff,8743acc88ffffff,1,11.543381502529963,561,458,6.329720905522696,6.126869184114185,9.35395414759735,0.0
1028,8743a126cffffff,8743acc89ffffff,1,13.506962774788754,561,617,6.329720905522696,6.424869023905388,9.511034625711666,0.0
1029,8743a126cffffff,8743acc8affffff,6,9.67793433914679,561,510,6.329720905522696,6.234410725718371,9.177707085279275,1.791759469228055
1030,8743a126cffffff,8743acc8bffffff,1,11.764354903910402,561,418,6.329720905522696,6.035481432524756,9.372914466784708,0.0
1031,8743a126cffffff,8743acc8effffff,5,9.712429832900641,561,693,6.329720905522696,6.541029999189903,9.18126472578472,1.6094379124341003
1032,8743a126cffffff,8743acc90ffffff,21,4.155950047363621,561,353,6.329720905522696,5.8664680569332965,8.332536922669401,3.044522437723423
1033,8743a126cffffff,8743acc91ffffff,25,4.582917532182762,561,927,6.329720905522696,6.831953565565855,8.43030926787122,3.2188758248682006
1034,8743a126cffffff,8743acc92ffffff,34,2.437770030719851,561,365,6.329720905522696,5.8998973535824915,7.79924910542275,3.5263605246161616
1035,8743a126cffffff,8743acc93ffffff,50,2.2911579503212693,561,349,6.329720905522696,5.855071922202427,7.7372489892129215,3.912023005428146
1036,8743a126cffffff,8743acc94ffffff,1,6.417330050638287,561,22,6.329720905522696,3.091042453358316,8.766913246124776,0.0
1037,8743a126cffffff,8743acc95ffffff,2,6.253669041859087,561,314,6.329720905522696,5.749392985908253,8.74108351052741,0.6931471805599453
1038,8743a126cffffff,8743acc96ffffff,4,4.8754807560840066,561,94,6.329720905522696,4.543294782270004,8.492179082148569,1.3862943611198906
1039,8743a126cffffff,8743acc98ffffff,8,5.879721493918503,561,461,6.329720905522696,6.133398042996649,8.679434736412635,2.0794415416798357
1040,8743a126cffffff,8743acc9affffff,9,4.524119662238888,561,284,6.329720905522696,5.648974238161206,8.41739930047805,2.1972245773362196
1041,8743a126cffffff,8743acc9cffffff,21,5.913776521717939,561,487,6.329720905522696,6.18826412308259,8.685208994078785,3.044522437723423
1042,8743a126cffffff,8743acc9dffffff,14,7.693476468978321,561,654,6.329720905522696,6.483107351457199,8.948258008737987,2.6390573296152584
1043,8743a126cffffff,8743acc9effffff,29,3.845682278398813,561,612,6.329720905522696,6.416732282512326,8.254966309894968,3.367295829986474
1044,8743a126cffffff,8743accabffffff,1,14.007767302528597,561,256,6.329720905522696,5.545177444479562,9.547438648488423,0.0
1045,8743a126cffffff,8743accf2ffffff,1,15.395396302510328,561,168,6.329720905522696,5.123963979403259,9.64188875468747,0.0
1046,8743a126dffffff,8743a1244ffffff,4,7.687174821153394,261,322,5.564520407322694,5.7745515455444085,8.947438689875643,1.3862943611198906
1047,8743a126dffffff,8743a1245ffffff,2,5.9104772919093325,261,30,5.564520407322694,3.4011973816621555,8.684651043954224,0.6931471805599453
1048,8743a126dffffff,8743a1246ffffff,1,9.701786419324222,261,158,5.564520407322694,5.062595033026967,9.180168382964446,0.0
1049,8743a126dffffff,8743a1260ffffff,5,6.783260924036109,261,269,5.564520407322694,5.594711379601839,8.822360638411958,1.6094379124341003
1050,8743a126dffffff,8743a1261ffffff,1,4.522822746448679,261,264,5.564520407322694,5.575949103146316,8.417112655754165,0.0
1051,8743a126dffffff,8743a1262ffffff,12,8.031003541473968,261,371,5.564520407322694,5.916202062607435,8.991189282851977,2.4849066497880004
1052,8743a126dffffff,8743a1263ffffff,12,5.876533981130193,261,305,5.564520407322694,5.720311776607412,8.678892561959433,2.4849066497880004
1053,8743a126dffffff,8743a1265ffffff,3,6.1654246790109335,261,224,5.564520407322694,5.4116460518550396,8.72687448038688,1.0986122886681098
1054,8743a126dffffff,8743a126affffff,11,4.58142003159534,261,256,5.564520407322694,5.545177444479562,8.42998252873679,2.3978952727983707
1055,8743a126dffffff,8743a126cffffff,15,2.261735674973577,261,356,5.564520407322694,5.87493073085203,7.724329835883386,2.70805020110221
1056,8743a126dffffff,8743a126dffffff,2,0.0,261,166,5.564520407322694,5.111987788356544,0.0,0.6931471805599453
1057,8743a126dffffff,8743a126effffff,18,3.8446441793710835,261,282,5.564520407322694,5.641907070938114,8.254696404804557,2.8903717578961645
1058,8743a126dffffff,8743a1270ffffff,5,11.748149814517742,261,224,5.564520407322694,5.4116460518550396,9.371536160743211,1.6094379124341003
1059,8743a126dffffff,8743a1271ffffff,6,9.667334293554696,261,332,5.564520407322694,5.805134968916488,9.17661131854817,1.791759469228055
1060,8743a126dffffff,8743a1274ffffff,1,12.450764517895946,261,44,5.564520407322694,3.784189633918261,9.429617620195396,0.0
1061,8743a126dffffff,8743a1275ffffff,2,10.230473222164413,261,132,5.564520407322694,4.882801922586371,9.233223858563976,0.6931471805599453
1062,8743a126dffffff,8743a1349ffffff,1,8.719269856246807,261,23,5.564520407322694,3.1354942159291497,9.073405463241476,0.0
1063,8743a126dffffff,8743a134dffffff,2,11.109882899238523,261,307,5.564520407322694,5.726847747587197,9.315680348354546,0.6931471805599453
1064,8743a126dffffff,8743a134effffff,1,12.317274395411484,261,325,5.564520407322694,5.783825182329737,9.41883916196994,0.0
1065,8743a126dffffff,8743a135affffff,4,13.560679201888275,261,504,5.564520407322694,6.222576268071369,9.515003388774986,1.3862943611198906
1066,8743a126dffffff,8743ac500ffffff,1,12.328753195810298,261,17,5.564520407322694,2.833213344056216,9.419770579397658,0.0
1067,8743a126dffffff,8743ac506ffffff,2,10.435904646899575,261,37,5.564520407322694,3.6109179126442243,9.253103327714275,0.6931471805599453
1068,8743a126dffffff,8743ac526ffffff,1,6.789095729728323,261,18,5.564520407322694,2.8903717578961645,8.823220319087866,0.0
1069,8743a126dffffff,8743ac52affffff,1,14.495729736825679,261,43,5.564520407322694,3.7612001156935624,9.581678367580402,0.0
1070,8743a126dffffff,8743ac533ffffff,1,8.72239443898271,261,20,5.564520407322694,2.995732273553991,9.073763711682451,0.0
1071,8743a126dffffff,8743ac534ffffff,2,4.108312739758284,261,14,5.564520407322694,2.6390573296152584,8.3210110769042,0.6931471805599453
1072,8743a126dffffff,8743ac535ffffff,2,6.169107157815505,261,41,5.564520407322694,3.713572066704308,8.727471484303807,0.6931471805599453
1073,8743a126dffffff,8743ac536ffffff,2,4.876442012657617,261,12,5.564520407322694,2.4849066497880004,8.492376183683923,0.6931471805599453
1074,8743a126dffffff,8743acc80ffffff,2,8.454802724219359,261,312,5.564520407322694,5.7430031878094825,9.042608197597156,0.6931471805599453
1075,8743a126dffffff,8743acc81ffffff,1,9.170060530887982,261,607,5.564520407322694,6.408528791059498,9.123808210786644,0.0
1076,8743a126dffffff,8743acc82ffffff,5,6.254626392326808,261,621,5.564520407322694,6.431331081933479,8.741236560545232,1.6094379124341003
1077,8743a126dffffff,8743acc83ffffff,9,6.876643731091851,261,574,5.564520407322694,6.352629396319567,8.836031391321445,2.1972245773362196
1078,8743a126dffffff,8743acc85ffffff,1,10.694623972912256,261,556,5.564520407322694,6.320768294250582,9.277589962302939,0.0
1079,8743a126dffffff,8743acc86ffffff,1,8.3140414087299,261,205,5.564520407322694,5.3230099791384085,9.025821371618223,0.0
1080,8743a126dffffff,8743acc88ffffff,4,9.715002688252882,261,458,5.564520407322694,6.126869184114185,9.181529566805112,1.3862943611198906
1081,8743a126dffffff,8743acc8affffff,3,7.695624731367355,261,510,5.564520407322694,6.234410725718371,8.948537165164161,1.0986122886681098
1082,8743a126dffffff,8743acc8bffffff,2,9.680734955796959,261,418,5.564520407322694,6.035481432524756,9.177996395181431,0.6931471805599453
1083,8743a126dffffff,8743acc8cffffff,1,10.341714106944606,261,386,5.564520407322694,5.955837369464831,9.244037599783809,0.0
1084,8743a126dffffff,8743acc8effffff,4,8.105899360385427,261,693,5.564520407322694,6.541029999189903,9.000470750994955,1.3862943611198906
1085,8743a126dffffff,8743acc90ffffff,6,4.876208965634901,261,353,5.564520407322694,5.8664680569332965,8.492328401959435,1.791759469228055
1086,8743a126dffffff,8743acc91ffffff,24,4.156526043484455,261,927,5.564520407322694,6.831953565565855,8.33267547526501,3.1780538303479458
1087,8743a126dffffff,8743acc92ffffff,8,4.10703731349484,261,365,5.564520407322694,5.8998973535824915,8.320700654136418,2.0794415416798357
1088,8743a126dffffff,8743acc93ffffff,10,2.4381339697241398,261,349,5.564520407322694,5.855071922202427,7.7993983248436045,2.302585092994046
1089,8743a126dffffff,8743acc95ffffff,2,6.418190472981982,261,314,5.564520407322694,5.749392985908253,8.767047294182328,0.6931471805599453
1090,8743a126dffffff,8743acc96ffffff,1,6.364337215173901,261,94,5.564520407322694,4.543294782270004,8.758622489191264,0.0
1091,8743a126dffffff,8743acc98ffffff,9,3.8467566587567155,261,461,5.564520407322694,6.133398042996649,8.255245571417131,2.1972245773362196
1092,8743a126dffffff,8743acc9affffff,4,2.262383987265311,261,284,5.564520407322694,5.648974238161206,7.72461631186924,1.3862943611198906
1093,8743a126dffffff,8743acc9bffffff,1,4.525415994792309,261,61,5.564520407322694,4.110873864173311,8.4176857342085,0.0
1094,8743a126dffffff,8743acc9cffffff,10,4.583827804434054,261,487,5.564520407322694,6.18826412308259,8.430507827700481,2.302585092994046
1095,8743a126dffffff,8743acc9dffffff,15,5.915278643108942,261,654,5.564520407322694,6.483107351457199,8.68546292263852,2.70805020110221
1096,8743a126dffffff,8743acc9effffff,15,2.2916131084840683,261,612,5.564520407322694,6.416732282512326,7.73744754140166,2.70805020110221
1097,8743a126dffffff,8743accb1ffffff,3,10.536573875430374,261,637,5.564520407322694,6.456769655572163,9.262702613002535,1.0986122886681098
1098,8743a126effffff,8743a1228ffffff,1,13.554158690952342,475,113,6.163314804034641,4.727387818712341,9.51452246905364,0.0
1099,8743a126effffff,8743a122effffff,1,15.81091052929391,475,132,6.163314804034641,4.882801922586371,9.668518765995174,0.0
1100,8743a126effffff,8743a1240ffffff,2,4.579304547374,475,5,6.163314804034641,1.6094379124341003,8.429520769957357,0.6931471805599453
1101,8743a126effffff,8743a1242ffffff,1,6.86805242450048,475,14,6.163314804034641,2.6390573296152584,8.834781446227337,0.0
1102,8743a126effffff,8743a1244ffffff,29,3.8425306417823113,475,322,6.163314804034641,5.7745515455444085,8.25414666112174,3.367295829986474
1103,8743a126effffff,8743a1245ffffff,5,2.2899536215108847,475,30,6.163314804034641,3.4011973816621555,7.73672343847333,1.6094379124341003
1104,8743a126effffff,8743a1246ffffff,7,5.907323337946018,475,158,6.163314804034641,5.062595033026967,8.684117370986813,1.9459101490553132
1105,8743a126effffff,8743a1260ffffff,30,4.105636446534515,475,269,6.163314804034641,5.594711379601839,8.320359589593911,3.4011973816621555
1106,8743a126effffff,8743a1261ffffff,16,2.437464733417518,475,264,6.163314804034641,5.575949103146316,7.79912391263729,2.772588722239781
1107,8743a126effffff,8743a1262ffffff,62,4.520650536033369,475,371,6.163314804034641,5.916202062607435,8.416632369009795,4.127134385045092
1109,8743a126effffff,8743a1264ffffff,3,6.362402308214582,475,40,6.163314804034641,3.6888794541139363,8.758318467419011,1.0986122886681098
1110,8743a126effffff,8743a1265ffffff,10,4.8748705415992575,475,224,6.163314804034641,5.4116460518550396,8.492053940125498,2.302585092994046
1111,8743a126effffff,8743a1266ffffff,2,6.163026161386283,475,30,6.163314804034641,3.4011973816621555,8.726485440653304,0.6931471805599453
1112,8743a126effffff,8743a1268ffffff,4,2.2612983713378125,475,24,6.163314804034641,3.1780538303479458,7.724136553962122,1.3862943611198906
1113,8743a126effffff,8743a1269ffffff,2,4.523245090772771,475,24,6.163314804034641,3.1780538303479458,8.417206011447778,0.6931471805599453
1114,8743a126effffff,8743a126affffff,32,2.437522947201397,475,256,6.163314804034641,5.545177444479562,7.799147785481633,3.4657359027997265
1115,8743a126effffff,8743a126cffffff,27,2.2905559632698527,475,356,6.163314804034641,5.87493073085203,7.736986325763053,3.295836866004329
1116,8743a126effffff,8743a126dffffff,5,3.8446441793710835,475,166,6.163314804034641,5.111987788356544,8.254696404804557,1.6094379124341003
1117,8743a126effffff,8743a126effffff,82,0.0,475,282,6.163314804034641,5.641907070938114,0.0,4.406719247264253
1118,8743a126effffff,8743a1270ffffff,17,8.026736649566823,475,224,6.163314804034641,5.4116460518550396,8.990657905387984,2.833213344056216
1119,8743a126effffff,8743a1271ffffff,35,5.87334491789948,475,332,6.163314804034641,5.805134968916488,8.678349829459142,3.5553480614894135
1120,8743a126effffff,8743a1274ffffff,1,9.038704200817365,475,44,6.163314804034641,3.784189633918261,9.109381731702353,0.0
1121,8743a126effffff,8743a1275ffffff,3,6.780002121600808,475,132,6.163314804034641,4.882801922586371,8.82188017555812,1.0986122886681098
1122,8743a126effffff,8743a1348ffffff,3,9.749502536992695,475,135,6.163314804034641,4.90527477843843,9.185074104919298,1.0986122886681098
1123,8743a126effffff,8743a134bffffff,2,7.312216713206302,475,52,6.163314804034641,3.9512437185814275,8.897438498799644,0.6931471805599453
1124,8743a126effffff,8743a134effffff,1,11.106712264588351,475,325,6.163314804034641,5.783825182329737,9.315394944651178,0.0
1125,8743a126effffff,8743a135affffff,1,10.527859089419431,475,504,6.163314804034641,6.222576268071369,9.26187525067474,0.0
1126,8743a126effffff,8743ac500ffffff,3,14.489896343577893,475,17,6.163314804034641,2.833213344056216,9.581275892861683,1.0986122886681098
1127,8743a126effffff,8743ac505ffffff,1,15.007139491013056,475,17,6.163314804034641,2.833213344056216,9.616347965646646,0.0
1128,8743a126effffff,8743ac506ffffff,4,12.337097395237539,475,37,6.163314804034641,3.6109179126442243,9.420447103662688,1.3862943611198906
1129,8743a126effffff,8743ac52cffffff,2,16.94979348468503,475,185,6.163314804034641,5.220355825078324,9.738069924968645,0.6931471805599453
1130,8743a126effffff,8743ac52effffff,1,15.842693674160785,475,12,6.163314804034641,2.4849066497880004,9.670526824684721,0.0
1131,8743a126effffff,8743ac531ffffff,1,10.54019885585983,475,3,6.163314804034641,1.0986122886681098,9.26304655906727,0.0
1132,8743a126effffff,8743ac534ffffff,1,6.785839866691269,475,14,6.163314804034641,2.6390573296152584,8.822740702303012,0.0
1133,8743a126effffff,8743ac535ffffff,4,9.049082406656279,475,41,6.163314804034641,3.713572066704308,9.110529142360392,1.3862943611198906
1134,8743a126effffff,8743ac536ffffff,1,6.166710605706697,475,12,6.163314804034641,2.4849066497880004,8.727082995482707,0.0
1135,8743a126effffff,8743acc83ffffff,1,10.336472981613912,475,574,6.163314804034641,6.352629396319567,9.24353072569989,0.0
1136,8743a126effffff,8743acc89ffffff,1,15.391247324343691,475,617,6.163314804034641,6.424869023905388,9.641619241145916,0.0
1137,8743a126effffff,8743acc8effffff,1,11.82905418606477,475,693,6.163314804034641,6.541029999189903,9.37839853735626,0.0
1138,8743a126effffff,8743acc90ffffff,6,6.252305765825855,475,353,6.163314804034641,5.8664680569332965,8.740865525432366,1.791759469228055
1139,8743a126effffff,8743acc91ffffff,6,6.873473495452614,475,927,6.163314804034641,6.831953565565855,8.835570337122565,1.791759469228055
1140,8743a126effffff,8743acc92ffffff,24,4.155166379258949,475,365,6.163314804034641,5.8998973535824915,8.332348384925726,3.1780538303479458
1141,8743a126effffff,8743acc93ffffff,11,4.581713913591122,475,349,6.163314804034641,5.855071922202427,8.430046659167974,2.3978952727983707
1142,8743a126effffff,8743acc96ffffff,4,6.416298593331729,475,94,6.163314804034641,4.543294782270004,8.76675252827645,1.3862943611198906
1143,8743a126effffff,8743acc98ffffff,1,7.691400838127798,475,461,6.163314804034641,6.133398042996649,8.947988216391993,0.0
1144,8743a126effffff,8743acc9affffff,3,5.878261620223127,475,284,6.163314804034641,5.648974238161206,8.679186458215513,1.0986122886681098
1145,8743a126effffff,8743acc9cffffff,2,8.101704869464193,475,487,6.163314804034641,6.18826412308259,8.999953219418567,0.6931471805599453
1146,8743a126effffff,8743acc9dffffff,3,9.709741447174164,475,654,6.163314804034641,6.483107351457199,9.180987917502412,1.0986122886681098
1147,8743a126effffff,8743acc9effffff,9,5.912127285450832,475,612,6.163314804034641,6.416732282512326,8.684930121963372,2.1972245773362196
1148,8743a126effffff,8743accd6ffffff,1,15.549348769884837,475,520,6.163314804034641,6.253828811575473,9.651838346287356,0.0
1149,8743a1270ffffff,8743a1200ffffff,1,10.21370692728429,114,292,4.736198448394496,5.676753802268282,9.231583816412762,0.0
1150,8743a1270ffffff,8743a1201ffffff,1,8.017702050126275,114,115,4.736198448394496,4.74493212836325,8.98953184862682,0.0
1151,8743a1270ffffff,8743a1202ffffff,1,11.728462101751253,114,68,4.736198448394496,4.219507705176107,9.369859083967878,0.0
1152,8743a1270ffffff,8743a1204ffffff,2,11.28482128638813,114,422,4.736198448394496,6.045005314036012,9.331302463421267,0.6931471805599453
1153,8743a1270ffffff,8743a1205ffffff,6,9.029157826237757,114,295,4.736198448394496,5.68697535633982,9.10832512424697,1.791759469228055
1154,8743a1270ffffff,8743a1222ffffff,1,12.736764549482004,114,253,4.736198448394496,5.53338948872752,9.45232644665638,0.0
1155,8743a1270ffffff,8743a1226ffffff,1,14.455201476782895,114,670,4.736198448394496,6.507277712385012,9.578878769417809,0.0
1156,8743a1270ffffff,8743a1229ffffff,1,4.102446832394255,114,32,4.736198448394496,3.4657359027997265,8.319582590337664,0.0
1157,8743a1270ffffff,8743a122bffffff,1,4.515879139720002,114,24,4.736198448394496,3.1780538303479458,8.415576578537726,0.0
1158,8743a1270ffffff,8743a122dffffff,1,6.3580604908956415,114,38,4.736198448394496,3.6375861597263857,8.757635923864974,0.0
1159,8743a1270ffffff,8743a1231ffffff,1,13.539833779084132,114,210,4.736198448394496,5.3471075307174685,9.51346512352783,0.0
1160,8743a1270ffffff,8743a1244ffffff,9,4.518477299376964,114,322,4.736198448394496,5.7745515455444085,8.416151624408496,2.1972245773362196
1161,8743a1270ffffff,8743a1246ffffff,4,4.103725908384138,114,158,4.736198448394496,5.062595033026967,8.319894249470732,1.3862943611198906
1162,8743a1270ffffff,8743a1260ffffff,1,5.905967023999579,114,269,4.736198448394496,5.594711379601839,8.683887784762378,0.0
1163,8743a1270ffffff,8743a1262ffffff,3,3.840379572235406,114,371,4.736198448394496,5.916202062607435,8.253586844665028,1.0986122886681098
1164,8743a1270ffffff,8743a1263ffffff,1,5.8716158333875486,114,305,4.736198448394496,5.720311776607412,8.678055441053319,0.0
1165,8743a1270ffffff,8743a1265ffffff,1,8.093624452486289,114,224,4.736198448394496,5.4116460518550396,8.998955472507625,0.0
1166,8743a1270ffffff,8743a126effffff,1,8.026736649566823,114,282,4.736198448394496,5.641907070938114,8.990657905387984,0.0
1167,8743a1270ffffff,8743a1270ffffff,27,0.0,114,224,4.736198448394496,5.4116460518550396,0.0,3.295836866004329
1168,8743a1270ffffff,8743a1271ffffff,22,2.258914023590015,114,332,4.736198448394496,5.805134968916488,7.7230820488834055,3.091042453358316
1169,8743a1270ffffff,8743a1273ffffff,1,2.436124706681427,114,4,4.736198448394496,1.3862943611198906,7.7985742245282745,0.0
1170,8743a1270ffffff,8743a1274ffffff,4,2.436065878641734,114,44,4.736198448394496,3.784189633918261,7.798550085940065,1.3862943611198906
1171,8743a1270ffffff,8743a1275ffffff,4,2.2885870354983653,114,132,4.736198448394496,4.882801922586371,7.736126746442674,1.3862943611198906
1172,8743a1270ffffff,8743a135affffff,15,4.872072219070783,114,504,4.736198448394496,6.222576268071369,8.491479862982155,2.70805020110221
1173,8743a1270ffffff,8743a135bffffff,2,4.152652178241383,114,16,4.736198448394496,2.772588722239781,8.331743269163718,0.6931471805599453
1174,8743a1270ffffff,8743a1388ffffff,1,20.412941891776022,114,199,4.736198448394496,5.293304824724492,9.923973372470513,0.0
1175,8743a1270ffffff,8743a1389ffffff,1,18.212661141583702,114,67,4.736198448394496,4.204692619390966,9.809927203671387,0.0
1176,8743a1271ffffff,8743a1229ffffff,1,6.159103266451365,75,32,4.31748811353631,3.4657359027997265,8.725848820421364,0.0
1177,8743a1271ffffff,8743a122affffff,1,9.031757706055359,75,40,4.31748811353631,3.6888794541139363,9.108612993592416,0.0
1178,8743a1271ffffff,8743a1244ffffff,13,2.2595632757869484,75,322,4.31748811353631,5.7745515455444085,7.723369298285803,2.5649493574615367
1179,8743a1271ffffff,8743a1246ffffff,4,2.436489066755232,75,158,4.31748811353631,5.062595033026967,7.798723717428191,1.3862943611198906
1180,8743a1271ffffff,8743a1251ffffff,2,6.412162807196848,75,45,4.31748811353631,3.8066624897703196,8.766107845883665,0.6931471805599453
1181,8743a1271ffffff,8743a1260ffffff,2,4.578687838148579,75,269,4.31748811353631,5.594711379601839,8.429386117175914,0.6931471805599453
1182,8743a1271ffffff,8743a1261ffffff,1,5.9074708780399465,75,264,4.31748811353631,5.575949103146316,8.684142342242339,0.0
1183,8743a1271ffffff,8743a1262ffffff,7,2.2890427055477156,75,371,4.31748811353631,5.916202062607435,7.736325745085193,1.9459101490553132
1184,8743a1271ffffff,8743a1263ffffff,2,3.8414552757400453,75,305,4.31748811353631,5.720311776607412,8.253866835980029,0.6931471805599453
1185,8743a1271ffffff,8743a1270ffffff,16,2.258914023590015,75,224,4.31748811353631,5.4116460518550396,7.7230820488834055,2.772588722239781
1186,8743a1271ffffff,8743a1271ffffff,16,0.0,75,332,4.31748811353631,5.805134968916488,0.0,2.772588722239781
1187,8743a1271ffffff,8743a1275ffffff,3,2.436430569683388,75,132,4.31748811353631,4.882801922586371,7.798699718233863,1.0986122886681098
1188,8743a1271ffffff,8743a135affffff,5,6.359263716395909,75,504,4.31748811353631,6.222576268071369,8.75782512031665,1.6094379124341003
1189,8743a1271ffffff,8743acc90ffffff,1,10.328843329918957,75,353,4.31748811353631,5.8664680569332965,9.242792395485502,0.0
1190,8743a1271ffffff,8743acc91ffffff,1,11.819744841845019,75,927,4.31748811353631,6.831953565565855,9.377611304359222,0.0
1191,8743a1273ffffff,8743a1244ffffff,2,3.8404160533047538,8,322,2.0794415416798357,5.7745515455444085,8.25359634148653,0.6931471805599453
1192,8743a1273ffffff,8743a1246ffffff,2,2.2591255946434656,8,158,2.0794415416798357,5.062595033026967,7.723175663573309,0.6931471805599453
1193,8743a1273ffffff,8743a1251ffffff,1,4.872423056273337,8,45,2.0794415416798357,3.8066624897703196,8.49155185546618,0.0
1194,8743a1273ffffff,8743a1270ffffff,3,2.436124706681427,8,224,2.0794415416798357,5.4116460518550396,7.7985742245282745,1.0986122886681098
1195,8743a1274ffffff,8743a1223ffffff,1,9.028307515312127,14,328,2.6390573296152584,5.793013608384144,9.108230956351058,0.0
1196,8743a1274ffffff,8743a1225ffffff,1,10.214198166467503,14,598,2.6390573296152584,6.393590753950631,9.231631906619844,0.0
1197,8743a1274ffffff,8743a122effffff,1,6.772206328476543,14,132,2.6390573296152584,4.882801922586371,8.820729862131465,0.0
1198,8743a1274ffffff,8743a1244ffffff,1,6.160626403308127,14,322,2.6390573296152584,5.7745515455444085,8.72609604818976,0.0
1199,8743a1274ffffff,8743a1262ffffff,1,4.518053664783998,14,371,2.6390573296152584,5.916202062607435,8.416057884707884,0.0
1200,8743a1274ffffff,8743a1263ffffff,2,6.7780544683686,14,305,2.6390573296152584,5.720311776607412,8.821592912266455,0.6931471805599453
1201,8743a1274ffffff,8743a1265ffffff,1,7.68279974032174,14,224,2.6390573296152584,5.4116460518550396,8.946869461643798,0.0
1202,8743a1274ffffff,8743a126cffffff,1,10.227442249896692,14,356,2.6390573296152584,5.87493073085203,9.232927574613631,0.0
1203,8743a1274ffffff,8743a1270ffffff,3,2.436065878641734,14,224,2.6390573296152584,5.4116460518550396,7.798550085940065,1.0986122886681098
1204,8743a1274ffffff,8743a135affffff,1,2.4360063404290497,14,504,2.6390573296152584,6.222576268071369,7.798525655357173,0.0
1205,8743a1274ffffff,8743acc90ffffff,1,11.527370228327621,14,353,2.6390573296152584,5.8664680569332965,9.352566252736844,0.0
1206,8743a1275ffffff,8743a1263ffffff,1,4.519352389152041,7,305,1.9459101490553132,5.720311776607412,8.416345231989162,0.0
1207,8743a1275ffffff,8743a126effffff,1,6.780002121600808,7,282,1.9459101490553132,5.641907070938114,8.82188017555812,0.0
1208,8743a1275ffffff,8743a1271ffffff,2,2.436430569683388,7,332,1.9459101490553132,5.805134968916488,7.798699718233863,0.6931471805599453
1209,8743a1275ffffff,8743acc92ffffff,2,7.684951031379175,7,365,1.9459101490553132,5.8998973535824915,8.947149399959446,0.6931471805599453
1210,8743a1275ffffff,8743acc98ffffff,1,13.891577670745868,7,461,1.9459101490553132,6.133398042996649,9.539109995978531,0.0
1211,8743a12e5ffffff,8743a12e0ffffff,17,2.2860252910404344,37,268,3.6109179126442243,5.5909869805108565,7.735007252571357,2.833213344056216
1212,8743a12e5ffffff,8743a12e1ffffff,1,2.435262118154359,37,21,3.6109179126442243,3.044522437723423,7.798220224910727,0.0
1213,8743a12e5ffffff,8743a12e4ffffff,11,2.257162250472402,37,174,3.6109179126442243,5.159055299214529,7.72230659796176,2.3978952727983707
1214,8743a12e5ffffff,8743a12e5ffffff,5,0.0,37,31,3.6109179126442243,3.4339872044851463,0.0,1.6094379124341003
1215,8743a12e5ffffff,8743a12e6ffffff,3,3.835178659885194,37,43,3.6109179126442243,3.7612001156935624,8.25223200944567,1.0986122886681098
1216,8743a1300ffffff,8743a1224ffffff,31,8.703302809719238,628,845,6.4425401664681985,6.739336627357174,9.071572758210158,3.4339872044851463
1217,8743a1300ffffff,8743a1225ffffff,2,10.409484959974723,628,598,6.4425401664681985,6.393590753950631,9.250568746496517,0.6931471805599453
1218,8743a1300ffffff,8743a1226ffffff,3,9.736082046122606,628,670,6.4425401664681985,6.507277712385012,9.183696767165152,1.0986122886681098
1219,8743a1300ffffff,8743a1236ffffff,1,12.447029800362333,628,125,6.4425401664681985,4.8283137373023015,9.429317640403283,0.0
1222,8743a1300ffffff,8743a1302ffffff,63,2.2865765167840593,628,423,6.4425401664681985,6.0473721790462776,7.7352482465504835,4.143134726391533
1224,8743a1300ffffff,8743a1305ffffff,3,2.2871776732369185,628,24,6.4425401664681985,3.1780538303479458,7.735511003871507,1.0986122886681098
1225,8743a1300ffffff,8743a1308ffffff,5,6.149738108940834,628,246,6.4425401664681985,5.5053315359323625,8.72432737131297,1.6094379124341003
1226,8743a1300ffffff,8743a1309ffffff,5,8.30882921942775,628,528,6.4425401664681985,6.269096283706261,9.025194336426251,1.6094379124341003
1227,8743a1300ffffff,8743a130affffff,17,6.35133426660142,628,617,6.4425401664681985,6.424869023905388,8.756577625377622,2.833213344056216
1228,8743a1300ffffff,8743a130bffffff,3,8.195110896135263,628,487,6.4425401664681985,6.18826412308259,9.011415039786442,1.0986122886681098
1230,8743a1300ffffff,8743a130dffffff,50,6.765092220459706,628,613,6.4425401664681985,6.418364935936212,8.819678979229987,3.912023005428146
1231,8743a1300ffffff,8743a130effffff,10,4.0969095030912985,628,167,6.4425401664681985,5.117993812416755,8.318232245365964,2.302585092994046
1232,8743a1300ffffff,8743a1310ffffff,5,5.894495752611173,628,81,6.4425401664681985,4.394449154672439,8.681943906570565,1.6094379124341003
1233,8743a1300ffffff,8743a1311ffffff,58,4.572551525251953,628,547,6.4425401664681985,6.304448802421981,8.428045321076896,4.060443010546419
1234,8743a1300ffffff,8743a1313ffffff,10,6.857924674340027,628,95,6.4425401664681985,4.553876891600541,8.833305955421237,2.302585092994046
1235,8743a1300ffffff,8743a1314ffffff,3,5.856395589713726,628,43,6.4425401664681985,3.7612001156935624,8.67546034516354,1.0986122886681098
1236,8743a1300ffffff,8743a1315ffffff,16,3.8326448096792514,628,159,6.4425401664681985,5.0689042022202315,8.251571277081183,2.772588722239781
1237,8743a1300ffffff,8743a1318ffffff,11,6.407986217822997,628,369,6.4425401664681985,5.910796644040527,8.765456381060815,2.3978952727983707
1238,8743a1300ffffff,8743a1319ffffff,35,7.301966921855009,628,724,6.4425401664681985,6.584791392385716,8.896035972218508,3.5553480614894135
1239,8743a1300ffffff,8743a131bffffff,7,8.760641536648256,628,469,6.4425401664681985,6.150602768446279,9.07813855640346,1.9459101490553132
1240,8743a1300ffffff,8743a131cffffff,46,4.149994831238428,628,465,6.4425401664681985,6.142037405587356,8.331103302867591,3.828641396489095
1241,8743a1300ffffff,8743a131dffffff,30,4.867914400681593,628,392,6.4425401664681985,5.971261839790462,8.490626275556114,3.4011973816621555
1242,8743a1300ffffff,8743a131effffff,43,6.2425446265554365,628,593,6.4425401664681985,6.385194398997726,8.739303349212115,3.7612001156935624
1243,8743a1300ffffff,8743a1321ffffff,4,6.2456613710689,628,36,6.4425401664681985,3.58351893845611,8.739802419376169,1.3862943611198906
1244,8743a1300ffffff,8743a1328ffffff,16,5.89930296589122,628,199,6.4425401664681985,5.293304824724492,8.682758978726492,2.772588722239781
1245,8743a1300ffffff,8743a1329ffffff,2,7.671641099114547,628,50,6.4425401664681985,3.912023005428146,8.945416176564551,0.6931471805599453
1246,8743a1300ffffff,8743a132affffff,49,3.8347623114631655,628,372,6.4425401664681985,5.918893854273146,8.252123471482724,3.8918202981106265
1247,8743a1300ffffff,8743a132bffffff,6,5.861327605190493,628,99,6.4425401664681985,4.59511985013459,8.676302005958064,1.791759469228055
1248,8743a1300ffffff,8743a132cffffff,2,6.863335077573017,628,31,6.4425401664681985,3.4339872044851463,8.83409445663904,0.6931471805599453
1249,8743a1300ffffff,8743a132dffffff,3,8.085764413374685,628,38,6.4425401664681985,3.6375861597263857,8.997983981148638,1.0986122886681098
1250,8743a1300ffffff,8743a132effffff,4,4.5749561502527625,628,76,6.4425401664681985,4.330733340286331,8.428570950464062,1.3862943611198906
1251,8743a1300ffffff,8743a1341ffffff,1,18.053274628333295,628,292,6.4425401664681985,5.676753802268282,9.801137757237548,0.0
1252,8743a1300ffffff,8743a1344ffffff,2,14.658989512423041,628,418,6.4425401664681985,6.035481432524756,9.592877260053145,0.6931471805599453
1253,8743a1300ffffff,8743a1350ffffff,1,12.303190832127797,628,500,6.4425401664681985,6.214608098422191,9.417695201388463,0.0
1254,8743a1300ffffff,8743a1354ffffff,1,10.509308951707064,628,303,6.4425401664681985,5.713732805509369,9.260111859414877,0.0
1255,8743a1300ffffff,8743a1362ffffff,1,13.86303313887215,628,301,6.4425401664681985,5.707110264748875,9.537053221674766,0.0
1256,8743a1300ffffff,8743a1363ffffff,1,16.032691047417163,628,553,6.4425401664681985,6.315358001522335,9.682447477826583,0.0
1257,8743a1300ffffff,8743a1368ffffff,3,20.43177622914888,628,725,6.4425401664681985,6.586171654854675,9.924895568405663,1.0986122886681098
1258,8743a1300ffffff,8743a1369ffffff,1,22.64998671015185,628,444,6.4425401664681985,6.095824562432225,10.027958693324438,0.0
1259,8743a1300ffffff,8743a136affffff,1,19.14246173159616,628,932,6.4425401664681985,6.837332814685591,9.859716512372833,0.0
1260,8743a1300ffffff,8743a136effffff,1,18.22458531733121,628,628,6.4425401664681985,6.4425401664681985,9.810581672538442,0.0
1261,8743a1300ffffff,8743a1370ffffff,6,10.208652168997057,628,353,6.4425401664681985,5.8664680569332965,9.23108884289936,1.791759469228055
1262,8743a1300ffffff,8743a1371ffffff,9,12.42762536512339,628,543,6.4425401664681985,6.297109319933935,9.427757588294563,2.1972245773362196
1263,8743a1300ffffff,8743a1372ffffff,28,9.021426588807707,628,873,6.4425401664681985,6.771935555839602,9.107468600025843,3.332204510175204
1264,8743a1300ffffff,8743a1373ffffff,2,11.27841229884847,628,305,6.4425401664681985,5.720311776607412,9.33073442252882,0.6931471805599453
1265,8743a1300ffffff,8743a1375ffffff,2,11.727583524179765,628,141,6.4425401664681985,4.948759890378168,9.36978417767893,0.6931471805599453
1266,8743a1300ffffff,8743a13a8ffffff,1,10.666557842614493,628,68,6.4425401664681985,4.219507705176107,9.274962437368945,0.0
1267,8743a1300ffffff,8743a13adffffff,21,8.435428328685392,628,401,6.4425401664681985,5.993961427306569,9.040314314217419,3.044522437723423
1268,8743a1300ffffff,8743acca6ffffff,1,28.457063306538245,628,594,6.4425401664681985,6.386879319362645,10.256186819663506,0.0
1269,8743a1300ffffff,8743accb1ffffff,1,28.150431065973734,628,637,6.4425401664681985,6.456769655572163,10.245353469432821,0.0
1270,8743a1300ffffff,8743acd9affffff,1,24.062599061737078,628,591,6.4425401664681985,6.3818160174060985,10.088455565280025,0.0
1271,8743a1301ffffff,8743a1205ffffff,1,14.606698771611766,832,295,6.723832440821209,5.68697535633982,9.58930398183981,0.0
1272,8743a1301ffffff,8743a1220ffffff,3,9.737551027024725,832,473,6.723832440821209,6.159095388491933,9.183847620377408,1.0986122886681098
1273,8743a1301ffffff,8743a1221ffffff,2,11.092869684459822,832,324,6.723832440821209,5.780743515792329,9.314147954057981,0.6931471805599453
1274,8743a1301ffffff,8743a1222ffffff,1,11.14977398192074,832,253,6.723832440821209,5.53338948872752,9.319264189898027,0.0
1275,8743a1301ffffff,8743a1223ffffff,1,12.172094470567972,832,328,6.723832440821209,5.793013608384144,9.4069834240439,0.0
1276,8743a1301ffffff,8743a1224ffffff,60,7.303069149671884,832,845,6.723832440821209,6.739336627357174,8.896186889600182,4.0943445622221
1277,8743a1301ffffff,8743a1225ffffff,6,8.704850845091757,832,598,6.723832440821209,6.393590753950631,9.07175058953862,1.791759469228055
1278,8743a1301ffffff,8743a1226ffffff,5,8.761839952720221,832,670,6.723832440821209,6.507277712385012,9.078275326906432,1.6094379124341003
1279,8743a1301ffffff,8743a1228ffffff,2,15.046916725554235,832,113,6.723832440821209,4.727387818712341,9.618994837044385,0.6931471805599453
1284,8743a1301ffffff,8743a1305ffffff,9,2.4342285278949727,832,24,6.723832440821209,3.1780538303479458,7.797795882404503,2.1972245773362196
1285,8743a1301ffffff,8743a1308ffffff,9,4.097808934016881,832,246,6.723832440821209,5.5053315359323625,8.318451706589647,2.1972245773362196
1286,8743a1301ffffff,8743a1309ffffff,19,6.151268873240601,832,528,6.723832440821209,6.269096283706261,8.724576215243545,2.9444389791664403
1287,8743a1301ffffff,8743a130affffff,58,4.868649547088218,832,617,6.723832440821209,6.424869023905388,8.490777251903749,4.060443010546419
1288,8743a1301ffffff,8743a130bffffff,10,6.3525444967255,832,487,6.723832440821209,6.18826412308259,8.756768124618215,2.302585092994046
1291,8743a1301ffffff,8743a130effffff,38,2.43429292774167,832,167,6.723832440821209,5.117993812416755,7.797822327148578,3.6375861597263857
1292,8743a1301ffffff,8743a1310ffffff,18,7.665329454789119,832,81,6.723832440821209,4.394449154672439,8.944593221117904,2.8903717578961645
1294,8743a1301ffffff,8743a1313ffffff,14,8.07899980985091,832,95,6.723832440821209,4.553876891600541,8.997147127981837,2.6390573296152584
1295,8743a1301ffffff,8743a1314ffffff,11,8.005154470786445,832,43,6.723832440821209,3.7612001156935624,8.987965833743907,2.3978952727983707
1296,8743a1301ffffff,8743a1315ffffff,27,5.858131534935102,832,159,6.723832440821209,5.0689042022202315,8.675756669358519,3.295836866004329
1297,8743a1301ffffff,8743a1318ffffff,25,6.243507825377028,832,369,6.723832440821209,5.910796644040527,8.739457608465463,3.2188758248682006
1298,8743a1301ffffff,8743a1319ffffff,32,6.408854114267761,832,724,6.723832440821209,6.584791392385716,8.765591790571131,3.4657359027997265
1299,8743a1301ffffff,8743a131bffffff,9,8.300166550132872,832,469,6.723832440821209,6.150602768446279,9.024151332117494,2.1972245773362196
1301,8743a1301ffffff,8743a131dffffff,91,4.15057540708313,832,392,6.723832440821209,5.971261839790462,8.331243157353368,4.51085950651685
1302,8743a1301ffffff,8743a131effffff,95,6.85929579141215,832,593,6.723832440821209,6.385194398997726,8.83350583807202,4.553876891600541
1303,8743a1301ffffff,8743a1321ffffff,19,6.41019941488844,832,36,6.723832440821209,3.58351893845611,8.765801648617906,2.9444389791664403
1304,8743a1301ffffff,8743a1323ffffff,1,4.868391947801675,832,2,6.723832440821209,0.6931471805599453,8.490724351567152,0.0
1305,8743a1301ffffff,8743a1328ffffff,59,4.575870028091998,832,199,6.723832440821209,5.293304824724492,8.428770643504107,4.07753744390572
1306,8743a1301ffffff,8743a1329ffffff,19,5.90081022943701,832,50,6.723832440821209,3.912023005428146,8.683014401383272,2.9444389791664403
1308,8743a1301ffffff,8743a132bffffff,23,3.835840781963891,832,99,6.723832440821209,4.59511985013459,8.252404593937436,3.1354942159291497
1309,8743a1301ffffff,8743a132cffffff,8,6.24662504012562,832,31,6.723832440821209,3.4339872044851463,8.73995667693469,2.0794415416798357
1310,8743a1301ffffff,8743a132dffffff,6,6.8647058329696184,832,38,6.723832440821209,3.6375861597263857,8.8342941290814,1.791759469228055
1311,8743a1301ffffff,8743a132effffff,22,4.151556496884447,832,76,6.723832440821209,4.330733340286331,8.3314794469059,3.091042453358316
1312,8743a1301ffffff,8743a1340ffffff,2,13.53995796107695,832,643,6.723832440821209,6.466144724237619,9.513474294412386,0.6931471805599453
1313,8743a1301ffffff,8743a1344ffffff,1,12.431318511960074,832,418,6.723832440821209,6.035481432524756,9.428054692610642,0.0
1314,8743a1301ffffff,8743a1345ffffff,1,14.663333872628751,832,450,6.723832440821209,6.1092475827643655,9.593173557442888,0.0
1315,8743a1301ffffff,8743a1348ffffff,1,19.45209881045273,832,135,6.723832440821209,4.90527477843843,9.875761658230386,0.0
1316,8743a1301ffffff,8743a1350ffffff,4,10.208625219873571,832,500,6.723832440821209,6.214608098422191,9.23108620332275,1.3862943611198906
1317,8743a1301ffffff,8743a1352ffffff,4,10.411582521961748,832,468,6.723832440821209,6.148468295917647,9.250770211722132,1.3862943611198906
1318,8743a1301ffffff,8743a1354ffffff,8,8.311005354849017,832,303,6.723832440821209,5.713732805509369,9.02545617700997,2.0794415416798357
1319,8743a1301ffffff,8743a1356ffffff,4,8.196908617193593,832,509,6.723832440821209,6.2324480165505225,9.0116343540387,1.3862943611198906
1320,8743a1301ffffff,8743a135cffffff,1,14.452729441268495,832,25,6.723832440821209,3.2188758248682006,9.578707753061705,0.0
1321,8743a1301ffffff,8743a1362ffffff,1,11.731051216868202,832,301,6.723832440821209,5.707110264748875,9.370079795657894,0.0
1322,8743a1301ffffff,8743a1363ffffff,1,13.867154788186348,832,553,6.723832440821209,6.315358001522335,9.537350468278992,0.0
1323,8743a1301ffffff,8743a1368ffffff,4,18.230011766013185,832,725,6.723832440821209,6.586171654854675,9.810879366188216,1.3862943611198906
1324,8743a1301ffffff,8743a136affffff,4,16.903092466219412,832,932,6.723832440821209,6.837332814685591,9.735311029360169,1.3862943611198906
1325,8743a1301ffffff,8743a136bffffff,2,19.1481072342906,832,578,6.723832440821209,6.359573868672378,9.860011373902774,0.6931471805599453
1326,8743a1301ffffff,8743a136cffffff,1,17.603963427391978,832,354,6.723832440821209,5.869296913133774,9.775936154188074,0.0
1327,8743a1301ffffff,8743a136dffffff,1,19.73498777305093,832,609,6.723832440821209,6.411818267709897,9.890199038683814,0.0
1328,8743a1301ffffff,8743a1370ffffff,12,8.014210011287615,832,353,6.723832440821209,5.8664680569332965,8.989096266982052,2.4849066497880004
1329,8743a1301ffffff,8743a1371ffffff,4,10.211693521559031,832,543,6.723832440821209,6.297109319933935,9.231386688468184,1.3862943611198906
1330,8743a1301ffffff,8743a1372ffffff,44,6.767047945377248,832,873,6.723832440821209,6.771935555839602,8.81996798538881,3.784189633918261
1331,8743a1301ffffff,8743a1373ffffff,11,9.024033655418013,832,305,6.723832440821209,5.720311776607412,9.107757512326318,2.3978952727983707
1332,8743a1301ffffff,8743a1375ffffff,2,9.651436688466424,832,141,6.723832440821209,4.948759890378168,9.174965669035442,0.6931471805599453
1333,8743a1301ffffff,8743a1376ffffff,1,5.863062155889735,832,44,6.723832440821209,3.784189633918261,8.676597843082233,0.0
1334,8743a1301ffffff,8743a13a9ffffff,1,10.668384546869978,832,70,6.723832440821209,4.248495242049359,9.275133661926484,0.0
1335,8743a1301ffffff,8743a13adffffff,10,9.144523848247927,832,401,6.723832440821209,5.993961427306569,9.121019841660924,2.302585092994046
1336,8743a1301ffffff,8743accb4ffffff,2,22.656715143209233,832,406,6.723832440821209,6.0063531596017325,10.0282556973361,0.6931471805599453
1337,8743a1301ffffff,8743acd9affffff,1,21.89257154319948,832,591,6.723832440821209,6.3818160174060985,9.993948335874014,0.0
1338,8743a1301ffffff,8743acd9bffffff,1,24.069756392042844,832,734,6.723832440821209,6.598509028614515,10.088752954963175,0.0
1339,8743a1302ffffff,8743a1222ffffff,1,11.089688718087418,641,253,6.46302945692067,5.53338948872752,9.313861181038975,0.0
1340,8743a1302ffffff,8743a1223ffffff,1,12.703368806624523,641,328,6.46302945692067,5.793013608384144,9.449701213813684,0.0
1341,8743a1302ffffff,8743a1224ffffff,27,8.194097777792953,641,845,6.46302945692067,6.739336627357174,9.011291422503085,3.295836866004329
1342,8743a1302ffffff,8743a1225ffffff,6,10.204838280204413,641,598,6.46302945692067,6.393590753950631,9.230715215937373,1.791759469228055
1343,8743a1302ffffff,8743a1226ffffff,8,8.70230344454564,641,670,6.46302945692067,6.507277712385012,9.071457938842107,2.0794415416798357
1344,8743a1302ffffff,8743a1236ffffff,7,10.515874813067144,641,125,6.46302945692067,4.8283137373023015,9.260736371156147,1.9459101490553132
1345,8743a1302ffffff,8743a1300ffffff,55,2.2865765167840593,641,431,6.46302945692067,6.066108090103747,7.7352482465504835,4.007333185232471
1346,8743a1302ffffff,8743a1301ffffff,69,3.833723752899019,641,567,6.46302945692067,6.340359303727752,8.251852678064477,4.23410650459726
1348,8743a1302ffffff,8743a1303ffffff,50,2.2539414833539357,641,368,6.46302945692067,5.908082938168931,7.7208793018679,3.912023005428146
1349,8743a1302ffffff,8743a1305ffffff,1,4.573754190020979,641,24,6.46302945692067,3.1780538303479458,8.428308247309007,0.0
1350,8743a1302ffffff,8743a1309ffffff,1,9.01967813941167,641,528,6.46302945692067,6.269096283706261,9.10727479198362,0.0
1351,8743a1302ffffff,8743a130affffff,7,6.1488630169340786,641,617,6.46302945692067,6.424869023905388,8.724185086883246,1.9459101490553132
1352,8743a1302ffffff,8743a130bffffff,5,8.3075460536689,641,487,6.46302945692067,6.18826412308259,9.02503990908419,1.6094379124341003
1353,8743a1302ffffff,8743a130cffffff,48,5.859866883986238,641,576,6.46302945692067,6.3561076606958915,8.676052804050997,3.871201010907891
1354,8743a1302ffffff,8743a130dffffff,15,8.0099349756889,641,613,6.46302945692067,6.418364935936212,8.988562759303994,2.70805020110221
1355,8743a1302ffffff,8743a130effffff,5,4.508535189048115,641,167,6.46302945692067,5.117993812416755,8.413949364890122,1.6094379124341003
1356,8743a1302ffffff,8743a1310ffffff,14,3.8316057018900995,641,81,6.46302945692067,4.394449154672439,8.25130019076749,2.6390573296152584
1357,8743a1302ffffff,8743a1311ffffff,72,2.285975008467893,641,547,6.46302945692067,6.304448802421981,7.734985266314579,4.276666119016055
1358,8743a1302ffffff,8743a1313ffffff,3,4.571348157555969,641,95,6.46302945692067,4.553876891600541,8.427782171962066,1.0986122886681098
1359,8743a1302ffffff,8743a1314ffffff,4,4.505925176546872,641,43,6.46302945692067,3.7612001156935624,8.413370420943536,1.3862943611198906
1360,8743a1302ffffff,8743a1315ffffff,12,2.253288980025698,641,159,6.46302945692067,5.0689042022202315,7.720589894024104,2.4849066497880004
1361,8743a1302ffffff,8743a1316ffffff,1,5.85493397241407,641,8,6.46302945692067,2.0794415416798357,8.675210780375066,0.0
1362,8743a1302ffffff,8743a1318ffffff,12,4.867306683674057,641,369,6.46302945692067,5.910796644040527,8.49050145205605,2.4849066497880004
1363,8743a1302ffffff,8743a1319ffffff,12,6.350603063507907,641,724,6.46302945692067,6.584791392385716,8.756462510972487,2.4849066497880004
1364,8743a1302ffffff,8743a131bffffff,7,7.301054776043442,641,469,6.46302945692067,6.150602768446279,8.895911063699831,1.9459101490553132
1365,8743a1302ffffff,8743a131cffffff,71,2.4336215224006987,641,465,6.46302945692067,6.142037405587356,7.797546591156868,4.2626798770413155
1366,8743a1302ffffff,8743a131dffffff,20,4.096403193657513,641,392,6.46302945692067,5.971261839790462,8.318108684629928,2.995732273553991
1367,8743a1302ffffff,8743a131effffff,53,4.149212995678865,641,593,6.46302945692067,6.385194398997726,8.330914936167666,3.970291913552122
1368,8743a1302ffffff,8743a1328ffffff,1,8.083510644705626,641,199,6.46302945692067,5.293304824724492,8.997705243859766,0.0
1369,8743a1302ffffff,8743a132affffff,4,5.897653779009218,641,372,6.46302945692067,5.918893854273146,8.682479430809096,1.3862943611198906
1370,8743a1302ffffff,8743a132bffffff,1,7.6695645348629125,641,99,6.46302945692067,4.59511985013459,8.94514549463356,0.0
1371,8743a1302ffffff,8743a1344ffffff,1,16.028919723569807,641,418,6.46302945692067,6.035481432524756,9.682212237703961,0.0
1372,8743a1302ffffff,8743a1356ffffff,1,10.50760427286131,641,509,6.46302945692067,6.2324480165505225,9.259949655134259,0.0
1373,8743a1302ffffff,8743a1370ffffff,1,11.724662989114185,641,353,6.46302945692067,5.8664680569332965,9.369535136629667,0.0
1374,8743a1302ffffff,8743a1371ffffff,1,13.859688225352983,641,543,6.46302945692067,6.297109319933935,9.536811927019974,0.0
1375,8743a1302ffffff,8743a1372ffffff,12,10.20633677670452,641,873,6.46302945692067,6.771935555839602,9.23086203253975,2.4849066497880004
1376,8743a1302ffffff,8743a1373ffffff,4,12.424878707959337,641,305,6.46302945692067,5.720311776607412,9.427536569426742,1.3862943611198906
1377,8743a1302ffffff,8743a1388ffffff,1,14.47677543539465,641,199,6.46302945692067,5.293304824724492,9.580370023985083,0.0
1378,8743a1302ffffff,8743a13a6ffffff,1,11.488458901124709,641,1,6.46302945692067,0.0,9.34918527670732,0.0
1379,8743a1302ffffff,8743a13a8ffffff,2,8.433470296629828,641,68,6.46302945692067,4.219507705176107,9.040082194742595,0.6931471805599453
1380,8743a1302ffffff,8743a13a9ffffff,3,8.29744077644437,641,70,6.46302945692067,4.248495242049359,9.023822917877402,1.0986122886681098
1381,8743a1302ffffff,8743a13abffffff,1,10.347834921737538,641,41,6.46302945692067,3.713572066704308,9.244629224409204,0.0
1382,8743a1302ffffff,8743a13acffffff,1,6.856119097011007,641,20,6.46302945692067,2.995732273553991,8.833042675809484,0.0
1383,8743a1302ffffff,8743a13adffffff,17,6.241182454506073,641,401,6.46302945692067,5.993961427306569,8.739085152539078,2.833213344056216
1384,8743a1302ffffff,8743a13aeffffff,2,9.140287477375443,641,70,6.46302945692067,4.248495242049359,9.120556516385365,0.6931471805599453
1385,8743a1303ffffff,8743a1220ffffff,4,8.703851302757862,805,473,6.690842277418564,6.159095388491933,9.071635770236504,1.3862943611198906
1386,8743a1303ffffff,8743a1221ffffff,3,10.410361484271862,805,324,6.690842277418564,5.780743515792329,9.250652939250509,1.0986122886681098
1387,8743a1303ffffff,8743a1224ffffff,48,6.351813170539588,805,845,6.690842277418564,6.739336627357174,8.756653012765414,3.871201010907891
1388,8743a1303ffffff,8743a1225ffffff,8,8.195895375819854,805,598,6.690842277418564,6.393590753950631,9.011510748855562,2.0794415416798357
1389,8743a1303ffffff,8743a1226ffffff,7,7.302156855397077,805,670,6.690842277418564,6.507277712385012,8.896061979603488,1.9459101490553132
1392,8743a1303ffffff,8743a1302ffffff,77,2.2539414833539357,805,423,6.690842277418564,6.0473721790462776,7.7208793018679,4.343805421853684
1394,8743a1303ffffff,8743a1305ffffff,2,4.150775998701499,805,24,6.690842277418564,3.1780538303479458,8.331291473173957,0.6931471805599453
1395,8743a1303ffffff,8743a1308ffffff,6,4.509839351920569,805,246,6.690842277418564,5.5053315359323625,8.414238524253875,1.791759469228055
1396,8743a1303ffffff,8743a1309ffffff,10,6.765736656057735,805,528,6.690842277418564,6.269096283706261,8.81977421956804,2.302585092994046
1397,8743a1303ffffff,8743a130affffff,38,4.097302562797201,805,617,6.690842277418564,6.424869023905388,8.318328157893127,3.6375861597263857
1398,8743a1303ffffff,8743a130bffffff,6,6.1503937372274375,805,487,6.690842277418564,6.18826412308259,8.724433959064658,1.791759469228055
1400,8743a1303ffffff,8743a130dffffff,49,5.861601634824373,805,613,6.690842277418564,6.418364935936212,8.676348749034858,3.8918202981106265
1401,8743a1303ffffff,8743a130effffff,25,2.2545937056941794,805,167,6.690842277418564,5.117993812416755,7.721168501405184,3.2188758248682006
1402,8743a1303ffffff,8743a1310ffffff,9,5.85667011417772,805,81,6.690842277418564,4.394449154672439,8.675507212073377,2.1972245773362196
1403,8743a1303ffffff,8743a1311ffffff,77,3.832684789530728,805,547,6.690842277418564,6.304448802421981,8.251581705705897,4.343805421853684
1404,8743a1303ffffff,8743a1313ffffff,10,5.894353162997683,805,95,6.690842277418564,4.553876891600541,8.681919720082464,2.302585092994046
1405,8743a1303ffffff,8743a1315ffffff,15,4.507230463379634,805,159,6.690842277418564,5.0689042022202315,8.413659997051598,2.70805020110221
1406,8743a1303ffffff,8743a1316ffffff,1,8.00326703286225,805,8,6.690842277418564,2.0794415416798357,8.987730057573678,0.0
1407,8743a1303ffffff,8743a1318ffffff,23,4.14979353200926,805,369,6.690842277418564,5.910796644040527,8.33105480747831,3.1354942159291497
1408,8743a1303ffffff,8743a1319ffffff,37,4.86804173112948,805,724,6.690842277418564,6.584791392385716,8.490652426926314,3.6109179126442243
1409,8743a1303ffffff,8743a131bffffff,15,6.407824698469638,805,469,6.690842277418564,6.150602768446279,8.765431178730337,2.70805020110221
1410,8743a1303ffffff,8743a131cffffff,53,2.2864320476353273,805,465,6.690842277418564,6.142037405587356,7.735185090756676,3.970291913552122
1411,8743a1303ffffff,8743a131dffffff,50,2.4339892099560645,805,392,6.690842277418564,5.971261839790462,7.79769760427733,3.912023005428146
1412,8743a1303ffffff,8743a131effffff,62,4.572262275214565,805,593,6.690842277418564,6.385194398997726,8.427982075001532,4.127134385045092
1413,8743a1303ffffff,8743a1321ffffff,1,8.302531288055542,805,36,6.690842277418564,3.58351893845611,9.024436159696016,0.0
1414,8743a1303ffffff,8743a1328ffffff,8,6.862903544289587,805,199,6.690842277418564,5.293304824724492,8.834031588663699,2.0794415416798357
1415,8743a1303ffffff,8743a1329ffffff,2,8.085457429058945,805,50,6.690842277418564,3.912023005428146,8.997946019100164,0.6931471805599453
1416,8743a1303ffffff,8743a132affffff,22,4.574668148662874,805,372,6.690842277418564,5.918893854273146,8.428508010469898,3.091042453358316
1417,8743a1303ffffff,8743a132bffffff,3,5.899161249197342,805,99,6.690842277418564,4.59511985013459,8.682734959892773,1.0986122886681098
1418,8743a1303ffffff,8743a132cffffff,2,8.441294224803395,805,31,6.690842277418564,3.4339872044851463,9.04100937823492,0.6931471805599453
1419,8743a1303ffffff,8743a132dffffff,1,9.151739349167205,805,38,6.690842277418564,3.6375861597263857,9.121808495886237,0.0
1420,8743a1303ffffff,8743a132effffff,3,6.245265921349397,805,76,6.690842277418564,4.330733340286331,8.739739111600437,1.0986122886681098
1421,8743a1303ffffff,8743a1344ffffff,7,13.863810321547493,805,418,6.690842277418564,6.035481432524756,9.53710927757747,1.9459101490553132
1422,8743a1303ffffff,8743a1345ffffff,1,16.03369469468624,805,450,6.690842277418564,6.1092475827643655,9.682510072013736,0.0
1423,8743a1303ffffff,8743a1352ffffff,4,10.20725981752794,805,468,6.690842277418564,6.148468295917647,9.230952457604703,1.3862943611198906
1424,8743a1303ffffff,8743a1354ffffff,7,9.022285334664717,805,303,6.690842277418564,5.713732805509369,9.10756377453171,1.9459101490553132
1425,8743a1303ffffff,8743a1356ffffff,9,8.309722172076343,805,509,6.690842277418564,6.2324480165505225,9.025301788053868,2.1972245773362196
1426,8743a1303ffffff,8743a1362ffffff,1,13.467101921902392,805,301,6.690842277418564,5.707110264748875,9.50807934796115,0.0
1427,8743a1303ffffff,8743a1370ffffff,9,9.64893882565295,805,353,6.690842277418564,5.8664680569332965,9.174706855002363,2.1972245773362196
1428,8743a1303ffffff,8743a1371ffffff,5,11.728131085686892,805,543,6.690842277418564,6.297109319933935,9.369830862662214,1.6094379124341003
1429,8743a1303ffffff,8743a1372ffffff,35,8.012323910977413,805,873,6.690842277418564,6.771935555839602,8.988860924145577,3.5553480614894135
1430,8743a1303ffffff,8743a1373ffffff,11,10.209378405880377,805,305,6.690842277418564,5.720311776607412,9.231159972752076,2.3978952727983707
1431,8743a1303ffffff,8743a1375ffffff,2,11.510755738394897,805,141,6.690842277418564,4.948759890378168,9.351124030343046,0.6931471805599453
1432,8743a1303ffffff,8743a1376ffffff,2,7.671721293168571,805,44,6.690842277418564,3.784189633918261,8.945426628459003,0.6931471805599453
1433,8743a1303ffffff,8743a1388ffffff,1,14.658406314299615,805,199,6.690842277418564,5.293304824724492,9.59283747764242,0.0
1434,8743a1303ffffff,8743a13a4ffffff,2,11.708405042668025,805,4,6.690842277418564,1.3862943611198906,9.36814764767232,0.6931471805599453
1435,8743a1303ffffff,8743a13a5ffffff,2,9.635497264648146,805,2,6.690842277418564,0.6931471805599453,9.173312967285815,0.6931471805599453
1436,8743a1303ffffff,8743a13a8ffffff,1,9.14211586825407,805,68,6.690842277418564,4.219507705176107,9.1207565109764,0.0
1437,8743a1303ffffff,8743a13a9ffffff,2,8.434857892202114,805,70,6.690842277418564,4.248495242049359,9.040246696056366,0.6931471805599453
1438,8743a1303ffffff,8743a13adffffff,26,6.85749033205034,805,401,6.690842277418564,5.993961427306569,8.833242628287133,3.258096538021482
1439,8743a1303ffffff,8743a13aeffffff,1,10.30302542261951,805,70,6.690842277418564,4.248495242049359,9.240289915598419,0.0
1440,8743a1308ffffff,8743a1200ffffff,4,12.817752893909333,1190,292,7.081708586105575,5.676753802268282,9.458664447576634,1.3862943611198906
1441,8743a1308ffffff,8743a1203ffffff,2,15.158138682833194,1190,257,7.081708586105575,5.54907608489522,9.626358842465779,0.6931471805599453
1442,8743a1308ffffff,8743a1204ffffff,21,10.520160738194864,1190,422,7.081708586105575,6.045005314036012,9.261143816535405,3.044522437723423
1443,8743a1308ffffff,8743a1205ffffff,7,11.151266356309112,1190,295,7.081708586105575,5.68697535633982,9.319398016889142,1.9459101490553132
1444,8743a1308ffffff,8743a1206ffffff,2,12.44989810510596,1190,172,7.081708586105575,5.147494476813453,9.429548036247411,0.6931471805599453
1445,8743a1308ffffff,8743a1220ffffff,21,6.409558467032887,1190,473,7.081708586105575,6.159095388491933,8.765701670461715,3.044522437723423
1446,8743a1308ffffff,8743a1221ffffff,22,7.304358506286205,1190,324,7.081708586105575,5.780743515792329,8.896363399816465,3.091042453358316
1447,8743a1308ffffff,8743a1222ffffff,11,8.300920666075008,1190,253,7.081708586105575,5.53338948872752,9.02424217256576,2.3978952727983707
1448,8743a1308ffffff,8743a1223ffffff,10,8.76292875799609,1190,328,7.081708586105575,5.793013608384144,9.078399571745312,2.302585092994046
1450,8743a1308ffffff,8743a1225ffffff,60,4.869510155128519,1190,598,7.081708586105575,6.393590753950631,8.490953965236764,4.0943445622221
1451,8743a1308ffffff,8743a1226ffffff,51,6.2440706886501385,1190,670,7.081708586105575,6.507277712385012,8.739547741735029,3.9318256327243257
1452,8743a1308ffffff,8743a1228ffffff,4,11.095375566665847,1190,113,7.081708586105575,4.727387818712341,9.314373808453759,1.3862943611198906
1453,8743a1308ffffff,8743a122dffffff,3,10.414552182530775,1190,38,7.081708586105575,3.6375861597263857,9.251055370295504,1.0986122886681098
1454,8743a1308ffffff,8743a122effffff,4,9.739268094636905,1190,132,7.081708586105575,4.882801922586371,9.184023921374497,1.3862943611198906
1455,8743a1308ffffff,8743a1231ffffff,8,10.352409927885208,1190,210,7.081708586105575,5.3471075307174685,9.24507120606437,2.0794415416798357
1456,8743a1308ffffff,8743a1236ffffff,1,11.430707646681709,1190,125,7.081708586105575,4.8283137373023015,9.344146146039325,0.0
1457,8743a1308ffffff,8743a1300ffffff,51,6.149738108940834,1190,431,7.081708586105575,6.066108090103747,8.72432737131297,3.9318256327243257
1458,8743a1308ffffff,8743a1301ffffff,78,4.097808934016881,1190,567,7.081708586105575,6.340359303727752,8.318451706589647,4.356708826689592
1459,8743a1308ffffff,8743a1302ffffff,10,6.763780835274506,1190,423,7.081708586105575,6.0473721790462776,8.81948514322489,2.302585092994046
1460,8743a1308ffffff,8743a1303ffffff,23,4.509839351920569,1190,368,7.081708586105575,5.908082938168931,8.414238524253875,3.1354942159291497
1461,8743a1308ffffff,8743a1305ffffff,1,6.352064780053954,1190,24,7.081708586105575,3.1780538303479458,8.756692617980477,0.0
1462,8743a1308ffffff,8743a1308ffffff,25,0.0,1190,246,7.081708586105575,5.5053315359323625,0.0,3.2188758248682006
1463,8743a1308ffffff,8743a1309ffffff,64,2.2558973041371653,1190,528,7.081708586105575,6.269096283706261,7.72174627473544,4.1588830833596715
1464,8743a1308ffffff,8743a130affffff,49,2.2873457122489955,1190,617,7.081708586105575,6.424869023905388,7.735584439096458,3.8918202981106265
1465,8743a1308ffffff,8743a130bffffff,46,2.434723750094638,1190,487,7.081708586105575,6.18826412308259,7.797999219318153,3.828641396489095
1468,8743a1308ffffff,8743a130effffff,9,2.25524564622639,1190,167,7.081708586105575,5.117993812416755,7.721457492428976,2.1972245773362196
1469,8743a1308ffffff,8743a1310ffffff,2,10.20097756035989,1190,81,7.081708586105575,4.394449154672439,9.230336858947018,0.6931471805599453
1470,8743a1308ffffff,8743a1311ffffff,15,8.0080480102796,1190,547,7.081708586105575,6.304448802421981,8.988327182846806,2.70805020110221
1471,8743a1308ffffff,8743a1313ffffff,4,9.641126937517264,1190,95,7.081708586105575,4.553876891600541,9.173896999939815,1.3862943611198906
1472,8743a1308ffffff,8743a1315ffffff,2,9.017069815300205,1190,159,7.081708586105575,5.0689042022202315,9.106985600723096,0.6931471805599453
1473,8743a1308ffffff,8743a1318ffffff,15,5.897368506223753,1190,369,7.081708586105575,5.910796644040527,8.682431067285043,2.70805020110221
1474,8743a1308ffffff,8743a1319ffffff,79,4.574089684190852,1190,724,7.081708586105575,6.584791392385716,8.428381580619309,4.3694478524670215
1475,8743a1308ffffff,8743a131bffffff,21,6.860231564273455,1190,469,7.081708586105575,6.150602768446279,8.833642232926396,3.044522437723423
1476,8743a1308ffffff,8743a131cffffff,15,5.860140610756168,1190,465,7.081708586105575,6.142037405587356,8.676099507104224,2.70805020110221
1477,8743a1308ffffff,8743a131dffffff,20,3.834841985871657,1190,392,7.081708586105575,5.971261839790462,8.252144242733536,2.995732273553991
1478,8743a1308ffffff,8743a131effffff,14,7.667566314598684,1190,593,7.081708586105575,6.385194398997726,8.944884955715787,2.6390573296152584
1479,8743a1308ffffff,8743a1321ffffff,1,9.738254278481664,1190,36,7.081708586105575,3.58351893845611,9.183919830921278,0.0
1480,8743a1308ffffff,8743a1328ffffff,5,6.410909963885187,1190,199,7.081708586105575,5.293304824724492,8.76591247181632,1.6094379124341003
1481,8743a1308ffffff,8743a1329ffffff,1,6.24719190803889,1190,50,7.081708586105575,3.912023005428146,8.740047406162882,0.0
1482,8743a1308ffffff,8743a132affffff,28,4.869256700645451,1190,372,7.081708586105575,5.918893854273146,8.490901925292295,3.332204510175204
1483,8743a1308ffffff,8743a132bffffff,5,4.151936884596809,1190,99,7.081708586105575,4.59511985013459,8.331571045970557,1.6094379124341003
1484,8743a1308ffffff,8743a132cffffff,1,8.764548374197496,1190,31,7.081708586105575,3.4339872044851463,9.078584359482425,0.0
1485,8743a1308ffffff,8743a1340ffffff,7,10.215458162806476,1190,643,7.081708586105575,6.466144724237619,9.231755244279823,1.9459101490553132
1486,8743a1308ffffff,8743a1342ffffff,4,9.027496325519257,1190,214,7.081708586105575,5.365976015021851,9.108141112669006,1.3862943611198906
1487,8743a1308ffffff,8743a1344ffffff,7,9.65456155111027,1190,418,7.081708586105575,6.035481432524756,9.175289354860597,1.9459101490553132
1488,8743a1308ffffff,8743a1345ffffff,2,11.735063657309684,1190,450,7.081708586105575,6.1092475827643655,9.37042174391425,0.6931471805599453
1489,8743a1308ffffff,8743a1346ffffff,7,8.017099132920237,1190,243,7.081708586105575,5.493061443340548,8.989456656922508,1.9459101490553132
1490,8743a1308ffffff,8743a134cffffff,1,14.668839082303961,1190,283,7.081708586105575,5.645446897643238,9.593548901908765,0.0
1491,8743a1308ffffff,8743a1350ffffff,27,6.153452723186964,1190,500,7.081708586105575,6.214608098422191,8.724931118854904,3.295836866004329
1492,8743a1308ffffff,8743a1351ffffff,8,8.314071105468006,1190,115,7.081708586105575,4.74493212836325,9.025824943059858,2.0794415416798357
1493,8743a1308ffffff,8743a1352ffffff,16,6.354230954335564,1190,468,7.081708586105575,6.148468295917647,8.757033525108838,2.772588722239781
1494,8743a1308ffffff,8743a1354ffffff,32,4.512445982744147,1190,303,7.081708586105575,5.713732805509369,8.414816216735751,3.4657359027997265
1495,8743a1308ffffff,8743a1355ffffff,24,6.769645751561807,1190,434,7.081708586105575,6.073044534100405,8.820351745635492,3.1780538303479458
1496,8743a1308ffffff,8743a1356ffffff,31,4.099099683176714,1190,509,7.081708586105575,6.2324480165505225,8.318766565366774,3.4339872044851463
1497,8743a1308ffffff,8743a135affffff,13,12.301160149350485,1190,504,7.081708586105575,6.222576268071369,9.417530147839202,2.5649493574615367
1498,8743a1308ffffff,8743a1362ffffff,1,9.692148521806912,1190,301,7.081708586105575,5.707110264748875,9.17917457695924,0.0
1499,8743a1308ffffff,8743a1363ffffff,3,11.517221608640375,1190,553,7.081708586105575,6.315358001522335,9.351685548082983,1.0986122886681098
1500,8743a1308ffffff,8743a1368ffffff,12,15.515295518462448,1190,725,7.081708586105575,6.586171654854675,9.649646074425304,2.4849066497880004
1501,8743a1308ffffff,8743a136affffff,13,13.872050042519858,1190,932,7.081708586105575,6.837332814685591,9.537703391262273,2.5649493574615367
1502,8743a1308ffffff,8743a136bffffff,1,16.04323930900357,1190,578,7.081708586105575,6.359573868672378,9.683105142572993,0.0
1503,8743a1308ffffff,8743a136effffff,3,13.47487811586357,1190,628,7.081708586105575,6.4425401664681985,9.50865655995182,1.0986122886681098
1504,8743a1308ffffff,8743a1370ffffff,12,5.902174932005339,1190,353,7.081708586105575,5.8664680569332965,8.683245609225677,2.4849066497880004
1505,8743a1308ffffff,8743a1371ffffff,24,7.676032833717957,1190,543,7.081708586105575,6.297109319933935,8.945988401713107,3.1780538303479458
1506,8743a1308ffffff,8743a1372ffffff,86,3.8369586174686305,1190,873,7.081708586105575,6.771935555839602,8.252695894192849,4.454347296253507
1507,8743a1308ffffff,8743a1373ffffff,25,5.865069333688251,1190,305,7.081708586105575,5.720311776607412,8.676940069052996,3.2188758248682006
1508,8743a1308ffffff,8743a1375ffffff,5,8.089349395795267,1190,141,7.081708586105575,4.948759890378168,8.998427197722565,1.6094379124341003
1509,8743a1308ffffff,8743a1376ffffff,3,4.5764952351813,1190,44,7.081708586105575,3.784189633918261,8.428907235626507,1.0986122886681098
1510,8743a1308ffffff,8743a13a8ffffff,1,11.789926361542506,1190,68,7.081708586105575,4.219507705176107,9.375085562246554,0.0
1511,8743a1308ffffff,8743a13a9ffffff,1,10.307811586099335,1190,70,7.081708586105575,4.248495242049359,9.240754302287531,0.0
1512,8743a1308ffffff,8743a13adffffff,5,9.67891349830543,1190,401,7.081708586105575,5.993961427306569,9.177808244105224,1.6094379124341003
1513,8743a1308ffffff,8743a13aeffffff,1,13.486677092830208,1190,70,7.081708586105575,4.248495242049359,9.509531739625155,0.0
1514,8743a1309ffffff,8743a1200ffffff,2,12.45163535197507,480,292,6.173786103901937,5.676753802268282,9.429687554350327,0.6931471805599453
1515,8743a1309ffffff,8743a1204ffffff,4,10.35393336554098,480,422,6.173786103901937,6.045005314036012,9.245218338805694,1.3862943611198906
1516,8743a1309ffffff,8743a1205ffffff,2,10.52158747758258,480,295,6.173786103901937,5.68697535633982,9.261279413994117,0.6931471805599453
1517,8743a1309ffffff,8743a1206ffffff,1,12.486933745657513,480,172,6.173786103901937,5.147494476813453,9.432518156740572,0.0
1518,8743a1309ffffff,8743a1220ffffff,8,6.245032543551171,480,473,6.173786103901937,6.159095388491933,8.739701748132232,2.0794415416798357
1519,8743a1309ffffff,8743a1221ffffff,3,6.410424434615695,480,324,6.173786103901937,5.780743515792329,8.765836745916232,1.0986122886681098
1520,8743a1309ffffff,8743a1222ffffff,7,8.439017309199413,480,253,6.173786103901937,5.53338948872752,9.040739638440911,1.9459101490553132
1521,8743a1309ffffff,8743a1223ffffff,5,8.302079254070527,480,328,6.173786103901937,5.793013608384144,9.024381719449588,1.6094379124341003
1522,8743a1309ffffff,8743a1224ffffff,23,4.5750029737130316,480,845,6.173786103901937,6.739336627357174,8.428581182909298,3.1354942159291497
1523,8743a1309ffffff,8743a1225ffffff,11,4.15153308007341,480,598,6.173786103901937,6.393590753950631,8.331473807758767,2.3978952727983707
1524,8743a1309ffffff,8743a1226ffffff,11,6.861601558765768,480,670,6.173786103901937,6.507277712385012,8.833841884799831,2.3978952727983707
1525,8743a1309ffffff,8743a1228ffffff,1,9.740733528070962,480,113,6.173786103901937,4.727387818712341,9.184174361094726,0.0
1526,8743a1309ffffff,8743a122dffffff,1,8.70848835836768,480,38,6.173786103901937,3.6375861597263857,9.072168326257536,0.0
1527,8743a1309ffffff,8743a122effffff,1,8.764124367816896,480,132,6.173786103901937,4.882801922586371,9.078535986395217,0.0
1528,8743a1309ffffff,8743a1231ffffff,1,10.671302682542382,480,210,6.173786103901937,5.3471075307174685,9.275407130060398,0.0
1529,8743a1309ffffff,8743a1300ffffff,12,8.30882921942775,480,431,6.173786103901937,6.066108090103747,9.025194336426251,2.4849066497880004
1530,8743a1309ffffff,8743a1301ffffff,15,6.151268873240601,480,567,6.173786103901937,6.340359303727752,8.724576215243545,2.70805020110221
1531,8743a1309ffffff,8743a1302ffffff,1,9.01967813941167,480,423,6.173786103901937,6.0473721790462776,9.10727479198362,0.0
1532,8743a1309ffffff,8743a1303ffffff,5,6.765736656057735,480,368,6.173786103901937,5.908082938168931,8.81977421956804,1.6094379124341003
1533,8743a1309ffffff,8743a1308ffffff,16,2.2558973041371653,480,246,6.173786103901937,5.5053315359323625,7.72174627473544,2.772588722239781
1534,8743a1309ffffff,8743a1309ffffff,53,0.0,480,528,6.173786103901937,6.269096283706261,0.0,3.970291913552122
1535,8743a1309ffffff,8743a130affffff,2,3.8359200921191845,480,617,6.173786103901937,6.424869023905388,8.252425264416123,0.6931471805599453
1536,8743a1309ffffff,8743a130bffffff,11,2.2878023367957345,480,487,6.173786103901937,6.18826412308259,7.735783962705204,2.3978952727983707
1537,8743a1309ffffff,8743a130cffffff,21,4.098707825596649,480,576,6.173786103901937,6.3561076606958915,8.318670988103541,3.044522437723423
1538,8743a1309ffffff,8743a130dffffff,35,2.4350275663604437,480,613,6.173786103901937,6.418364935936212,7.798123945005679,3.5553480614894135
1539,8743a1309ffffff,8743a130effffff,1,4.511142950363555,480,167,6.173786103901937,5.117993812416755,8.414527474937449,0.0
1540,8743a1309ffffff,8743a1311ffffff,3,10.204020624399849,480,547,6.173786103901937,6.304448802421981,9.230635096251197,1.0986122886681098
1541,8743a1309ffffff,8743a1313ffffff,2,11.718818899292256,480,95,6.173786103901937,4.553876891600541,9.369036610732799,0.6931471805599453
1542,8743a1309ffffff,8743a1318ffffff,2,7.669723000650619,480,369,6.173786103901937,5.910796644040527,8.945166153367364,0.6931471805599453
1543,8743a1309ffffff,8743a1319ffffff,17,5.898875551754912,480,724,6.173786103901937,6.584791392385716,8.682686536748456,2.833213344056216
1544,8743a1309ffffff,8743a131bffffff,4,8.08258377365696,480,469,6.173786103901937,6.150602768446279,8.997590589525656,1.3862943611198906
1545,8743a1309ffffff,8743a131cffffff,2,8.010437184242301,480,465,6.173786103901937,6.142037405587356,8.988625447718489,0.6931471805599453
1546,8743a1309ffffff,8743a131dffffff,2,5.8618749614876045,480,392,6.173786103901937,5.971261839790462,8.676395370024808,0.6931471805599453
1547,8743a1309ffffff,8743a131effffff,2,9.643940396134736,480,593,6.173786103901937,6.385194398997726,9.174188745552433,0.6931471805599453
1548,8743a1309ffffff,8743a1328ffffff,1,7.304890757292711,480,199,6.173786103901937,5.293304824724492,8.896436254778713,0.0
1549,8743a1309ffffff,8743a132affffff,5,6.35327513280633,480,372,6.173786103901937,5.918893854273146,8.756883114616961,1.6094379124341003
1550,8743a1309ffffff,8743a132cffffff,1,9.739724964309268,480,31,6.173786103901937,3.4339872044851463,9.184070825520612,0.0
1551,8743a1309ffffff,8743a1340ffffff,8,8.019485413846851,480,643,6.173786103901937,6.466144724237619,8.989754224446283,2.0794415416798357
1552,8743a1309ffffff,8743a1343ffffff,1,9.03010011458056,480,55,6.173786103901937,4.007333185232471,9.108429467847703,0.0
1553,8743a1309ffffff,8743a1344ffffff,2,7.6781876110497205,480,418,6.173786103901937,6.035481432524756,8.946269040735405,0.6931471805599453
1554,8743a1309ffffff,8743a1345ffffff,3,9.657371515308087,480,450,6.173786103901937,6.1092475827643655,9.175580332799475,1.0986122886681098
1555,8743a1309ffffff,8743a1346ffffff,1,5.866802277621565,480,243,6.173786103901937,5.493061443340548,8.677235443674999,0.0
1556,8743a1309ffffff,8743a1350ffffff,10,4.099997431964808,480,500,6.173786103901937,6.214608098422191,8.318985499194547,2.302585092994046
1557,8743a1309ffffff,8743a1351ffffff,1,6.154980984768439,480,115,6.173786103901937,4.74493212836325,8.725179406059983,0.0
1558,8743a1309ffffff,8743a1352ffffff,8,4.870243529783563,480,468,6.173786103901937,6.148468295917647,8.491104528406424,2.0794415416798357
1559,8743a1309ffffff,8743a1354ffffff,19,2.256548678606982,480,303,6.173786103901937,5.713732805509369,7.722034848118232,2.9444389791664403
1560,8743a1309ffffff,8743a1355ffffff,2,4.513748447424641,480,434,6.173786103901937,6.073044534100405,8.415104749442841,0.6931471805599453
1561,8743a1309ffffff,8743a1356ffffff,14,2.4350906017335063,480,509,6.173786103901937,6.2324480165505225,7.798149820967998,2.6390573296152584
1562,8743a1309ffffff,8743a135affffff,2,10.4166455005051,480,504,6.173786103901937,6.222576268071369,9.251256330130207,0.6931471805599453
1563,8743a1309ffffff,8743a1361ffffff,1,11.812163595949851,480,77,6.173786103901937,4.343805421853684,9.376969747659013,0.0
1564,8743a1309ffffff,8743a1362ffffff,1,8.09129457403688,480,301,6.173786103901937,5.707110264748875,8.998667600743802,0.0
1565,8743a1309ffffff,8743a1363ffffff,2,9.694728623215447,480,553,6.173786103901937,6.315358001522335,9.17944071938765,0.6931471805599453
1566,8743a1309ffffff,8743a136affffff,4,11.738528124170921,480,932,6.173786103901937,6.837332814685591,9.370716898721732,1.3862943611198906
1567,8743a1309ffffff,8743a136bffffff,1,13.8761676574685,480,578,6.173786103901937,6.359573868672378,9.538000153977677,0.0
1568,8743a1309ffffff,8743a136effffff,3,11.520453049794357,480,628,6.173786103901937,6.4425401664681985,9.35196605909046,1.0986122886681098
1569,8743a1309ffffff,8743a1370ffffff,7,4.577408361258296,480,353,6.173786103901937,5.8664680569332965,8.429106697333461,1.9459101490553132
1570,8743a1309ffffff,8743a1371ffffff,6,5.903681141341914,480,543,6.173786103901937,6.297109319933935,8.683500729094245,1.791759469228055
1571,8743a1309ffffff,8743a1372ffffff,77,2.288403683882704,480,873,6.173786103901937,6.771935555839602,7.736046662587084,4.343805421853684
1572,8743a1309ffffff,8743a1373ffffff,6,3.838036246539521,480,305,6.173786103901937,5.720311776607412,8.252976636617992,1.791759469228055
1573,8743a1309ffffff,8743a1375ffffff,1,6.867013677723914,480,141,6.173786103901937,4.948759890378168,8.834630213530222,0.0
1574,8743a1309ffffff,8743a1376ffffff,2,4.15251681127407,480,44,6.173786103901937,3.784189633918261,8.331710678766798,0.6931471805599453
1575,8743a1309ffffff,8743a13a8ffffff,1,13.490337923698954,480,68,6.173786103901937,4.219507705176107,9.509803123208949,0.0
1576,8743a1309ffffff,8743a13adffffff,3,11.501407703693493,480,401,6.173786103901937,5.993961427306569,9.350311657976,1.0986122886681098
1577,8743a130affffff,8743a1200ffffff,1,11.149671407498294,264,292,5.575949103146316,5.676753802268282,9.319254990994489,0.0
1578,8743a130affffff,8743a1204ffffff,3,8.761622065159125,264,422,5.575949103146316,6.045005314036012,9.078250461649143,1.0986122886681098
1579,8743a130affffff,8743a1205ffffff,1,9.738049224523548,264,295,5.575949103146316,5.68697535633982,9.183898776319875,0.0
1580,8743a130affffff,8743a1206ffffff,1,10.518355986435362,264,172,5.575949103146316,5.147494476813453,9.26097226639835,0.0
1581,8743a130affffff,8743a1220ffffff,5,4.868901479936506,264,473,5.575949103146316,6.159095388491933,8.490828985879503,1.6094379124341003
1582,8743a130affffff,8743a1221ffffff,2,6.35349869341068,264,324,5.575949103146316,5.780743515792329,8.756918296705718,0.6931471805599453
1583,8743a130affffff,8743a1223ffffff,2,7.303444923479751,264,328,5.575949103146316,5.793013608384144,8.896238335463336,0.6931471805599453
1584,8743a130affffff,8743a1224ffffff,41,2.434419602583666,264,845,5.575949103146316,6.739336627357174,7.797874342060661,3.713572066704308
1585,8743a130affffff,8743a1225ffffff,4,4.0985928130226545,264,598,5.575949103146316,6.393590753950631,8.318642933863535,1.3862943611198906
1586,8743a130affffff,8743a1226ffffff,6,4.150170953259912,264,670,5.575949103146316,6.507277712385012,8.331145730837855,1.791759469228055
1587,8743a130affffff,8743a1228ffffff,1,10.413329711415171,264,113,5.575949103146316,4.727387818712341,9.250937993622584,0.0
1588,8743a130affffff,8743a122effffff,1,8.70594285209109,264,132,5.575949103146316,4.882801922586371,9.071876015362847,0.0
1589,8743a130affffff,8743a1231ffffff,2,8.299354049696683,264,210,5.575949103146316,5.3471075307174685,9.024053449464885,0.6931471805599453
1590,8743a130affffff,8743a1300ffffff,2,6.35133426660142,264,431,5.575949103146316,6.066108090103747,8.756577625377622,0.6931471805599453
1591,8743a130affffff,8743a1301ffffff,8,4.868649547088218,264,567,5.575949103146316,6.340359303727752,8.490777251903749,2.0794415416798357
1592,8743a130affffff,8743a1303ffffff,4,4.097302562797201,264,368,5.575949103146316,5.908082938168931,8.318328157893127,1.3862943611198906
1593,8743a130affffff,8743a1308ffffff,1,2.2873457122489955,264,246,5.575949103146316,5.5053315359323625,7.735584439096458,0.0
1594,8743a130affffff,8743a1309ffffff,5,3.8359200921191845,264,528,5.575949103146316,6.269096283706261,8.252425264416123,1.6094379124341003
1595,8743a130affffff,8743a130affffff,23,0.0,264,617,5.575949103146316,6.424869023905388,0.0,3.1354942159291497
1596,8743a130affffff,8743a130bffffff,9,2.2554600877611817,264,487,5.575949103146316,6.18826412308259,7.721552531435547,2.1972245773362196
1597,8743a130affffff,8743a130cffffff,11,4.151155639474784,264,576,5.575949103146316,6.3561076606958915,8.3313829095658,2.3978952727983707
1598,8743a130affffff,8743a130dffffff,4,4.575292812446203,264,613,5.575949103146316,6.418364935936212,8.428644519746316,1.3862943611198906
1599,8743a130affffff,8743a130effffff,3,2.4343566193465476,264,167,5.575949103146316,5.117993812416755,7.797848480376916,1.0986122886681098
1600,8743a130affffff,8743a1310ffffff,1,9.01532063404745,264,81,5.575949103146316,4.394449154672439,9.106791617869819,0.0
1601,8743a130affffff,8743a1311ffffff,2,6.7624689958784625,264,547,5.575949103146316,6.304448802421981,8.81929120248362,0.6931471805599453
1602,8743a130affffff,8743a1313ffffff,1,8.006160422107417,264,95,5.575949103146316,4.553876891600541,8.98809147310453,0.0
1603,8743a130affffff,8743a1318ffffff,18,3.8338029085314336,264,369,5.575949103146316,5.910796644040527,8.251873319659692,2.8903717578961645
1604,8743a130affffff,8743a1319ffffff,35,2.286743971941857,264,724,5.575949103146316,6.584791392385716,7.735321445863312,3.5553480614894135
1605,8743a130affffff,8743a131bffffff,3,4.572885852024461,264,469,5.575949103146316,6.150602768446279,8.42811841843933,1.0986122886681098
1606,8743a130affffff,8743a131cffffff,3,4.508964823625128,264,465,5.575949103146316,6.142037405587356,8.414044632826645,1.0986122886681098
1607,8743a130affffff,8743a131dffffff,12,2.2548083978680857,264,392,5.575949103146316,5.971261839790462,7.721263678988179,2.4849066497880004
1608,8743a130affffff,8743a131effffff,7,5.8586790853437005,264,593,5.575949103146316,6.385194398997726,8.675850117478253,1.9459101490553132
1609,8743a130affffff,8743a132affffff,1,6.409882536602262,264,372,5.575949103146316,5.918893854273146,8.76575222165473,0.0
1610,8743a130affffff,8743a132effffff,1,8.763247418644807,264,76,5.575949103146316,4.330733340286331,9.078435931563417,0.0
1611,8743a130affffff,8743a1350ffffff,3,6.768334200046224,264,500,5.575949103146316,6.214608098422191,8.820158015434359,1.0986122886681098
1612,8743a130affffff,8743a1352ffffff,5,6.152577024967726,264,468,5.575949103146316,6.148468295917647,8.724788821795402,1.6094379124341003
1613,8743a130affffff,8743a1354ffffff,1,5.863608711119313,264,303,5.575949103146316,5.713732805509369,8.676691042940284,0.0
1614,8743a130affffff,8743a1355ffffff,3,8.015212888374483,264,434,5.575949103146316,6.073044534100405,8.989221380902938,1.0986122886681098
1615,8743a130affffff,8743a1356ffffff,3,4.511571582392773,264,509,5.575949103146316,6.2324480165505225,8.414622465649451,1.0986122886681098
1616,8743a130affffff,8743a135affffff,7,12.308859937704533,264,504,5.575949103146316,6.222576268071369,9.418155841185625,1.9459101490553132
1617,8743a130affffff,8743a1370ffffff,1,8.087095289742452,264,353,5.575949103146316,5.8664680569332965,8.998148542250892,0.0
1618,8743a130affffff,8743a1371ffffff,1,9.689459534018878,264,543,5.575949103146316,6.297109319933935,9.178897127291712,0.0
1619,8743a130affffff,8743a1372ffffff,8,5.900525616761857,264,873,5.575949103146316,6.771935555839602,8.682966175580173,2.0794415416798357
1620,8743a130affffff,8743a1388ffffff,2,13.711425450909559,264,199,5.575949103146316,5.293304824724492,9.526057667989642,0.6931471805599453
1621,8743a130affffff,8743a13a8ffffff,2,9.676220344319198,264,68,5.575949103146316,4.219507705176107,9.177529984521392,0.6931471805599453
1622,8743a130affffff,8743a13a9ffffff,1,8.078379640467066,264,70,5.575949103146316,4.248495242049359,8.997070371397706,0.0
1623,8743a130affffff,8743a13adffffff,3,7.665487611574308,264,401,5.575949103146316,5.993961427306569,8.944613850958397,1.0986122886681098
1624,8743a130bffffff,8743a1200ffffff,2,10.519782587168683,1063,292,6.968850378341948,5.676753802268282,9.261107873940144,0.6931471805599453
1625,8743a130bffffff,8743a1203ffffff,1,12.817418748014441,1063,257,6.968850378341948,5.54907608489522,9.458638380278762,0.0
1626,8743a130bffffff,8743a1204ffffff,10,8.300512559045952,1063,422,6.968850378341948,6.045005314036012,9.024193013211354,2.302585092994046
1627,8743a130bffffff,8743a1206ffffff,1,10.3517926304427,1063,172,6.968850378341948,5.147494476813453,9.245011581665262,0.0
1628,8743a130bffffff,8743a1220ffffff,19,4.15075041957354,1063,473,6.968850378341948,6.159095388491933,8.3312853121463,2.9444389791664403
1629,8743a130bffffff,8743a1221ffffff,24,4.869634756191567,1063,324,6.968850378341948,5.780743515792329,8.490979547663509,3.1780538303479458
1630,8743a130bffffff,8743a1222ffffff,12,6.243669317676611,1063,253,6.968850378341948,5.53338948872752,8.739483469624728,2.4849066497880004
1631,8743a130bffffff,8743a1223ffffff,20,6.409393735553177,1063,328,6.968850378341948,5.793013608384144,8.765675973231568,2.995732273553991
1633,8743a130bffffff,8743a1225ffffff,61,2.4347864050338806,1063,598,6.968850378341948,6.393590753950631,7.798024942322828,4.110873864173311
1634,8743a130bffffff,8743a1226ffffff,37,4.573799221970033,1063,670,6.968850378341948,6.507277712385012,8.428318090838417,3.6109179126442243
1635,8743a130bffffff,8743a1228ffffff,4,8.707487272941824,1063,113,6.968850378341948,4.727387818712341,9.072053377718378,1.3862943611198906
1636,8743a130bffffff,8743a122dffffff,1,8.200267322063883,1063,38,6.968850378341948,3.6375861597263857,9.0120439727817,0.0
1637,8743a130bffffff,8743a122effffff,3,7.304544344542267,1063,132,6.968850378341948,4.882801922586371,8.896388838115243,1.0986122886681098
1638,8743a130bffffff,8743a1231ffffff,8,8.437058015365253,1063,210,6.968850378341948,5.3471075307174685,9.040507468148352,2.0794415416798357
1639,8743a130bffffff,8743a1246ffffff,1,18.59404376088211,1063,158,6.968850378341948,5.062595033026967,9.830650359724624,0.0
1640,8743a130bffffff,8743a1300ffffff,28,8.195110896135263,1063,431,6.968850378341948,6.066108090103747,9.011415039786442,3.332204510175204
1641,8743a130bffffff,8743a1301ffffff,62,6.3525444967255,1063,567,6.968850378341948,6.340359303727752,8.756768124618215,4.127134385045092
1642,8743a130bffffff,8743a1302ffffff,6,8.3075460536689,1063,423,6.968850378341948,6.0473721790462776,9.02503990908419,1.791759469228055
1643,8743a130bffffff,8743a1303ffffff,14,6.1503937372274375,1063,368,6.968850378341948,5.908082938168931,8.724433959064658,2.6390573296152584
1644,8743a130bffffff,8743a1308ffffff,18,2.434723750094638,1063,246,6.968850378341948,5.5053315359323625,7.797999219318153,2.8903717578961645
1645,8743a130bffffff,8743a1309ffffff,43,2.2878023367957345,1063,528,6.968850378341948,6.269096283706261,7.735783962705204,3.7612001156935624
1646,8743a130bffffff,8743a130affffff,46,2.2554600877611817,1063,617,6.968850378341948,6.424869023905388,7.721552531435547,3.828641396489095
1647,8743a130bffffff,8743a130bffffff,39,0.0,1063,487,6.968850378341948,6.18826412308259,0.0,3.6635616461296463
1648,8743a130bffffff,8743a130cffffff,58,4.869384136540247,1063,576,6.968850378341948,6.3561076606958915,8.4909280911056,4.060443010546419
1649,8743a130bffffff,8743a130dffffff,67,4.1517355278397945,1063,613,6.968850378341948,6.418364935936212,8.331522559406904,4.204692619390966
1650,8743a130bffffff,8743a130effffff,5,4.098201393043965,1063,167,6.968850378341948,5.117993812416755,8.318547451535487,1.6094379124341003
1651,8743a130bffffff,8743a1310ffffff,1,11.27078072180863,1063,81,6.968850378341948,4.394449154672439,9.330057600036621,0.0
1652,8743a130bffffff,8743a1311ffffff,8,9.017929083639643,1063,547,6.968850378341948,6.304448802421981,9.107080879138858,2.0794415416798357
1653,8743a130bffffff,8743a1313ffffff,2,10.201703714598755,1063,95,6.968850378341948,4.553876891600541,9.230408034206203,0.6931471805599453
1654,8743a130bffffff,8743a1315ffffff,2,10.50477812128155,1063,159,6.968850378341948,5.0689042022202315,9.25968068205251,0.6931471805599453
1655,8743a130bffffff,8743a1318ffffff,10,5.860413635027975,1063,369,6.968850378341948,5.910796644040527,8.676146088125071,2.302585092994046
1656,8743a130bffffff,8743a1319ffffff,68,3.8348811607707205,1063,724,6.968850378341948,6.584791392385716,8.252154455536662,4.219507705176107
1657,8743a130bffffff,8743a131bffffff,12,5.8972247390238515,1063,469,6.968850378341948,6.150602768446279,8.682406692925952,2.4849066497880004
1658,8743a130bffffff,8743a131cffffff,13,6.764424911386309,1063,465,6.968850378341948,6.142037405587356,8.819580348889067,2.5649493574615367
1659,8743a130bffffff,8743a131dffffff,15,4.510268485629267,1063,392,6.968850378341948,5.971261839790462,8.414333653622034,2.70805020110221
1660,8743a130bffffff,8743a131effffff,6,8.008549833168361,1063,593,6.968850378341948,6.385194398997726,8.988389837879891,1.791759469228055
1661,8743a130bffffff,8743a1328ffffff,4,8.764446133278886,1063,199,6.968850378341948,5.293304824724492,9.078572695464327,1.3862943611198906
1662,8743a130bffffff,8743a1329ffffff,1,8.304452987255873,1063,50,6.968850378341948,3.912023005428146,9.024667564479962,0.0
1663,8743a130bffffff,8743a132affffff,6,7.30398045074009,1063,372,6.968850378341948,5.918893854273146,8.896311648033388,1.791759469228055
1664,8743a130bffffff,8743a132bffffff,6,6.410749919336025,1063,99,6.968850378341948,4.59511985013459,8.765887510993805,1.791759469228055
1665,8743a130bffffff,8743a132dffffff,2,10.524505710058921,1063,38,6.968850378341948,3.6375861597263857,9.261556705857947,0.6931471805599453
1666,8743a130bffffff,8743a1340ffffff,5,9.654873821090696,1063,643,6.968850378341948,6.466144724237619,9.17532169528216,1.6094379124341003
1667,8743a130bffffff,8743a1341ffffff,1,11.735608201869612,1063,292,6.968850378341948,5.676753802268282,9.370468142088543,0.0
1668,8743a130bffffff,8743a1342ffffff,1,8.017599412823813,1063,214,6.968850378341948,5.365976015021851,8.989519048804766,0.0
1669,8743a130bffffff,8743a1344ffffff,5,9.692040000449126,1063,418,6.968850378341948,6.035481432524756,9.17916338121979,1.6094379124341003
1670,8743a130bffffff,8743a1346ffffff,4,7.676111412789383,1063,243,6.968850378341948,5.493061443340548,8.945998637265172,1.3862943611198906
1671,8743a130bffffff,8743a134affffff,1,13.546430107590774,1063,79,6.968850378341948,4.3694478524670215,9.513952148363723,0.0
1672,8743a130bffffff,8743a134cffffff,1,13.87282340951414,1063,283,6.968850378341948,5.645446897643238,9.537759135704674,0.0
1673,8743a130bffffff,8743a1350ffffff,31,4.512874112285042,1063,500,6.968850378341948,6.214608098422191,8.414911068704377,3.4339872044851463
1674,8743a130bffffff,8743a1351ffffff,6,6.770287568297282,1063,115,6.968850378341948,4.74493212836325,8.82044653516381,1.791759469228055
1675,8743a130bffffff,8743a1352ffffff,22,4.099490501030603,1063,468,6.968850378341948,6.148468295917647,8.318861879934483,3.091042453358316
1676,8743a130bffffff,8743a1354ffffff,35,3.836997868785559,1063,303,6.968850378341948,5.713732805509369,8.252706121274516,3.5553480614894135
1677,8743a130bffffff,8743a1355ffffff,16,5.865341857611071,1063,434,6.968850378341948,6.073044534100405,8.676986525645495,2.772588722239781
1678,8743a130bffffff,8743a1356ffffff,31,2.2561114946315923,1063,509,6.968850378341948,6.2324480165505225,7.7218411750797395,3.4339872044851463
1679,8743a130bffffff,8743a135affffff,2,10.213149701702324,1063,504,6.968850378341948,6.222576268071369,9.231529263620873,0.6931471805599453
1680,8743a130bffffff,8743a1362ffffff,2,10.321172110789536,1063,301,6.968850378341948,5.707110264748875,9.24204949274032,0.6931471805599453
1681,8743a130bffffff,8743a1363ffffff,3,11.808867104052322,1063,553,6.968850378341948,6.315358001522335,9.376690656295946,1.0986122886681098
1682,8743a130bffffff,8743a1368ffffff,1,15.360681358831973,1063,725,6.968850378341948,6.586171654854675,9.639631464176599,0.0
1683,8743a130bffffff,8743a136affffff,8,13.47522941299822,1063,932,6.968850378341948,6.837332814685591,9.508682628201532,2.0794415416798357
1684,8743a130bffffff,8743a136bffffff,1,15.515880195315061,1063,578,6.968850378341948,6.359573868672378,9.649683755187214,0.0
1685,8743a130bffffff,8743a1370ffffff,16,6.865210698054031,1063,353,6.968850378341948,5.8664680569332965,8.834367660708757,2.772588722239781
1686,8743a130bffffff,8743a1371ffffff,14,8.089040725333177,1063,543,6.968850378341948,6.297109319933935,8.998389044073633,2.6390573296152584
1687,8743a130bffffff,8743a1372ffffff,80,4.5762060206784385,1063,873,6.968850378341948,6.771935555839602,8.428844051805457,4.382026634673881
1688,8743a130bffffff,8743a1373ffffff,22,5.902032035027901,1063,305,6.968850378341948,5.720311776607412,8.683221402132265,3.091042453358316
1689,8743a130bffffff,8743a1376ffffff,1,6.246794070684433,1063,44,6.968850378341948,3.784189633918261,8.739983731738908,0.0
1690,8743a130bffffff,8743a13a8ffffff,2,11.498289263446333,1063,68,6.968850378341948,4.219507705176107,9.350040509262866,0.6931471805599453
1691,8743a130bffffff,8743a13a9ffffff,1,9.67880336768276,1063,70,6.968850378341948,4.248495242049359,9.177796866808393,0.0
1692,8743a130bffffff,8743a13adffffff,1,9.641439835218529,1063,401,6.968850378341948,5.993961427306569,9.173929450521152,0.0
1693,8743a130bffffff,8743a13aeffffff,4,13.449056384081834,1063,70,6.968850378341948,4.248495242049359,9.506738577146242,1.3862943611198906
1694,8743a130cffffff,8743a1204ffffff,5,12.81808344500982,959,422,6.8658910748834385,6.045005314036012,9.458690233769833,1.6094379124341003
1695,8743a130cffffff,8743a1205ffffff,1,13.556126665644454,959,295,6.8658910748834385,5.68697535633982,9.514667641227042,0.0
1696,8743a130cffffff,8743a1206ffffff,1,14.652452470162235,959,172,6.8658910748834385,5.147494476813453,9.592431250173236,0.0
1697,8743a130cffffff,8743a1220ffffff,12,8.76303748435544,959,473,6.8658910748834385,6.159095388491933,9.078411977789214,2.4849066497880004
1698,8743a130cffffff,8743a1221ffffff,8,9.739018892731814,959,324,6.8658910748834385,5.780743515792329,9.183998336340224,2.0794415416798357
1699,8743a130cffffff,8743a1222ffffff,8,10.520536002321005,959,253,6.8658910748834385,5.53338948872752,9.261179483458786,2.0794415416798357
1700,8743a130cffffff,8743a1223ffffff,6,11.151317400564725,959,328,6.8658910748834385,5.793013608384144,9.319402593908482,1.791759469228055
1701,8743a130cffffff,8743a1224ffffff,71,6.409721400721881,959,845,6.8658910748834385,6.739336627357174,8.76572708659656,4.2626798770413155
1702,8743a130cffffff,8743a1225ffffff,27,7.304170541574128,959,598,6.8658910748834385,6.393590753950631,8.896337669781438,3.295836866004329
1703,8743a130cffffff,8743a1226ffffff,26,8.301326592734698,959,670,6.8658910748834385,6.507277712385012,9.02429106688219,3.258096538021482
1704,8743a130cffffff,8743a122effffff,1,12.173928481082514,959,132,6.8658910748834385,4.882801922586371,9.407134073689802,0.0
1705,8743a130cffffff,8743a1231ffffff,1,12.450509689171469,959,210,6.8658910748834385,5.3471075307174685,9.429597154715848,0.0
1706,8743a130cffffff,8743a1261ffffff,1,22.51665860400926,959,264,6.8658910748834385,5.575949103146316,10.022055107221822,0.0
1709,8743a130cffffff,8743a1302ffffff,33,5.859866883986238,959,423,6.8658910748834385,6.0473721790462776,8.676052804050997,3.4965075614664802
1710,8743a130cffffff,8743a1303ffffff,64,3.8348023694226785,959,368,6.8658910748834385,5.908082938168931,8.252133914713324,4.1588830833596715
1711,8743a130cffffff,8743a1305ffffff,1,4.0974154364016995,959,24,6.8658910748834385,3.1780538303479458,8.318355699063757,0.0
1712,8743a130cffffff,8743a1308ffffff,25,2.4346603864456093,959,246,6.8658910748834385,5.5053315359323625,7.797973204679497,3.2188758248682006
1713,8743a130cffffff,8743a1309ffffff,33,4.098707825596649,959,528,6.8658910748834385,6.269096283706261,8.318670988103541,3.4965075614664802
1714,8743a130cffffff,8743a130affffff,38,4.151155639474784,959,617,6.8658910748834385,6.424869023905388,8.3313829095658,3.6375861597263857
1715,8743a130cffffff,8743a130bffffff,17,4.869384136540247,959,487,6.8658910748834385,6.18826412308259,8.4909280911056,2.833213344056216
1718,8743a130cffffff,8743a130effffff,22,2.2874903774855055,959,167,6.8658910748834385,5.117993812416755,7.735647655359275,3.091042453358316
1719,8743a130cffffff,8743a1310ffffff,1,9.640812923619313,959,81,6.8658910748834385,4.394449154672439,9.173864432539146,0.0
1720,8743a130cffffff,8743a1311ffffff,27,7.667487158953406,959,547,6.8658910748834385,6.304448802421981,8.94487463357074,3.295836866004329
1721,8743a130cffffff,8743a1313ffffff,4,9.679022460046797,959,95,6.8658910748834385,4.553876891600541,9.1778195005207,1.3862943611198906
1722,8743a130cffffff,8743a1314ffffff,1,10.200250035330336,959,43,6.8658910748834385,3.7612001156935624,9.230265544246787,0.0
1723,8743a130cffffff,8743a1315ffffff,8,8.007545161339824,959,159,6.8658910748834385,5.0689042022202315,8.988264395768304,2.0794415416798357
1724,8743a130cffffff,8743a1318ffffff,11,6.8606664952114045,959,369,6.8658910748834385,5.910796644040527,8.833705620548487,2.3978952727983707
1725,8743a130cffffff,8743a1319ffffff,43,6.244470579810168,959,724,6.8658910748834385,6.584791392385716,8.739611772772848,3.7612001156935624
1726,8743a130cffffff,8743a131bffffff,6,8.438202908300232,959,469,6.8658910748834385,6.150602768446279,9.04064314098554,1.791759469228055
1727,8743a130cffffff,8743a131cffffff,26,5.8975115196235555,959,465,6.8658910748834385,6.142037405587356,8.682455313255078,3.258096538021482
1728,8743a130cffffff,8743a131dffffff,27,4.574379326532642,959,392,6.8658910748834385,5.971261839790462,8.428444887175846,3.295836866004329
1729,8743a130cffffff,8743a131effffff,27,8.080947097933535,959,593,6.8658910748834385,6.385194398997726,8.997388099951756,3.295836866004329
1730,8743a130cffffff,8743a1321ffffff,1,7.303593892036057,959,36,6.8658910748834385,3.58351893845611,8.896258729489006,0.0
1731,8743a130cffffff,8743a1328ffffff,33,4.152137150224745,959,199,6.8658910748834385,5.293304824724492,8.331619267459347,3.4965075614664802
1732,8743a130cffffff,8743a1329ffffff,5,4.576783628565726,959,50,6.8658910748834385,3.912023005428146,8.428970236085327,1.6094379124341003
1733,8743a130cffffff,8743a132affffff,82,2.4345963141998417,959,372,6.8658910748834385,5.918893854273146,7.797946898430532,4.406719247264253
1734,8743a130cffffff,8743a132bffffff,21,2.288091453196487,959,99,6.8658910748834385,4.59511985013459,7.73591027249499,3.044522437723423
1735,8743a130cffffff,8743a132cffffff,3,6.411068209875854,959,31,6.8658910748834385,3.4339872044851463,8.765937151520001,1.0986122886681098
1736,8743a130cffffff,8743a132dffffff,5,6.247588263645861,959,38,6.8658910748834385,3.6375861597263857,8.740110839399549,1.6094379124341003
1737,8743a130cffffff,8743a132effffff,13,4.86912784766961,959,76,6.8658910748834385,4.330733340286331,8.49087546782027,2.5649493574615367
1738,8743a130cffffff,8743a1340ffffff,3,11.284927126851127,959,643,6.8658910748834385,6.466144724237619,9.33131184155725,1.0986122886681098
1739,8743a130cffffff,8743a1342ffffff,2,10.514957080729763,959,214,6.8658910748834385,5.365976015021851,9.260649104511067,0.6931471805599453
1740,8743a130cffffff,8743a1343ffffff,1,12.737024980149117,959,55,6.8658910748834385,4.007333185232471,9.452346892002486,0.0
1741,8743a130cffffff,8743a1344ffffff,10,10.21473370617878,959,418,6.8658910748834385,6.035481432524756,9.231684331023658,2.302585092994046
1742,8743a130cffffff,8743a1345ffffff,3,12.435010205230869,959,450,6.8658910748834385,6.1092475827643655,9.428351591798352,1.0986122886681098
1743,8743a130cffffff,8743a1346ffffff,3,9.026639588253692,959,243,6.8658910748834385,5.493061443340548,9.108046215591326,1.0986122886681098
1744,8743a130cffffff,8743a1350ffffff,14,8.198705257561457,959,500,6.8658910748834385,6.214608098422191,9.011853488406514,2.6390573296152584
1745,8743a130cffffff,8743a1351ffffff,2,10.211045506263313,959,115,6.8658910748834385,4.74493212836325,9.231323234507274,0.6931471805599453
1746,8743a130cffffff,8743a1352ffffff,10,8.706397794692691,959,468,6.8658910748834385,6.148468295917647,9.071928264553433,2.302585092994046
1747,8743a130cffffff,8743a1354ffffff,23,6.152798819152925,959,303,6.8658910748834385,5.713732805509369,8.724824864277249,3.1354942159291497
1748,8743a130cffffff,8743a1355ffffff,13,8.313180388813244,959,434,6.8658910748834385,6.073044534100405,9.025717816571824,2.5649493574615367
1749,8743a130cffffff,8743a1356ffffff,14,6.353753916763876,959,509,6.8658910748834385,6.2324480165505225,8.756958460098652,2.6390573296152584
1750,8743a130cffffff,8743a135affffff,2,14.49767999409436,959,504,6.8658910748834385,6.222576268071369,9.581812889374694,0.6931471805599453
1751,8743a130cffffff,8743a1362ffffff,6,9.654248159321304,959,301,6.8658910748834385,5.707110264748875,9.175256897206705,1.791759469228055
1752,8743a130cffffff,8743a1363ffffff,1,11.734517701336744,959,553,6.8658910748834385,6.315358001522335,9.37037522331858,0.0
1753,8743a130cffffff,8743a1368ffffff,4,16.042238238485947,959,725,6.8658910748834385,6.586171654854675,9.683042746236824,1.3862943611198906
1754,8743a130cffffff,8743a1369ffffff,2,18.23543615029504,959,444,6.8658910748834385,6.095824562432225,9.81117685804091,0.6931471805599453
1755,8743a130cffffff,8743a136affffff,5,14.667676492674616,959,932,6.8658910748834385,6.837332814685591,9.593469648435494,1.6094379124341003
1756,8743a130cffffff,8743a136bffffff,1,16.908085562227043,959,578,6.8658910748834385,6.359573868672378,9.73560636368454,0.0
1757,8743a130cffffff,8743a136effffff,5,13.87127494584428,959,628,6.8658910748834385,6.4425401664681985,9.53764751902606,1.6094379124341003
1758,8743a130cffffff,8743a1370ffffff,31,5.864796105127947,959,353,6.8658910748834385,5.8664680569332965,8.676893490175702,3.4339872044851463
1759,8743a130cffffff,8743a1371ffffff,21,8.016597822785785,959,543,6.8658910748834385,6.297109319933935,8.989394132651066,3.044522437723423
1761,8743a130cffffff,8743a1373ffffff,21,6.769002821192186,959,305,6.8658910748834385,5.720311776607412,8.820256782625906,3.044522437723423
1762,8743a130cffffff,8743a1375ffffff,8,7.67595336897222,959,141,6.8658910748834385,4.948759890378168,8.945978050688339,2.0794415416798357
1763,8743a130cffffff,8743a1376ffffff,6,3.8369189237458916,959,44,6.8658910748834385,3.784189633918261,8.252685551734276,1.791759469228055
1764,8743a130cffffff,8743a13adffffff,2,10.308280157309916,959,401,6.8658910748834385,5.993961427306569,9.240799754719937,0.6931471805599453
1765,8743a130cffffff,8743accb0ffffff,1,21.403222414938377,959,947,6.8658910748834385,6.853299093186078,9.97134349065633,0.0
1766,8743a130dffffff,8743a1204ffffff,2,12.452248086885747,387,422,5.958424693029782,6.045005314036012,9.429736758379754,0.6931471805599453
1767,8743a130dffffff,8743a1205ffffff,1,12.819815282543452,387,295,5.958424693029782,5.68697535633982,9.458825323034784,0.0
1768,8743a130dffffff,8743a1220ffffff,3,8.30248594741333,387,473,5.958424693029782,6.159095388491933,9.024430699276294,1.0986122886681098
1769,8743a130dffffff,8743a1221ffffff,6,8.764234130183713,387,324,5.958424693029782,5.780743515792329,9.078548508941957,1.791759469228055
1770,8743a130dffffff,8743a1222ffffff,1,10.354548930357275,387,253,5.958424693029782,5.53338948872752,9.245277783564893,0.0
1771,8743a130dffffff,8743a1223ffffff,5,10.521963832132139,387,328,5.958424693029782,5.793013608384144,9.261315179704795,1.6094379124341003
1772,8743a130dffffff,8743a1224ffffff,22,6.2454328889530375,387,845,5.958424693029782,6.739336627357174,8.739765842030137,3.091042453358316
1773,8743a130dffffff,8743a1225ffffff,10,6.410588076240506,387,598,5.958424693029782,6.393590753950631,8.765862269033311,2.302585092994046
1774,8743a130dffffff,8743a1226ffffff,2,8.439589354121575,387,670,5.958424693029782,6.507277712385012,9.040807413839484,0.6931471805599453
1775,8743a130dffffff,8743a1228ffffff,1,12.175761094431406,387,113,5.958424693029782,4.727387818712341,9.407284585903474,0.0
1776,8743a130dffffff,8743a122effffff,1,11.152859656084031,387,132,5.958424693029782,4.882801922586371,9.319540874485908,0.0
1777,8743a130dffffff,8743a1300ffffff,11,6.765092220459706,387,431,5.958424693029782,6.066108090103747,8.819678979229987,2.3978952727983707
1778,8743a130dffffff,8743a1301ffffff,24,4.5107135770292475,387,567,5.958424693029782,6.340359303727752,8.414432310894597,3.1780538303479458
1779,8743a130dffffff,8743a1302ffffff,1,8.0099349756889,387,423,5.958424693029782,6.0473721790462776,8.988562759303994,0.0
1780,8743a130dffffff,8743a1303ffffff,10,5.861601634824373,387,368,5.958424693029782,5.908082938168931,8.676348749034858,2.302585092994046
1781,8743a130dffffff,8743a1308ffffff,6,2.2879471001972074,387,246,5.958424693029782,5.5053315359323625,7.7358472092430555,1.791759469228055
1782,8743a130dffffff,8743a1309ffffff,17,2.4350275663604437,387,528,5.958424693029782,6.269096283706261,7.798123945005679,2.833213344056216
1783,8743a130dffffff,8743a130affffff,6,4.575292812446203,387,617,5.958424693029782,6.424869023905388,8.428644519746316,1.791759469228055
1784,8743a130dffffff,8743a130bffffff,2,4.1517355278397945,387,487,5.958424693029782,6.18826412308259,8.331522559406904,0.6931471805599453
1785,8743a130dffffff,8743a130cffffff,41,2.2556827428034234,387,576,5.958424693029782,6.3561076606958915,7.721651201054827,3.713572066704308
1786,8743a130dffffff,8743a130dffffff,46,0.0,387,613,5.958424693029782,6.418364935936212,0.0,3.828641396489095
1787,8743a130dffffff,8743a130effffff,4,3.835880658019867,387,167,5.958424693029782,5.117993812416755,8.252414986823414,1.3862943611198906
1788,8743a130dffffff,8743a1311ffffff,2,9.643626952912408,387,547,5.958424693029782,6.304448802421981,9.174156246822246,0.6931471805599453
1789,8743a130dffffff,8743a1315ffffff,1,10.20329398529607,387,159,5.958424693029782,5.0689042022202315,9.23056388963618,0.0
1790,8743a130dffffff,8743a1318ffffff,2,8.082893855808422,387,369,5.958424693029782,5.910796644040527,8.997628948280015,0.6931471805599453
1791,8743a130dffffff,8743a1319ffffff,8,6.862036784388058,387,724,5.958424693029782,6.584791392385716,8.833905302706023,2.0794415416798357
1792,8743a130dffffff,8743a131bffffff,2,9.148178664470665,387,469,5.958424693029782,6.150602768446279,9.12141939079476,0.6931471805599453
1793,8743a130dffffff,8743a131cffffff,3,7.669644209286415,387,465,5.958424693029782,6.142037405587356,8.94515588161477,1.0986122886681098
1794,8743a130dffffff,8743a131dffffff,5,5.8990187777477665,387,392,5.958424693029782,5.971261839790462,8.68271081255786,1.6094379124341003
1795,8743a130dffffff,8743a131effffff,3,9.681605508207042,387,593,5.958424693029782,6.385194398997726,9.178086308123449,1.0986122886681098
1796,8743a130dffffff,8743a1321ffffff,1,8.704745164677568,387,36,5.958424693029782,3.58351893845611,9.071738450454514,0.0
1797,8743a130dffffff,8743a1328ffffff,1,4.869863190932266,387,199,5.958424693029782,5.293304824724492,8.491026446968315,0.0
1798,8743a130dffffff,8743a132affffff,8,4.098314928745614,387,372,5.958424693029782,5.918893854273146,8.318575148181369,2.0794415416798357
1799,8743a130dffffff,8743a132bffffff,2,2.4349638220418943,387,99,5.958424693029782,4.59511985013459,7.798097777340972,0.6931471805599453
1800,8743a130dffffff,8743a132cffffff,1,7.304697397948822,387,31,5.958424693029782,3.4339872044851463,8.89640978820412,0.0
1801,8743a130dffffff,8743a132dffffff,1,6.411936394537099,387,38,5.958424693029782,3.6375861597263857,8.766072540892457,0.0
1802,8743a130dffffff,8743a132effffff,2,6.352794603034351,387,76,5.958424693029782,4.330733340286331,8.756807488690727,0.6931471805599453
1803,8743a130dffffff,8743a1340ffffff,7,9.029244384047702,387,643,5.958424693029782,6.466144724237619,9.108334709615994,1.9459101490553132
1804,8743a130dffffff,8743a1341ffffff,2,11.288182407873585,387,292,5.958424693029782,5.676753802268282,9.33160023714975,0.6931471805599453
1805,8743a130dffffff,8743a1342ffffff,1,8.315354318466902,387,214,5.958424693029782,5.365976015021851,9.02597925490851,0.0
1806,8743a130dffffff,8743a1344ffffff,1,8.018984747880905,387,418,5.958424693029782,6.035481432524756,8.989691799098265,0.0
1807,8743a130dffffff,8743a1345ffffff,3,10.217772719178228,387,450,5.958424693029782,6.1092475827643655,9.231981770360688,1.0986122886681098
1808,8743a130dffffff,8743a1346ffffff,1,6.77095684545027,387,243,5.958424693029782,5.493061443340548,8.820545370735715,0.0
1809,8743a130dffffff,8743a1348ffffff,1,14.97476562452899,387,135,5.958424693029782,4.90527477843843,9.614188548523394,0.0
1810,8743a130dffffff,8743a134cffffff,1,13.547770629800704,387,283,5.958424693029782,5.645446897643238,9.514051093763781,0.0
1811,8743a130dffffff,8743a134dffffff,1,15.808008761885505,387,307,5.958424693029782,5.726847747587197,9.668335231330047,0.0
1812,8743a130dffffff,8743a1350ffffff,1,6.354962525050503,387,500,5.958424693029782,6.214608098422191,8.757148631643394,0.0
1813,8743a130dffffff,8743a1352ffffff,2,7.305271096144006,387,468,5.958424693029782,6.148468295917647,8.896488312626852,0.6931471805599453
1814,8743a130dffffff,8743a1354ffffff,2,4.099606176600585,387,303,5.958424693029782,5.713732805509369,8.31889008971533,0.6931471805599453
1815,8743a130dffffff,8743a1355ffffff,2,6.1543279446330486,387,434,5.958424693029782,6.073044534100405,8.725073318211852,0.6931471805599453
1816,8743a130dffffff,8743a1356ffffff,8,4.87011816809395,387,509,5.958424693029782,6.2324480165505225,8.491078793026544,2.0794415416798357
1817,8743a130dffffff,8743a135affffff,1,12.712081429555505,387,504,5.958424693029782,6.222576268071369,9.45038677614911,0.0
1818,8743a130dffffff,8743a135dffffff,1,12.31236297956836,387,77,5.958424693029782,4.343805421853684,9.418440372735311,0.0
1819,8743a130dffffff,8743a1362ffffff,4,7.678108512258262,387,301,5.958424693029782,5.707110264748875,8.946258740270975,1.3862943611198906
1820,8743a130dffffff,8743a1363ffffff,3,9.657058698006086,387,553,5.958424693029782,6.315358001522335,9.175547944071477,1.0986122886681098
1821,8743a130dffffff,8743a1368ffffff,3,13.875393606927814,387,725,5.958424693029782,6.586171654854675,9.537944373709804,1.0986122886681098
1822,8743a130dffffff,8743a1369ffffff,4,16.0470091623433,387,444,5.958424693029782,6.095824562432225,9.68334008113521,1.3862943611198906
1823,8743a130dffffff,8743a136affffff,7,12.438700440430829,387,932,5.958424693029782,6.837332814685591,9.428648285652015,1.9459101490553132
1824,8743a130dffffff,8743a136bffffff,4,14.672017367242296,387,578,5.958424693029782,6.359573868672378,9.593765532825815,1.3862943611198906
1825,8743a130dffffff,8743a136effffff,4,11.737982973493521,387,628,5.958424693029782,6.4425401664681985,9.370670460455248,1.3862943611198906
1826,8743a130dffffff,8743a1370ffffff,10,3.8379967355838804,387,353,5.958424693029782,5.8664680569332965,8.252966344670632,2.302585092994046
1827,8743a130dffffff,8743a1371ffffff,6,5.866529450862518,387,543,5.958424693029782,6.297109319933935,8.677188947032993,1.791759469228055
1828,8743a130dffffff,8743a1372ffffff,37,2.256334368348,387,873,5.958424693029782,6.771935555839602,7.72193991309692,3.6109179126442243
1829,8743a130dffffff,8743a1373ffffff,3,4.513320078388764,387,305,5.958424693029782,5.720311776607412,8.415009862792026,1.0986122886681098
1830,8743a130dffffff,8743a1375ffffff,1,5.903823495439316,387,141,5.958424693029782,4.948759890378168,8.68352483748859,0.0
1831,8743a130dffffff,8743a1376ffffff,2,2.2885481349840924,387,44,5.958424693029782,3.784189633918261,7.736109756110297,0.6931471805599453
1832,8743a130effffff,8743a130effffff,3,0.0,4,167,1.3862943611198906,5.117993812416755,0.0,1.0986122886681098
1833,8743a130effffff,8743a131dffffff,1,2.2868889490471376,4,392,1.3862943611198906,5.971261839790462,7.735384815066144,0.0
1834,8743a1311ffffff,8743a1222ffffff,1,10.407042200507929,102,253,4.624972813284271,5.53338948872752,9.250334074806329,0.0
1835,8743a1311ffffff,8743a1224ffffff,5,8.306262289297575,102,845,4.624972813284271,6.739336627357174,9.024885385831709,1.6094379124341003
1836,8743a1311ffffff,8743a1226ffffff,3,8.193083907990024,102,670,4.624972813284271,6.507277712385012,9.011167698228906,1.0986122886681098
1837,8743a1311ffffff,8743a1236ffffff,2,8.758030373448852,102,125,4.624972813284271,4.8283137373023015,9.077840489841613,0.6931471805599453
1838,8743a1311ffffff,8743a1301ffffff,4,5.8960038440310765,102,567,4.624972813284271,6.340359303727752,8.682199677862437,1.3862943611198906
1839,8743a1311ffffff,8743a1302ffffff,9,2.285975008467893,102,423,4.624972813284271,6.0473721790462776,7.734985266314579,2.1972245773362196
1840,8743a1311ffffff,8743a1303ffffff,1,3.832684789530728,102,368,4.624972813284271,5.908082938168931,8.251581705705897,0.0
1841,8743a1311ffffff,8743a130bffffff,1,9.017929083639643,102,487,4.624972813284271,6.18826412308259,9.107080879138858,0.0
1842,8743a1311ffffff,8743a130cffffff,1,7.667487158953406,102,576,4.624972813284271,6.3561076606958915,8.94487463357074,0.0
1843,8743a1311ffffff,8743a130dffffff,3,9.643626952912408,102,613,4.624972813284271,6.418364935936212,9.174156246822246,1.0986122886681098
1844,8743a1311ffffff,8743a1311ffffff,21,0.0,102,547,4.624972813284271,6.304448802421981,0.0,3.044522437723423
1845,8743a1311ffffff,8743a1313ffffff,3,2.285373149088075,102,95,4.624972813284271,4.553876891600541,7.734722063355803,1.0986122886681098
1846,8743a1311ffffff,8743a1314ffffff,1,4.094602843625568,102,43,4.624972813284271,3.7612001156935624,8.317669200012748,0.0
1847,8743a1311ffffff,8743a1315ffffff,1,2.4332535571535243,102,159,4.624972813284271,5.0689042022202315,7.797395441151225,0.0
1848,8743a1311ffffff,8743a1319ffffff,3,6.147987450298008,102,724,4.624972813284271,6.584791392385716,8.724042705017578,1.0986122886681098
1849,8743a1311ffffff,8743a131bffffff,1,6.34987117161802,102,469,4.624972813284271,6.150602768446279,8.756347274857514,0.0
1850,8743a1311ffffff,8743a131cffffff,14,2.253504172253334,102,465,4.624972813284271,6.142037405587356,7.7206853484929745,2.6390573296152584
1851,8743a1311ffffff,8743a131effffff,19,2.4333175233565716,102,593,4.624972813284271,6.385194398997726,7.7974217183491925,2.9444389791664403
1852,8743a1311ffffff,8743a1350ffffff,1,13.530803195924685,102,500,4.624972813284271,6.214608098422191,9.51279798618892,0.0
1853,8743a1311ffffff,8743a1388ffffff,1,12.442328558796254,102,199,4.624972813284271,5.293304824724492,9.42893989953803,0.0
1854,8743a1311ffffff,8743a1389ffffff,1,12.810490517445563,102,67,4.624972813284271,4.204692619390966,9.45809774389446,0.0
1855,8743a1311ffffff,8743a13a8ffffff,1,6.23981926866057,102,68,4.624972813284271,4.219507705176107,8.738866745799873,0.0
1856,8743a1311ffffff,8743a13acffffff,1,4.570144088543113,102,20,4.624972813284271,2.995732273553991,8.42751880015895,0.0
1857,8743a1311ffffff,8743a13adffffff,2,4.148430493205048,102,401,4.624972813284271,5.993961427306569,8.33072637325477,0.6931471805599453
1858,8743a1311ffffff,8743a13b3ffffff,2,13.940876544023249,102,6,4.624972813284271,1.791759469228055,9.542652291038214,0.6931471805599453
1859,8743a1313ffffff,8743a1206ffffff,1,12.700436369539986,9,172,2.1972245773362196,5.147494476813453,9.449470366015142,0.0
1860,8743a1313ffffff,8743a1226ffffff,1,8.304977927531969,9,670,2.1972245773362196,6.507277712385012,9.024730766774692,0.0
1861,8743a1313ffffff,8743a12e4ffffff,1,23.09965653913255,9,174,2.1972245773362196,5.159055299214529,10.047616317713468,0.0
1862,8743a1313ffffff,8743a1300ffffff,1,6.857924674340027,9,431,2.1972245773362196,6.066108090103747,8.833305955421237,0.0
1863,8743a1313ffffff,8743a1303ffffff,1,5.894353162997683,9,368,2.1972245773362196,5.908082938168931,8.681919720082464,0.0
1864,8743a1313ffffff,8743a1316ffffff,1,4.0940962842720845,9,8,2.1972245773362196,2.0794415416798357,8.317545508653508,0.0
1865,8743a1313ffffff,8743a131dffffff,1,5.856943937804651,9,392,2.1972245773362196,5.971261839790462,8.675553957148072,0.0
1866,8743a1313ffffff,8743a131effffff,1,2.25306671057044,9,593,2.1972245773362196,6.385194398997726,7.720491290688124,0.0
1867,8743a1313ffffff,8743a138bffffff,1,12.808424758592572,9,5,2.1972245773362196,1.6094379124341003,9.457936488230077,0.0
1868,8743a1314ffffff,8743a1204ffffff,5,16.746265446465063,208,422,5.337538079701318,6.045005314036012,9.72599026699789,1.6094379124341003
1869,8743a1314ffffff,8743a1205ffffff,4,18.572983203612214,208,295,5.337538079701318,5.68697535633982,9.829517128039875,1.3862943611198906
1870,8743a1314ffffff,8743a1206ffffff,1,17.40159731892283,208,172,5.337538079701318,5.147494476813453,9.764374745265245,0.0
1871,8743a1314ffffff,8743a1220ffffff,2,14.279810196036307,208,473,5.337538079701318,6.159095388491933,9.566671970701234,0.6931471805599453
1872,8743a1314ffffff,8743a1221ffffff,2,16.341070424599394,208,324,5.337538079701318,5.780743515792329,9.701498069358902,0.6931471805599453
1873,8743a1314ffffff,8743a1222ffffff,3,14.48399625429017,208,253,5.337538079701318,5.53338948872752,9.580868651611093,1.0986122886681098
1874,8743a1314ffffff,8743a1223ffffff,4,16.386162261520997,208,328,5.337538079701318,5.793013608384144,9.704253518341407,1.3862943611198906
1875,8743a1314ffffff,8743a1224ffffff,9,12.29531725778511,208,845,5.337538079701318,6.739336627357174,9.417055086592235,2.1972245773362196
1876,8743a1314ffffff,8743a1225ffffff,3,14.439463670028815,208,598,5.337538079701318,6.393590753950631,9.577789522044098,1.0986122886681098
1877,8743a1314ffffff,8743a1226ffffff,6,12.287686751615592,208,670,5.337538079701318,6.507277712385012,9.416434341815329,1.791759469228055
1878,8743a1314ffffff,8743a1228ffffff,1,20.409356194320377,208,113,5.337538079701318,4.727387818712341,9.92379770760263,0.0
1879,8743a1314ffffff,8743a1231ffffff,2,15.036932829353878,208,210,5.337538079701318,5.3471075307174685,9.618331143200631,0.6931471805599453
1880,8743a1314ffffff,8743a1236ffffff,2,12.165062434185273,208,125,5.337538079701318,4.8283137373023015,9.406405586725553,0.6931471805599453
1881,8743a1314ffffff,8743a1300ffffff,14,5.856395589713726,208,431,5.337538079701318,6.066108090103747,8.67546034516354,2.6390573296152584
1882,8743a1314ffffff,8743a1301ffffff,9,8.005154470786445,208,567,5.337538079701318,6.340359303727752,8.987965833743907,2.1972245773362196
1883,8743a1314ffffff,8743a1302ffffff,11,4.505925176546872,208,423,5.337538079701318,6.0473721790462776,8.413370420943536,2.3978952727983707
1884,8743a1314ffffff,8743a1303ffffff,8,6.7598666599008075,208,368,5.337538079701318,5.908082938168931,8.818906364946901,2.0794415416798357
1885,8743a1314ffffff,8743a1309ffffff,3,13.525603315958543,208,528,5.337538079701318,6.269096283706261,9.512413641306832,1.0986122886681098
1886,8743a1314ffffff,8743a130bffffff,2,12.720992109471224,208,487,5.337538079701318,6.18826412308259,9.451087437011488,0.6931471805599453
1887,8743a1314ffffff,8743a130cffffff,9,10.200250035330336,208,576,5.337538079701318,6.3561076606958915,9.230265544246787,2.1972245773362196
1888,8743a1314ffffff,8743a130dffffff,2,12.417487455213873,208,613,5.337538079701318,6.418364935936212,9.426941565077266,0.6931471805599453
1889,8743a1314ffffff,8743a130effffff,1,9.014460365594987,208,167,5.337538079701318,5.117993812416755,9.106696200955302,0.0
1890,8743a1314ffffff,8743a1310ffffff,4,2.432885314683536,208,81,5.337538079701318,4.394449154672439,7.7972441543944635,1.3862943611198906
1891,8743a1314ffffff,8743a1311ffffff,16,4.094602843625568,208,547,5.337538079701318,6.304448802421981,8.317669200012748,2.772588722239781
1892,8743a1314ffffff,8743a1313ffffff,3,4.865834922579014,208,95,5.337538079701318,4.553876891600541,8.490199091563355,1.0986122886681098
1893,8743a1314ffffff,8743a1314ffffff,5,0.0,208,43,5.337538079701318,3.7612001156935624,0.0,1.6094379124341003
1894,8743a1314ffffff,8743a1315ffffff,4,2.2526361965211734,208,159,5.337538079701318,5.0689042022202315,7.720300278077289,1.3862943611198906
1895,8743a1314ffffff,8743a1316ffffff,1,2.285060518653307,208,8,5.337538079701318,2.0794415416798357,7.734585317605958,0.0
1896,8743a1314ffffff,8743a1318ffffff,1,8.190499352236202,208,369,5.337538079701318,5.910796644040527,9.01085223118276,0.0
1897,8743a1314ffffff,8743a1319ffffff,7,10.199991144269815,208,724,5.337538079701318,6.584791392385716,9.23024016555841,1.9459101490553132
1898,8743a1314ffffff,8743a131bffffff,1,10.404065324346865,208,469,5.337538079701318,6.150602768446279,9.250048016976875,0.0
1899,8743a1314ffffff,8743a131cffffff,6,6.145799131910829,208,465,5.337538079701318,6.142037405587356,8.723686758954972,1.791759469228055
1900,8743a1314ffffff,8743a131effffff,13,6.348180427485192,208,593,5.337538079701318,6.385194398997726,8.75608101701917,2.5649493574615367
1901,8743a1314ffffff,8743a1328ffffff,1,11.501049518440665,208,199,5.337538079701318,5.293304824724492,9.350280517467063,0.0
1902,8743a1314ffffff,8743a1329ffffff,1,13.45542820859696,208,50,5.337538079701318,3.912023005428146,9.507212204580721,0.0
1903,8743a1314ffffff,8743a132affffff,2,9.640497793916586,208,372,5.337538079701318,5.918893854273146,9.173831748348409,0.6931471805599453
1904,8743a1314ffffff,8743a1350ffffff,1,17.189481401392378,208,500,5.337538079701318,6.214608098422191,9.752111102719638,0.0
1905,8743a1314ffffff,8743a1354ffffff,1,15.782151994565524,208,303,5.337538079701318,5.713732805509369,9.666698320623441,0.0
1906,8743a1314ffffff,8743a1356ffffff,3,14.951582047341955,208,509,5.337538079701318,6.2324480165505225,9.612639276102584,1.0986122886681098
1907,8743a1314ffffff,8743a1370ffffff,1,16.01936448207406,208,353,5.337538079701318,5.8664680569332965,9.681615972053551,0.0
1908,8743a1314ffffff,8743a1372ffffff,6,14.64711557398606,208,873,5.337538079701318,6.771935555839602,9.592066976409653,1.791759469228055
1909,8743a1314ffffff,8743a1388ffffff,7,15.147848928435433,208,199,5.337538079701318,5.293304824724492,9.625679829729922,1.9459101490553132
1910,8743a1314ffffff,8743a13a8ffffff,4,8.75693743673947,208,68,5.337538079701318,4.219507705176107,9.07771570378016,1.3862943611198906
1911,8743a1314ffffff,8743a13abffffff,1,11.143544475928042,208,41,5.337538079701318,3.713572066704308,9.31870537247933,0.0
1912,8743a1314ffffff,8743a13adffffff,14,7.2988481166080375,208,401,5.337538079701318,5.993961427306569,8.895608820975932,2.6390573296152584
1913,8743a1314ffffff,8743a13aeffffff,2,8.295117423334355,208,70,5.337538079701318,4.248495242049359,9.02354290402018,0.6931471805599453
1914,8743a1315ffffff,8743a1221ffffff,1,14.283128810216668,699,324,6.54965074223381,5.780743515792329,9.566904326470981,0.0
1915,8743a1315ffffff,8743a1224ffffff,12,10.202415388031959,699,845,6.54965074223381,6.739336627357174,9.23047778518922,2.4849066497880004
1916,8743a1315ffffff,8743a1225ffffff,1,12.298379465925,699,598,6.54965074223381,6.393590753950631,9.417304090163071,0.0
1917,8743a1315ffffff,8743a1226ffffff,5,10.40616538881849,699,670,6.54965074223381,6.507277712385012,9.250249827586002,1.6094379124341003
1918,8743a1315ffffff,8743a1300ffffff,53,3.8326448096792514,699,431,6.54965074223381,6.066108090103747,8.251571277081183,3.970291913552122
1919,8743a1315ffffff,8743a1301ffffff,86,5.858131534935102,699,567,6.54965074223381,6.340359303727752,8.675756669358519,4.454347296253507
1920,8743a1315ffffff,8743a1302ffffff,95,2.253288980025698,699,423,6.54965074223381,6.0473721790462776,7.720589894024104,4.553876891600541
1921,8743a1315ffffff,8743a1303ffffff,46,4.507230463379634,699,368,6.54965074223381,5.908082938168931,8.413659997051598,3.828641396489095
1922,8743a1315ffffff,8743a1308ffffff,1,9.017069815300205,699,246,6.54965074223381,5.5053315359323625,9.106985600723096,0.0
1923,8743a1315ffffff,8743a1309ffffff,2,11.272967119437368,699,528,6.54965074223381,6.269096283706261,9.330251552142444,0.6931471805599453
1924,8743a1315ffffff,8743a130affffff,4,8.30536883793336,699,617,6.54965074223381,6.424869023905388,9.024777829409127,1.3862943611198906
1925,8743a1315ffffff,8743a130bffffff,1,10.50477812128155,699,487,6.54965074223381,6.18826412308259,9.25968068205251,0.0
1926,8743a1315ffffff,8743a130cffffff,34,8.007545161339824,699,576,6.54965074223381,6.3561076606958915,8.988264395768304,3.5263605246161616
1927,8743a1315ffffff,8743a130dffffff,17,10.20329398529607,699,613,6.54965074223381,6.418364935936212,9.23056388963618,2.833213344056216
1928,8743a1315ffffff,8743a130effffff,2,6.761824169073814,699,167,6.54965074223381,5.117993812416755,8.819195858282919,0.6931471805599453
1929,8743a1315ffffff,8743a1310ffffff,13,2.2855178319901177,699,81,6.54965074223381,4.394449154672439,7.734785341882533,2.5649493574615367
1930,8743a1315ffffff,8743a1311ffffff,65,2.4332535571535243,699,547,6.54965074223381,6.304448802421981,7.797395441151225,4.174387269895637
1931,8743a1315ffffff,8743a1313ffffff,11,4.148632116806407,699,95,6.54965074223381,4.553876891600541,8.330774962742733,2.3978952727983707
1932,8743a1315ffffff,8743a1314ffffff,13,2.2526361965211734,699,43,6.54965074223381,3.7612001156935624,7.720300278077289,2.5649493574615367
1933,8743a1315ffffff,8743a1315ffffff,51,0.0,699,159,6.54965074223381,5.0689042022202315,0.0,3.9318256327243257
1934,8743a1315ffffff,8743a1318ffffff,10,6.349392148603726,699,369,6.54965074223381,5.910796644040527,8.756271845665559,2.302585092994046
1935,8743a1315ffffff,8743a1319ffffff,6,8.192299102447304,699,724,6.54965074223381,6.584791392385716,9.01107191654823,1.791759469228055
1936,8743a1315ffffff,8743a131bffffff,7,8.700754503344893,699,469,6.54965074223381,6.150602768446279,9.071279951361745,1.9459101490553132
1937,8743a1315ffffff,8743a131cffffff,55,4.095503286859449,699,465,6.54965074223381,6.142037405587356,8.317889031939524,4.007333185232471
1938,8743a1315ffffff,8743a131dffffff,6,6.147331481147697,699,392,6.54965074223381,5.971261839790462,8.723936020112586,1.791759469228055
1939,8743a1315ffffff,8743a131effffff,38,4.866571080510095,699,593,6.54965074223381,6.385194398997726,8.490350340223468,3.6375861597263857
1940,8743a1315ffffff,8743a1328ffffff,1,9.681820680866414,699,199,6.54965074223381,5.293304824724492,9.17810853047552,0.0
1941,8743a1315ffffff,8743a132affffff,4,7.667407121142417,699,372,6.54965074223381,5.918893854273146,8.944864196280173,1.3862943611198906
1942,8743a1315ffffff,8743a132dffffff,1,11.79709729445121,699,38,6.54965074223381,3.6375861597263857,9.375693551219236,0.0
1943,8743a1315ffffff,8743a132effffff,1,8.081563329114905,699,76,6.54965074223381,4.330733340286331,8.997464344906337,0.0
1944,8743a1315ffffff,8743a1352ffffff,1,14.443169546724814,699,468,6.54965074223381,6.148468295917647,9.578046120539812,0.0
1945,8743a1315ffffff,8743a1356ffffff,2,12.724469809189866,699,509,6.54965074223381,6.2324480165505225,9.451360760909282,0.6931471805599453
1946,8743a1315ffffff,8743a1370ffffff,2,13.85556464523253,699,353,6.54965074223381,5.8664680569332965,9.536514380926922,0.6931471805599453
1947,8743a1315ffffff,8743a1372ffffff,24,12.421183802654594,699,873,6.54965074223381,6.771935555839602,9.427239169552575,3.1780538303479458
1948,8743a1315ffffff,8743a1373ffffff,2,14.651463739632577,699,305,6.54965074223381,5.720311776607412,9.59236377365942,0.6931471805599453
1949,8743a1315ffffff,8743a13a4ffffff,2,7.658933047945417,699,4,6.54965074223381,1.3862943611198906,8.943758522219339,0.6931471805599453
1950,8743a1315ffffff,8743a13a8ffffff,2,8.296279441802028,699,68,6.54965074223381,4.219507705176107,9.023682961957567,0.6931471805599453
1951,8743a1315ffffff,8743a13a9ffffff,6,8.758137466052286,699,70,6.54965074223381,4.248495242049359,9.07785271630324,1.791759469228055
1952,8743a1315ffffff,8743a13acffffff,1,6.240218822963227,699,20,6.54965074223381,2.995732273553991,8.738930766483012,0.0
1953,8743a1315ffffff,8743a13adffffff,12,6.40608849163391,699,401,6.54965074223381,5.993961427306569,8.76516023325488,2.4849066497880004
1954,8743a1315ffffff,8743a13aeffffff,2,8.432082141589575,699,70,6.54965074223381,4.248495242049359,9.039917600021639,0.6931471805599453
1955,8743a1315ffffff,8743a13b2ffffff,1,16.136963176280396,699,1,6.54965074223381,0.0,9.688929736603916,0.0
1956,8743a1318ffffff,8743a1201ffffff,1,12.705268833726164,434,115,6.073044534100405,4.74493212836325,9.449850759616673,0.0
1957,8743a1318ffffff,8743a1203ffffff,5,13.495208055955233,434,257,6.073044534100405,5.54907608489522,9.510164040226956,1.6094379124341003
1958,8743a1318ffffff,8743a1204ffffff,4,8.70339559612194,434,422,6.073044534100405,6.045005314036012,9.071583417985005,1.3862943611198906
1959,8743a1318ffffff,8743a1205ffffff,3,10.410011880479729,434,295,6.073044534100405,5.68697535633982,9.25061935962094,1.0986122886681098
1960,8743a1318ffffff,8743a1220ffffff,10,6.15017185434041,434,473,6.073044534100405,6.159095388491933,8.724397888070296,2.302585092994046
1961,8743a1318ffffff,8743a1221ffffff,8,8.309328992143403,434,324,6.073044534100405,5.780743515792329,9.025254476974787,2.0794415416798357
1962,8743a1318ffffff,8743a1222ffffff,5,6.351557502198315,434,253,6.073044534100405,5.53338948872752,8.756612767053912,1.6094379124341003
1963,8743a1318ffffff,8743a1223ffffff,4,8.195662909284794,434,328,6.073044534100405,5.793013608384144,9.01148238813838,1.3862943611198906
1964,8743a1318ffffff,8743a1224ffffff,63,4.509393717839855,434,845,6.073044534100405,6.739336627357174,8.414139727542244,4.143134726391533
1965,8743a1318ffffff,8743a1225ffffff,19,6.765067876398394,434,598,6.073044534100405,6.393590753950631,8.819675381273543,2.9444389791664403
1966,8743a1318ffffff,8743a1226ffffff,50,4.09718739937939,434,670,6.073044534100405,6.507277712385012,8.318300057226049,3.912023005428146
1967,8743a1318ffffff,8743a1228ffffff,1,12.304051500857717,434,113,6.073044534100405,4.727387818712341,9.417765148176635,0.0
1968,8743a1318ffffff,8743a122dffffff,4,12.730626182331221,434,38,6.073044534100405,3.6375861597263857,9.451844427488018,1.3862943611198906
1969,8743a1318ffffff,8743a122effffff,1,10.206946447184029,434,132,6.073044534100405,4.882801922586371,9.230921759409371,0.0
1970,8743a1318ffffff,8743a1231ffffff,3,7.301430238744558,434,210,6.073044534100405,5.3471075307174685,8.895962481151502,1.0986122886681098
1971,8743a1318ffffff,8743a1235ffffff,2,4.86755840794997,434,7,6.073044534100405,1.9459101490553132,8.49055315746094,0.6931471805599453
1972,8743a1318ffffff,8743a1274ffffff,1,16.626061824084946,434,44,6.073044534100405,3.784189633918261,9.718786877328105,0.0
1973,8743a1318ffffff,8743a1300ffffff,2,6.407986217822997,434,431,6.073044534100405,6.066108090103747,8.765456381060815,0.6931471805599453
1974,8743a1318ffffff,8743a1301ffffff,1,6.243507825377028,434,567,6.073044534100405,6.340359303727752,8.739457608465463,0.0
1975,8743a1318ffffff,8743a1303ffffff,3,4.14979353200926,434,368,6.073044534100405,5.908082938168931,8.33105480747831,1.0986122886681098
1976,8743a1318ffffff,8743a1308ffffff,1,5.897368506223753,434,246,6.073044534100405,5.5053315359323625,8.682431067285043,0.0
1977,8743a1318ffffff,8743a1309ffffff,2,7.669723000650619,434,528,6.073044534100405,6.269096283706261,8.945166153367364,0.6931471805599453
1978,8743a1318ffffff,8743a130affffff,14,3.8338029085314336,434,617,6.073044534100405,6.424869023905388,8.251873319659692,2.6390573296152584
1979,8743a1318ffffff,8743a130bffffff,14,5.860413635027975,434,487,6.073044534100405,6.18826412308259,8.676146088125071,2.6390573296152584
1980,8743a1318ffffff,8743a130cffffff,9,6.8606664952114045,434,576,6.073044534100405,6.3561076606958915,8.833705620548487,2.1972245773362196
1981,8743a1318ffffff,8743a130dffffff,1,8.082893855808422,434,613,6.073044534100405,6.418364935936212,8.997628948280015,0.0
1982,8743a1318ffffff,8743a130effffff,1,4.5731761177258985,434,167,6.073044534100405,5.117993812416755,8.428181877935451,0.0
1983,8743a1318ffffff,8743a1310ffffff,2,6.1464559600889,434,81,6.073044534100405,4.394449154672439,8.72379361019139,0.6931471805599453
1984,8743a1318ffffff,8743a1311ffffff,7,4.095896508610635,434,547,6.073044534100405,6.304448802421981,8.317985016942405,1.9459101490553132
1985,8743a1318ffffff,8743a1316ffffff,2,8.301906803332415,434,8,6.073044534100405,2.0794415416798357,9.0243609497419,0.6931471805599453
1986,8743a1318ffffff,8743a1318ffffff,36,0.0,434,369,6.073044534100405,5.910796644040527,0.0,3.58351893845611
1987,8743a1318ffffff,8743a1319ffffff,79,2.2543709981674693,434,724,6.073044534100405,6.584791392385716,7.721069760873386,4.3694478524670215
1988,8743a1318ffffff,8743a131affffff,1,2.285685037193365,434,6,6.073044534100405,1.791759469228055,7.734858465777582,0.0
1989,8743a1318ffffff,8743a131bffffff,30,2.4337480923693837,434,469,6.073044534100405,6.150602768446279,7.797598577339363,3.4011973816621555
1990,8743a1318ffffff,8743a131cffffff,8,2.4336851612733574,434,465,6.073044534100405,6.142037405587356,7.797572729938751,2.0794415416798357
1991,8743a1318ffffff,8743a131dffffff,9,2.2862871686787622,434,392,6.073044534100405,5.971261839790462,7.735121751806344,2.1972245773362196
1992,8743a1318ffffff,8743a131effffff,6,2.2537189948615404,434,593,6.073044534100405,6.385194398997726,7.720780629919689,1.791759469228055
1993,8743a1318ffffff,8743a132affffff,1,8.438772540402475,434,372,6.073044534100405,5.918893854273146,9.04071063703756,0.0
1994,8743a1318ffffff,8743a1341ffffff,1,17.596021836897584,434,292,6.073044534100405,5.676753802268282,9.775484952895333,0.0
1995,8743a1318ffffff,8743a1350ffffff,1,10.20778690578648,434,500,6.073044534100405,6.214608098422191,9.23100408977911,0.0
1996,8743a1318ffffff,8743a1352ffffff,2,9.021393190410684,434,468,6.073044534100405,6.148468295917647,9.107464898310068,0.6931471805599453
1997,8743a1318ffffff,8743a1356ffffff,4,8.010938365533569,434,509,6.073044534100405,6.2324480165505225,8.988688003986969,1.3862943611198906
1998,8743a1318ffffff,8743a135affffff,5,14.962954647130053,434,504,6.073044534100405,6.222576268071369,9.613399564664864,1.6094379124341003
1999,8743a1318ffffff,8743a13a8ffffff,1,5.892557855318753,434,68,6.073044534100405,4.219507705176107,8.681615144419789,0.0
2000,8743a1318ffffff,8743a13a9ffffff,1,4.570767592585577,434,70,6.073044534100405,4.248495242049359,8.427655190854864,0.0
2001,8743a1318ffffff,8743a13acffffff,1,5.855481716144778,434,20,6.073044534100405,2.995732273553991,8.675304312528581,0.0
2002,8743a1318ffffff,8743a13adffffff,4,3.831684703042874,434,401,6.073044534100405,5.993961427306569,8.2513208034641,1.3862943611198906
2003,8743a1318ffffff,8743a13b3ffffff,1,15.314019469046489,434,6,6.073044534100405,1.791759469228055,9.636589290506452,0.0
2004,8743a1319ffffff,8743a1200ffffff,2,9.736829032759916,522,292,6.257667587882639,5.676753802268282,9.18377347987872,0.6931471805599453
2005,8743a1319ffffff,8743a1203ffffff,2,12.171187485994823,522,257,6.257667587882639,5.54907608489522,9.406908913954005,0.6931471805599453
2006,8743a1319ffffff,8743a1204ffffff,5,7.30253034904255,522,422,6.257667587882639,6.045005314036012,8.896113119693,1.6094379124341003
2007,8743a1319ffffff,8743a1205ffffff,4,8.70494092858328,522,295,6.257667587882639,5.68697535633982,9.071760936950616,1.3862943611198906
2008,8743a1319ffffff,8743a1206ffffff,2,8.76031405367643,522,172,6.257667587882639,5.147494476813453,9.078101178808089,0.6931471805599453
2009,8743a1319ffffff,8743a1220ffffff,17,4.09808556665559,522,473,6.257667587882639,6.159095388491933,8.31851919529392,2.833213344056216
2010,8743a1319ffffff,8743a1221ffffff,13,6.151700850818054,522,324,6.257667587882639,5.780743515792329,8.724646427131477,2.5649493574615367
2011,8743a1319ffffff,8743a1222ffffff,7,4.8682921433958715,522,253,6.257667587882639,5.53338948872752,8.490703855080179,1.9459101490553132
2012,8743a1319ffffff,8743a1223ffffff,16,6.352765743116616,522,328,6.257667587882639,5.793013608384144,8.756802946525758,2.772588722239781
2014,8743a1319ffffff,8743a1225ffffff,19,4.510696878230926,522,598,6.257667587882639,6.393590753950631,8.414428609677989,2.9444389791664403
2015,8743a1319ffffff,8743a1226ffffff,69,2.4341151242675982,522,670,6.257667587882639,6.507277712385012,7.797749313359074,4.23410650459726
2016,8743a1319ffffff,8743a1228ffffff,3,10.209365050050565,522,113,6.257667587882639,4.727387818712341,9.231158664687085,1.0986122886681098
2017,8743a1319ffffff,8743a122bffffff,1,12.298114812435784,522,24,6.257667587882639,3.1780538303479458,9.417282572302163,0.0
2018,8743a1319ffffff,8743a122effffff,3,8.197458100697329,522,132,6.257667587882639,4.882801922586371,9.01170137907094,1.0986122886681098
2019,8743a1319ffffff,8743a1231ffffff,6,6.40749627074273,522,210,6.257667587882639,5.3471075307174685,8.765379931246128,1.791759469228055
2020,8743a1319ffffff,8743a1234ffffff,2,4.571681317560202,522,13,6.257667587882639,2.5649493574615367,8.427855033401231,0.6931471805599453
2021,8743a1319ffffff,8743a1235ffffff,2,4.149387664484502,522,7,6.257667587882639,1.9459101490553132,8.330957021990805,0.6931471805599453
2022,8743a1319ffffff,8743a1236ffffff,17,6.856617962490857,522,125,6.257667587882639,4.8283137373023015,8.83311542463112,2.833213344056216
2023,8743a1319ffffff,8743a1300ffffff,4,7.301966921855009,522,431,6.257667587882639,6.066108090103747,8.896035972218508,1.3862943611198906
2024,8743a1319ffffff,8743a1301ffffff,2,6.408854114267761,522,567,6.257667587882639,6.340359303727752,8.765591790571131,0.6931471805599453
2025,8743a1319ffffff,8743a1302ffffff,1,6.350603063507907,522,423,6.257667587882639,6.0473721790462776,8.756462510972487,0.0
2026,8743a1319ffffff,8743a1303ffffff,1,4.86804173112948,522,368,6.257667587882639,5.908082938168931,8.490652426926314,0.0
2027,8743a1319ffffff,8743a1308ffffff,1,4.574089684190852,522,246,6.257667587882639,5.5053315359323625,8.428381580619309,0.0
2028,8743a1319ffffff,8743a1309ffffff,3,5.898875551754912,522,528,6.257667587882639,6.269096283706261,8.682686536748456,1.0986122886681098
2030,8743a1319ffffff,8743a130bffffff,39,3.8348811607707205,522,487,6.257667587882639,6.18826412308259,8.252154455536662,3.6635616461296463
2031,8743a1319ffffff,8743a130cffffff,9,6.244470579810168,522,576,6.257667587882639,6.3561076606958915,8.739611772772848,2.1972245773362196
2032,8743a1319ffffff,8743a130dffffff,3,6.862036784388058,522,613,6.257667587882639,6.418364935936212,8.833905302706023,1.0986122886681098
2033,8743a1319ffffff,8743a1311ffffff,4,6.147987450298008,522,547,6.257667587882639,6.304448802421981,8.724042705017578,1.3862943611198906
2034,8743a1319ffffff,8743a1313ffffff,1,6.76115670359945,522,95,6.257667587882639,4.553876891600541,8.819097157148894,0.0
2035,8743a1319ffffff,8743a1314ffffff,1,10.199991144269815,522,43,6.257667587882639,3.7612001156935624,9.23024016555841,0.0
2036,8743a1319ffffff,8743a1318ffffff,52,2.2543709981674693,522,369,6.257667587882639,5.910796644040527,7.721069760873386,3.9512437185814275
2038,8743a1319ffffff,8743a131affffff,2,3.8327634272341946,522,6,6.257667587882639,1.791759469228055,8.251602217798382,0.6931471805599453
2039,8743a1319ffffff,8743a131bffffff,88,2.2861418800826043,522,469,6.257667587882639,6.150602768446279,7.7350582297384936,4.477336814478207
2040,8743a1319ffffff,8743a131cffffff,4,4.096795815587855,522,465,6.257667587882639,6.142037405587356,8.318204502176323,1.3862943611198906
2041,8743a1319ffffff,8743a131dffffff,8,2.434052521173416,522,392,6.257667587882639,5.971261839790462,7.7977236045544736,2.0794415416798357
2042,8743a1319ffffff,8743a131effffff,3,4.50808999302901,522,593,6.257667587882639,6.385194398997726,8.413850636755738,1.0986122886681098
2043,8743a1319ffffff,8743a1345ffffff,1,15.352220752701232,522,450,6.257667587882639,6.1092475827643655,9.639080552028872,0.0
2044,8743a1319ffffff,8743a1350ffffff,6,8.013326016340445,522,500,6.257667587882639,6.214608098422191,8.988985971219712,1.791759469228055
2045,8743a1319ffffff,8743a1351ffffff,1,10.210826754905074,522,115,6.257667587882639,4.74493212836325,9.231301813362894,0.0
2046,8743a1319ffffff,8743a1352ffffff,3,6.767022192243213,522,468,6.257667587882639,6.148468295917647,8.819964180276429,1.0986122886681098
2047,8743a1319ffffff,8743a1354ffffff,1,7.67187902955628,522,303,6.257667587882639,5.713732805509369,8.945447186323719,0.0
2048,8743a1319ffffff,8743a1356ffffff,7,5.8621475848200495,522,509,6.257667587882639,6.2324480165505225,8.676441868883465,1.9459101490553132
2049,8743a1319ffffff,8743a135affffff,2,12.734097305290572,522,504,6.257667587882639,6.222576268071369,9.452117028161013,0.6931471805599453
2050,8743a1319ffffff,8743a136affffff,1,17.297877920994704,522,932,6.257667587882639,6.837332814685591,9.758396918324257,0.0
2051,8743a1319ffffff,8743a136cffffff,1,19.386764460510978,522,354,6.257667587882639,5.869296913133774,9.872397448166021,0.0
2052,8743a1319ffffff,8743a1370ffffff,2,10.315923720925026,522,353,6.257667587882639,5.8664680569332965,9.241540905540527,0.6931471805599453
2053,8743a1319ffffff,8743a1371ffffff,1,11.802556693096825,522,543,6.257667587882639,6.297109319933935,9.376156179706703,0.0
2054,8743a1319ffffff,8743a1372ffffff,4,8.084840081413073,522,873,6.257667587882639,6.771935555839602,8.997869672786875,1.3862943611198906
2055,8743a1319ffffff,8743a1388ffffff,6,11.424681478967704,522,199,6.257667587882639,5.293304824724492,9.343618862033221,1.791759469228055
2056,8743a1319ffffff,8743a1389ffffff,1,10.664357003016727,522,67,6.257667587882639,4.204692619390966,9.274756104608372,0.0
2057,8743a1319ffffff,8743a138dffffff,4,9.1409514657373,522,30,6.257667587882639,3.4011973816621555,9.120629149944902,1.3862943611198906
2058,8743a1319ffffff,8743a13a8ffffff,3,7.6634081026756125,522,68,6.257667587882639,4.219507705176107,8.944342567538275,1.0986122886681098
2059,8743a1319ffffff,8743a13a9ffffff,6,5.89406572576066,522,70,6.257667587882639,4.248495242049359,8.681870962317403,1.791759469228055
2060,8743a1319ffffff,8743a13aaffffff,2,9.673526049526913,522,9,6.257667587882639,2.1972245773362196,9.177251529569073,0.6931471805599453
2061,8743a1319ffffff,8743a13abffffff,1,8.076120893275792,522,41,6.257667587882639,3.713572066704308,8.996790762926642,0.0
2062,8743a1319ffffff,8743a13acffffff,1,8.004272213258366,522,20,6.257667587882639,2.995732273553991,8.987855630256563,0.0
2063,8743a1319ffffff,8743a13adffffff,50,5.857217060243094,522,401,6.257667587882639,5.993961427306569,8.67560058034462,3.912023005428146
2064,8743a1319ffffff,8743a13aeffffff,2,9.636124226199357,522,70,6.257667587882639,4.248495242049359,9.173378026314989,0.6931471805599453
2065,8743a131affffff,8743a1224ffffff,1,5.858951807690074,1,845,0.0,6.739336627357174,8.675896658593569,0.0
2066,8743a131bffffff,8743a1222ffffff,2,4.097577944577965,31,253,3.4339872044851463,5.53338948872752,8.318395349742666,0.6931471805599453
2067,8743a131bffffff,8743a1224ffffff,3,3.833841824657619,31,845,3.4339872044851463,6.739336627357174,8.25188346775065,1.0986122886681098
2068,8743a131bffffff,8743a1225ffffff,2,5.860685956446387,31,598,3.4339872044851463,6.393590753950631,8.676192547069881,0.6931471805599453
2069,8743a131bffffff,8743a1226ffffff,6,2.254585200311519,31,670,3.4339872044851463,6.507277712385012,7.7211647306025455,1.791759469228055
2070,8743a131bffffff,8743a1234ffffff,3,2.2855394374775972,31,13,3.4339872044851463,2.5649493574615367,7.734794790916825,1.0986122886681098
2071,8743a131bffffff,8743a1274ffffff,1,14.964509563692125,31,44,3.4339872044851463,3.784189633918261,9.613503470070755,0.0
2072,8743a131bffffff,8743a1309ffffff,3,8.08258377365696,31,528,3.4339872044851463,6.269096283706261,8.997590589525656,1.0986122886681098
2073,8743a131bffffff,8743a1319ffffff,2,2.2861418800826043,31,724,3.4339872044851463,6.584791392385716,7.7350582297384936,0.6931471805599453
2074,8743a131bffffff,8743a131bffffff,8,0.0,31,469,3.4339872044851463,6.150602768446279,0.0,2.0794415416798357
2075,8743a131bffffff,8743a131effffff,1,4.096288692902925,31,593,3.4339872044851463,6.385194398997726,8.318080739526883,0.0
2076,8743a131cffffff,8743a1221ffffff,1,10.205893572322518,332,324,5.805134968916488,5.780743515792329,9.230818611418847,0.0
2077,8743a131cffffff,8743a1224ffffff,5,6.1495181258742795,332,845,5.805134968916488,6.739336627357174,8.72429160536153,1.6094379124341003
2078,8743a131cffffff,8743a1226ffffff,2,6.3510811550831505,332,670,5.805134968916488,6.507277712385012,8.756537779149378,0.6931471805599453
2079,8743a131cffffff,8743a1236ffffff,1,8.297034969123905,332,125,5.805134968916488,4.8283137373023015,9.023774015046852,0.0
2080,8743a131cffffff,8743a1300ffffff,16,4.149994831238428,332,431,5.805134968916488,6.066108090103747,8.331103302867591,2.772588722239781
2081,8743a131cffffff,8743a1301ffffff,19,4.573465563832914,332,567,5.805134968916488,6.340359303727752,8.428245154237482,2.9444389791664403
2082,8743a131cffffff,8743a1302ffffff,37,2.4336215224006987,332,423,5.805134968916488,6.0473721790462776,7.797546591156868,3.6109179126442243
2083,8743a131cffffff,8743a1303ffffff,17,2.2864320476353273,332,368,5.805134968916488,5.908082938168931,7.735185090756676,2.833213344056216
2084,8743a131cffffff,8743a130affffff,2,4.508964823625128,332,617,5.805134968916488,6.424869023905388,8.414044632826645,0.6931471805599453
2085,8743a131cffffff,8743a130cffffff,3,5.8975115196235555,332,576,5.805134968916488,6.3561076606958915,8.682455313255078,1.0986122886681098
2086,8743a131cffffff,8743a130dffffff,1,7.669644209286415,332,613,5.805134968916488,6.418364935936212,8.94515588161477,0.0
2087,8743a131cffffff,8743a130effffff,1,3.833763551266547,332,167,5.805134968916488,5.117993812416755,8.251863056429015,0.0
2088,8743a131cffffff,8743a1310ffffff,3,4.506355810422322,332,81,5.805134968916488,4.394449154672439,8.413465965752136,1.0986122886681098
2089,8743a131cffffff,8743a1311ffffff,40,2.253504172253334,332,547,5.805134968916488,6.304448802421981,7.7206853484929745,3.6888794541139363
2090,8743a131cffffff,8743a1313ffffff,8,3.831645422586617,332,95,5.805134968916488,4.553876891600541,8.251310554601856,2.0794415416798357
2091,8743a131cffffff,8743a1315ffffff,5,4.095503286859449,332,159,5.805134968916488,5.0689042022202315,8.317889031939524,1.6094379124341003
2092,8743a131cffffff,8743a1318ffffff,12,2.4336851612733574,332,369,5.805134968916488,5.910796644040527,7.797572729938751,2.4849066497880004
2093,8743a131cffffff,8743a1319ffffff,8,4.096795815587855,332,724,5.805134968916488,6.584791392385716,8.318204502176323,2.0794415416798357
2094,8743a131cffffff,8743a131cffffff,50,0.0,332,465,5.805134968916488,6.142037405587356,0.0,3.912023005428146
2095,8743a131cffffff,8743a131dffffff,16,2.254156425757042,332,392,5.805134968916488,5.971261839790462,7.720974617937572,2.772588722239781
2096,8743a131cffffff,8743a131effffff,57,2.2858302275792366,332,593,5.805134968916488,6.385194398997726,7.734921957589685,4.04305126783455
2097,8743a131cffffff,8743a132affffff,1,6.861100196298201,332,372,5.805134968916488,5.918893854273146,8.833768824929134,0.0
2098,8743a131cffffff,8743a132bffffff,1,8.083202812966679,332,99,5.805134968916488,4.59511985013459,8.997667166403598,0.0
2099,8743a131cffffff,8743a138dffffff,1,10.347220127483594,332,30,5.805134968916488,3.4011973816621555,9.244569815546189,0.0
2100,8743a131cffffff,8743a13a8ffffff,2,6.855683820618744,332,68,5.805134968916488,4.219507705176107,8.83297919576751,0.6931471805599453
2101,8743a131cffffff,8743a13a9ffffff,4,6.2407824463602175,332,70,5.805134968916488,4.248495242049359,8.739021069028883,1.3862943611198906
2102,8743a131cffffff,8743a13adffffff,15,4.571058284415012,332,401,5.805134968916488,5.993961427306569,8.427718772955714,2.70805020110221
2103,8743a131cffffff,8743a13aeffffff,4,8.074484597291438,332,70,5.805134968916488,4.248495242049359,8.996588158338682,1.3862943611198906
2104,8743a131dffffff,8743a1221ffffff,1,8.196677777644016,175,324,5.1647859739235145,5.780743515792329,9.01160619529597,0.0
2105,8743a131dffffff,8743a1224ffffff,8,4.09769458413544,175,845,5.1647859739235145,6.739336627357174,8.318423807880924,2.0794415416798357
2106,8743a131dffffff,8743a1225ffffff,5,6.151047984777303,175,598,5.1647859739235145,6.393590753950631,8.724540311021332,1.6094379124341003
2107,8743a131dffffff,8743a1226ffffff,4,4.868167645441014,175,670,5.1647859739235145,6.507277712385012,8.490678286775218,1.3862943611198906
2108,8743a131dffffff,8743a1236ffffff,1,8.434285580982245,175,125,5.1647859739235145,4.8283137373023015,9.040178851073483,0.0
2109,8743a131dffffff,8743a1300ffffff,6,4.867914400681593,175,431,5.1647859739235145,6.066108090103747,8.490626275556114,1.791759469228055
2110,8743a131dffffff,8743a1301ffffff,11,4.15057540708313,175,567,5.1647859739235145,6.340359303727752,8.331243157353368,2.3978952727983707
2111,8743a131dffffff,8743a1302ffffff,3,4.096403193657513,175,423,5.1647859739235145,6.0473721790462776,8.318108684629928,1.0986122886681098
2112,8743a131dffffff,8743a1303ffffff,11,2.4339892099560645,175,368,5.1647859739235145,5.908082938168931,7.79769760427733,2.3978952727983707
2113,8743a131dffffff,8743a1308ffffff,2,3.834841985871657,175,246,5.1647859739235145,5.5053315359323625,8.252144242733536,0.6931471805599453
2114,8743a131dffffff,8743a1309ffffff,1,5.8618749614876045,175,528,5.1647859739235145,6.269096283706261,8.676395370024808,0.0
2115,8743a131dffffff,8743a130affffff,14,2.2548083978680857,175,617,5.1647859739235145,6.424869023905388,7.721263678988179,2.6390573296152584
2116,8743a131dffffff,8743a130bffffff,1,4.510268485629267,175,487,5.1647859739235145,6.18826412308259,8.414333653622034,0.0
2117,8743a131dffffff,8743a130cffffff,21,4.574379326532642,175,576,5.1647859739235145,6.3561076606958915,8.428444887175846,3.044522437723423
2118,8743a131dffffff,8743a130dffffff,6,5.8990187777477665,175,613,5.1647859739235145,6.418364935936212,8.68271081255786,1.791759469228055
2119,8743a131dffffff,8743a130effffff,8,2.2868889490471376,175,167,5.1647859739235145,5.117993812416755,7.735384815066144,2.0794415416798357
2120,8743a131dffffff,8743a1310ffffff,1,6.760512236179365,175,81,5.1647859739235145,4.394449154672439,8.819001847595924,0.0
2121,8743a131dffffff,8743a1311ffffff,5,4.507660598010375,175,547,5.1647859739235145,6.304448802421981,8.413755403467874,1.6094379124341003
2122,8743a131dffffff,8743a1318ffffff,6,2.2862871686787622,175,369,5.1647859739235145,5.910796644040527,7.735121751806344,1.791759469228055
2123,8743a131dffffff,8743a1319ffffff,9,2.434052521173416,175,724,5.1647859739235145,6.584791392385716,7.7977236045544736,2.1972245773362196
2124,8743a131dffffff,8743a131bffffff,2,4.149591143049743,175,469,5.1647859739235145,6.150602768446279,8.331006047188916,0.6931471805599453
2125,8743a131dffffff,8743a131cffffff,6,2.254156425757042,175,465,5.1647859739235145,6.142037405587356,7.720974617937572,1.791759469228055
2126,8743a131dffffff,8743a131dffffff,23,0.0,175,392,5.1647859739235145,5.971261839790462,0.0,3.1354942159291497
2127,8743a131dffffff,8743a131effffff,7,3.8327243287270267,175,593,5.1647859739235145,6.385194398997726,8.251592019280062,1.9459101490553132
2128,8743a131dffffff,8743a1354ffffff,4,8.012825477895802,175,303,5.1647859739235145,5.713732805509369,8.988923513805958,1.3862943611198906
2129,8743a131dffffff,8743a1356ffffff,1,6.76637998026086,175,509,5.1647859739235145,6.2324480165505225,8.81986928660801,0.0
2130,8743a131dffffff,8743a1372ffffff,1,7.671800603340289,175,873,5.1647859739235145,6.771935555839602,8.94543696504739,0.0
2131,8743a131dffffff,8743a1376ffffff,1,8.085149318265787,175,44,5.1647859739235145,3.784189633918261,8.99790791630103,0.0
2132,8743a131dffffff,8743a13adffffff,6,5.8942098206439395,175,401,5.1647859739235145,5.993961427306569,8.681895405322608,1.791759469228055
2133,8743a131effffff,8743a1200ffffff,1,12.702853411990043,149,292,5.003946305945459,5.676753802268282,9.449660644691601,0.0
2134,8743a131effffff,8743a1222ffffff,1,8.19386663748089,149,253,5.003946305945459,5.53338948872752,9.011263217400716,0.0
2135,8743a131effffff,8743a1224ffffff,4,6.763112712701395,149,845,5.003946305945459,6.739336627357174,8.819386373496044,1.3862943611198906
2136,8743a131effffff,8743a1226ffffff,1,6.148642040010922,149,670,5.003946305945459,6.507277712385012,8.724149154230322,0.0
2137,8743a131effffff,8743a122effffff,1,12.300994374584041,149,132,5.003946305945459,4.882801922586371,9.417516672491672,0.0
2138,8743a131effffff,8743a1236ffffff,1,6.405762892801965,149,125,5.003946305945459,4.8283137373023015,8.765109413431512,0.0
2139,8743a131effffff,8743a1300ffffff,2,6.2425446265554365,149,431,5.003946305945459,6.066108090103747,8.739303349212115,0.6931471805599453
2140,8743a131effffff,8743a1301ffffff,4,6.85929579141215,149,567,5.003946305945459,6.340359303727752,8.83350583807202,1.3862943611198906
2141,8743a131effffff,8743a1302ffffff,11,4.149212995678865,149,423,5.003946305945459,6.0473721790462776,8.330914936167666,2.3978952727983707
2142,8743a131effffff,8743a1303ffffff,1,4.572262275214565,149,368,5.003946305945459,5.908082938168931,8.427982075001532,0.0
2143,8743a131effffff,8743a130affffff,1,5.8586790853437005,149,617,5.003946305945459,6.424869023905388,8.675850117478253,0.0
2144,8743a131effffff,8743a1310ffffff,1,4.094996664430961,149,81,5.003946305945459,4.394449154672439,8.317765352371103,0.0
2145,8743a131effffff,8743a1311ffffff,35,2.4333175233565716,149,547,5.003946305945459,6.304448802421981,7.7974217183491925,3.5553480614894135
2146,8743a131effffff,8743a1313ffffff,5,2.25306671057044,149,95,5.003946305945459,4.553876891600541,7.720491290688124,1.6094379124341003
2147,8743a131effffff,8743a1314ffffff,3,6.348180427485192,149,43,5.003946305945459,3.7612001156935624,8.75608101701917,1.0986122886681098
2148,8743a131effffff,8743a1315ffffff,3,4.866571080510095,149,159,5.003946305945459,5.0689042022202315,8.490350340223468,1.0986122886681098
2149,8743a131effffff,8743a1318ffffff,2,2.2537189948615404,149,369,5.003946305945459,5.910796644040527,7.720780629919689,0.6931471805599453
2150,8743a131effffff,8743a1319ffffff,2,4.50808999302901,149,724,5.003946305945459,6.584791392385716,8.413850636755738,0.6931471805599453
2151,8743a131effffff,8743a131cffffff,22,2.2858302275792366,149,465,5.003946305945459,6.142037405587356,7.734921957589685,3.091042453358316
2152,8743a131effffff,8743a131effffff,44,0.0,149,593,5.003946305945459,6.385194398997726,0.0,3.784189633918261
2153,8743a131effffff,8743a1372ffffff,1,11.504524932067314,149,873,5.003946305945459,6.771935555839602,9.350582627857758,0.0
2154,8743a131effffff,8743a138dffffff,1,8.295467181489977,149,30,5.003946305945459,3.4011973816621555,9.023585062389598,0.0
2155,8743a131effffff,8743a13adffffff,2,2.2852280568357752,149,401,5.003946305945459,5.993961427306569,7.734658601774171,0.6931471805599453
2156,8743a1328ffffff,8743a1224ffffff,1,10.522707876647873,155,845,5.043425116919247,6.739336627357174,9.261385883949755,0.0
2157,8743a1328ffffff,8743a1300ffffff,12,5.89930296589122,155,431,5.043425116919247,6.066108090103747,8.682758978726492,2.4849066497880004
2158,8743a1328ffffff,8743a1301ffffff,22,4.575870028091998,155,567,5.043425116919247,6.340359303727752,8.428770643504107,3.091042453358316
2159,8743a1328ffffff,8743a1305ffffff,2,3.8358004639829835,155,24,5.043425116919247,3.1780538303479458,8.252394085762864,0.6931471805599453
2160,8743a1328ffffff,8743a1308ffffff,3,6.410909963885187,155,246,5.043425116919247,5.5053315359323625,8.76591247181632,1.0986122886681098
2161,8743a1328ffffff,8743a1309ffffff,1,7.304890757292711,155,528,5.043425116919247,6.269096283706261,8.896436254778713,0.0
2162,8743a1328ffffff,8743a130affffff,1,8.303292789699531,155,617,5.043425116919247,6.424869023905388,9.024527863659275,0.0
2163,8743a1328ffffff,8743a130cffffff,25,4.152137150224745,155,576,5.043425116919247,6.3561076606958915,8.331619267459347,3.2188758248682006
2164,8743a1328ffffff,8743a130dffffff,7,4.869863190932266,155,613,5.043425116919247,6.418364935936212,8.491026446968315,1.9459101490553132
2165,8743a1328ffffff,8743a1319ffffff,2,10.355772354537875,155,724,5.043425116919247,6.584791392385716,9.245395918482288,0.6931471805599453
2166,8743a1328ffffff,8743a131cffffff,1,9.149335591924912,155,465,5.043425116919247,6.142037405587356,9.121545834310098,0.0
2167,8743a1328ffffff,8743a1321ffffff,1,4.097526019057198,155,36,5.043425116919247,3.58351893845611,8.318382680507044,0.0
2168,8743a1328ffffff,8743a1328ffffff,18,0.0,155,199,5.043425116919247,5.293304824724492,0.0,2.8903717578961645
2169,8743a1328ffffff,8743a1329ffffff,1,2.2559046352930148,155,50,5.043425116919247,3.912023005428146,7.721749523063988,0.0
2170,8743a1328ffffff,8743a132affffff,39,2.288235395626712,155,372,5.043425116919247,5.918893854273146,7.735973152422537,3.6635616461296463
2171,8743a1328ffffff,8743a132cffffff,4,2.434834207016556,155,31,5.043425116919247,3.4339872044851463,7.79804456699662,1.3862943611198906
2172,8743a1328ffffff,8743a132dffffff,4,2.2888358048776203,155,38,5.043425116919247,3.6375861597263857,7.736235393050848,1.3862943611198906
2173,8743a1328ffffff,8743a132effffff,5,2.2552525087228834,155,76,5.043425116919247,4.330733340286331,7.721460533979911,1.6094379124341003
2174,8743a1328ffffff,8743a1370ffffff,3,6.1530177159224735,155,353,5.043425116919247,5.8664680569332965,8.724860434643276,1.0986122886681098
2175,8743a1328ffffff,8743a1372ffffff,2,6.354005077941293,155,873,5.043425116919247,6.771935555839602,8.756997982669859,0.6931471805599453
2176,8743a1328ffffff,8743a1373ffffff,1,8.19893283925791,155,305,5.043425116919247,5.720311776607412,9.011881242884403,0.0
2177,8743a132affffff,8743a1224ffffff,2,8.763143704540271,149,845,5.003946305945459,6.739336627357174,9.078424097721532,0.6931471805599453
2178,8743a132affffff,8743a1225ffffff,1,9.738766855773969,149,598,5.003946305945459,6.393590753950631,9.183972459571239,0.0
2179,8743a132affffff,8743a1300ffffff,7,3.8347623114631655,149,431,5.003946305945459,6.066108090103747,8.252123471482724,1.9459101490553132
2180,8743a132affffff,8743a1301ffffff,14,2.2876346324652865,149,567,5.003946305945459,6.340359303727752,7.735710688367774,2.6390573296152584
2181,8743a132affffff,8743a1302ffffff,1,5.897653779009218,149,423,5.003946305945459,6.0473721790462776,8.682479430809096,0.0
2182,8743a132affffff,8743a1303ffffff,4,4.574668148662874,149,368,5.003946305945459,5.908082938168931,8.428508010469898,1.3862943611198906
2183,8743a132affffff,8743a1305ffffff,1,2.2548156520345164,149,24,5.003946305945459,3.1780538303479458,7.721266894755429,0.0
2184,8743a132affffff,8743a130affffff,2,6.409882536602262,149,617,5.003946305945459,6.424869023905388,8.76575222165473,0.6931471805599453
2185,8743a132affffff,8743a130bffffff,1,7.30398045074009,149,487,5.003946305945459,6.18826412308259,8.896311648033388,0.0
2186,8743a132affffff,8743a130cffffff,27,2.4345963141998417,149,576,5.003946305945459,6.3561076606958915,7.797946898430532,3.295836866004329
2187,8743a132affffff,8743a130dffffff,5,4.098314928745614,149,613,5.003946305945459,6.418364935936212,8.318575148181369,1.6094379124341003
2188,8743a132affffff,8743a1318ffffff,1,8.438772540402475,149,369,5.003946305945459,5.910796644040527,9.04071063703756,0.0
2189,8743a132affffff,8743a1319ffffff,1,8.30173033878034,149,724,5.003946305945459,6.584791392385716,9.024339696169928,0.0
2190,8743a132affffff,8743a131bffffff,1,10.353636821239167,149,469,5.003946305945459,6.150602768446279,9.245189700422651,0.0
2191,8743a132affffff,8743a131cffffff,1,6.861100196298201,149,465,5.003946305945459,6.142037405587356,8.833768824929134,0.0
2192,8743a132affffff,8743a1321ffffff,2,4.868997577836214,149,36,5.003946305945459,3.58351893845611,8.490848718712284,0.6931471805599453
2193,8743a132affffff,8743a1328ffffff,16,2.288235395626712,149,199,5.003946305945459,5.293304824724492,7.735973152422537,2.772588722239781
2194,8743a132affffff,8743a1329ffffff,5,3.836878787651383,149,50,5.003946305945459,3.912023005428146,8.252675093904088,1.6094379124341003
2195,8743a132affffff,8743a132affffff,38,0.0,149,372,5.003946305945459,5.918893854273146,0.0,3.6375861597263857
2196,8743a132affffff,8743a132bffffff,1,2.2554678109072634,149,99,5.003946305945459,4.59511985013459,7.7215559541120244,0.0
2197,8743a132affffff,8743a132cffffff,1,4.152336324601808,149,31,5.003946305945459,3.4339872044851463,8.331667223882178,0.0
2198,8743a132affffff,8743a132dffffff,2,4.5770712005043315,149,38,5.003946305945459,3.6375861597263857,8.429033053144808,0.6931471805599453
2199,8743a132affffff,8743a132effffff,7,2.4345315334697677,149,76,5.003946305945459,4.330733340286331,7.7979203005944235,1.9459101490553132
2200,8743a132affffff,8743a1345ffffff,1,13.5425793279198,149,450,5.003946305945459,6.1092475827643655,9.513667863667276,0.0
2201,8743a132affffff,8743a1352ffffff,1,11.09415232830561,149,468,5.003946305945459,6.148468295917647,9.31426356472766,0.0
2202,8743a132affffff,8743a1370ffffff,2,6.7683587780091505,149,353,5.003946305945459,5.8664680569332965,8.820161646207723,0.6931471805599453
2203,8743a132affffff,8743a1372ffffff,3,6.1521435330823255,149,873,5.003946305945459,6.771935555839602,8.724718373801798,1.0986122886681098
2204,8743a132affffff,8743a1373ffffff,1,8.312287936701583,149,305,5.003946305945459,5.720311776607412,9.025610469849514,0.0
2205,8743a132bffffff,8743a1220ffffff,1,10.522337298534477,104,473,4.6443908991413725,6.159095388491933,9.261350669684726,0.0
2206,8743a132bffffff,8743a1224ffffff,1,8.302890459372136,104,845,4.6443908991413725,6.739336627357174,9.024479414009914,0.0
2207,8743a132bffffff,8743a1300ffffff,3,5.861327605190493,104,431,4.6443908991413725,6.066108090103747,8.676302005958064,1.0986122886681098
2208,8743a132bffffff,8743a1301ffffff,5,3.835840781963891,104,567,4.6443908991413725,6.340359303727752,8.252404593937436,1.6094379124341003
2209,8743a132bffffff,8743a1302ffffff,1,7.6695645348629125,104,423,4.6443908991413725,6.0473721790462776,8.94514549463356,0.0
2210,8743a132bffffff,8743a1303ffffff,1,5.899161249197342,104,368,4.6443908991413725,5.908082938168931,8.682734959892773,0.0
2211,8743a132bffffff,8743a1308ffffff,1,4.151936884596809,104,246,4.6443908991413725,5.5053315359323625,8.331571045970557,0.0
2212,8743a132bffffff,8743a1309ffffff,2,4.869991388402338,104,528,4.6443908991413725,6.269096283706261,8.491052765872796,0.6931471805599453
2213,8743a132bffffff,8743a130bffffff,1,6.410749919336025,104,487,4.6443908991413725,6.18826412308259,8.765887510993805,0.0
2214,8743a132bffffff,8743a130cffffff,18,2.288091453196487,104,576,4.6443908991413725,6.3561076606958915,7.73591027249499,2.8903717578961645
2215,8743a132bffffff,8743a130dffffff,17,2.4349638220418943,104,613,4.6443908991413725,6.418364935936212,7.798097777340972,2.833213344056216
2216,8743a132bffffff,8743a130effffff,1,4.575581830681993,104,167,4.6443908991413725,5.117993812416755,8.428707673290345,0.0
2217,8743a132bffffff,8743a1311ffffff,1,9.681713679650798,104,547,4.6443908991413725,6.304448802421981,9.178097479789942,0.0
2218,8743a132bffffff,8743a1316ffffff,1,13.451890268174274,104,8,4.6443908991413725,2.0794415416798357,9.506949251771557,0.0
2219,8743a132bffffff,8743a1319ffffff,1,8.440159522049536,104,724,4.6443908991413725,6.584791392385716,9.040874962282759,0.0
2220,8743a132bffffff,8743a1328ffffff,2,2.4348993688903717,104,199,4.6443908991413725,5.293304824724492,7.798071317997185,0.6931471805599453
2221,8743a132bffffff,8743a1329ffffff,1,2.28869217536924,104,50,4.6443908991413725,3.912023005428146,7.736172666276802,0.0
2222,8743a132bffffff,8743a132affffff,6,2.2554678109072634,104,372,4.6443908991413725,5.918893854273146,7.7215559541120244,1.791759469228055
2223,8743a132bffffff,8743a132bffffff,7,0.0,104,99,4.6443908991413725,4.59511985013459,0.0,1.9459101490553132
2224,8743a132bffffff,8743a132dffffff,1,4.152917015922861,104,38,4.6443908991413725,3.6375861597263857,8.331807027328201,0.0
2225,8743a132bffffff,8743a1354ffffff,1,6.354484674914593,104,303,4.6443908991413725,5.713732805509369,8.757073447421076,0.0
2226,8743a132bffffff,8743a1370ffffff,5,4.512890967101887,104,353,4.6443908991413725,5.8664680569332965,8.414914802699824,1.6094379124341003
2227,8743a132bffffff,8743a1371ffffff,9,6.770313555586617,104,543,4.6443908991413725,6.297109319933935,8.820450373021709,2.1972245773362196
2228,8743a132bffffff,8743a1372ffffff,11,4.099213881283604,104,873,4.6443908991413725,6.771935555839602,8.318794417498525,2.3978952727983707
2229,8743a132bffffff,8743a1373ffffff,4,6.153673521426908,104,305,4.6443908991413725,5.720311776607412,8.724966994389135,1.3862943611198906
2230,8743a132bffffff,8743a1375ffffff,1,5.866255918989273,104,141,4.6443908991413725,4.948759890378168,8.677142328051108,0.0
2231,8743a132bffffff,8743a1376ffffff,1,2.256119687151945,104,44,4.6443908991413725,3.784189633918261,7.7218448047212105,0.0
2232,8743a132cffffff,8743a1222ffffff,1,16.922048419483808,71,253,4.2626798770413155,5.53338948872752,9.736431783568314,0.0
2233,8743a132cffffff,8743a1224ffffff,2,12.820789610597735,71,845,4.2626798770413155,6.739336627357174,9.458901315942589,0.6931471805599453
2234,8743a132cffffff,8743a1226ffffff,1,14.656188103859703,71,670,4.2626798770413155,6.507277712385012,9.5926861496667,0.0
2235,8743a132cffffff,8743a1300ffffff,2,6.863335077573017,71,431,4.2626798770413155,6.066108090103747,8.83409445663904,0.6931471805599453
2236,8743a132cffffff,8743a1301ffffff,2,6.24662504012562,71,567,4.2626798770413155,6.340359303727752,8.73995667693469,0.6931471805599453
2237,8743a132cffffff,8743a1303ffffff,1,8.441294224803395,71,368,4.2626798770413155,5.908082938168931,9.04100937823492,0.0
2238,8743a132cffffff,8743a1305ffffff,3,4.576157404336099,71,24,4.2626798770413155,3.1780538303479458,8.428833430347671,1.0986122886681098
2239,8743a132cffffff,8743a130cffffff,1,6.411068209875854,71,576,4.2626798770413155,6.3561076606958915,8.765937151520001,0.0
2240,8743a132cffffff,8743a1319ffffff,1,12.454066663382147,71,724,4.2626798770413155,6.584791392385716,9.429882780020948,0.0
2241,8743a132cffffff,8743a131bffffff,1,14.488444156002227,71,469,4.2626798770413155,6.150602768446279,9.581175674054599,0.0
2242,8743a132cffffff,8743a1321ffffff,5,2.255036836523839,71,36,4.2626798770413155,3.58351893845611,7.721364940731028,1.6094379124341003
2243,8743a132cffffff,8743a1323ffffff,1,3.835759704117607,71,2,4.2626798770413155,0.6931471805599453,8.25238346230661,0.0
2244,8743a132cffffff,8743a1328ffffff,10,2.434834207016556,71,199,4.2626798770413155,5.293304824724492,7.79804456699662,2.302585092994046
2245,8743a132cffffff,8743a1329ffffff,3,4.098426172621256,71,50,4.2626798770413155,3.912023005428146,8.318602285000123,1.0986122886681098
2246,8743a132cffffff,8743a132affffff,16,4.152336324601808,71,372,4.2626798770413155,5.918893854273146,8.331667223882178,2.772588722239781
2247,8743a132cffffff,8743a132cffffff,7,0.0,71,31,4.2626798770413155,3.4339872044851463,0.0,1.9459101490553132
2248,8743a132cffffff,8743a132dffffff,6,2.255689213048945,71,38,4.2626798770413155,3.6375861597263857,7.72165406819965,1.791759469228055
2249,8743a132cffffff,8743a132effffff,6,2.288378927320255,71,76,4.2626798770413155,4.330733340286331,7.73603584898681,1.791759469228055
2250,8743a132cffffff,8743a135affffff,1,19.799138389765623,71,504,4.2626798770413155,6.222576268071369,9.893444206040304,0.0
2251,8743a132cffffff,8743a1372ffffff,1,8.706294813572503,71,873,4.2626798770413155,6.771935555839602,9.071916437629755,0.0
2252,8743a132dffffff,8743a1224ffffff,1,12.455807475294998,5,845,1.6094379124341003,6.739336627357174,9.430022537624572,0.0
2253,8743a132dffffff,8743a1301ffffff,1,6.8647058329696184,5,567,1.6094379124341003,6.340359303727752,8.8342941290814,0.0
2254,8743a132dffffff,8743a1329ffffff,1,2.435202091377116,5,50,1.6094379124341003,3.912023005428146,7.798195585724203,0.0
2255,8743a132dffffff,8743a132effffff,2,3.836838209226113,5,76,1.6094379124341003,4.330733340286331,8.252664520709352,0.6931471805599453
2256,8743a1340ffffff,8743a1221ffffff,2,10.320235898658854,385,324,5.953243334287785,5.780743515792329,9.241958789487164,0.6931471805599453
2257,8743a1340ffffff,8743a1223ffffff,1,12.570043113214474,385,328,5.953243334287785,5.793013608384144,9.43915128248611,0.0
2258,8743a1340ffffff,8743a1224ffffff,3,11.514224907494155,385,845,5.953243334287785,6.739336627357174,9.351425343761322,1.0986122886681098
2259,8743a1340ffffff,8743a1225ffffff,1,9.691930304984671,385,598,5.953243334287785,6.393590753950631,9.179152064224796,0.0
2260,8743a1340ffffff,8743a1301ffffff,2,13.53995796107695,385,567,5.953243334287785,6.340359303727752,9.513474294412386,0.6931471805599453
2261,8743a1340ffffff,8743a1308ffffff,2,10.215458162806476,385,246,5.953243334287785,5.5053315359323625,9.231755244279823,0.6931471805599453
2262,8743a1340ffffff,8743a1309ffffff,4,8.019485413846851,385,528,5.953243334287785,6.269096283706261,8.989754224446283,1.3862943611198906
2263,8743a1340ffffff,8743a130affffff,2,11.732143326280273,385,617,5.953243334287785,6.424869023905388,9.370172879004027,0.6931471805599453
2264,8743a1340ffffff,8743a130bffffff,2,9.654873821090696,385,487,5.953243334287785,6.18826412308259,9.17532169528216,0.6931471805599453
2265,8743a1340ffffff,8743a130cffffff,2,11.284927126851127,385,576,5.953243334287785,6.3561076606958915,9.33131184155725,0.6931471805599453
2266,8743a1340ffffff,8743a130dffffff,3,9.029244384047702,385,613,5.953243334287785,6.418364935936212,9.108334709615994,1.0986122886681098
2267,8743a1340ffffff,8743a1319ffffff,2,13.467805974629671,385,724,5.953243334287785,6.584791392385716,9.5081316221665,0.6931471805599453
2268,8743a1340ffffff,8743a1340ffffff,80,0.0,385,643,5.953243334287785,6.466144724237619,0.0,4.382026634673881
2269,8743a1340ffffff,8743a1341ffffff,31,2.258938023825884,385,292,5.953243334287785,5.676753802268282,7.72309266880442,3.4339872044851463
2270,8743a1340ffffff,8743a1342ffffff,15,2.289772596285374,385,214,5.953243334287785,5.365976015021851,7.7366444179395835,2.70805020110221
2271,8743a1340ffffff,8743a1343ffffff,6,2.436493488687158,385,55,5.953243334287785,4.007333185232471,7.798725531560602,1.791759469228055
2272,8743a1340ffffff,8743a1344ffffff,7,2.4364310593068734,385,418,5.953243334287785,6.035481432524756,7.798699919110738,1.9459101490553132
2273,8743a1340ffffff,8743a1345ffffff,28,2.2903734636743076,385,450,5.953243334287785,6.1092475827643655,7.736906682557304,3.332204510175204
2274,8743a1340ffffff,8743a1346ffffff,16,2.258287538597434,385,243,5.953243334287785,5.493061443340548,7.722804794156891,2.772588722239781
2275,8743a1340ffffff,8743a1348ffffff,1,6.160436201414951,385,135,5.953243334287785,4.90527477843843,8.726065178932775,0.0
2276,8743a1340ffffff,8743a134affffff,4,6.359788807450521,385,79,5.953243334287785,4.3694478524670215,8.757907674972238,1.3862943611198906
2277,8743a1340ffffff,8743a134cffffff,3,4.518526245753001,385,283,5.953243334287785,5.645446897643238,8.416162454446518,1.0986122886681098
2278,8743a1340ffffff,8743a134dffffff,3,6.7787643778378,385,307,5.953243334287785,5.726847747587197,8.82169762779926,1.0986122886681098
2279,8743a1340ffffff,8743a134effffff,19,4.103194150284519,385,325,5.953243334287785,5.783825182329737,8.319764693305839,2.9444389791664403
2280,8743a1340ffffff,8743a1350ffffff,3,5.905043602730224,385,500,5.953243334287785,6.214608098422191,8.683731445061957,1.0986122886681098
2281,8743a1340ffffff,8743a1351ffffff,1,4.578943970285688,385,115,5.953243334287785,4.74493212836325,8.429442043471322,0.0
2282,8743a1340ffffff,8743a1352ffffff,1,8.090675543920584,385,468,5.953243334287785,6.148468295917647,8.998591101576777,0.0
2283,8743a1340ffffff,8743a1355ffffff,7,3.8401905086324777,385,434,5.953243334287785,6.073044534100405,8.253537625822641,1.9459101490553132
2284,8743a1340ffffff,8743a135cffffff,1,4.154051629714533,385,25,5.953243334287785,3.2188758248682006,8.332080133136422,0.0
2285,8743a1340ffffff,8743a135dffffff,6,4.873048696422612,385,77,5.953243334287785,4.343805421853684,8.491680225194456,1.791759469228055
2286,8743a1340ffffff,8743a1361ffffff,2,6.252397666777713,385,77,5.953243334287785,4.343805421853684,8.740880221703426,0.6931471805599453
2287,8743a1340ffffff,8743a1362ffffff,4,4.87279897900678,385,301,5.953243334287785,5.707110264748875,8.491628989798869,1.3862943611198906
2288,8743a1340ffffff,8743a1363ffffff,9,4.155035243333419,385,553,5.953243334287785,6.315358001522335,8.332316832292262,2.1972245773362196
2289,8743a1340ffffff,8743a1368ffffff,10,5.90984493702811,385,725,5.953243334287785,6.586171654854675,8.684544067529528,2.302585092994046
2290,8743a1340ffffff,8743a1369ffffff,5,7.686722417076073,385,444,5.953243334287785,6.095824562432225,8.94737984399882,1.6094379124341003
2291,8743a1340ffffff,8743a136affffff,35,3.8423046589080343,385,932,5.953243334287785,6.837332814685591,8.254087863745315,3.5553480614894135
2292,8743a1340ffffff,8743a136bffffff,11,5.873456757776127,385,578,5.953243334287785,6.359573868672378,8.678368867975536,2.3978952727983707
2293,8743a1340ffffff,8743a136cffffff,1,6.872921569561136,385,354,5.953243334287785,5.869296913133774,8.835490047621256,0.0
2294,8743a1340ffffff,8743a136dffffff,2,8.099378818910278,385,609,5.953243334287785,6.411818267709897,8.999666107333653,0.6931471805599453
2295,8743a1340ffffff,8743a136effffff,8,4.581347439032536,385,628,5.953243334287785,6.4425401664681985,8.429966687077295,2.0794415416798357
2296,8743a1340ffffff,8743a1370ffffff,2,6.156731032201059,385,353,5.953243334287785,5.8664680569332965,8.72546364974572,0.6931471805599453
2297,8743a1340ffffff,8743a1371ffffff,11,4.101907487766777,385,543,5.953243334287785,6.297109319933935,8.319451144726807,2.3978952727983707
2298,8743a1340ffffff,8743a1372ffffff,13,6.772910015699704,385,873,5.953243334287785,6.771935555839602,8.82083374951324,2.5649493574615367
2299,8743a1340ffffff,8743a1373ffffff,6,4.51592430565894,385,305,5.953243334287785,5.720311776607412,8.41558657785622,1.791759469228055
2300,8743a1340ffffff,8743a1375ffffff,1,6.357631628805411,385,141,5.953243334287785,4.948759890378168,8.757568480481952,0.0
2301,8743a1340ffffff,8743accb0ffffff,1,10.22991698119021,385,947,5.953243334287785,6.853299093186078,9.233169491408544,0.0
2302,8743a1340ffffff,8743accb6ffffff,3,8.028523526888808,385,339,5.953243334287785,5.82600010738045,8.99088046855377,1.0986122886681098
2303,8743a1340ffffff,8743acd9affffff,2,9.70515076993366,385,591,5.953243334287785,6.3818160174060985,9.180515063528182,0.6931471805599453
2304,8743a1340ffffff,8743acd9bffffff,1,11.533252216171803,385,734,5.953243334287785,6.598509028614515,9.353076341126478,0.0
2305,8743a1341ffffff,8743a1260ffffff,2,9.747802561997881,95,269,4.553876891600541,5.594711379601839,9.184899742295555,0.6931471805599453
2306,8743a1341ffffff,8743a1262ffffff,3,11.160553423256754,95,371,4.553876891600541,5.916202062607435,9.320230421880815,1.0986122886681098
2307,8743a1341ffffff,8743a1263ffffff,1,12.184903121060751,95,305,4.553876891600541,5.720311776607412,9.408035080757205,0.0
2308,8743a1341ffffff,8743a1264ffffff,2,7.310761259414335,95,40,4.553876891600541,3.6888794541139363,8.897239462083213,0.6931471805599453
2309,8743a1341ffffff,8743a1265ffffff,2,8.715656572809646,95,224,4.553876891600541,5.4116460518550396,9.07299102282922,0.6931471805599453
2310,8743a1341ffffff,8743a1271ffffff,1,12.82845606757888,95,332,4.553876891600541,5.805134968916488,9.45949906135469,0.0
2311,8743a1341ffffff,8743a1309ffffff,1,10.218496283193987,95,528,4.553876891600541,6.269096283706261,9.232052575184325,0.0
2312,8743a1341ffffff,8743a1340ffffff,10,2.258938023825884,95,643,4.553876891600541,6.466144724237619,7.72309266880442,2.302585092994046
2313,8743a1341ffffff,8743a1341ffffff,8,0.0,95,292,4.553876891600541,5.676753802268282,0.0,2.0794415416798357
2314,8743a1341ffffff,8743a1342ffffff,1,3.8412671391951254,95,214,4.553876891600541,5.365976015021851,8.253817872195834,0.0
2315,8743a1341ffffff,8743a1343ffffff,2,2.2902286193666064,95,55,4.553876891600541,4.007333185232471,7.736843467682818,0.6931471805599453
2316,8743a1341ffffff,8743a1345ffffff,8,2.436797167732786,95,450,4.553876891600541,6.1092475827643655,7.7988501104082735,2.0794415416798357
2317,8743a1341ffffff,8743a1346ffffff,1,4.517225562423318,95,243,4.553876891600541,5.493061443340548,8.415874621063555,0.0
2318,8743a1341ffffff,8743a1348ffffff,1,4.104089779979235,95,135,4.553876891600541,4.90527477843843,8.319982892531465,0.0
2319,8743a1341ffffff,8743a134affffff,1,4.87377992430719,95,79,4.553876891600541,4.3694478524670215,8.49183023868108,0.0
2320,8743a1341ffffff,8743a134bffffff,1,6.360993332052084,95,52,4.553876891600541,3.9512437185814275,8.758097024218644,0.0
2321,8743a1341ffffff,8743a134cffffff,2,2.259588221927117,95,283,4.553876891600541,5.645446897643238,7.723380333589611,0.6931471805599453
2322,8743a1341ffffff,8743a134dffffff,2,4.519826354011916,95,307,4.553876891600541,5.726847747587197,8.416450077800482,0.6931471805599453
2323,8743a1341ffffff,8743a134effffff,3,2.436859267573548,95,325,4.553876891600541,5.783825182329737,7.798875583835939,1.0986122886681098
2324,8743a1341ffffff,8743a1351ffffff,1,5.906548748877584,95,115,4.553876891600541,4.74493212836325,8.683986261058768,0.0
2325,8743a1341ffffff,8743a1352ffffff,1,9.6945096408747,95,468,4.553876891600541,6.148468295917647,9.17941813368809,0.0
2326,8743a1341ffffff,8743a1355ffffff,1,5.870266344258539,95,434,4.553876891600541,6.073044534100405,8.677825621115664,0.0
2327,8743a1341ffffff,8743a1356ffffff,1,9.657683209520041,95,509,4.553876891600541,6.2324480165505225,9.175612604200724,0.0
2328,8743a1341ffffff,8743a135dffffff,1,4.154629789444317,95,77,4.553876891600541,4.343805421853684,8.332219269676871,0.0
2329,8743a1341ffffff,8743a1362ffffff,1,6.358838848933297,95,301,4.553876891600541,5.707110264748875,8.757758317795115,0.0
2330,8743a1341ffffff,8743a1363ffffff,4,4.873531525052675,95,553,4.553876891600541,6.315358001522335,8.491779281389201,1.3862943611198906
2331,8743a1341ffffff,8743a1368ffffff,2,4.582259356428507,95,725,4.553876891600541,6.586171654854675,8.43016567388075,0.6931471805599453
2332,8743a1341ffffff,8743a136affffff,15,2.290829443977111,95,932,4.553876891600541,6.837332814685591,7.737105661443247,2.70805020110221
2333,8743a1341ffffff,8743a136bffffff,4,3.8433808025811427,95,578,4.553876891600541,6.359573868672378,8.254367829330674,1.3862943611198906
2334,8743a1341ffffff,8743a136effffff,5,4.1556138232567195,95,628,4.553876891600541,6.4425401664681985,8.332456036995744,1.6094379124341003
2335,8743a1341ffffff,8743a1370ffffff,1,8.318809762977919,95,353,4.553876891600541,5.8664680569332965,9.026394668527153,0.0
2336,8743a1341ffffff,8743a1371ffffff,1,6.158258550547337,95,543,4.553876891600541,6.297109319933935,8.725711684112209,0.0
2337,8743a1341ffffff,8743a1372ffffff,1,9.031848039525588,95,873,4.553876891600541,6.771935555839602,9.108622994194832,0.0
2338,8743a1341ffffff,8743accb6ffffff,1,5.8751870552457595,95,339,4.553876891600541,5.82600010738045,8.678663370559338,0.0
2339,8743a1341ffffff,8743acd9affffff,2,8.101321561413137,95,591,4.553876891600541,6.3818160174060985,8.999905912115148,0.6931471805599453
2340,8743a1341ffffff,8743acd9bffffff,1,9.707727482007206,95,734,4.553876891600541,6.598509028614515,9.18078050038081,0.0
2341,8743a1342ffffff,8743a1225ffffff,1,7.676189106112902,12,598,2.4849066497880004,6.393590753950631,8.946008757338493,0.0
2342,8743a1342ffffff,8743a1319ffffff,1,11.72922198373432,12,724,2.4849066497880004,6.584791392385716,9.369923865912984,0.0
2343,8743a1342ffffff,8743a1340ffffff,3,2.289772596285374,12,643,2.4849066497880004,6.466144724237619,7.7366444179395835,1.0986122886681098
2344,8743a1342ffffff,8743a1342ffffff,2,0.0,12,214,2.4849066497880004,5.365976015021851,0.0,0.6931471805599453
2345,8743a1342ffffff,8743a1346ffffff,2,2.4361274286512686,12,243,2.4849066497880004,5.493061443340548,7.798575341405188,0.6931471805599453
2346,8743a1342ffffff,8743a134dffffff,1,8.026638902047479,12,307,2.4849066497880004,5.726847747587197,8.990645729089893,0.0
2347,8743a1342ffffff,8743a1356ffffff,1,5.867074398914275,12,509,2.4849066497880004,6.2324480165505225,8.677281817934078,0.0
2348,8743a1342ffffff,8743a1372ffffff,1,6.15585624764416,12,873,2.4849066497880004,6.771935555839602,8.725321576846566,0.0
2349,8743a1343ffffff,8743a1341ffffff,1,2.2902286193666064,3,292,1.0986122886681098,5.676753802268282,7.736843467682818,0.0
2350,8743a1343ffffff,8743a1348ffffff,1,4.518952596461956,3,135,1.0986122886681098,4.90527477843843,8.416256785262865,0.0
2351,8743a1343ffffff,8743acc92ffffff,1,10.224172368555179,3,365,1.0986122886681098,5.8998973535824915,9.232607838329324,0.0
2352,8743a1344ffffff,8743a1301ffffff,2,12.431318511960074,226,567,5.420534999272286,6.340359303727752,9.428054692610642,0.6931471805599453
2353,8743a1344ffffff,8743a1309ffffff,2,7.6781876110497205,226,528,5.420534999272286,6.269096283706261,8.946269040735405,0.6931471805599453
2354,8743a1344ffffff,8743a130dffffff,7,8.018984747880905,226,613,5.420534999272286,6.418364935936212,8.989691799098265,1.9459101490553132
2355,8743a1344ffffff,8743a132affffff,1,11.283854978429613,226,372,5.420534999272286,5.918893854273146,9.331216838343154,0.0
2356,8743a1344ffffff,8743a1340ffffff,26,2.4364310593068734,226,643,5.420534999272286,6.466144724237619,7.798699919110738,3.258096538021482
2357,8743a1344ffffff,8743a1341ffffff,7,4.102804268790436,226,292,5.420534999272286,5.676753802268282,8.319669692923414,1.9459101490553132
2358,8743a1344ffffff,8743a1342ffffff,4,4.154254519403621,226,214,5.420534999272286,5.365976015021851,8.332128961587623,1.3862943611198906
2359,8743a1344ffffff,8743a1343ffffff,1,4.872924547994032,226,55,5.420534999272286,4.007333185232471,8.49165475355528,0.0
2360,8743a1344ffffff,8743a1344ffffff,23,0.0,226,418,5.420534999272286,6.035481432524756,0.0,3.1354942159291497
2361,8743a1344ffffff,8743a1345ffffff,12,2.2587243494901865,226,450,5.420534999272286,6.1092475827643655,7.722998115575347,2.4849066497880004
2362,8743a1344ffffff,8743a1346ffffff,6,2.2899173421710253,226,243,5.420534999272286,5.493061443340548,7.736707602435978,1.791759469228055
2363,8743a1344ffffff,8743a134dffffff,2,8.32315209539804,226,307,5.420534999272286,5.726847747587197,9.026916459258903,0.6931471805599453
2364,8743a1344ffffff,8743a134effffff,1,6.359314703650495,226,325,5.420534999272286,5.783825182329737,8.757833136816041,0.0
2365,8743a1344ffffff,8743a1350ffffff,2,6.867948942671542,226,500,5.420534999272286,6.214608098422191,8.834766381178765,0.6931471805599453
2366,8743a1344ffffff,8743a1351ffffff,1,6.249678336732764,226,115,5.420534999272286,4.74493212836325,8.740445270718315,0.0
2367,8743a1344ffffff,8743a1352ffffff,1,9.156062492879567,226,468,5.420534999272286,6.148468295917647,9.12228071768634,0.0
2368,8743a1344ffffff,8743a1354ffffff,2,5.905186927106653,226,303,5.420534999272286,5.713732805509369,8.683755712176634,0.6931471805599453
2369,8743a1344ffffff,8743a1355ffffff,5,4.579233774549543,226,434,5.420534999272286,6.073044534100405,8.429505318283674,1.6094379124341003
2370,8743a1344ffffff,8743a1356ffffff,1,8.090985622962712,226,509,5.420534999272286,6.2324480165505225,8.99862942158842,0.0
2371,8743a1344ffffff,8743a1362ffffff,5,2.436367919699907,226,301,5.420534999272286,5.707110264748875,7.798674014614063,1.6094379124341003
2372,8743a1344ffffff,8743a1363ffffff,10,2.2905178966933577,226,553,5.420534999272286,6.315358001522335,7.736969713952876,2.302585092994046
2373,8743a1344ffffff,8743a1368ffffff,9,5.873184838191885,226,725,5.420534999272286,6.586171654854675,8.678322578439495,2.1972245773362196
2374,8743a1344ffffff,8743a1369ffffff,4,8.028024414462395,226,444,5.420534999272286,6.095824562432225,8.990818306965014,1.3862943611198906
2375,8743a1344ffffff,8743a136affffff,15,4.518099149811134,226,932,5.420534999272286,6.837332814685591,8.416067949823637,2.70805020110221
2376,8743a1344ffffff,8743a136bffffff,9,6.778124113425874,226,578,5.420534999272286,6.359573868672378,8.821603185778763,2.1972245773362196
2377,8743a1344ffffff,8743a136dffffff,3,7.686643900680338,226,609,5.420534999272286,6.411818267709897,8.947369630727266,1.0986122886681098
2378,8743a1344ffffff,8743a136effffff,13,3.842265438744635,226,628,5.420534999272286,6.4425401664681985,8.25407765889116,2.5649493574615367
2379,8743a1344ffffff,8743a1370ffffff,7,4.515496200420462,226,353,5.420534999272286,5.8664680569332965,8.41549179532318,1.9459101490553132
2380,8743a1344ffffff,8743a1371ffffff,23,2.258073611935732,226,543,5.420534999272286,6.297109319933935,7.7227101020086835,3.1354942159291497
2381,8743a1344ffffff,8743a1372ffffff,5,5.868262191042098,226,873,5.420534999272286,6.771935555839602,8.677484213447366,1.6094379124341003
2382,8743a1344ffffff,8743a1373ffffff,1,3.8401513645102003,226,305,5.420534999272286,5.720311776607412,8.253527435148253,0.0
2383,8743a1344ffffff,8743a1375ffffff,2,4.101515960127618,226,141,5.420534999272286,4.948759890378168,8.319355713298572,0.6931471805599453
2384,8743a1344ffffff,8743a1376ffffff,2,6.772267480370405,226,44,5.420534999272286,3.784189633918261,8.820738890590787,0.6931471805599453
2385,8743a1344ffffff,8743acc86ffffff,1,14.989675641372813,226,205,5.420534999272286,5.3230099791384085,9.61518366288762,0.0
2386,8743a1344ffffff,8743acca2ffffff,2,14.688205608507761,226,736,5.420534999272286,6.601230118728877,9.59486819068105,0.6931471805599453
2387,8743a1344ffffff,8743acca6ffffff,1,13.891081603155857,226,594,5.420534999272286,6.386879319362645,9.539074287958133,0.0
2388,8743a1344ffffff,8743accb0ffffff,2,11.30012337627126,226,947,5.420534999272286,6.853299093186078,9.33265741358852,0.6931471805599453
2389,8743a1344ffffff,8743accb4ffffff,1,10.229195619420308,226,406,5.420534999272286,6.0063531596017325,9.23309898089582,0.0
2390,8743a1344ffffff,8743accb6ffffff,1,9.038798951972833,226,339,5.420534999272286,5.82600010738045,9.1093922133129,0.0
2391,8743a1344ffffff,8743acd98ffffff,1,11.533134327459372,226,417,5.420534999272286,6.0330862217988015,9.353066120323891,0.0
2392,8743a1344ffffff,8743acd99ffffff,1,13.493596653522971,226,443,5.420534999272286,6.093569770045136,9.510044636418769,0.0
2393,8743a1344ffffff,8743acd9affffff,2,9.667979831024061,226,591,5.420534999272286,6.3818160174060985,9.176678084539088,0.6931471805599453
2394,8743a1345ffffff,8743a1220ffffff,1,13.97677212489051,465,473,6.142037405587356,6.159095388491933,9.545223641492578,0.0
2395,8743a1345ffffff,8743a1221ffffff,1,12.57350490883863,465,324,6.142037405587356,5.780743515792329,9.43942662312637,0.0
2396,8743a1345ffffff,8743a1224ffffff,4,13.508774417094278,465,845,6.142037405587356,6.739336627357174,9.511168733338472,1.3862943611198906
2397,8743a1345ffffff,8743a1225ffffff,2,11.808580670101929,465,598,6.142037405587356,6.393590753950631,9.376666402219124,0.6931471805599453
2398,8743a1345ffffff,8743a1301ffffff,5,14.663333872628751,465,567,6.142037405587356,6.340359303727752,9.593173557442888,1.6094379124341003
2399,8743a1345ffffff,8743a1308ffffff,3,11.735063657309684,465,246,6.142037405587356,5.5053315359323625,9.37042174391425,1.0986122886681098
2400,8743a1345ffffff,8743a1309ffffff,2,9.657371515308087,465,528,6.142037405587356,6.269096283706261,9.175580332799475,0.6931471805599453
2401,8743a1345ffffff,8743a130affffff,1,13.471342700585714,465,617,6.142037405587356,6.424869023905388,9.508394174147412,0.0
2402,8743a1345ffffff,8743a130bffffff,1,11.517339591930513,465,487,6.142037405587356,6.18826412308259,9.351695791216853,0.0
2403,8743a1345ffffff,8743a130cffffff,4,12.435010205230869,465,576,6.142037405587356,6.3561076606958915,9.428351591798352,1.3862943611198906
2404,8743a1345ffffff,8743a130dffffff,6,10.217772719178228,465,613,6.142037405587356,6.418364935936212,9.231981770360688,1.791759469228055
2405,8743a1345ffffff,8743a1318ffffff,1,17.292913062120178,465,369,6.142037405587356,5.910796644040527,9.75810987245328,0.0
2406,8743a1345ffffff,8743a1319ffffff,1,15.352220752701232,465,724,6.142037405587356,6.584791392385716,9.639080552028872,0.0
2407,8743a1345ffffff,8743a132affffff,1,13.5425793279198,465,372,6.142037405587356,5.918893854273146,9.513667863667276,0.0
2408,8743a1345ffffff,8743a1340ffffff,39,2.2903734636743076,465,643,6.142037405587356,6.466144724237619,7.736906682557304,3.6635616461296463
2409,8743a1345ffffff,8743a1341ffffff,19,2.436797167732786,465,292,6.142037405587356,5.676753802268282,7.7988501104082735,2.9444389791664403
2410,8743a1345ffffff,8743a1342ffffff,4,4.580146059959682,465,214,6.142037405587356,5.365976015021851,8.429704477237813,1.3862943611198906
2411,8743a1345ffffff,8743a1343ffffff,3,4.1548330629175805,465,55,6.142037405587356,4.007333185232471,8.332268183683206,1.0986122886681098
2412,8743a1345ffffff,8743a1344ffffff,21,2.2587243494901865,465,418,6.142037405587356,6.035481432524756,7.722998115575347,3.044522437723423
2413,8743a1345ffffff,8743a1345ffffff,69,0.0,465,450,6.142037405587356,6.1092475827643655,0.0,4.23410650459726
2414,8743a1345ffffff,8743a1346ffffff,7,3.84122817914113,465,243,6.142037405587356,5.493061443340548,8.253807732283613,1.9459101490553132
2415,8743a1345ffffff,8743a1348ffffff,1,6.360520167597669,465,135,6.142037405587356,4.90527477843843,8.75802264783595,0.0
2416,8743a1345ffffff,8743a134affffff,2,7.310577092039977,465,79,6.142037405587356,4.3694478524670215,8.897214273939447,0.6931471805599453
2417,8743a1345ffffff,8743a134cffffff,6,4.103700503857861,465,283,6.142037405587356,5.645446897643238,8.319888060359581,1.791759469228055
2418,8743a1345ffffff,8743a134dffffff,5,6.161311102931757,465,307,6.142037405587356,5.726847747587197,8.726207165212868,1.6094379124341003
2419,8743a1345ffffff,8743a134effffff,19,4.8736564353063345,465,325,6.142037405587356,5.783825182329737,8.491804906139524,2.9444389791664403
2420,8743a1345ffffff,8743a1350ffffff,1,8.09292998056275,465,500,6.142037405587356,6.214608098422191,8.998869674615436,0.0
2421,8743a1345ffffff,8743a1351ffffff,2,6.869317433959995,465,115,6.142037405587356,4.74493212836325,8.834965589965533,0.6931471805599453
2422,8743a1345ffffff,8743a1354ffffff,3,7.680341723144954,465,303,6.142037405587356,5.713732805509369,8.946549514417331,1.0986122886681098
2423,8743a1345ffffff,8743a1355ffffff,6,5.906692287655155,465,434,6.142037405587356,6.073044534100405,8.684010558282521,1.791759469228055
2424,8743a1345ffffff,8743a1356ffffff,3,9.69461971958377,465,509,6.142037405587356,6.2324480165505225,9.1794294872,1.0986122886681098
2425,8743a1345ffffff,8743a135dffffff,4,6.415077643866314,465,77,6.142037405587356,4.343805421853684,8.766562251073237,1.3862943611198906
2426,8743a1345ffffff,8743a1361ffffff,2,4.155815293727888,465,77,6.142037405587356,4.343805421853684,8.332504505676567,0.6931471805599453
2427,8743a1345ffffff,8743a1362ffffff,14,4.1024133450788085,465,301,6.142037405587356,5.707110264748875,8.31957442952714,2.6390573296152584
2428,8743a1345ffffff,8743a1363ffffff,27,2.4367343573198883,465,553,6.142037405587356,6.315358001522335,7.7988243448429895,3.295836866004329
2429,8743a1345ffffff,8743a1368ffffff,24,3.843341766901458,465,725,6.142037405587356,6.586171654854675,8.254357675321518,3.1780538303479458
2430,8743a1345ffffff,8743a1369ffffff,8,5.8749155408402665,465,444,6.142037405587356,6.095824562432225,8.678617163609845,2.0794415416798357
2431,8743a1345ffffff,8743a136affffff,50,2.2593748003209475,465,932,6.142037405587356,6.837332814685591,7.723285919366234,3.912023005428146
2432,8743a1345ffffff,8743a136bffffff,10,4.519399763935687,465,578,6.142037405587356,6.359573868672378,8.416355712263998,2.302585092994046
2433,8743a1345ffffff,8743a136cffffff,2,4.582548105886827,465,354,6.142037405587356,5.869296913133774,8.430228672794954,0.6931471805599453
2434,8743a1345ffffff,8743a136dffffff,5,5.9114918938949454,465,609,6.142037405587356,6.411818267709897,8.684822661787823,1.6094379124341003
2435,8743a1345ffffff,8743a136effffff,21,2.290973975358227,465,628,6.142037405587356,6.4425401664681985,7.7371687232144195,3.044522437723423
2436,8743a1345ffffff,8743a1370ffffff,7,6.77422054991065,465,353,6.142037405587356,5.8664680569332965,8.821027198710395,1.9459101490553132
2437,8743a1345ffffff,8743a1371ffffff,12,4.516797961425918,465,543,6.142037405587356,6.297109319933935,8.415779977441481,2.4849066497880004
2438,8743a1345ffffff,8743a1372ffffff,9,8.021370783708829,465,873,6.142037405587356,6.771935555839602,8.989989266118096,2.1972245773362196
2439,8743a1345ffffff,8743a1373ffffff,5,5.869994323621434,465,305,6.142037405587356,5.720311776607412,8.67777928921334,1.6094379124341003
2440,8743a1345ffffff,8743a1375ffffff,2,6.157605337610902,465,141,6.142037405587356,4.948759890378168,8.725605624661808,0.6931471805599453
2441,8743a1345ffffff,8743a1376ffffff,1,9.030991829860593,465,44,6.142037405587356,3.784189633918261,9.108528201252096,0.0
2442,8743a1345ffffff,8743acca4ffffff,1,13.497477972805312,465,400,6.142037405587356,5.991464547107982,9.510332215315417,0.0
2443,8743a1345ffffff,8743acca6ffffff,1,11.754748486375926,465,594,6.142037405587356,6.386879319362645,9.372097632819974,0.0
2444,8743a1345ffffff,8743accb0ffffff,4,9.041399026781074,465,947,6.142037405587356,6.853299093186078,9.109679797248129,1.3862943611198906
2445,8743a1345ffffff,8743accb1ffffff,2,11.303372746833686,465,637,6.142037405587356,6.456769655572163,9.33294489859368,0.6931471805599453
2446,8743a1345ffffff,8743accb5ffffff,1,10.232229618275161,465,508,6.142037405587356,6.230481447578482,9.233395509833848,0.0
2447,8743a1345ffffff,8743accb6ffffff,2,6.780074602482647,465,339,6.142037405587356,5.82600010738045,8.82189086431668,0.6931471805599453
2448,8743a1345ffffff,8743acd99ffffff,1,11.53636183794044,465,443,6.142037405587356,6.093569770045136,9.353345903696324,0.0
2449,8743a1345ffffff,8743acd9affffff,5,7.688796066882693,465,591,6.142037405587356,6.3818160174060985,8.947649542887019,1.6094379124341003
2450,8743a1345ffffff,8743acd9bffffff,2,9.670786239222114,465,734,6.142037405587356,6.598509028614515,9.17696829106013,0.6931471805599453
2451,8743a1346ffffff,8743a1222ffffff,1,12.567204547631958,127,253,4.844187086458591,5.53338948872752,9.438925455076088,0.0
2452,8743a1346ffffff,8743a1223ffffff,1,11.440565986793365,127,328,4.844187086458591,5.793013608384144,9.345008142523087,0.0
2453,8743a1346ffffff,8743a1224ffffff,4,9.689350220903831,127,845,4.844187086458591,6.739336627357174,9.178885846739822,1.3862943611198906
2454,8743a1346ffffff,8743a1225ffffff,4,8.088730927539737,127,598,4.844187086458591,6.393590753950631,8.998350749615575,1.3862943611198906
2455,8743a1346ffffff,8743a1300ffffff,1,13.536049065909976,127,431,4.844187086458591,6.066108090103747,9.513185580757039,0.0
2456,8743a1346ffffff,8743a1301ffffff,2,11.281670422479516,127,567,4.844187086458591,6.340359303727752,9.331023236615174,0.6931471805599453
2457,8743a1346ffffff,8743a1309ffffff,3,5.866802277621565,127,528,4.844187086458591,6.269096283706261,8.677235443674999,1.0986122886681098
2458,8743a1346ffffff,8743a130affffff,1,9.652063497938839,127,617,4.844187086458591,6.424869023905388,9.175030604879279,0.0
2459,8743a1346ffffff,8743a130bffffff,2,7.676111412789383,127,487,4.844187086458591,6.18826412308259,8.945998637265172,0.6931471805599453
2460,8743a1346ffffff,8743a130cffffff,3,9.026639588253692,127,576,4.844187086458591,6.3561076606958915,9.108046215591326,1.0986122886681098
2461,8743a1346ffffff,8743a130dffffff,5,6.77095684545027,127,613,4.844187086458591,6.418364935936212,8.820545370735715,1.6094379124341003
2462,8743a1346ffffff,8743a1319ffffff,4,11.510992573560104,127,724,4.844187086458591,6.584791392385716,9.351144603462766,1.3862943611198906
2463,8743a1346ffffff,8743a131effffff,1,15.498292062346554,127,593,4.844187086458591,6.385194398997726,9.648549628467281,0.0
2464,8743a1346ffffff,8743a1340ffffff,21,2.258287538597434,127,643,4.844187086458591,6.466144724237619,7.722804794156891,3.044522437723423
2465,8743a1346ffffff,8743a1341ffffff,1,4.517225562423318,127,292,4.844187086458591,5.676753802268282,8.415874621063555,0.0
2466,8743a1346ffffff,8743a1342ffffff,4,2.4361274286512686,127,214,4.844187086458591,5.365976015021851,7.798575341405188,1.3862943611198906
2467,8743a1346ffffff,8743a1344ffffff,5,2.2899173421710253,127,418,4.844187086458591,6.035481432524756,7.736707602435978,1.6094379124341003
2468,8743a1346ffffff,8743a1345ffffff,4,3.84122817914113,127,450,4.844187086458591,6.1092475827643655,8.253807732283613,1.3862943611198906
2469,8743a1346ffffff,8743a1346ffffff,8,0.0,127,243,4.844187086458591,5.493061443340548,0.0,2.0794415416798357
2470,8743a1346ffffff,8743a134dffffff,1,9.037051916435233,127,307,4.844187086458591,5.726847747587197,9.109198934194076,0.0
2471,8743a1346ffffff,8743a1350ffffff,1,4.578031600500515,127,500,4.844187086458591,6.214608098422191,8.429242813812692,0.0
2472,8743a1346ffffff,8743a1352ffffff,1,6.866145150708541,127,468,4.844187086458591,6.148468295917647,8.834503745823895,0.0
2473,8743a1346ffffff,8743a1354ffffff,3,3.8391135440038235,127,303,4.844187086458591,5.713732805509369,8.25325721389562,1.0986122886681098
2474,8743a1346ffffff,8743a1355ffffff,1,2.289316432378518,127,434,4.844187086458591,6.073044534100405,7.736445267080253,0.0
2475,8743a1346ffffff,8743a1362ffffff,1,4.154456316420085,127,301,4.844187086458591,5.707110264748875,8.332177524705866,0.0
2476,8743a1346ffffff,8743a1363ffffff,2,4.580435238864382,127,553,4.844187086458591,6.315358001522335,8.429767598948903,0.6931471805599453
2477,8743a1346ffffff,8743a1368ffffff,1,7.684569946042589,127,725,4.844187086458591,6.586171654854675,8.94709981666353,0.0
2478,8743a1346ffffff,8743a136affffff,6,5.8717258465493565,127,932,4.844187086458591,6.837332814685591,8.67807417412466,1.791759469228055
2479,8743a1346ffffff,8743a136bffffff,3,8.026140176083334,127,578,4.844187086458591,6.359573868672378,8.990583601051647,1.0986122886681098
2480,8743a1346ffffff,8743a136effffff,1,5.908340217049059,127,628,4.844187086458591,6.4425401664681985,8.68428946576694,0.0
2481,8743a1346ffffff,8743a1370ffffff,7,4.101010162021411,127,353,4.844187086458591,5.8664680569332965,8.31923241596261,1.9459101490553132
2482,8743a1346ffffff,8743a1371ffffff,6,2.436064670049519,127,543,4.844187086458591,6.297109319933935,7.798549590018915,1.791759469228055
2483,8743a1346ffffff,8743a1372ffffff,8,4.51462247710227,127,873,4.844187086458591,6.771935555839602,8.415298325030745,2.0794415416798357
2484,8743a1346ffffff,8743a1373ffffff,6,2.2576367670615056,127,305,4.844187086458591,5.720311776607412,7.722516709852506,1.791759469228055
2485,8743a1346ffffff,8743a1375ffffff,1,4.87206587162453,127,141,4.844187086458591,4.948759890378168,8.491478560425964,0.0
2486,8743a1346ffffff,8743accb5ffffff,1,13.887740561539347,127,508,4.844187086458591,6.230481447578482,9.538833759322024,0.0
2487,8743a1346ffffff,8743accb6ffffff,1,10.22688269156519,127,339,4.844187086458591,5.82600010738045,9.23287286700283,0.0
2488,8743a1346ffffff,8743acd9affffff,1,11.530024246023823,127,591,4.844187086458591,6.3818160174060985,9.352796442450705,0.0
2489,8743a1348ffffff,8743a1261ffffff,1,7.312037803575177,8,264,2.0794415416798357,5.575949103146316,8.89741403462381,0.0
2490,8743a1348ffffff,8743a1265ffffff,1,4.874631995393438,8,224,2.0794415416798357,5.4116460518550396,8.492005015110104,0.0
2491,8743a1348ffffff,8743a134affffff,1,2.2905391470914265,8,79,2.0794415416798357,4.3694478524670215,7.736978987412868,0.0
2492,8743a1348ffffff,8743a134bffffff,1,2.437285823786393,8,52,2.0794415416798357,3.9512437185814275,7.799050540161455,0.0
2493,8743a1348ffffff,8743a134dffffff,2,2.2911402412382404,8,307,2.0794415416798357,5.726847747587197,7.7372412632394845,0.6931471805599453
2494,8743a1348ffffff,8743a134effffff,1,2.2598012707315704,8,325,2.0794415416798357,5.783825182329737,7.723474574001748,0.0
2495,8743a1348ffffff,8743accb6ffffff,1,4.582881220421003,8,339,2.0794415416798357,5.82600010738045,8.430301346283336,0.0
2496,8743a1349ffffff,8743a1244ffffff,1,10.364575380163759,20,322,2.995732273553991,5.7745515455444085,9.246245535163574,0.0
2497,8743a1349ffffff,8743a1245ffffff,1,10.531547868853723,20,30,2.995732273553991,3.4011973816621555,9.262225538713835,0.0
2498,8743a1349ffffff,8743a1260ffffff,1,6.25175297835444,20,269,2.995732273553991,5.594711379601839,8.740777122285845,0.0
2499,8743a1349ffffff,8743a1262ffffff,3,8.448702792960916,20,371,2.995732273553991,5.916202062607435,9.041886547301994,1.0986122886681098
2500,8743a1349ffffff,8743a1265ffffff,1,4.155579930639807,20,224,2.995732273553991,5.4116460518550396,8.332447883061668,0.0
2501,8743a1349ffffff,8743a134cffffff,1,4.10498486172127,20,283,2.995732273553991,5.645446897643238,8.320200910704393,0.0
2502,8743a1349ffffff,8743a134dffffff,1,2.437589980002919,20,307,2.995732273553991,5.726847747587197,7.799175274203969,0.0
2503,8743a1349ffffff,8743a135dffffff,1,5.87399847126823,20,77,2.995732273553991,4.343805421853684,8.678461078802663,0.0
2504,8743a1349ffffff,8743a1369ffffff,2,6.417832608403619,20,444,2.995732273553991,6.095824562432225,8.766991543452455,0.6931471805599453
2505,8743a1349ffffff,8743a136affffff,1,6.361724810921363,20,932,2.995732273553991,6.837332814685591,8.758211993974653,0.0
2506,8743a1349ffffff,8743a136bffffff,2,4.875118520212205,20,578,2.995732273553991,6.359573868672378,8.492104797158136,0.6931471805599453
2507,8743a1349ffffff,8743acc82ffffff,1,6.785247826211678,20,621,2.995732273553991,6.431331081933479,8.822653464897146,0.0
2508,8743a1349ffffff,8743acc90ffffff,1,4.106266412648601,20,353,2.995732273553991,5.8664680569332965,8.320512979797355,0.0
2509,8743a1349ffffff,8743acc91ffffff,1,6.16565563912304,20,927,2.995732273553991,6.831953565565855,8.72691193414639,0.0
2510,8743a1349ffffff,8743acc9dffffff,1,10.538600001934109,20,654,2.995732273553991,6.483107351457199,9.26289487089458,0.0
2511,8743a1349ffffff,8743accb1ffffff,1,5.914212654458117,20,637,2.995732273553991,6.456769655572163,8.68528272749204,0.0
2512,8743a134affffff,8743a1262ffffff,1,6.414576076898097,8,371,2.0794415416798357,5.916202062607435,8.76648407456078,0.0
2513,8743a134affffff,8743a1341ffffff,2,4.87377992430719,8,292,2.0794415416798357,5.676753802268282,8.49183023868108,0.6931471805599453
2514,8743a134affffff,8743a1346ffffff,1,8.205880962984303,8,243,2.0794415416798357,5.493061443340548,9.012728223197035,0.0
2515,8743a134affffff,8743a134affffff,2,0.0,8,79,2.0794415416798357,4.3694478524670215,0.0,0.6931471805599453
2516,8743a134affffff,8743a134cffffff,1,4.155207601741825,8,283,2.0794415416798357,5.645446897643238,8.332358303267458,0.0
2517,8743a134affffff,8743a136affffff,1,6.415941344367666,8,932,2.0794415416798357,6.837332814685591,8.766696857046073,0.0
2518,8743a134bffffff,8743a1225ffffff,2,14.671157966456953,64,598,4.1588830833596715,6.393590753950631,9.593706960963434,0.6931471805599453
2519,8743a134bffffff,8743a1244ffffff,1,8.308602774473355,64,322,4.1588830833596715,5.7745515455444085,9.025167085801261,0.0
2520,8743a134bffffff,8743a1246ffffff,1,10.362434311947089,64,158,4.1588830833596715,5.062595033026967,9.246038958172576,0.0
2521,8743a134bffffff,8743a1260ffffff,1,4.1547970069669224,64,269,4.1588830833596715,5.594711379601839,8.332259507659284,0.0
2522,8743a134bffffff,8743a1262ffffff,3,6.250389708672981,64,371,4.1588830833596715,5.916202062607435,8.740559071401274,1.0986122886681098
2523,8743a134bffffff,8743a1264ffffff,1,2.2903933819211564,64,40,4.1588830833596715,3.6888794541139363,7.73691537523032,0.0
2524,8743a134bffffff,8743a1265ffffff,1,2.4373461716070457,64,224,4.1588830833596715,5.4116460518550396,7.799075289956278,0.0
2525,8743a134bffffff,8743a1266ffffff,1,4.5801850023065,64,30,4.1588830833596715,3.4011973816621555,8.429712977770386,0.0
2526,8743a134bffffff,8743a1271ffffff,1,8.446743714607631,64,332,4.1588830833596715,5.805134968916488,9.04165466867333,0.0
2527,8743a134bffffff,8743a1275ffffff,1,6.8693745069485574,64,132,4.1588830833596715,4.882801922586371,8.834973897114663,0.0
2528,8743a134bffffff,8743a1348ffffff,2,2.437285823786393,64,135,4.1588830833596715,4.90527477843843,7.799050540161455,0.6931471805599453
2529,8743a134bffffff,8743a134affffff,4,2.2600139464568842,64,79,4.1588830833596715,4.3694478524670215,7.723568640528245,1.3862943611198906
2530,8743a134bffffff,8743a134bffffff,2,0.0,64,52,4.1588830833596715,3.9512437185814275,0.0,0.6931471805599453
2531,8743a134bffffff,8743a134cffffff,1,4.874510588623784,64,283,4.1588830833596715,5.645446897643238,8.491980114075458,0.0
2532,8743a134bffffff,8743a134dffffff,5,4.15578506603968,64,307,4.1588830833596715,5.726847747587197,8.332497233811935,1.6094379124341003
2533,8743a134bffffff,8743a134effffff,8,4.1044780127548,64,325,4.1588830833596715,5.783825182329737,8.320077461576057,2.0794415416798357
2534,8743a134bffffff,8743a135affffff,5,7.682724929925425,64,504,4.1588830833596715,6.222576268071369,8.946859725476404,1.6094379124341003
2535,8743a134bffffff,8743a135dffffff,3,4.519378201388076,64,77,4.1588830833596715,4.343805421853684,8.416350942199365,1.0986122886681098
2536,8743a134bffffff,8743a1368ffffff,1,8.772812264504736,64,725,4.1588830833596715,6.586171654854675,9.07952668470043,0.0
2537,8743a134bffffff,8743a1369ffffff,2,8.31255500589062,64,444,4.1588830833596715,6.095824562432225,9.025642594912581,0.6931471805599453
2538,8743a134bffffff,8743a136affffff,3,7.311673583481563,64,932,4.1588830833596715,6.837332814685591,8.89736422917038,1.0986122886681098
2539,8743a134bffffff,8743a136bffffff,1,6.416804427877879,64,578,4.1588830833596715,6.359573868672378,8.766831348765164,0.0
2540,8743a134bffffff,8743acc83ffffff,1,10.237416944829969,64,574,4.1588830833596715,6.352629396319567,9.233902291410976,0.0
2541,8743a134bffffff,8743acc92ffffff,5,4.105759069161848,64,365,4.1588830833596715,5.8998973535824915,8.32038944877386,1.6094379124341003
2542,8743a134bffffff,8743acc98ffffff,1,10.536894811605135,64,461,4.1588830833596715,6.133398042996649,9.262733068901717,0.0
2543,8743a134bffffff,8743acc9cffffff,1,9.046546913623285,64,487,4.1588830833596715,6.18826412308259,9.110248940682624,0.0
2544,8743a134bffffff,8743accb0ffffff,1,6.874787160738612,64,947,4.1588830833596715,6.853299093186078,8.835761412088027,0.0
2545,8743a134bffffff,8743accb1ffffff,1,8.10264359545981,64,637,4.1588830833596715,6.456769655572163,9.00006906611885,0.0
2546,8743a134bffffff,8743accb3ffffff,3,5.912565043656709,64,462,4.1588830833596715,6.135564891081739,8.685004150811658,1.0986122886681098
2547,8743a134bffffff,8743accb6ffffff,1,6.25351772672152,64,339,4.1588830833596715,5.82600010738045,8.741059317885574,0.0
2548,8743a134dffffff,8743a1345ffffff,1,6.161311102931757,8,450,2.0794415416798357,6.1092475827643655,8.726207165212868,0.0
2549,8743a134dffffff,8743a134affffff,1,4.5816793883296665,8,79,2.0794415416798357,4.3694478524670215,8.430039125337112,0.0
2550,8743a134dffffff,8743a134cffffff,1,2.2602381320848,8,283,2.0794415416798357,5.645446897643238,7.723667788308689,0.0
2551,8743a134dffffff,8743a134dffffff,2,0.0,8,307,2.0794415416798357,5.726847747587197,0.0,0.6931471805599453
2552,8743a134dffffff,8743a134effffff,1,3.8434193932004583,8,325,2.0794415416798357,5.783825182329737,8.25437786746883,0.0
2553,8743a134dffffff,8743a1355ffffff,1,10.224568989388258,8,434,2.0794415416798357,6.073044534100405,9.232646626246709,0.0
2554,8743a134dffffff,8743accb1ffffff,1,5.878645800705175,8,637,2.0794415416798357,6.456769655572163,8.679251801102982,0.0
2555,8743a134effffff,8743a1260ffffff,2,7.310943294424334,44,269,3.784189633918261,5.594711379601839,8.89726435796501,0.6931471805599453
2556,8743a134effffff,8743a1262ffffff,1,8.77008906957454,44,371,3.784189633918261,5.916202062607435,9.079216258907747,0.0
2557,8743a134effffff,8743a1263ffffff,1,9.748043853487204,44,305,3.784189633918261,5.720311776607412,9.184924492874073,0.0
2558,8743a134effffff,8743a1265ffffff,2,6.361464744014339,44,224,3.784189633918261,5.4116460518550396,8.758171119627605,0.6931471805599453
2559,8743a134effffff,8743a1340ffffff,4,4.103194150284519,44,643,3.784189633918261,6.466144724237619,8.319764693305839,1.3862943611198906
2560,8743a134effffff,8743a1341ffffff,1,2.436859267573548,44,292,3.784189633918261,5.676753802268282,7.798875583835939,0.0
2561,8743a134effffff,8743a1348ffffff,3,2.2598012707315704,44,135,3.784189633918261,4.90527477843843,7.723474574001748,1.0986122886681098
2562,8743a134effffff,8743a134cffffff,1,2.29068450116776,44,283,3.784189633918261,5.645446897643238,7.7370424161641305,0.0
2563,8743a134effffff,8743a134effffff,4,0.0,44,325,3.784189633918261,5.783825182329737,0.0,1.3862943611198906
2564,8743a134effffff,8743a135affffff,1,6.868445261095148,44,504,3.784189633918261,6.222576268071369,8.834838633935012,0.0
2565,8743a134effffff,8743a135dffffff,2,2.29008336393658,44,77,3.784189633918261,4.343805421853684,7.736780069367468,0.6931471805599453
2566,8743a134effffff,8743a1362ffffff,2,8.71302954239768,44,301,3.784189633918261,5.707110264748875,9.072689596894005,0.6931471805599453
2567,8743a134effffff,8743a1363ffffff,1,7.310390792626223,44,553,3.784189633918261,6.315358001522335,8.89718879355609,0.0
2568,8743a134effffff,8743a1368ffffff,1,6.252959119742418,44,725,3.784189633918261,6.586171654854675,8.74097000133867,0.0
2569,8743a134effffff,8743a1369ffffff,3,6.873855491322512,44,444,3.784189633918261,6.095824562432225,8.835625902869863,1.0986122886681098
2570,8743a134effffff,8743a136affffff,5,4.1554112592198535,44,932,3.784189633918261,6.837332814685591,8.332407302862286,1.6094379124341003
2571,8743a134effffff,8743a136bffffff,1,4.581969783800203,44,578,3.784189633918261,6.359573868672378,8.430102491382481,0.0
2572,8743a134effffff,8743a136dffffff,2,8.452378238276303,44,609,3.784189633918261,6.411818267709897,9.042321431967876,0.6931471805599453
2573,8743a134effffff,8743a136effffff,1,6.41610563864319,44,628,3.784189633918261,6.4425401664681985,8.766722459925,0.0
2574,8743a134effffff,8743acc91ffffff,1,10.532977062281303,44,927,3.784189633918261,6.831953565565855,9.262361222547257,0.0
2575,8743a134effffff,8743acc92ffffff,1,8.210237081916649,44,365,3.784189633918261,5.8998973535824915,9.013258870987805,0.0
2576,8743a134effffff,8743acc96ffffff,2,6.162609897028485,44,94,3.784189633918261,4.543294782270004,8.726417907128468,0.6931471805599453
2577,8743a134effffff,8743accb3ffffff,1,8.031403403328648,44,462,3.784189633918261,6.135564891081739,8.99123906518831,0.0
2578,8743a134effffff,8743acd9bffffff,1,10.335969394794397,44,734,3.784189633918261,6.598509028614515,9.243482009820598,0.0
2579,8743a1350ffffff,8743a1200ffffff,8,10.672390583719183,848,292,6.742880635791903,5.676753802268282,9.275509061739465,2.0794415416798357
2580,8743a1350ffffff,8743a1201ffffff,1,10.354837050276513,848,115,6.742880635791903,4.74493212836325,9.245305605934629,0.0
2581,8743a1350ffffff,8743a1202ffffff,1,12.923110991116468,848,68,6.742880635791903,4.219507705176107,9.466849914892382,0.0
2582,8743a1350ffffff,8743a1203ffffff,11,12.488048000699202,848,257,6.742880635791903,5.54907608489522,9.432607379293861,2.3978952727983707
2583,8743a1350ffffff,8743a1204ffffff,15,9.148840968890958,848,422,6.742880635791903,6.045005314036012,9.12149177766945,2.70805020110221
2584,8743a1350ffffff,8743a1205ffffff,14,8.43982819536914,848,295,6.742880635791903,5.68697535633982,9.040835710189228,2.6390573296152584
2585,8743a1350ffffff,8743a1206ffffff,3,11.43454452701441,848,172,6.742880635791903,5.147494476813453,9.344481724651006,1.0986122886681098
2586,8743a1350ffffff,8743a1220ffffff,18,5.900237983796834,848,473,6.742880635791903,6.159095388491933,8.68291743564522,2.8903717578961645
2587,8743a1350ffffff,8743a1221ffffff,27,4.575625129653865,848,324,6.742880635791903,5.780743515792329,8.428717134230551,3.295836866004329
2588,8743a1350ffffff,8743a1222ffffff,7,8.084218231243915,848,253,6.742880635791903,5.53338948872752,8.997792763761202,1.9459101490553132
2589,8743a1350ffffff,8743a1223ffffff,14,6.8625343862928485,848,328,6.742880635791903,5.793013608384144,8.833977804702162,2.6390573296152584
2590,8743a1350ffffff,8743a1224ffffff,33,5.8638809326729335,848,845,6.742880635791903,6.739336627357174,8.676737459546963,3.4965075614664802
2591,8743a1350ffffff,8743a1225ffffff,66,3.837036677657029,848,598,6.742880635791903,6.393590753950631,8.252716232972485,4.189654742026425
2592,8743a1350ffffff,8743a1226ffffff,18,7.671956571740481,848,670,6.742880635791903,6.507277712385012,8.945457292281612,2.8903717578961645
2593,8743a1350ffffff,8743a122effffff,5,6.245591671445016,848,132,6.742880635791903,4.882801922586371,8.739791261413764,1.6094379124341003
2594,8743a1350ffffff,8743a1231ffffff,1,10.312124328192077,848,210,6.742880635791903,5.3471075307174685,9.241172569726004,0.0
2595,8743a1350ffffff,8743a1234ffffff,2,11.504758656756847,848,13,6.742880635791903,2.5649493574615367,9.350602941777982,0.6931471805599453
2596,8743a1350ffffff,8743a1266ffffff,1,10.21798029373146,848,30,6.742880635791903,3.4011973816621555,9.232002083215347,0.0
2597,8743a1350ffffff,8743a1274ffffff,1,8.7105728402835,848,44,6.742880635791903,3.784189633918261,9.072407632221966,0.0
2598,8743a1350ffffff,8743a1300ffffff,8,12.303190832127797,848,431,6.742880635791903,6.066108090103747,9.417695201388463,2.0794415416798357
2599,8743a1350ffffff,8743a1301ffffff,13,10.208625219873571,848,567,6.742880635791903,6.340359303727752,9.23108620332275,2.5649493574615367
2600,8743a1350ffffff,8743a1302ffffff,2,12.727945848173269,848,423,6.742880635791903,6.0473721790462776,9.451633879652356,0.6931471805599453
2601,8743a1350ffffff,8743a1303ffffff,5,10.510429043693383,848,368,6.742880635791903,5.908082938168931,9.26021842453215,1.6094379124341003
2602,8743a1350ffffff,8743a1308ffffff,7,6.153452723186964,848,246,6.742880635791903,5.5053315359323625,8.724931118854904,1.9459101490553132
2603,8743a1350ffffff,8743a1309ffffff,19,4.099997431964808,848,528,6.742880635791903,6.269096283706261,8.318985499194547,2.9444389791664403
2604,8743a1350ffffff,8743a130affffff,12,6.768334200046224,848,617,6.742880635791903,6.424869023905388,8.820158015434359,2.4849066497880004
2605,8743a1350ffffff,8743a130bffffff,7,4.512874112285042,848,487,6.742880635791903,6.18826412308259,8.414911068704377,1.9459101490553132
2606,8743a1350ffffff,8743a130cffffff,15,8.198705257561457,848,576,6.742880635791903,6.3561076606958915,9.011853488406514,2.70805020110221
2607,8743a1350ffffff,8743a130dffffff,12,6.354962525050503,848,613,6.742880635791903,6.418364935936212,8.757148631643394,2.4849066497880004
2608,8743a1350ffffff,8743a130effffff,1,8.311897190294879,848,167,6.742880635791903,5.117993812416755,9.025563466113685,0.0
2609,8743a1350ffffff,8743a1311ffffff,1,13.530803195924685,848,547,6.742880635791903,6.304448802421981,9.51279798618892,0.0
2610,8743a1350ffffff,8743a1318ffffff,2,10.20778690578648,848,369,6.742880635791903,5.910796644040527,9.23100408977911,0.6931471805599453
2611,8743a1350ffffff,8743a1319ffffff,24,8.013326016340445,848,724,6.742880635791903,6.584791392385716,8.988985971219712,3.1780538303479458
2612,8743a1350ffffff,8743a131bffffff,7,9.647064684363588,848,469,6.742880635791903,6.150602768446279,9.17451262337687,1.9459101490553132
2613,8743a1350ffffff,8743a131cffffff,4,11.27729902367135,848,465,6.742880635791903,6.142037405587356,9.330635717907407,1.3862943611198906
2614,8743a1350ffffff,8743a131dffffff,1,9.023142597914308,848,392,6.742880635791903,5.971261839790462,9.107658775686826,0.0
2615,8743a1350ffffff,8743a131effffff,1,12.423076767295834,848,593,6.742880635791903,6.385194398997726,9.427391543761127,0.0
2616,8743a1350ffffff,8743a1340ffffff,22,5.905043602730224,848,643,6.742880635791903,6.466144724237619,8.683731445061957,3.091042453358316
2617,8743a1350ffffff,8743a1341ffffff,4,7.680419567650998,848,292,6.742880635791903,5.676753802268282,8.946559648598885,1.3862943611198906
2618,8743a1350ffffff,8743a1342ffffff,10,3.839152428455873,848,214,6.742880635791903,5.365976015021851,8.253267339704333,2.302585092994046
2619,8743a1350ffffff,8743a1343ffffff,2,5.868806332979916,848,55,6.742880635791903,4.007333185232471,8.677576919599833,0.6931471805599453
2620,8743a1350ffffff,8743a1344ffffff,3,6.867948942671542,848,418,6.742880635791903,6.035481432524756,8.834766381178765,1.0986122886681098
2621,8743a1350ffffff,8743a1345ffffff,3,8.09292998056275,848,450,6.742880635791903,6.1092475827643655,8.998869674615436,1.0986122886681098
2622,8743a1350ffffff,8743a1346ffffff,6,4.578031600500515,848,243,6.742880635791903,5.493061443340548,8.429242813812692,1.791759469228055
2623,8743a1350ffffff,8743a134cffffff,1,9.660491659948793,848,283,6.742880635791903,5.645446897643238,9.175903331429385,0.0
2624,8743a1350ffffff,8743a134dffffff,1,11.742534301899282,848,307,6.742880635791903,5.726847747587197,9.37105809593822,0.0
2625,8743a1350ffffff,8743a134effffff,6,8.022369792149886,848,325,6.742880635791903,5.783825182329737,8.990113786197131,1.791759469228055
2626,8743a1350ffffff,8743a1350ffffff,93,0.0,848,500,6.742880635791903,6.214608098422191,0.0,4.532599493153256
2627,8743a1350ffffff,8743a1351ffffff,16,2.2574134560122388,848,115,6.742880635791903,4.74493212836325,7.722417835127445,2.772588722239781
2628,8743a1350ffffff,8743a1352ffffff,39,2.2881135502080245,848,468,6.742880635791903,6.148468295917647,7.735919925628268,3.6635616461296463
2629,8743a1350ffffff,8743a1353ffffff,2,2.435519171161026,848,4,6.742880635791903,1.3862943611198906,7.798325730572337,0.6931471805599453
2630,8743a1350ffffff,8743a1354ffffff,17,2.435457173788832,848,303,6.742880635791903,5.713732805509369,7.798300285190375,2.833213344056216
2631,8743a1350ffffff,8743a1355ffffff,58,2.288715168121998,848,434,6.742880635791903,6.073044534100405,7.736182708079609,4.060443010546419
2632,8743a1350ffffff,8743a1356ffffff,70,2.2567626176534494,848,509,6.742880635791903,6.2324480165505225,7.72212960971166,4.248495242049359
2633,8743a1350ffffff,8743a135affffff,26,6.357118904505006,848,504,6.742880635791903,6.222576268071369,8.757487842853758,3.258096538021482
2634,8743a1350ffffff,8743a135cffffff,1,4.515477464904596,848,25,6.742880635791903,3.2188758248682006,8.41548764707332,0.0
2635,8743a1350ffffff,8743a1362ffffff,1,8.446272228361243,848,301,6.742880635791903,5.707110264748875,9.041598855024132,0.0
2636,8743a1350ffffff,8743a1363ffffff,3,9.158466839364898,848,553,6.742880635791903,6.315358001522335,9.122543250664672,1.0986122886681098
2637,8743a1350ffffff,8743a1368ffffff,2,11.814888539758334,848,725,6.742880635791903,6.586171654854675,9.377200391174032,0.6931471805599453
2638,8743a1350ffffff,8743a1369ffffff,1,13.519811220521696,848,444,6.742880635791903,6.095824562432225,9.511985349314813,0.0
2639,8743a1350ffffff,8743a136affffff,8,9.697198688549873,848,932,6.742880635791903,6.837332814685591,9.17969544503533,2.0794415416798357
2640,8743a1350ffffff,8743a136bffffff,4,11.52380037023214,848,578,6.742880635791903,6.359573868672378,9.35225654625992,1.3862943611198906
2641,8743a1350ffffff,8743a1370ffffff,10,6.412482849793603,848,353,6.742880635791903,5.8664680569332965,8.766157748657216,2.302585092994046
2642,8743a1350ffffff,8743a1371ffffff,11,6.248717363081205,848,543,6.742880635791903,6.297109319933935,8.740291519800898,2.3978952727983707
2643,8743a1350ffffff,8743a1372ffffff,24,4.870851640803524,848,873,6.742880635791903,6.771935555839602,8.491229357531072,3.1780538303479458
2644,8743a1350ffffff,8743a1373ffffff,13,4.152894270230512,848,305,6.742880635791903,5.720311776607412,8.331801551591797,2.5649493574615367
2645,8743a1350ffffff,8743a13adffffff,1,13.853770153235123,848,401,6.742880635791903,5.993961427306569,9.536384867714155,0.0
2646,8743a1350ffffff,8743a13aeffffff,1,17.576851738005775,848,70,6.742880635791903,4.248495242049359,9.774394964568925,0.0
2647,8743a1350ffffff,8743accb3ffffff,1,16.05377319547853,848,462,6.742880635791903,6.135564891081739,9.683761479701847,0.0
2648,8743a1350ffffff,8743accb6ffffff,1,13.482999027704853,848,339,6.742880635791903,5.82600010738045,9.509259004246626,0.0
2649,8743a1352ffffff,8743a1200ffffff,6,8.437867590490246,452,292,6.113682179832232,5.676753802268282,9.040603406845307,1.791759469228055
2650,8743a1352ffffff,8743a1201ffffff,3,8.30125932422911,452,115,6.113682179832232,4.74493212836325,9.024282964481332,1.0986122886681098
2651,8743a1352ffffff,8743a1203ffffff,3,10.352694532799848,452,257,6.113682179832232,5.54907608489522,9.245098694689368,1.0986122886681098
2652,8743a1352ffffff,8743a1204ffffff,14,6.860727418682934,452,422,6.113682179832232,6.045005314036012,8.833714499324673,2.6390573296152584
2653,8743a1352ffffff,8743a1205ffffff,4,6.244227412245054,452,295,6.113682179832232,5.68697535633982,8.739572836987946,1.3862943611198906
2654,8743a1352ffffff,8743a1206ffffff,3,9.146430976806384,452,172,6.113682179832232,5.147494476813453,9.121228351284833,1.0986122886681098
2655,8743a1352ffffff,8743a1220ffffff,11,3.835997634289648,452,473,6.113682179832232,6.159095388491933,8.252445473694676,2.3978952727983707
2656,8743a1352ffffff,8743a1221ffffff,29,2.2875115794458405,452,324,6.113682179832232,5.780743515792329,7.73565691992177,3.367295829986474
2657,8743a1352ffffff,8743a1222ffffff,4,5.898586836995738,452,253,6.113682179832232,5.53338948872752,8.682637599813921,1.3862943611198906
2658,8743a1352ffffff,8743a1223ffffff,5,4.574420836084824,452,328,6.113682179832232,5.793013608384144,8.428453959508635,1.6094379124341003
2659,8743a1352ffffff,8743a1224ffffff,57,4.511999472570829,452,845,6.113682179832232,6.739336627357174,8.414717282958133,4.04305126783455
2660,8743a1352ffffff,8743a1225ffffff,57,2.256325314012288,452,598,6.113682179832232,6.393590753950631,7.721935902014646,4.04305126783455
2661,8743a1352ffffff,8743a1226ffffff,15,5.8624195044657785,452,670,6.113682179832232,6.507277712385012,8.676488245567059,2.70805020110221
2662,8743a1352ffffff,8743a1228ffffff,3,4.8704899982873995,452,113,6.113682179832232,4.727387818712341,8.491155123755908,1.0986122886681098
2663,8743a1352ffffff,8743a122dffffff,1,4.100776821033281,452,38,6.113682179832232,3.6375861597263857,8.319175529798043,0.0
2664,8743a1352ffffff,8743a122effffff,1,4.15112491200897,452,132,6.113682179832232,4.882801922586371,8.331375509173768,0.0
2665,8743a1352ffffff,8743a1231ffffff,7,8.08196023607681,452,210,6.113682179832232,5.3471075307174685,8.99751345027065,1.9459101490553132
2666,8743a1352ffffff,8743a1234ffffff,1,9.644563929750069,452,13,6.113682179832232,2.5649493574615367,9.174253392241294,0.0
2667,8743a1352ffffff,8743a1236ffffff,3,11.501639876977778,452,125,6.113682179832232,4.8283137373023015,9.350331842527542,1.0986122886681098
2668,8743a1352ffffff,8743a1265ffffff,2,13.551610173284939,452,224,6.113682179832232,5.4116460518550396,9.514334440471304,0.6931471805599453
2669,8743a1352ffffff,8743a1266ffffff,1,10.52112068331362,452,30,6.113682179832232,3.4011973816621555,9.261235051842315,0.0
2670,8743a1352ffffff,8743a1309ffffff,7,4.870243529783563,452,528,6.113682179832232,6.269096283706261,8.491104528406424,1.9459101490553132
2671,8743a1352ffffff,8743a130affffff,5,6.152577024967726,452,617,6.113682179832232,6.424869023905388,8.724788821795402,1.6094379124341003
2672,8743a1352ffffff,8743a130bffffff,7,4.099490501030603,452,487,6.113682179832232,6.18826412308259,8.318861879934483,1.9459101490553132
2673,8743a1352ffffff,8743a130cffffff,2,8.706397794692691,452,576,6.113682179832232,6.3561076606958915,9.071928264553433,0.6931471805599453
2674,8743a1352ffffff,8743a130dffffff,2,7.305271096144006,452,613,6.113682179832232,6.418364935936212,8.896488312626852,0.6931471805599453
2675,8743a1352ffffff,8743a130effffff,1,8.197691894074566,452,167,6.113682179832232,5.117993812416755,9.011729895414003,0.0
2676,8743a1352ffffff,8743a1318ffffff,2,9.021393190410684,452,369,6.113682179832232,5.910796644040527,9.107464898310068,0.6931471805599453
2677,8743a1352ffffff,8743a1319ffffff,13,6.767022192243213,452,724,6.113682179832232,6.584791392385716,8.819964180276429,2.5649493574615367
2678,8743a1352ffffff,8743a131bffffff,8,8.011438518901649,452,469,6.113682179832232,6.150602768446279,8.988750428051487,2.0794415416798357
2679,8743a1352ffffff,8743a131cffffff,1,10.50872364263727,452,465,6.113682179832232,6.142037405587356,9.26005616881903,0.0
2680,8743a1352ffffff,8743a131effffff,1,11.275112185272222,452,593,6.113682179832232,6.385194398997726,9.330441801215393,0.0
2681,8743a1352ffffff,8743a132cffffff,1,14.609968494092827,452,31,6.113682179832232,3.4339872044851463,9.589527792355533,0.0
2682,8743a1352ffffff,8743a1340ffffff,2,8.090675543920584,452,643,6.113682179832232,6.466144724237619,8.998591101576777,0.6931471805599453
2683,8743a1352ffffff,8743a1341ffffff,1,9.6945096408747,452,292,6.113682179832232,5.676753802268282,9.17941813368809,0.0
2684,8743a1352ffffff,8743a1342ffffff,4,5.90339416432283,452,214,6.113682179832232,5.365976015021851,8.68345212630161,1.3862943611198906
2685,8743a1352ffffff,8743a1344ffffff,1,9.156062492879567,452,418,6.113682179832232,6.035481432524756,9.12228071768634,0.0
2686,8743a1352ffffff,8743a1345ffffff,1,10.323094288986214,452,450,6.113682179832232,6.1092475827643655,9.242235693786553,0.0
2687,8743a1352ffffff,8743a134cffffff,1,11.520686583311269,452,283,6.113682179832232,5.645446897643238,9.351986328335071,0.0
2688,8743a1352ffffff,8743a134dffffff,1,13.479463841946242,452,307,6.113682179832232,5.726847747587197,9.508996793514228,0.0
2689,8743a1352ffffff,8743a1350ffffff,46,2.2881135502080245,452,500,6.113682179832232,6.214608098422191,7.735919925628268,3.828641396489095
2690,8743a1352ffffff,8743a1351ffffff,3,3.838113939848177,452,115,6.113682179832232,4.74493212836325,8.252996874124884,1.0986122886681098
2691,8743a1352ffffff,8743a1352ffffff,35,0.0,452,468,6.113682179832232,6.148468295917647,0.0,3.5553480614894135
2692,8743a1352ffffff,8743a1354ffffff,5,4.152112240559794,452,303,6.113682179832232,5.713732805509369,8.331613269646427,1.6094379124341003
2693,8743a1352ffffff,8743a1355ffffff,8,4.576828718330022,452,434,6.113682179832232,6.073044534100405,8.428980085730023,2.0794415416798357
2694,8743a1352ffffff,8743a1356ffffff,35,2.4351529280500577,452,509,6.113682179832232,6.2324480165505225,7.798175405204982,3.5553480614894135
2695,8743a1352ffffff,8743a135affffff,19,6.15628291273681,452,504,6.113682179832232,6.222576268071369,8.725390873626026,2.9444389791664403
2696,8743a1352ffffff,8743a135bffffff,1,8.318017892410126,452,16,6.113682179832232,2.772588722239781,9.026299485070146,0.0
2697,8743a1352ffffff,8743a135cffffff,1,5.8673458143831105,452,25,6.113682179832232,3.2188758248682006,8.67732806976623,0.0
2698,8743a1352ffffff,8743a136bffffff,1,13.516084417725832,452,578,6.113682179832232,6.359573868672378,9.51170967676475,0.0
2699,8743a1352ffffff,8743a1370ffffff,1,8.305208633572937,452,353,6.113682179832232,5.8664680569332965,9.024758542292398,0.0
2700,8743a1352ffffff,8743a1371ffffff,1,8.444317077055254,452,543,6.113682179832232,6.297109319933935,9.04136737466557,0.0
2701,8743a1352ffffff,8743a1372ffffff,1,6.411454139888849,452,873,6.113682179832232,6.771935555839602,8.765997337779199,0.0
2702,8743a1352ffffff,8743a1389ffffff,1,13.957684835590511,452,67,6.113682179832232,4.204692619390966,9.54385716239345,0.0
2703,8743a1352ffffff,8743a13a9ffffff,1,11.719908985598622,452,70,6.113682179832232,4.248495242049359,9.369129618621674,0.0
2704,8743a1352ffffff,8743a13abffffff,1,13.453297983258677,452,41,6.113682179832232,3.713572066704308,9.507053886642547,0.0
2705,8743a1352ffffff,8743a13adffffff,1,12.420327719205787,452,401,6.113682179832232,5.993961427306569,9.42717025148128,0.0
2706,8743a1354ffffff,8743a1200ffffff,1,12.488856089687134,266,292,5.583496308781699,5.676753802268282,9.432672081010582,0.0
2707,8743a1354ffffff,8743a1203ffffff,1,14.487253117766867,266,257,5.583496308781699,5.54907608489522,9.58109347026699,0.0
2708,8743a1354ffffff,8743a1204ffffff,2,10.673126697032558,266,422,5.583496308781699,6.045005314036012,9.275578026509839,0.6931471805599453
2709,8743a1354ffffff,8743a1205ffffff,1,10.355456018607821,266,295,5.583496308781699,5.68697535633982,9.245365374143724,0.0
2710,8743a1354ffffff,8743a1220ffffff,4,6.862971137049142,266,473,5.583496308781699,6.159095388491933,8.834041436183599,1.3862943611198906
2711,8743a1354ffffff,8743a1221ffffff,5,6.245993952050949,266,324,5.583496308781699,5.780743515792329,8.739855659356548,1.6094379124341003
2712,8743a1354ffffff,8743a1223ffffff,1,8.44040265398555,266,328,5.583496308781699,5.793013608384144,9.040903765012287,0.0
2713,8743a1354ffffff,8743a1224ffffff,25,5.900382177709751,266,845,5.583496308781699,6.739336627357174,8.68294186986592,3.2188758248682006
2714,8743a1354ffffff,8743a1225ffffff,15,4.575915985391453,266,598,5.583496308781699,6.393590753950631,8.428780684660714,2.70805020110221
2715,8743a1354ffffff,8743a1226ffffff,5,8.084529718929558,266,670,5.583496308781699,6.507277712385012,8.997831288594641,1.6094379124341003
2716,8743a1354ffffff,8743a1228ffffff,1,8.765319089637233,266,113,5.583496308781699,4.727387818712341,9.078672281141863,0.0
2717,8743a1354ffffff,8743a1300ffffff,5,10.509308951707064,266,431,5.583496308781699,6.066108090103747,9.260111859414877,1.6094379124341003
2718,8743a1354ffffff,8743a1301ffffff,7,8.311005354849017,266,567,5.583496308781699,6.340359303727752,9.02545617700997,1.9459101490553132
2719,8743a1354ffffff,8743a1302ffffff,1,11.276226818018653,266,423,5.583496308781699,6.0473721790462776,9.330540645359685,0.0
2720,8743a1354ffffff,8743a1303ffffff,6,9.022285334664717,266,368,5.583496308781699,5.908082938168931,9.10756377453171,1.791759469228055
2721,8743a1354ffffff,8743a1308ffffff,4,4.512445982744147,266,246,5.583496308781699,5.5053315359323625,8.414816216735751,1.3862943611198906
2722,8743a1354ffffff,8743a1309ffffff,19,2.256548678606982,266,528,5.583496308781699,6.269096283706261,7.722034848118232,2.9444389791664403
2723,8743a1354ffffff,8743a130affffff,3,5.863608711119313,266,617,5.583496308781699,6.424869023905388,8.676691042940284,1.0986122886681098
2724,8743a1354ffffff,8743a130bffffff,6,3.836997868785559,266,487,5.583496308781699,6.18826412308259,8.252706121274516,1.791759469228055
2725,8743a1354ffffff,8743a130cffffff,8,6.152798819152925,266,576,5.583496308781699,6.3561076606958915,8.724824864277249,2.0794415416798357
2726,8743a1354ffffff,8743a130dffffff,16,4.099606176600585,266,613,5.583496308781699,6.418364935936212,8.31889008971533,2.772588722239781
2727,8743a1354ffffff,8743a130effffff,2,6.767691628970536,266,167,5.583496308781699,5.117993812416755,8.820063087106655,0.6931471805599453
2728,8743a1354ffffff,8743a1311ffffff,2,12.422131149256327,266,547,5.583496308781699,6.304448802421981,9.427315429129402,0.6931471805599453
2729,8743a1354ffffff,8743a1319ffffff,2,7.67187902955628,266,724,5.583496308781699,6.584791392385716,8.945447186323719,0.6931471805599453
2730,8743a1354ffffff,8743a131bffffff,2,9.684078097534927,266,469,5.583496308781699,6.150602768446279,9.17834163957058,0.6931471805599453
2731,8743a1354ffffff,8743a131cffffff,1,10.20706252822829,266,465,5.583496308781699,6.142037405587356,9.230933130980024,0.0
2732,8743a1354ffffff,8743a131dffffff,2,8.012825477895802,266,392,5.583496308781699,5.971261839790462,8.988923513805958,0.6931471805599453
2733,8743a1354ffffff,8743a132affffff,1,8.197921105346198,266,372,5.583496308781699,5.918893854273146,9.011757852077166,0.0
2734,8743a1354ffffff,8743a1340ffffff,7,5.86853461516096,266,643,5.583496308781699,6.466144724237619,8.677530627764508,1.9459101490553132
2735,8743a1354ffffff,8743a1341ffffff,2,8.021870804256713,266,292,5.583496308781699,5.676753802268282,8.990051592452705,0.6931471805599453
2736,8743a1354ffffff,8743a1342ffffff,3,4.515050342775112,266,214,5.583496308781699,5.365976015021851,8.415393072854696,1.0986122886681098
2737,8743a1354ffffff,8743a1344ffffff,1,5.905186927106653,266,418,5.583496308781699,6.035481432524756,8.683755712176634,0.0
2738,8743a1354ffffff,8743a1345ffffff,4,7.680341723144954,266,450,5.583496308781699,6.1092475827643655,8.946549514417331,1.3862943611198906
2739,8743a1354ffffff,8743a1346ffffff,3,3.8391135440038235,266,243,5.583496308781699,5.493061443340548,8.25325721389562,1.0986122886681098
2740,8743a1354ffffff,8743a134effffff,1,9.03270276170396,266,325,5.583496308781699,5.783825182329737,9.108717613493049,0.0
2741,8743a1354ffffff,8743a1350ffffff,9,2.435457173788832,266,500,5.583496308781699,6.214608098422191,7.798300285190375,2.1972245773362196
2742,8743a1354ffffff,8743a1351ffffff,2,4.100894638179461,266,115,5.583496308781699,4.74493212836325,8.319204252826939,0.6931471805599453
2743,8743a1354ffffff,8743a1352ffffff,3,4.152112240559794,266,468,5.583496308781699,6.148468295917647,8.331613269646427,1.0986122886681098
2744,8743a1354ffffff,8743a1354ffffff,11,0.0,266,303,5.583496308781699,5.713732805509369,0.0,2.3978952727983707
2745,8743a1354ffffff,8743a1355ffffff,5,2.257199768817659,266,434,5.583496308781699,6.073044534100405,7.7223232123718075,1.6094379124341003
2746,8743a1354ffffff,8743a1356ffffff,13,2.288258822235657,266,509,5.583496308781699,6.2324480165505225,7.73598338574722,2.5649493574615367
2747,8743a1354ffffff,8743a135affffff,1,8.710031863526968,266,504,5.583496308781699,6.222576268071369,9.0723455316617,0.0
2748,8743a1354ffffff,8743a1362ffffff,1,6.868382884929165,266,301,5.583496308781699,5.707110264748875,8.834829553660434,0.0
2749,8743a1354ffffff,8743a1363ffffff,2,8.093239212766356,266,553,5.583496308781699,6.315358001522335,8.99890787933148,0.6931471805599453
2750,8743a1354ffffff,8743a1368ffffff,1,11.52368349004641,266,725,5.583496308781699,6.586171654854675,9.35224640458504,0.0
2751,8743a1354ffffff,8743a1369ffffff,1,13.482649242512657,266,444,5.583496308781699,6.095824562432225,9.509233063149448,0.0
2752,8743a1354ffffff,8743a136affffff,6,9.660180542780152,266,932,5.583496308781699,6.837332814685591,9.175871129137136,1.791759469228055
2753,8743a1354ffffff,8743a136cffffff,1,11.815174315970062,266,354,5.583496308781699,5.869296913133774,9.377224576638795,0.0
2754,8743a1354ffffff,8743a1370ffffff,5,4.1530963930131435,266,353,5.583496308781699,5.8664680569332965,8.331850209032776,1.6094379124341003
2755,8743a1354ffffff,8743a1371ffffff,3,4.578321208016216,266,543,5.583496308781699,6.297109319933935,8.42930605826764,1.0986122886681098
2756,8743a1354ffffff,8743a1372ffffff,25,2.4353944670146914,266,873,5.583496308781699,6.771935555839602,7.7982745479922135,3.2188758248682006
2757,8743a1354ffffff,8743a1373ffffff,4,2.2888601280940524,266,305,5.583496308781699,5.720311776607412,7.736246015247949,1.3862943611198906
2758,8743a1354ffffff,8743a1375ffffff,4,6.24911610813147,266,141,5.583496308781699,4.948759890378168,8.740355319858926,1.3862943611198906
2759,8743a1355ffffff,8743a1204ffffff,1,11.437556137012956,213,422,5.3612921657094255,6.045005314036012,9.344745045168843,0.0
2760,8743a1355ffffff,8743a1220ffffff,4,8.086475129348125,213,473,5.3612921657094255,6.159095388491933,8.998071863607905,1.3862943611198906
2761,8743a1355ffffff,8743a1221ffffff,6,6.864340297775864,213,324,5.3612921657094255,5.780743515792329,8.834240886933589,1.791759469228055
2762,8743a1355ffffff,8743a1222ffffff,2,10.314985924671625,213,253,5.3612921657094255,5.53338948872752,9.241450002583052,0.6931471805599453
2763,8743a1355ffffff,8743a1223ffffff,5,9.151249554414848,213,328,5.3612921657094255,5.793013608384144,9.121754980994199,1.6094379124341003
2764,8743a1355ffffff,8743a1224ffffff,13,7.6740343988616795,213,845,5.3612921657094255,6.739336627357174,8.94572805438173,2.5649493574615367
2765,8743a1355ffffff,8743a1225ffffff,15,5.9018883824467725,213,598,5.3612921657094255,6.393590753950631,8.683197066447109,2.70805020110221
2766,8743a1355ffffff,8743a1226ffffff,5,9.686659287860591,213,670,5.3612921657094255,6.507277712385012,9.178608116144291,1.6094379124341003
2767,8743a1355ffffff,8743a122effffff,1,8.441787432848813,213,132,5.3612921657094255,4.882801922586371,9.041067797620215,0.0
2768,8743a1355ffffff,8743a1274ffffff,1,9.74366103225801,213,44,5.3612921657094255,3.784189633918261,9.184474827576611,0.0
2769,8743a1355ffffff,8743a1301ffffff,1,10.512133709267008,213,567,5.3612921657094255,6.340359303727752,9.260380583964182,0.0
2770,8743a1355ffffff,8743a1302ffffff,1,13.533426586836312,213,423,5.3612921657094255,6.0473721790462776,9.512991835937546,0.0
2771,8743a1355ffffff,8743a1309ffffff,4,4.513748447424641,213,528,5.3612921657094255,6.269096283706261,8.415104749442841,1.3862943611198906
2772,8743a1355ffffff,8743a130affffff,3,8.015212888374483,213,617,5.3612921657094255,6.424869023905388,8.989221380902938,1.0986122886681098
2773,8743a1355ffffff,8743a130bffffff,7,5.865341857611071,213,487,5.3612921657094255,6.18826412308259,8.676986525645495,1.9459101490553132
2774,8743a1355ffffff,8743a130cffffff,8,8.313180388813244,213,576,5.3612921657094255,6.3561076606958915,9.025717816571824,2.0794415416798357
2775,8743a1355ffffff,8743a130dffffff,8,6.1543279446330486,213,613,5.3612921657094255,6.418364935936212,8.725073318211852,2.0794415416798357
2776,8743a1355ffffff,8743a1315ffffff,1,15.78671556686201,213,159,5.3612921657094255,5.0689042022202315,9.66698742084024,0.0
2777,8743a1355ffffff,8743a1319ffffff,4,9.649564541391355,213,724,5.3612921657094255,6.584791392385716,9.17477169432046,1.3862943611198906
2778,8743a1355ffffff,8743a131bffffff,1,11.507876223519299,213,469,5.3612921657094255,6.150602768446279,9.350873862155188,0.0
2779,8743a1355ffffff,8743a132affffff,1,10.20998977804369,213,372,5.3612921657094255,5.918893854273146,9.231219848482047,0.0
2780,8743a1355ffffff,8743a132bffffff,1,8.199717867080818,213,99,5.3612921657094255,4.59511985013459,9.011976974186478,0.0
2781,8743a1355ffffff,8743a1340ffffff,8,3.8401905086324777,213,643,5.3612921657094255,6.466144724237619,8.253537625822641,2.0794415416798357
2782,8743a1355ffffff,8743a1341ffffff,2,5.870266344258539,213,292,5.3612921657094255,5.676753802268282,8.677825621115664,0.6931471805599453
2783,8743a1355ffffff,8743a1342ffffff,4,2.2578505739574526,213,214,5.3612921657094255,5.365976015021851,7.722611367293675,1.3862943611198906
2784,8743a1355ffffff,8743a1343ffffff,1,4.516351667155917,213,55,5.3612921657094255,4.007333185232471,8.415681186765354,0.0
2785,8743a1355ffffff,8743a1344ffffff,4,4.579233774549543,213,418,5.3612921657094255,6.035481432524756,8.429505318283674,1.3862943611198906
2786,8743a1355ffffff,8743a1345ffffff,5,5.906692287655155,213,450,5.3612921657094255,6.1092475827643655,8.684010558282521,1.6094379124341003
2787,8743a1355ffffff,8743a1346ffffff,9,2.289316432378518,213,243,5.3612921657094255,5.493061443340548,7.736445267080253,2.1972245773362196
2788,8743a1355ffffff,8743a134affffff,1,8.32058620413421,213,79,5.3612921657094255,4.3694478524670215,9.026608165179303,0.0
2789,8743a1355ffffff,8743a134bffffff,1,10.524532058008349,213,52,5.3612921657094255,3.9512437185814275,9.261559209102654,0.0
2790,8743a1355ffffff,8743a134cffffff,2,8.024255301280618,213,283,5.3612921657094255,5.645446897643238,8.990348760735877,0.6931471805599453
2791,8743a1355ffffff,8743a134effffff,2,6.775502992886302,213,325,5.3612921657094255,5.783825182329737,8.821216465112625,0.6931471805599453
2792,8743a1355ffffff,8743a1350ffffff,10,2.288715168121998,213,500,5.3612921657094255,6.214608098422191,7.736182708079609,2.302585092994046
2793,8743a1355ffffff,8743a1351ffffff,1,2.435823465789956,213,115,5.3612921657094255,4.74493212836325,7.798450611850751,0.0
2794,8743a1355ffffff,8743a1352ffffff,1,4.576828718330022,213,468,5.3612921657094255,6.148468295917647,8.428980085730023,0.0
2795,8743a1355ffffff,8743a1354ffffff,6,2.257199768817659,213,303,5.3612921657094255,5.713732805509369,7.7223232123718075,1.791759469228055
2796,8743a1355ffffff,8743a1355ffffff,16,0.0,213,434,5.3612921657094255,6.073044534100405,0.0,2.772588722239781
2797,8743a1355ffffff,8743a1356ffffff,2,3.838075314639401,213,509,5.3612921657094255,6.2324480165505225,8.252986813104636,0.6931471805599453
2798,8743a1355ffffff,8743a135cffffff,1,4.101791300599697,213,25,5.3612921657094255,3.2188758248682006,8.319422826074105,0.0
2799,8743a1355ffffff,8743a1362ffffff,1,6.250077535952743,213,301,5.3612921657094255,5.707110264748875,8.740509133622723,0.0
2800,8743a1355ffffff,8743a1363ffffff,2,6.869751671242901,213,553,5.3612921657094255,6.315358001522335,8.83502879280364,0.6931471805599453
2801,8743a1355ffffff,8743a1369ffffff,1,11.526912925708551,213,444,5.3612921657094255,6.095824562432225,9.352526584363925,0.0
2802,8743a1355ffffff,8743a136affffff,7,7.6824951675405115,213,932,5.3612921657094255,6.837332814685591,8.946829822555319,1.9459101490553132
2803,8743a1355ffffff,8743a136bffffff,2,9.662988630249115,213,578,5.3612921657094255,6.359573868672378,9.176161743668224,0.6931471805599453
2804,8743a1355ffffff,8743a136effffff,1,8.095183309912207,213,628,5.3612921657094255,6.4425401664681985,8.99914803330553,0.0
2805,8743a1355ffffff,8743a1370ffffff,3,4.8714590883729665,213,353,5.3612921657094255,5.8664680569332965,8.49135403491198,1.0986122886681098
2806,8743a1355ffffff,8743a1371ffffff,4,4.153675629244742,213,543,5.3612921657094255,6.297109319933935,8.331989636671658,1.3862943611198906
2807,8743a1355ffffff,8743a1372ffffff,15,4.100503985797212,213,873,5.3612921657094255,6.771935555839602,8.319109011232461,2.70805020110221
2808,8743a1355ffffff,8743a1373ffffff,6,2.4357610879331064,213,305,5.3612921657094255,5.720311776607412,7.798425013502691,1.791759469228055
2809,8743a1355ffffff,8743accb0ffffff,1,13.884398371691434,213,947,5.3612921657094255,6.853299093186078,9.538593090124532,0.0
2810,8743a1355ffffff,8743accb3ffffff,1,14.681852254459635,213,462,5.3612921657094255,6.135564891081739,9.594435578558544,0.0
2811,8743a1356ffffff,8743a1200ffffff,1,10.353315232863524,144,292,4.969813299576001,5.676753802268282,9.245158642513509,0.0
2812,8743a1356ffffff,8743a1202ffffff,1,12.48612656748,144,68,4.969813299576001,4.219507705176107,9.432453518003554,0.0
2813,8743a1356ffffff,8743a1203ffffff,3,12.451019346318684,144,257,4.969813299576001,5.54907608489522,9.429638085231886,1.0986122886681098
2814,8743a1356ffffff,8743a1204ffffff,2,8.438443387810185,144,422,4.969813299576001,6.045005314036012,9.040671636103662,0.6931471805599453
2815,8743a1356ffffff,8743a1205ffffff,1,8.301670379591528,144,295,4.969813299576001,5.68697535633982,9.0243324745208,0.0
2816,8743a1356ffffff,8743a1220ffffff,1,4.574712314813485,144,473,4.969813299576001,6.159095388491933,8.428517662817057,0.0
2817,8743a1356ffffff,8743a1221ffffff,3,4.1513295414221325,144,324,4.969813299576001,5.780743515792329,8.33142479101747,1.0986122886681098
2818,8743a1356ffffff,8743a1222ffffff,3,6.861165103364247,144,253,4.969813299576001,5.53338948872752,8.833778283660022,1.0986122886681098
2819,8743a1356ffffff,8743a1223ffffff,3,6.2446307178689,144,328,4.969813299576001,5.793013608384144,8.739637413115508,1.0986122886681098
2820,8743a1356ffffff,8743a1224ffffff,10,3.8359590842222775,144,845,4.969813299576001,6.739336627357174,8.252435426708804,2.302585092994046
2821,8743a1356ffffff,8743a1225ffffff,10,2.2876571631557976,144,598,4.969813299576001,6.393590753950631,7.735720532918447,2.302585092994046
2822,8743a1356ffffff,8743a1226ffffff,2,5.898731571431257,144,670,4.969813299576001,6.507277712385012,8.682662132491236,0.6931471805599453
2823,8743a1356ffffff,8743a1303ffffff,2,8.309722172076343,144,368,4.969813299576001,5.908082938168931,9.025301788053868,0.6931471805599453
2824,8743a1356ffffff,8743a1308ffffff,2,4.099099683176714,144,246,4.969813299576001,5.5053315359323625,8.318766565366774,0.6931471805599453
2825,8743a1356ffffff,8743a1309ffffff,10,2.4350906017335063,144,528,4.969813299576001,6.269096283706261,7.798149820967998,2.302585092994046
2826,8743a1356ffffff,8743a130bffffff,3,2.2561114946315923,144,487,4.969813299576001,6.18826412308259,7.7218411750797395,1.0986122886681098
2827,8743a1356ffffff,8743a130cffffff,1,6.353753916763876,144,576,4.969813299576001,6.3561076606958915,8.756958460098652,0.0
2828,8743a1356ffffff,8743a130dffffff,2,4.87011816809395,144,613,4.969813299576001,6.418364935936212,8.491078793026544,0.6931471805599453
2829,8743a1356ffffff,8743a130effffff,1,6.151923639992478,144,167,4.969813299576001,5.117993812416755,8.724682636455857,0.0
2830,8743a1356ffffff,8743a1318ffffff,4,8.010938365533569,144,369,4.969813299576001,5.910796644040527,8.988688003986969,1.3862943611198906
2831,8743a1356ffffff,8743a1319ffffff,2,5.8621475848200495,144,724,4.969813299576001,6.584791392385716,8.676441868883465,0.6931471805599453
2832,8743a1356ffffff,8743a131cffffff,1,9.0205364060179,144,465,4.969813299576001,6.142037405587356,9.107369931813015,0.0
2833,8743a1356ffffff,8743a131dffffff,1,6.76637998026086,144,392,4.969813299576001,5.971261839790462,8.81986928660801,0.0
2834,8743a1356ffffff,8743a131effffff,1,10.204745891125366,144,593,4.969813299576001,6.385194398997726,9.230706163325065,0.0
2835,8743a1356ffffff,8743a1341ffffff,1,9.657683209520041,144,292,4.969813299576001,5.676753802268282,9.175612604200724,0.0
2836,8743a1356ffffff,8743a1344ffffff,1,8.090985622962712,144,418,4.969813299576001,6.035481432524756,8.99862942158842,0.0
2837,8743a1356ffffff,8743a1346ffffff,1,5.903538030898436,144,243,4.969813299576001,5.493061443340548,8.683476492022953,0.0
2838,8743a1356ffffff,8743a134dffffff,1,13.876939976281417,144,307,4.969813299576001,5.726847747587197,9.538055806351526,0.0
2839,8743a1356ffffff,8743a134effffff,1,10.219218467851382,144,325,4.969813299576001,5.783825182329737,9.232123240031314,0.0
2840,8743a1356ffffff,8743a1350ffffff,10,2.2567626176534494,144,500,4.969813299576001,6.214608098422191,7.72212960971166,2.302585092994046
2841,8743a1356ffffff,8743a1351ffffff,3,4.514176073665689,144,115,4.969813299576001,4.74493212836325,8.415199462580336,1.0986122886681098
2842,8743a1356ffffff,8743a1352ffffff,3,2.4351529280500577,144,468,4.969813299576001,6.148468295917647,7.798175405204982,1.0986122886681098
2843,8743a1356ffffff,8743a1354ffffff,5,2.288258822235657,144,303,4.969813299576001,5.713732805509369,7.73598338574722,1.6094379124341003
2844,8743a1356ffffff,8743a1355ffffff,1,3.838075314639401,144,434,4.969813299576001,6.073044534100405,8.252986813104636,0.0
2845,8743a1356ffffff,8743a1356ffffff,27,0.0,144,509,4.969813299576001,6.2324480165505225,0.0,3.295836866004329
2846,8743a1356ffffff,8743a135affffff,6,8.20206046617377,144,504,4.969813299576001,6.222576268071369,9.012262591202422,1.791759469228055
2847,8743a1356ffffff,8743a1362ffffff,1,9.156641707164821,144,301,4.969813299576001,5.707110264748875,9.122343968971114,0.0
2848,8743a1356ffffff,8743a1363ffffff,2,10.323561998596936,144,553,4.969813299576001,6.315358001522335,9.242280995486023,0.6931471805599453
2849,8743a1356ffffff,8743a136affffff,1,11.520570482179913,144,932,4.969813299576001,6.837332814685591,9.351976251536376,0.0
2850,8743a1356ffffff,8743a1372ffffff,2,4.1523150716141615,144,873,4.969813299576001,6.771935555839602,8.331662106781042,0.6931471805599453
2851,8743a1356ffffff,8743a1373ffffff,5,4.577118950329709,144,305,4.969813299576001,5.720311776607412,8.429043483208972,1.6094379124341003
2852,8743a1356ffffff,8743a1374ffffff,1,8.305612495507273,144,5,4.969813299576001,1.6094379124341003,9.024807162804384,0.0
2853,8743a1356ffffff,8743a13adffffff,1,11.719364645063145,144,401,4.969813299576001,5.993961427306569,9.369083175706997,0.0
2854,8743a1356ffffff,8743acc9cffffff,1,22.596879473039355,144,487,4.969813299576001,6.18826412308259,10.02561135223162,0.0
2855,8743a135affffff,8743a1221ffffff,1,6.771567857572503,64,324,4.1588830833596715,5.780743515792329,8.820635593484175,0.0
2856,8743a135affffff,8743a1222ffffff,1,10.212269597910085,64,253,4.1588830833596715,5.53338948872752,9.231443094753443,0.0
2857,8743a135affffff,8743a1223ffffff,1,8.016709479742463,64,328,4.1588830833596715,5.793013608384144,8.989408059039201,0.0
2858,8743a135affffff,8743a122dffffff,2,2.2578397145498355,64,38,4.1588830833596715,3.6375861597263857,7.722606559789432,0.6931471805599453
2859,8743a135affffff,8743a1244ffffff,2,8.207189959711286,64,322,4.1588830833596715,5.7745515455444085,9.01288771038243,0.6931471805599453
2860,8743a135affffff,8743a1246ffffff,2,8.713186014682071,64,158,4.1588830833596715,5.062595033026967,9.072707553096564,0.6931471805599453
2861,8743a135affffff,8743a1251ffffff,1,12.180619982025545,64,45,4.1588830833596715,3.8066624897703196,9.407683535870087,0.0
2862,8743a135affffff,8743a1262ffffff,3,6.159980642768055,64,371,4.1588830833596715,5.916202062607435,8.7259912391119,1.0986122886681098
2863,8743a135affffff,8743a126cffffff,1,11.298943526914698,64,356,4.1588830833596715,5.87493073085203,9.332553007069775,0.0
2864,8743a135affffff,8743a1270ffffff,4,4.872072219070783,64,224,4.1588830833596715,5.4116460518550396,8.491479862982155,1.3862943611198906
2865,8743a135affffff,8743a1271ffffff,7,6.359263716395909,64,332,4.1588830833596715,5.805134968916488,8.75782512031665,1.9459101490553132
2866,8743a135affffff,8743a1274ffffff,3,2.4360063404290497,64,44,4.1588830833596715,3.784189633918261,7.798525655357173,1.0986122886681098
2867,8743a135affffff,8743a1275ffffff,2,4.102955194135356,64,132,4.1588830833596715,4.882801922586371,8.319706469182664,0.6931471805599453
2868,8743a135affffff,8743a1309ffffff,1,10.4166455005051,64,528,4.1588830833596715,6.269096283706261,9.251256330130207,0.0
2869,8743a135affffff,8743a135affffff,31,0.0,64,504,4.1588830833596715,6.222576268071369,0.0,3.4339872044851463
2870,8743a135affffff,8743acc92ffffff,2,10.226726011889662,64,365,4.1588830833596715,5.8998973535824915,9.232857548008631,0.6931471805599453
2871,8743a1362ffffff,8743a1220ffffff,1,13.731354021978305,679,473,6.520621127558696,6.159095388491933,9.527509935047645,0.0
2872,8743a1362ffffff,8743a1221ffffff,1,12.933475737805335,679,324,6.520621127558696,5.780743515792329,9.467651563285049,0.0
2873,8743a1362ffffff,8743a1224ffffff,3,12.571288346005263,679,845,6.520621127558696,6.739336627357174,9.43925033322597,1.0986122886681098
2874,8743a1362ffffff,8743a1225ffffff,6,11.44429887032062,679,598,6.520621127558696,6.393590753950631,9.345334345660445,1.791759469228055
2875,8743a1362ffffff,8743a1300ffffff,2,13.86303313887215,679,431,6.520621127558696,6.066108090103747,9.537053221674766,0.6931471805599453
2876,8743a1362ffffff,8743a1301ffffff,18,11.731051216868202,679,567,6.520621127558696,6.340359303727752,9.370079795657894,2.8903717578961645
2877,8743a1362ffffff,8743a1308ffffff,2,9.692148521806912,679,246,6.520621127558696,5.5053315359323625,9.17917457695924,0.6931471805599453
2878,8743a1362ffffff,8743a1309ffffff,15,8.09129457403688,679,528,6.520621127558696,6.269096283706261,8.998667600743802,2.70805020110221
2879,8743a1362ffffff,8743a130affffff,1,11.805855111368832,679,617,6.520621127558696,6.424869023905388,9.376435583413913,0.0
2880,8743a1362ffffff,8743a130bffffff,1,10.321172110789536,679,487,6.520621127558696,6.18826412308259,9.24204949274032,0.0
2881,8743a1362ffffff,8743a130cffffff,17,9.654248159321304,679,576,6.520621127558696,6.3561076606958915,9.175256897206705,2.833213344056216
2882,8743a1362ffffff,8743a130dffffff,13,7.678108512258262,679,613,6.520621127558696,6.418364935936212,8.946258740270975,2.5649493574615367
2883,8743a1362ffffff,8743a1319ffffff,2,13.97377913244954,679,724,6.520621127558696,6.584791392385716,9.545009493422524,0.6931471805599453
2884,8743a1362ffffff,8743a131dffffff,1,13.505188984180396,679,392,6.520621127558696,5.971261839790462,9.510903302646131,0.0
2885,8743a1362ffffff,8743a132dffffff,1,8.314851292750022,679,38,6.520621127558696,3.6375861597263857,9.025918766753326,0.0
2886,8743a1362ffffff,8743a1340ffffff,25,4.87279897900678,679,643,6.520621127558696,6.466144724237619,8.491628989798869,3.2188758248682006
2887,8743a1362ffffff,8743a1341ffffff,11,6.358838848933297,679,292,6.520621127558696,5.676753802268282,8.757758317795115,2.3978952727983707
2888,8743a1362ffffff,8743a1342ffffff,4,6.414376202958217,679,214,6.520621127558696,5.365976015021851,8.766452919594956,1.3862943611198906
2889,8743a1362ffffff,8743a1343ffffff,1,7.309292467693939,679,55,6.520621127558696,4.007333185232471,8.897038561203932,0.0
2890,8743a1362ffffff,8743a1344ffffff,26,2.436367919699907,679,418,6.520621127558696,6.035481432524756,7.798674014614063,3.258096538021482
2891,8743a1362ffffff,8743a1345ffffff,23,4.1024133450788085,679,450,6.520621127558696,6.1092475827643655,8.31957442952714,3.1354942159291497
2892,8743a1362ffffff,8743a1346ffffff,6,4.154456316420085,679,243,6.520621127558696,5.493061443340548,8.332177524705866,1.791759469228055
2893,8743a1362ffffff,8743a1348ffffff,1,10.422399598268667,679,135,6.520621127558696,4.90527477843843,9.251808519128648,0.0
2894,8743a1362ffffff,8743a134affffff,2,11.103010608919902,679,79,6.520621127558696,4.3694478524670215,9.315061638160385,0.6931471805599453
2895,8743a1362ffffff,8743a134cffffff,3,8.20611384893667,679,283,6.520621127558696,5.645446897643238,9.01275659970806,1.0986122886681098
2896,8743a1362ffffff,8743a134dffffff,5,10.221027275793706,679,307,6.520621127558696,5.726847747587197,9.232300207666839,1.6094379124341003
2897,8743a1362ffffff,8743a134effffff,7,8.71302954239768,679,325,6.520621127558696,5.783825182329737,9.072689596894005,1.9459101490553132
2898,8743a1362ffffff,8743a1350ffffff,5,8.446272228361243,679,500,6.520621127558696,6.214608098422191,9.041598855024132,1.6094379124341003
2899,8743a1362ffffff,8743a1351ffffff,3,8.307929439539768,679,115,6.520621127558696,4.74493212836325,9.025086051576904,1.0986122886681098
2900,8743a1362ffffff,8743a1352ffffff,6,10.680794876078041,679,468,6.520621127558696,6.148468295917647,9.276296157951629,1.791759469228055
2901,8743a1362ffffff,8743a1354ffffff,12,6.868382884929165,679,303,6.520621127558696,5.713732805509369,8.834829553660434,2.4849066497880004
2902,8743a1362ffffff,8743a1355ffffff,2,6.250077535952743,679,434,6.520621127558696,6.073044534100405,8.740509133622723,0.6931471805599453
2903,8743a1362ffffff,8743a1356ffffff,7,9.156641707164821,679,509,6.520621127558696,6.2324480165505225,9.122343968971114,1.9459101490553132
2904,8743a1362ffffff,8743a135dffffff,1,9.745847675429392,679,77,6.520621127558696,4.343805421853684,9.184699196373645,0.0
2905,8743a1362ffffff,8743a1361ffffff,3,3.842225774005789,679,77,6.520621127558696,4.343805421853684,8.25406733825519,1.0986122886681098
2906,8743a1362ffffff,8743a1362ffffff,40,0.0,679,301,6.520621127558696,5.707110264748875,0.0,3.6888794541139363
2907,8743a1362ffffff,8743a1363ffffff,39,2.258510302996181,679,553,6.520621127558696,6.315358001522335,7.722903388697624,3.6635616461296463
2908,8743a1362ffffff,8743a1368ffffff,27,6.777482731420195,679,725,6.520621127558696,6.586171654854675,8.82150856996441,3.295836866004329
2909,8743a1362ffffff,8743a1369ffffff,18,9.037944281762073,679,444,6.520621127558696,6.095824562432225,9.109297663575637,2.8903717578961645
2910,8743a1362ffffff,8743a136affffff,47,6.159132895090012,679,932,6.520621127558696,6.837332814685591,8.725853630173102,3.8501476017100584
2911,8743a1362ffffff,8743a136bffffff,23,8.322263512672574,679,578,6.520621127558696,6.359573868672378,9.026809706024979,3.1354942159291497
2912,8743a1362ffffff,8743a136cffffff,10,5.872912210523773,679,354,6.520621127558696,5.869296913133774,8.678276166213408,2.302585092994046
2913,8743a1362ffffff,8743a136dffffff,21,8.027524267067664,679,609,6.520621127558696,6.411818267709897,8.990756012600562,3.044522437723423
2914,8743a1362ffffff,8743a136effffff,26,4.5176713091817655,679,628,6.520621127558696,6.4425401664681985,8.415973271466486,3.258096538021482
2915,8743a1362ffffff,8743a1370ffffff,32,3.840111776674381,679,353,6.520621127558696,5.8664680569332965,8.253517128853067,3.4657359027997265
2916,8743a1362ffffff,8743a1371ffffff,40,2.2900616769129494,679,543,6.520621127558696,6.297109319933935,7.736770603484814,3.6888794541139363
2917,8743a1362ffffff,8743a1372ffffff,21,5.905329494606974,679,873,6.520621127558696,6.771935555839602,8.683779850555831,3.044522437723423
2918,8743a1362ffffff,8743a1373ffffff,5,4.579522756835113,679,305,6.520621127558696,5.720311776607412,8.429568409641833,1.6094379124341003
2919,8743a1362ffffff,8743a1375ffffff,15,2.2578593134933436,679,141,6.520621127558696,4.948759890378168,7.722615236305236,2.70805020110221
2920,8743a1362ffffff,8743a1376ffffff,1,5.867989060978468,679,44,6.520621127558696,3.784189633918261,8.677437676691964,0.0
2921,8743a1362ffffff,8743acca2ffffff,3,15.823226809548864,679,736,6.520621127558696,6.601230118728877,9.669297387022466,1.0986122886681098
2922,8743a1362ffffff,8743acca4ffffff,1,16.064079517800344,679,400,6.520621127558696,5.991464547107982,9.684403221291854,0.0
2923,8743a1362ffffff,8743acca6ffffff,5,14.687045806370246,679,594,6.520621127558696,6.386879319362645,9.594789231480833,1.6094379124341003
2924,8743a1362ffffff,8743accb0ffffff,15,12.751694012476976,679,947,6.520621127558696,6.853299093186078,9.453497823363142,2.70805020110221
2925,8743a1362ffffff,8743accb1ffffff,3,14.988121664811993,679,637,6.520621127558696,6.456769655572163,9.615079994637542,1.0986122886681098
2926,8743a1362ffffff,8743accb3ffffff,1,14.47182349453527,679,462,6.520621127558696,6.135564891081739,9.580027928063707,0.0
2927,8743a1362ffffff,8743accb4ffffff,5,11.299055671429302,679,406,6.520621127558696,6.0063531596017325,9.332562931363455,1.6094379124341003
2928,8743a1362ffffff,8743accb5ffffff,3,13.560816610830294,679,508,6.520621127558696,6.230481447578482,9.515013520871745,1.0986122886681098
2929,8743a1362ffffff,8743accb6ffffff,6,10.526825802578928,679,339,6.520621127558696,5.82600010738045,9.261777107320585,1.791759469228055
2930,8743a1362ffffff,8743acd98ffffff,4,11.750743775274064,679,417,6.520621127558696,6.0330862217988015,9.371756914967467,1.3862943611198906
2931,8743a1362ffffff,8743acd99ffffff,5,13.890308281331397,679,443,6.520621127558696,6.093569770045136,9.539018620033673,1.6094379124341003
2932,8743a1362ffffff,8743acd9affffff,13,10.228472873852096,679,591,6.520621127558696,6.3818160174060985,9.233028330135397,2.5649493574615367
2933,8743a1362ffffff,8743acd9bffffff,10,12.45156391408234,679,734,6.520621127558696,6.598509028614515,9.42968181756485,2.302585092994046
2934,8743a1362ffffff,8743acd9effffff,3,9.667667069184123,679,109,6.520621127558696,4.6913478822291435,9.176645737083208,1.0986122886681098
2935,8743a1363ffffff,8743a1260ffffff,1,14.621334087050556,758,269,6.630683385642372,5.594711379601839,9.590305370838076,0.0
2936,8743a1363ffffff,8743a1261ffffff,1,15.928491294342319,758,264,6.630683385642372,5.575949103146316,9.675927468580158,0.0
2937,8743a1363ffffff,8743a1300ffffff,2,16.032691047417163,758,431,6.630683385642372,6.066108090103747,9.682447477826583,0.6931471805599453
2938,8743a1363ffffff,8743a1301ffffff,5,13.867154788186348,758,567,6.630683385642372,6.340359303727752,9.537350468278992,1.6094379124341003
2939,8743a1363ffffff,8743a1308ffffff,1,11.517221608640375,758,246,6.630683385642372,5.5053315359323625,9.351685548082983,0.0
2940,8743a1363ffffff,8743a1309ffffff,9,9.694728623215447,758,528,6.630683385642372,6.269096283706261,9.17944071938765,2.1972245773362196
2941,8743a1363ffffff,8743a130affffff,2,13.50884616042684,758,617,6.630683385642372,6.424869023905388,9.511174043800354,0.6931471805599453
2942,8743a1363ffffff,8743a130bffffff,3,11.808867104052322,758,487,6.630683385642372,6.18826412308259,9.376690656295946,1.0986122886681098
2943,8743a1363ffffff,8743a130cffffff,8,11.734517701336744,758,576,6.630683385642372,6.3561076606958915,9.37037522331858,2.0794415416798357
2944,8743a1363ffffff,8743a130dffffff,11,9.657058698006086,758,613,6.630683385642372,6.418364935936212,9.175547944071477,2.3978952727983707
2945,8743a1363ffffff,8743a132affffff,2,12.434063950444722,758,372,6.630683385642372,5.918893854273146,9.428275499002304,0.6931471805599453
2946,8743a1363ffffff,8743a132bffffff,1,10.217047776758474,758,99,6.630683385642372,4.59511985013459,9.231910825624427,0.0
2947,8743a1363ffffff,8743a1340ffffff,29,4.155035243333419,758,643,6.630683385642372,6.466144724237619,8.332316832292262,3.367295829986474
2948,8743a1363ffffff,8743a1341ffffff,9,4.873531525052675,758,292,6.630683385642372,5.676753802268282,8.491779281389201,2.1972245773362196
2949,8743a1363ffffff,8743a1342ffffff,3,6.251038514427731,758,214,6.630683385642372,5.365976015021851,8.740662851859522,1.0986122886681098
2950,8743a1363ffffff,8743a1343ffffff,4,6.415241228570028,758,55,6.630683385642372,4.007333185232471,8.766587746808709,1.3862943611198906
2951,8743a1363ffffff,8743a1344ffffff,15,2.2905178966933577,758,418,6.630683385642372,6.035481432524756,7.736969713952876,2.70805020110221
2952,8743a1363ffffff,8743a1345ffffff,34,2.4367343573198883,758,450,6.630683385642372,6.1092475827643655,7.7988243448429895,3.5263605246161616
2953,8743a1363ffffff,8743a1346ffffff,7,4.580435238864382,758,243,6.630683385642372,5.493061443340548,8.429767598948903,1.9459101490553132
2954,8743a1363ffffff,8743a1348ffffff,8,8.714572473497567,758,135,6.630683385642372,4.90527477843843,9.072866644092501,2.0794415416798357
2955,8743a1363ffffff,8743a134cffffff,10,6.3600452512064996,758,283,6.630683385642372,5.645446897643238,8.757947990504546,2.302585092994046
2956,8743a1363ffffff,8743a134dffffff,7,8.207906376586823,758,307,6.630683385642372,5.726847747587197,9.01297498731147,1.9459101490553132
2957,8743a1363ffffff,8743a134effffff,14,7.310390792626223,758,325,6.630683385642372,5.783825182329737,8.89718879355609,2.6390573296152584
2958,8743a1363ffffff,8743a1350ffffff,5,9.158466839364898,758,500,6.630683385642372,6.214608098422191,9.122543250664672,1.6094379124341003
2959,8743a1363ffffff,8743a1352ffffff,3,11.446580389572922,758,468,6.630683385642372,6.148468295917647,9.34553366696328,1.0986122886681098
2960,8743a1363ffffff,8743a1354ffffff,5,8.093239212766356,758,303,6.630683385642372,5.713732805509369,8.99890787933148,1.6094379124341003
2961,8743a1363ffffff,8743a1355ffffff,6,6.869751671242901,758,434,6.630683385642372,6.073044534100405,8.83502879280364,1.791759469228055
2962,8743a1363ffffff,8743a1356ffffff,5,10.323561998596936,758,509,6.630683385642372,6.2324480165505225,9.242280995486023,1.6094379124341003
2963,8743a1363ffffff,8743a135dffffff,1,8.770426396277546,758,77,6.630683385642372,4.343805421853684,9.079254717098502,0.0
2964,8743a1363ffffff,8743a1361ffffff,12,2.291118095141728,758,77,6.630683385642372,4.343805421853684,7.7372316014382125,2.4849066497880004
2965,8743a1363ffffff,8743a1362ffffff,27,2.258510302996181,758,301,6.630683385642372,5.707110264748875,7.722903388697624,3.295836866004329
2966,8743a1363ffffff,8743a1363ffffff,88,0.0,758,553,6.630683385642372,6.315358001522335,0.0,4.477336814478207
2967,8743a1363ffffff,8743a1368ffffff,57,4.518972428424013,758,725,6.630683385642372,6.586171654854675,8.41626117290148,4.04305126783455
2968,8743a1363ffffff,8743a1369ffffff,34,6.779433978765891,758,444,6.630683385642372,6.095824562432225,8.82179638755351,3.5263605246161616
2970,8743a1363ffffff,8743a136bffffff,36,6.160659624284807,758,578,6.630683385642372,6.359573868672378,8.726101439767397,3.58351893845611
2971,8743a1363ffffff,8743a136cffffff,40,3.8433022862009407,758,354,6.630683385642372,5.869296913133774,8.254347405448119,3.6888794541139363
2972,8743a1363ffffff,8743a136dffffff,22,5.874643317517816,758,609,6.630683385642372,6.411818267709897,8.678570833871674,3.091042453358316
2973,8743a1363ffffff,8743a136effffff,66,2.2591610061855847,758,628,6.630683385642372,6.4425401664681985,7.723191331403801,4.189654742026425
2974,8743a1363ffffff,8743a1370ffffff,15,5.869721596208798,758,353,6.630683385642372,5.8664680569332965,8.67773283477439,2.70805020110221
2975,8743a1363ffffff,8743a1371ffffff,37,3.841188774922417,758,543,6.630683385642372,6.297109319933935,8.253797476666577,3.6109179126442243
2976,8743a1363ffffff,8743a1372ffffff,9,7.680262991171745,758,873,6.630683385642372,6.771935555839602,8.946539264596462,2.1972245773362196
2977,8743a1363ffffff,8743a1373ffffff,6,5.906835069024421,758,305,6.630683385642372,5.720311776607412,8.684034726711904,1.791759469228055
2978,8743a1363ffffff,8743a1374ffffff,1,6.773577654985167,758,5,6.630683385642372,1.6094379124341003,8.820932305057184,0.0
2979,8743a1363ffffff,8743a1375ffffff,8,4.516369616489524,758,141,6.630683385642372,4.948759890378168,8.415685160177048,2.0794415416798357
2980,8743a1363ffffff,8743a1376ffffff,1,8.020869731165664,758,44,6.630683385642372,3.784189633918261,8.989926807250958,0.0
2981,8743a1363ffffff,8743acc12ffffff,1,18.26550110415875,758,265,6.630683385642372,5.579729825986222,9.812824120585978,0.0
2982,8743a1363ffffff,8743acc82ffffff,1,16.379328085912867,758,621,6.630683385642372,6.431331081933479,9.70383638687148,0.0
2983,8743a1363ffffff,8743acc84ffffff,1,14.99223577926278,758,328,6.630683385642372,5.793013608384144,9.61535443032755,0.0
2984,8743a1363ffffff,8743acc90ffffff,1,14.513053491152409,758,353,6.630683385642372,5.8664680569332965,9.582872665317884,0.0
2985,8743a1363ffffff,8743acc95ffffff,1,14.311901129904893,758,314,6.630683385642372,5.749392985908253,9.568916586447433,0.0
2986,8743a1363ffffff,8743acc96ffffff,1,12.722242286134735,758,94,6.630683385642372,4.543294782270004,9.451185701122172,0.0
2987,8743a1363ffffff,8743acca1ffffff,1,16.935255095470982,758,655,6.630683385642372,6.484635235635252,9.737211875022414,0.0
2988,8743a1363ffffff,8743acca2ffffff,2,13.56471650655268,758,736,6.630683385642372,6.601230118728877,9.515301043937876,0.6931471805599453
2989,8743a1363ffffff,8743acca4ffffff,1,13.894421492771723,758,400,6.630683385642372,5.991464547107982,9.539314675849079,0.0
2990,8743a1363ffffff,8743acca6ffffff,7,12.455249092865431,758,594,6.630683385642372,6.386879319362645,9.429977711135447,1.9459101490553132
2991,8743a1363ffffff,8743accb0ffffff,7,10.529643545096022,758,947,6.630683385642372,6.853299093186078,9.262044718654286,1.9459101490553132
2992,8743a1363ffffff,8743accb1ffffff,6,12.755159820364625,758,637,6.630683385642372,6.456769655572163,9.453769557086003,1.791759469228055
2993,8743a1363ffffff,8743accb3ffffff,3,12.325019953548892,758,462,6.630683385642372,6.135564891081739,9.419467750338734,1.0986122886681098
2994,8743a1363ffffff,8743accb4ffffff,4,9.04054536843312,758,406,6.630683385642372,6.0063531596017325,9.109585386611828,1.3862943611198906
2995,8743a1363ffffff,8743accb5ffffff,4,11.30230630783411,758,508,6.630683385642372,6.230481447578482,9.332850555516906,1.3862943611198906
2996,8743a1363ffffff,8743accb6ffffff,3,8.324434130285091,758,339,6.630683385642372,5.82600010738045,9.02707046127099,1.0986122886681098
2997,8743a1363ffffff,8743acd98ffffff,8,9.670474055688025,758,417,6.630683385642372,6.0330862217988015,9.17693601278549,2.0794415416798357
2998,8743a1363ffffff,8743acd99ffffff,3,11.754204546767118,758,443,6.630683385642372,6.093569770045136,9.372051361653668,1.0986122886681098
2999,8743a1363ffffff,8743acd9affffff,19,8.029908014319915,758,591,6.630683385642372,6.3818160174060985,8.991052878296433,2.9444389791664403
3000,8743a1363ffffff,8743acd9bffffff,12,10.231507770421883,758,734,6.630683385642372,6.598509028614515,9.233324967752724,2.4849066497880004
3001,8743a1363ffffff,8743acd9effffff,2,7.688717028974117,758,109,6.630683385642372,4.6913478822291435,8.947639264550107,0.6931471805599453
3002,8743a1368ffffff,8743a1224ffffff,1,17.339943657100502,952,845,6.858565034791365,6.739336627357174,9.760825669678486,0.0
3003,8743a1368ffffff,8743a1261ffffff,1,13.571246407375549,952,264,6.858565034791365,5.575949103146316,9.5157822813078,0.0
3004,8743a1368ffffff,8743a1264ffffff,1,10.53269120430875,952,40,6.858565034791365,3.6888794541139363,9.262334085422356,0.0
3005,8743a1368ffffff,8743a1266ffffff,1,12.465619621186601,952,30,6.858565034791365,3.4011973816621555,9.430809921025784,0.0
3006,8743a1368ffffff,8743a1301ffffff,7,18.230011766013185,952,567,6.858565034791365,6.340359303727752,9.810879366188216,1.9459101490553132
3007,8743a1368ffffff,8743a1308ffffff,1,15.515295518462448,952,246,6.858565034791365,5.5053315359323625,9.649646074425304,0.0
3008,8743a1368ffffff,8743a1309ffffff,3,13.478764314855711,952,528,6.858565034791365,6.269096283706261,9.5089449002523,1.0986122886681098
3009,8743a1368ffffff,8743a130bffffff,1,15.360681358831973,952,487,6.858565034791365,6.18826412308259,9.639631464176599,0.0
3010,8743a1368ffffff,8743a130cffffff,11,16.042238238485947,952,576,6.858565034791365,6.3561076606958915,9.683042746236824,2.3978952727983707
3011,8743a1368ffffff,8743a130dffffff,7,13.875393606927814,952,613,6.858565034791365,6.418364935936212,9.537944373709804,1.9459101490553132
3012,8743a1368ffffff,8743a130effffff,1,17.604782814639748,952,167,6.858565034791365,5.117993812416755,9.775982696072887,0.0
3013,8743a1368ffffff,8743a1328ffffff,1,15.805011197527394,952,199,6.858565034791365,5.293304824724492,9.668145602199909,0.0
3014,8743a1368ffffff,8743a1329ffffff,1,13.549106562234378,952,50,6.858565034791365,3.912023005428146,9.514149690648464,0.0
3015,8743a1368ffffff,8743a132affffff,2,16.906703824390167,952,372,6.858565034791365,5.918893854273146,9.735524644641265,0.6931471805599453
3016,8743a1368ffffff,8743a1340ffffff,43,5.90984493702811,952,643,6.858565034791365,6.466144724237619,8.684544067529528,3.7612001156935624
3017,8743a1368ffffff,8743a1341ffffff,25,4.582259356428507,952,292,6.858565034791365,5.676753802268282,8.43016567388075,3.2188758248682006
3018,8743a1368ffffff,8743a1342ffffff,13,8.09712686339464,952,214,6.858565034791365,5.365976015021851,8.999388062485034,2.5649493574615367
3019,8743a1368ffffff,8743a1343ffffff,3,6.8724879757951145,952,55,6.858565034791365,4.007333185232471,8.83542696755301,1.0986122886681098
3020,8743a1368ffffff,8743a1344ffffff,21,5.873184838191885,952,418,6.858565034791365,6.035481432524756,8.678322578439495,3.044522437723423
3021,8743a1368ffffff,8743a1345ffffff,40,3.843341766901458,952,450,6.858565034791365,6.1092475827643655,8.254357675321518,3.6888794541139363
3022,8743a1368ffffff,8743a1346ffffff,13,7.684569946042589,952,243,6.858565034791365,5.493061443340548,8.94709981666353,2.5649493574615367
3023,8743a1368ffffff,8743a1348ffffff,9,6.416969432234472,952,135,6.858565034791365,4.90527477843843,8.766857058840522,2.1972245773362196
3024,8743a1368ffffff,8743a134affffff,1,8.311399657360221,952,79,6.858565034791365,4.3694478524670215,9.02550361359624,0.0
3025,8743a1368ffffff,8743a134bffffff,4,8.772812264504736,952,52,6.858565034791365,3.9512437185814275,9.07952668470043,1.3862943611198906
3026,8743a1368ffffff,8743a134cffffff,32,4.156192055618397,952,283,6.858565034791365,5.645446897643238,8.332595138719078,3.4657359027997265
3027,8743a1368ffffff,8743a134dffffff,22,4.87499492936111,952,307,6.858565034791365,5.726847747587197,8.492079450682883,3.091042453358316
3028,8743a1368ffffff,8743a134effffff,19,6.252959119742418,952,325,6.858565034791365,5.783825182329737,8.74097000133867,2.9444389791664403
3029,8743a1368ffffff,8743a1350ffffff,3,11.814888539758334,952,500,6.858565034791365,6.214608098422191,9.377200391174032,1.0986122886681098
3030,8743a1368ffffff,8743a1351ffffff,1,10.328339771715648,952,115,6.858565034791365,4.74493212836325,9.242743646394027,0.0
3031,8743a1368ffffff,8743a1354ffffff,5,11.52368349004641,952,303,6.858565034791365,5.713732805509369,9.35224640458504,1.6094379124341003
3032,8743a1368ffffff,8743a1355ffffff,4,9.699886575345797,952,434,6.858565034791365,6.073044534100405,9.179972559834978,1.3862943611198906
3033,8743a1368ffffff,8743a1356ffffff,1,13.51615728270111,952,509,6.858565034791365,6.2324480165505225,9.511715067333947,0.0
3034,8743a1368ffffff,8743a135cffffff,1,9.162115415218222,952,25,6.858565034791365,3.2188758248682006,9.12294151067528,0.0
3035,8743a1368ffffff,8743a135dffffff,2,8.45042456978324,952,77,6.858565034791365,4.343805421853684,9.042090294281865,0.6931471805599453
3036,8743a1368ffffff,8743a1361ffffff,9,4.103815721520869,952,77,6.858565034791365,4.343805421853684,8.319916129653764,2.1972245773362196
3037,8743a1368ffffff,8743a1362ffffff,17,6.777482731420195,952,301,6.858565034791365,5.707110264748875,8.82150856996441,2.833213344056216
3038,8743a1368ffffff,8743a1363ffffff,44,4.518972428424013,952,553,6.858565034791365,6.315358001522335,8.41626117290148,3.784189633918261
3043,8743a1368ffffff,8743a136cffffff,46,2.4374035269382235,952,354,6.858565034791365,5.869296913133774,7.7990988119062346,3.828641396489095
3046,8743a1368ffffff,8743a1370ffffff,5,10.22312406015182,952,353,6.858565034791365,5.8664680569332965,9.2325053107526,1.6094379124341003
3047,8743a1368ffffff,8743a1371ffffff,19,8.025640415700162,952,543,6.858565034791365,6.297109319933935,8.99052134028005,2.9444389791664403
3048,8743a1368ffffff,8743a1372ffffff,11,11.741447029233981,952,873,6.858565034791365,6.771935555839602,9.370965506861296,2.3978952727983707
3049,8743a1368ffffff,8743a1373ffffff,6,9.662676965746574,952,305,6.858565034791365,5.720311776607412,9.176129493058236,1.791759469228055
3050,8743a1368ffffff,8743a1375ffffff,4,9.03534204491354,952,141,6.858565034791365,4.948759890378168,9.109009730447553,1.3862943611198906
3051,8743a1368ffffff,8743acc12ffffff,2,13.902643344883153,952,265,6.858565034791365,5.579729825986222,9.539906195916332,0.6931471805599453
3052,8743a1368ffffff,8743acc80ffffff,1,12.331116802800855,952,312,6.858565034791365,5.7430031878094825,9.419962260482501,0.0
3053,8743a1368ffffff,8743acc82ffffff,4,12.319154951868471,952,621,6.858565034791365,6.431331081933479,9.418991814270468,1.3862943611198906
3054,8743a1368ffffff,8743acc83ffffff,1,14.31850684164614,952,574,6.858565034791365,6.352629396319567,9.569378001489088,0.0
3055,8743a1368ffffff,8743acc84ffffff,4,10.535274802803986,952,328,6.858565034791365,5.793013608384144,9.26257932535367,1.3862943611198906
3056,8743a1368ffffff,8743acc86ffffff,3,10.228268186966067,952,205,6.858565034791365,5.3230099791384085,9.233008320410907,1.0986122886681098
3057,8743a1368ffffff,8743acc8cffffff,1,16.664924199739602,952,386,6.858565034791365,5.955837369464831,9.721121446734257,0.0
3058,8743a1368ffffff,8743acc91ffffff,6,12.727057564377805,952,927,6.858565034791365,6.831953565565855,9.451564092664357,1.791759469228055
3059,8743a1368ffffff,8743acc92ffffff,1,12.18794634315192,952,365,6.858565034791365,5.8998973535824915,9.408284782574764,0.0
3060,8743a1368ffffff,8743acc94ffffff,1,8.717655040498581,952,22,6.858565034791365,3.091042453358316,9.073220266532115,0.0
3061,8743a1368ffffff,8743acc95ffffff,1,10.428668927080565,952,314,6.858565034791365,5.749392985908253,9.252409805120987,0.0
3062,8743a1368ffffff,8743acc9cffffff,2,14.519009419173479,952,487,6.858565034791365,6.18826412308259,9.583282937081984,0.6931471805599453
3063,8743a1368ffffff,8743acc9effffff,1,15.069571047567463,952,612,6.858565034791365,6.416732282512326,9.620499183906432,0.0
3064,8743a1368ffffff,8743acca0ffffff,11,10.237573988495102,952,358,6.858565034791365,5.8805329864007,9.233917629960047,2.3978952727983707
3065,8743a1368ffffff,8743acca1ffffff,6,12.462615002864567,952,655,6.858565034791365,6.484635235635252,9.430568878903085,1.791759469228055
3066,8743a1368ffffff,8743acca2ffffff,23,9.045744078128665,952,736,6.858565034791365,6.601230118728877,9.110160201588561,3.1354942159291497
3067,8743a1368ffffff,8743acca3ffffff,2,11.308803244925647,952,340,6.858565034791365,5.8289456176102075,9.333425172400545,0.6931471805599453
3068,8743a1368ffffff,8743acca4ffffff,7,9.676085177451448,952,400,6.858565034791365,5.991464547107982,9.17751601689361,1.9459101490553132
3069,8743a1368ffffff,8743acca5ffffff,3,11.761122384920665,952,342,6.858565034791365,5.834810737062605,9.372639680077201,1.0986122886681098
3070,8743a1368ffffff,8743acca6ffffff,31,8.034672802565472,952,594,6.858565034791365,6.386879319362645,8.991646008650621,3.4339872044851463
3071,8743a1368ffffff,8743accacffffff,6,14.700045110891725,952,639,6.858565034791365,6.459904454377535,9.595673866218657,1.791759469228055
3072,8743a1368ffffff,8743accaeffffff,2,13.572511087739478,952,671,6.858565034791365,6.508769136971682,9.515875458325615,0.6931471805599453
3073,8743a1368ffffff,8743accb0ffffff,56,6.163710589635047,952,947,6.858565034791365,6.853299093186078,8.726596470398409,4.02535169073515
3074,8743a1368ffffff,8743accb1ffffff,22,8.328772007706219,952,637,6.858565034791365,6.456769655572163,9.02759136476306,3.091042453358316
3075,8743a1368ffffff,8743accb2ffffff,1,6.362455595539871,952,7,6.858565034791365,1.9459101490553132,8.758326841414492,0.0
3076,8743a1368ffffff,8743accb3ffffff,29,8.211488144937572,952,462,6.858565034791365,6.135564891081739,9.01341121925302,3.367295829986474
3077,8743a1368ffffff,8743accb4ffffff,42,4.521572940009108,952,406,6.858565034791365,6.0063531596017325,8.416836345389056,3.7376696182833684
3078,8743a1368ffffff,8743accb5ffffff,38,6.783333879410098,952,508,6.858565034791365,6.230481447578482,8.822371391975617,3.6375861597263857
3079,8743a1368ffffff,8743accb6ffffff,35,4.1051022238989825,952,339,6.858565034791365,5.82600010738045,8.320229493493763,3.5553480614894135
3080,8743a1368ffffff,8743acd98ffffff,39,5.914641946671961,952,417,6.858565034791365,6.0330862217988015,8.685355299124184,3.6635616461296463
3081,8743a1368ffffff,8743acd99ffffff,18,7.693020071038979,952,443,6.858565034791365,6.093569770045136,8.94819869197,2.8903717578961645
3083,8743a1368ffffff,8743acd9bffffff,73,5.878103687079191,952,734,6.858565034791365,6.598509028614515,8.679159595103199,4.290459441148391
3084,8743a1368ffffff,8743acd9cffffff,4,6.877888974679476,952,17,6.858565034791365,2.833213344056216,8.836212431648635,1.3862943611198906
3085,8743a1368ffffff,8743acd9dffffff,3,8.105821590013212,952,20,6.858565034791365,2.995732273553991,9.00046115783957,1.0986122886681098
3086,8743a1368ffffff,8743acd9effffff,11,4.58465980172602,952,109,6.858565034791365,4.6913478822291435,8.430689278748664,2.3978952727983707
3087,8743a1369ffffff,8743a1301ffffff,1,20.437853953706806,642,567,6.464588303689961,6.340359303727752,9.92519297394469,0.0
3088,8743a1369ffffff,8743a1308ffffff,1,17.60997919814995,642,246,6.464588303689961,5.5053315359323625,9.77627780460933,0.0
3089,8743a1369ffffff,8743a1309ffffff,1,15.519836363148645,642,528,6.464588303689961,6.269096283706261,9.649938681663365,0.0
3090,8743a1369ffffff,8743a130affffff,1,19.31754818618015,642,617,6.464588303689961,6.424869023905388,9.868820959300084,0.0
3091,8743a1369ffffff,8743a130dffffff,4,16.0470091623433,642,613,6.464588303689961,6.418364935936212,9.68334008113521,1.3862943611198906
3092,8743a1369ffffff,8743a1340ffffff,7,7.686722417076073,642,643,6.464588303689961,6.466144724237619,8.94737984399882,1.9459101490553132
3093,8743a1369ffffff,8743a1341ffffff,3,5.911349227315293,642,292,6.464588303689961,5.676753802268282,8.684798531809552,1.0986122886681098
3094,8743a1369ffffff,8743a1342ffffff,1,9.702464420314898,642,214,6.464588303689961,5.365976015021851,9.180238257459685,0.0
3095,8743a1369ffffff,8743a1344ffffff,4,8.028024414462395,642,418,6.464588303689961,6.035481432524756,8.990818306965014,1.3862943611198906
3096,8743a1369ffffff,8743a1345ffffff,15,5.8749155408402665,642,450,6.464588303689961,6.1092475827643655,8.678617163609845,2.70805020110221
3097,8743a1369ffffff,8743a1348ffffff,4,6.253918744779865,642,135,6.464588303689961,4.90527477843843,8.741123432373767,1.3862943611198906
3098,8743a1369ffffff,8743a134cffffff,5,4.583170990154754,642,283,6.464588303689961,5.645446897643238,8.430364559216072,1.6094379124341003
3099,8743a1369ffffff,8743a134dffffff,11,4.156769939850938,642,307,6.464588303689961,5.726847747587197,8.332734137366044,2.3978952727983707
3100,8743a1369ffffff,8743a134effffff,12,6.873855491322512,642,325,6.464588303689961,5.783825182329737,8.835625902869863,2.4849066497880004
3101,8743a1369ffffff,8743a1352ffffff,1,15.593589994276838,642,468,6.464588303689961,6.148468295917647,9.65467933785159,0.0
3102,8743a1369ffffff,8743a1355ffffff,2,11.526912925708551,642,434,6.464588303689961,6.073044534100405,9.352526584363925,0.6931471805599453
3103,8743a1369ffffff,8743a135dffffff,3,9.163938855259094,642,77,6.464588303689961,4.343805421853684,9.12314048870317,1.0986122886681098
3104,8743a1369ffffff,8743a1361ffffff,1,6.161533525676067,642,77,6.464588303689961,4.343805421853684,8.726243258608125,0.0
3105,8743a1369ffffff,8743a1362ffffff,4,9.037944281762073,642,301,6.464588303689961,5.707110264748875,9.109297663575637,1.3862943611198906
3106,8743a1369ffffff,8743a1363ffffff,9,6.779433978765891,642,553,6.464588303689961,6.315358001522335,8.82179638755351,2.1972245773362196
3110,8743a1369ffffff,8743a136bffffff,64,2.2918857075223085,642,578,6.464588303689961,6.359573868672378,7.737566437534665,4.1588830833596715
3111,8743a1369ffffff,8743a136cffffff,15,4.104712072781172,642,354,6.464588303689961,5.869296913133774,8.320134471588977,2.70805020110221
3112,8743a1369ffffff,8743a136dffffff,58,2.437769450017691,642,609,6.464588303689961,6.411818267709897,7.799248867310004,4.060443010546419
3113,8743a1369ffffff,8743a136effffff,33,4.5202729725803055,642,628,6.464588303689961,6.4425401664681985,8.41654886427752,3.4965075614664802
3114,8743a1369ffffff,8743a1370ffffff,2,12.445133694353757,642,353,6.464588303689961,5.8664680569332965,9.42916530702501,0.6931471805599453
3115,8743a1369ffffff,8743a1371ffffff,8,10.226160432147777,642,543,6.464588303689961,6.297109319933935,9.232802247800189,2.0794415416798357
3116,8743a1369ffffff,8743a1372ffffff,10,13.879510766521205,642,873,6.464588303689961,6.771935555839602,9.538241032124459,2.302585092994046
3117,8743a1369ffffff,8743a1373ffffff,4,11.744909864461702,642,305,6.464588303689961,5.720311776607412,9.371260362331048,1.3862943611198906
3118,8743a1369ffffff,8743a1375ffffff,1,11.295803595255416,642,141,6.464588303689961,4.948759890378168,9.332275097009314,0.0
3119,8743a1369ffffff,8743a1376ffffff,1,14.67519459376131,642,44,6.464588303689961,3.784189633918261,9.593982044705973,0.0
3120,8743a1369ffffff,8743acc12ffffff,3,11.764579443352105,642,265,6.464588303689961,5.579729825986222,9.372933551402292,1.0986122886681098
3121,8743a1369ffffff,8743acc81ffffff,2,12.334162718275905,642,607,6.464588303689961,6.408528791059498,9.420209220467523,0.6931471805599453
3122,8743a1369ffffff,8743acc83ffffff,2,12.321837065266356,642,574,6.464588303689961,6.352629396319567,9.419209491848468,0.6931471805599453
3123,8743a1369ffffff,8743acc84ffffff,1,8.33093926177854,642,328,6.464588303689961,5.793013608384144,9.027851512601357,0.0
3124,8743a1369ffffff,8743acc8dffffff,2,16.669254183449365,642,623,6.464588303689961,6.434546518787453,9.721381223585961,0.6931471805599453
3125,8743a1369ffffff,8743acc8effffff,1,14.32180679222128,642,693,6.464588303689961,6.541029999189903,9.569608426351543,0.0
3126,8743a1369ffffff,8743acc91ffffff,2,11.110565584525975,642,927,6.464588303689961,6.831953565565855,9.315741789404859,0.6931471805599453
3127,8743a1369ffffff,8743acc96ffffff,1,8.774003856648303,642,94,6.464588303689961,4.543294782270004,9.07966248783805,0.0
3128,8743a1369ffffff,8743acc9cffffff,1,12.729462730811726,642,487,6.464588303689961,6.18826412308259,9.451753040522535,0.0
3129,8743a1369ffffff,8743acc9dffffff,1,14.521984497224842,642,654,6.464588303689961,6.483107351457199,9.583487811143545,0.0
3130,8743a1369ffffff,8743acca0ffffff,2,8.037053837804265,642,358,6.464588303689961,5.8805329864007,8.991942272897173,0.6931471805599453
3131,8743a1369ffffff,8743acca1ffffff,7,10.24060530259938,642,655,6.464588303689961,6.484635235635252,9.234213654138678,1.9459101490553132
3132,8743a1369ffffff,8743acca2ffffff,10,6.785282527786788,642,736,6.464588303689961,6.601230118728877,8.822658578398343,2.302585092994046
3133,8743a1369ffffff,8743acca3ffffff,3,9.04834169458377,642,340,6.464588303689961,5.8289456176102075,9.110447293118252,1.0986122886681098
3134,8743a1369ffffff,8743acca4ffffff,2,7.695170573470559,642,400,6.464588303689961,5.991464547107982,8.94847815601242,0.6931471805599453
3135,8743a1369ffffff,8743acca5ffffff,4,9.678889306126408,642,342,6.464588303689961,5.834810737062605,9.177805744887719,1.3862943611198906
3136,8743a1369ffffff,8743acca6ffffff,17,5.879832945535659,642,594,6.464588303689961,6.386879319362645,8.679453688264234,2.833213344056216
3137,8743a1369ffffff,8743accaaffffff,1,12.765547034908105,642,490,6.464588303689961,6.194405391104672,9.454583515822893,0.0
3138,8743a1369ffffff,8743accabffffff,1,15.004566160913914,642,256,6.464588303689961,5.545177444479562,9.616176488646419,0.0
3139,8743a1369ffffff,8743accacffffff,3,12.466295725037675,642,639,6.464588303689961,6.459904454377535,9.43086415268911,1.0986122886681098
3140,8743a1369ffffff,8743accaeffffff,3,11.312049537397604,642,671,6.464588303689961,6.508769136971682,9.333712164719815,1.0986122886681098
3141,8743a1369ffffff,8743accb0ffffff,50,4.105997420723913,642,947,6.464588303689961,6.853299093186078,8.320447485936862,3.912023005428146
3142,8743a1369ffffff,8743accb1ffffff,8,6.1652348216945265,642,637,6.464588303689961,6.456769655572163,8.726843691031766,2.0794415416798357
3143,8743a1369ffffff,8743accb3ffffff,8,6.363659534266269,642,462,6.464588303689961,6.135564891081739,8.7585160192649,2.0794415416798357
3144,8743a1369ffffff,8743accb4ffffff,28,2.26111138966723,642,406,6.464588303689961,6.0063531596017325,7.724053899348343,3.332204510175204
3145,8743a1369ffffff,8743accb5ffffff,16,4.522872329068221,642,508,6.464588303689961,6.230481447578482,8.417123616030596,2.772588722239781
3146,8743a1369ffffff,8743accb6ffffff,13,2.437831982417252,642,339,6.464588303689961,5.82600010738045,7.799274507945235,2.5649493574615367
3147,8743a1369ffffff,8743acd98ffffff,14,4.585571259379166,642,417,6.464588303689961,6.0330862217988015,8.430888021595432,2.6390573296152584
3148,8743a1369ffffff,8743acd99ffffff,9,5.916145369743623,642,443,6.464588303689961,6.093569770045136,8.685609410524915,2.1972245773362196
3149,8743a1369ffffff,8743acd9affffff,94,2.29248577503158,642,591,6.464588303689961,6.3818160174060985,7.737828111720884,4.543294782270004
3150,8743a1369ffffff,8743acd9bffffff,38,3.8465297990957312,642,734,6.464588303689961,6.598509028614515,8.255186610737162,3.6375861597263857
3151,8743a1369ffffff,8743acd9cffffff,2,6.257033504333961,642,17,6.464588303689961,2.833213344056216,8.741621278055014,0.6931471805599453
3152,8743a1369ffffff,8743acd9dffffff,2,6.879256094045478,642,20,6.464588303689961,2.995732273553991,8.836411153206358,0.6931471805599453
3153,8743a1369ffffff,8743acd9effffff,5,4.1577516235371315,642,109,6.464588303689961,4.6913478822291435,8.332970217723265,1.6094379124341003
3154,8743a136affffff,8743a1220ffffff,1,15.585168496793338,1423,473,7.260522598089852,6.159095388491933,9.654139165123548,0.0
3155,8743a136affffff,8743a1221ffffff,3,13.980219923692964,1423,324,7.260522598089852,5.780743515792329,9.545470274047425,1.0986122886681098
3156,8743a136affffff,8743a1223ffffff,1,16.181037156231994,1423,328,7.260522598089852,5.793013608384144,9.69165708851099,0.0
3157,8743a136affffff,8743a1224ffffff,12,15.35652956640219,1423,845,7.260522598089852,6.739336627357174,9.639361158245553,2.4849066497880004
3158,8743a136affffff,8743a1225ffffff,4,13.512429957811017,1423,598,7.260522598089852,6.393590753950631,9.511439281619005,1.3862943611198906
3159,8743a136affffff,8743a1226ffffff,2,17.335176730764317,1423,670,7.260522598089852,6.507277712385012,9.760550737601491,0.6931471805599453
3160,8743a136affffff,8743a1245ffffff,1,15.985694260109726,1423,30,7.260522598089852,3.4011973816621555,9.679512046500399,0.0
3161,8743a136affffff,8743a1260ffffff,1,11.162146060356154,1423,269,7.260522598089852,5.594711379601839,9.320373101257374,0.0
3162,8743a136affffff,8743a1265ffffff,2,9.749019755088607,1423,224,7.260522598089852,5.4116460518550396,9.185024590152775,0.6931471805599453
3163,8743a136affffff,8743a126cffffff,1,13.514986123811733,1423,356,7.260522598089852,5.87493073085203,9.511628421184625,0.0
3164,8743a136affffff,8743a1271ffffff,2,14.667008019484188,1423,332,7.260522598089852,5.805134968916488,9.593424075924377,0.6931471805599453
3165,8743a136affffff,8743a1301ffffff,1,16.903092466219412,1423,567,7.260522598089852,6.340359303727752,9.735311029360169,0.0
3166,8743a136affffff,8743a1308ffffff,4,13.872050042519858,1423,246,7.260522598089852,5.5053315359323625,9.537703391262273,1.3862943611198906
3167,8743a136affffff,8743a1309ffffff,7,11.738528124170921,1423,528,7.260522598089852,6.269096283706261,9.370716898721732,1.9459101490553132
3168,8743a136affffff,8743a130affffff,3,15.511338781599557,1423,617,7.260522598089852,6.424869023905388,9.649391036653027,1.0986122886681098
3169,8743a136affffff,8743a130bffffff,2,13.47522941299822,1423,487,7.260522598089852,6.18826412308259,9.508682628201532,0.6931471805599453
3170,8743a136affffff,8743a130cffffff,12,14.667676492674616,1423,576,7.260522598089852,6.3561076606958915,9.593469648435494,2.4849066497880004
3171,8743a136affffff,8743a130dffffff,14,12.438700440430829,1423,613,7.260522598089852,6.418364935936212,9.428648285652015,2.6390573296152584
3172,8743a136affffff,8743a1319ffffff,5,17.297877920994704,1423,724,7.260522598089852,6.584791392385716,9.758396918324257,1.6094379124341003
3174,8743a136affffff,8743a1341ffffff,63,2.290829443977111,1423,292,7.260522598089852,5.676753802268282,7.737105661443247,4.143134726391533
3175,8743a136affffff,8743a1342ffffff,20,5.908197221338315,1423,214,7.260522598089852,5.365976015021851,8.684265267220969,2.995732273553991
3176,8743a136affffff,8743a1343ffffff,15,4.5810580633437175,1423,55,7.260522598089852,4.007333185232471,8.429903534985469,2.70805020110221
3177,8743a136affffff,8743a1344ffffff,66,4.518099149811134,1423,418,7.260522598089852,6.035481432524756,8.416067949823637,4.189654742026425
3179,8743a136affffff,8743a1346ffffff,13,5.8717258465493565,1423,243,7.260522598089852,5.493061443340548,8.67807417412466,2.5649493574615367
3180,8743a136affffff,8743a1348ffffff,41,4.8743877596951695,1423,135,7.260522598089852,4.90527477843843,8.491954920719065,3.713572066704308
3181,8743a136affffff,8743a1349ffffff,2,6.361724810921363,1423,23,7.260522598089852,3.1354942159291497,8.758211993974653,0.6931471805599453
3182,8743a136affffff,8743a134affffff,18,6.415941344367666,1423,79,7.260522598089852,4.3694478524670215,8.766696857046073,2.8903717578961645
3183,8743a136affffff,8743a134bffffff,1,7.311673583481563,1423,52,7.260522598089852,3.9512437185814275,8.89736422917038,0.0
3184,8743a136affffff,8743a134cffffff,100,2.437162994857779,1423,283,7.260522598089852,5.645446897643238,7.799000163777653,4.605170185988092
3185,8743a136affffff,8743a134dffffff,90,4.104596191743423,1423,307,7.260522598089852,5.726847747587197,8.320106246844754,4.499809670330265
3186,8743a136affffff,8743a134effffff,94,4.1554112592198535,1423,325,7.260522598089852,5.783825182329737,8.332407302862286,4.543294782270004
3187,8743a136affffff,8743a1350ffffff,6,9.697198688549873,1423,500,7.260522598089852,6.214608098422191,9.17969544503533,1.791759469228055
3188,8743a136affffff,8743a1351ffffff,3,8.09487379605622,1423,115,7.260522598089852,4.74493212836325,8.999109802973955,1.0986122886681098
3189,8743a136affffff,8743a1352ffffff,2,11.811591385661146,1423,468,7.260522598089852,6.148468295917647,9.37692130812434,0.6931471805599453
3190,8743a136affffff,8743a1354ffffff,5,9.660180542780152,1423,303,7.260522598089852,5.713732805509369,9.175871129137136,1.6094379124341003
3191,8743a136affffff,8743a1355ffffff,15,7.6824951675405115,1423,434,7.260522598089852,6.073044534100405,8.946829822555319,2.70805020110221
3192,8743a136affffff,8743a1356ffffff,3,11.520570482179913,1423,509,7.260522598089852,6.2324480165505225,9.351976251536376,1.0986122886681098
3193,8743a136affffff,8743a135affffff,1,10.683708001043504,1423,504,7.260522598089852,6.222576268071369,9.276568839447545,0.0
3194,8743a136affffff,8743a135cffffff,2,6.870685502766826,1423,25,7.260522598089852,3.2188758248682006,8.835164697594552,0.6931471805599453
3195,8743a136affffff,8743a135dffffff,23,6.2515989344510015,1423,77,7.260522598089852,4.343805421853684,8.740752485809477,3.1354942159291497
3196,8743a136affffff,8743a1361ffffff,7,4.874137836218625,1423,77,7.260522598089852,4.343805421853684,8.491903657128372,1.9459101490553132
3197,8743a136affffff,8743a1362ffffff,24,6.159132895090012,1423,301,7.260522598089852,5.707110264748875,8.725853630173102,3.1780538303479458
3198,8743a136affffff,8743a1363ffffff,66,4.103310184843401,1423,553,7.260522598089852,6.315358001522335,8.31979296509669,4.189654742026425
3203,8743a136affffff,8743a136cffffff,35,4.156393909545691,1423,354,7.260522598089852,5.869296913133774,8.332643692893196,3.5553480614894135
3204,8743a136affffff,8743a136dffffff,77,4.5834599364290485,1423,609,7.260522598089852,6.411818267709897,8.43042758853347,4.343805421853684
3206,8743a136affffff,8743a1370ffffff,8,9.033595350231598,1423,353,7.260522598089852,5.8664680569332965,9.10881641510932,2.0794415416798357
3207,8743a136affffff,8743a1371ffffff,39,6.776172761746866,1423,543,7.260522598089852,6.297109319933935,8.821315297174603,3.6635616461296463
3208,8743a136affffff,8743a1372ffffff,13,10.22081055686669,1423,873,7.260522598089852,6.771935555839602,9.232279006273167,2.5649493574615367
3209,8743a136affffff,8743a1373ffffff,7,8.023755927397897,1423,305,7.260522598089852,5.720311776607412,8.990286533504285,1.9459101490553132
3210,8743a136affffff,8743a1375ffffff,4,8.320091779613401,1423,141,7.260522598089852,4.948759890378168,9.02654874871743,1.3862943611198906
3211,8743a136affffff,8743acc80ffffff,2,12.759956395874697,1423,312,7.260522598089852,5.7430031878094825,9.454145506744728,0.6931471805599453
3212,8743a136affffff,8743acc82ffffff,3,12.329367300693354,1423,621,7.260522598089852,6.431331081933479,9.419820384903131,1.0986122886681098
3213,8743a136affffff,8743acc83ffffff,3,14.480743084533039,1423,574,7.260522598089852,6.352629396319567,9.580644037460859,1.0986122886681098
3214,8743a136affffff,8743acc84ffffff,6,11.306620671495061,1423,328,7.260522598089852,5.793013608384144,9.333232173105364,1.791759469228055
3215,8743a136affffff,8743acc85ffffff,2,13.569892109762462,1423,556,7.260522598089852,6.320768294250582,9.515682491991738,0.6931471805599453
3216,8743a136affffff,8743acc86ffffff,2,10.533571773594558,1423,205,7.260522598089852,5.3230099791384085,9.262417677438199,0.6931471805599453
3217,8743a136affffff,8743acc90ffffff,3,10.42744874059739,1423,353,7.260522598089852,5.8664680569332965,9.25229280640576,1.0986122886681098
3218,8743a136affffff,8743acc91ffffff,2,12.317635372464679,1423,927,7.260522598089852,6.831953565565855,9.418868465730569,0.6931471805599453
3219,8743a136affffff,8743acc92ffffff,2,11.107396043704416,1423,365,7.260522598089852,5.8998973535824915,9.3154565017076,0.6931471805599453
3220,8743a136affffff,8743acc94ffffff,1,8.210475586024947,1423,22,7.260522598089852,3.091042453358316,9.01328791662882,0.0
3221,8743a136affffff,8743acc95ffffff,5,10.22690376675226,1423,314,7.260522598089852,5.749392985908253,9.232874927562772,1.6094379124341003
3222,8743a136affffff,8743acc96ffffff,2,8.716656316942984,1423,94,7.260522598089852,4.543294782270004,9.073105709784851,0.6931471805599453
3223,8743a136affffff,8743acc9cffffff,1,14.316642668555282,1423,487,7.260522598089852,6.18826412308259,9.569247808845939,0.0
3224,8743a136affffff,8743acc9effffff,1,14.51728936075488,1423,612,7.260522598089852,6.416732282512326,9.583164468818147,0.0
3225,8743a136affffff,8743acca0ffffff,9,11.758207212222654,1423,358,7.260522598089852,5.8805329864007,9.372391805253551,2.1972245773362196
3226,8743a136affffff,8743acca1ffffff,3,13.899304396979955,1423,655,7.260522598089852,6.484635235635252,9.539666017942308,1.0986122886681098
3227,8743a136affffff,8743acca2ffffff,14,10.235262425018815,1423,736,7.260522598089852,6.601230118728877,9.233691834408921,2.6390573296152584
3228,8743a136affffff,8743acca3ffffff,4,12.459872758364494,1423,340,7.260522598089852,5.8289456176102075,9.43034883470098,1.3862943611198906
3229,8743a136affffff,8743acca4ffffff,4,11.5395883316386,1423,400,7.260522598089852,5.991464547107982,9.353625520706975,1.3862943611198906
3230,8743a136affffff,8743acca5ffffff,1,13.501358001574669,1423,342,7.260522598089852,5.834810737062605,9.510619615957363,0.0
3231,8743a136affffff,8743acca6ffffff,21,9.67359169682744,1423,594,7.260522598089852,6.386879319362645,9.177258315129157,3.044522437723423
3232,8743a136affffff,8743accacffffff,1,16.074602886724545,1423,639,7.260522598089852,6.459904454377535,9.68505805301993,0.0
3233,8743a136affffff,8743accb0ffffff,66,6.782024226460124,1423,947,7.260522598089852,6.853299093186078,8.822178332583535,4.189654742026425
3234,8743a136affffff,8743accb1ffffff,26,9.043997946512738,1423,637,7.260522598089852,6.456769655572163,9.109967170799269,3.258096538021482
3235,8743a136affffff,8743accb2ffffff,2,6.162836132878637,1423,7,7.260522598089852,1.9459101490553132,8.726454611543906,0.6931471805599453
3236,8743a136affffff,8743accb3ffffff,31,8.327489959672436,1423,462,7.260522598089852,6.135564891081739,9.027437441377916,3.4339872044851463
3237,8743a136affffff,8743accb4ffffff,35,5.876645628521254,1423,406,7.260522598089852,6.0063531596017325,8.67891155739715,3.5553480614894135
3238,8743a136affffff,8743accb5ffffff,27,8.032789710600667,1423,508,7.260522598089852,6.230481447578482,8.9914116396452,3.295836866004329
3239,8743a136affffff,8743accb6ffffff,38,4.520699802161699,1423,339,7.260522598089852,5.82600010738045,8.416643264557681,3.6375861597263857
3240,8743a136affffff,8743acd8bffffff,1,13.5382835925715,1423,32,7.260522598089852,3.4657359027997265,9.513350634621222,0.0
3241,8743a136affffff,8743acd98ffffff,25,8.103572135323368,1423,417,7.260522598089852,6.0330862217988015,9.000183642563291,3.2188758248682006
3242,8743a136affffff,8743acd99ffffff,8,9.710412285061238,1423,443,7.260522598089852,6.093569770045136,9.18105699716233,2.0794415416798357
3243,8743a136affffff,8743acd9affffff,63,5.912995968053594,1423,591,7.260522598089852,6.3818160174060985,8.685077018649187,4.143134726391533
3244,8743a136affffff,8743acd9bffffff,60,7.69094755726377,1423,734,7.260522598089852,6.598509028614515,8.947929288857006,4.0943445622221
3245,8743a136affffff,8743acd9cffffff,1,9.16931888713087,1423,17,7.260522598089852,2.833213344056216,9.123727339687408,0.0
3246,8743a136affffff,8743acd9effffff,7,6.876089714177416,1423,109,7.260522598089852,4.6913478822291435,8.835950834774575,1.9459101490553132
3247,8743a136bffffff,8743a1206ffffff,1,22.060931729309498,1129,172,7.029087564149662,5.147494476813453,10.001608856032176,0.0
3248,8743a136bffffff,8743a1224ffffff,1,17.302841183903748,1129,845,7.029087564149662,6.739336627357174,9.758683789591686,0.0
3249,8743a136bffffff,8743a1225ffffff,1,15.360837047889172,1129,598,7.029087564149662,6.393590753950631,9.639641599022168,0.0
3250,8743a136bffffff,8743a1260ffffff,1,10.53231298843,1129,269,7.029087564149662,5.594711379601839,9.262298179426864,0.0
3251,8743a136bffffff,8743a1262ffffff,2,12.465005370629099,1129,371,7.029087564149662,5.916202062607435,9.430760648190867,0.6931471805599453
3252,8743a136bffffff,8743a1265ffffff,5,8.772700256301855,1129,224,7.029087564149662,5.4116460518550396,9.079513918423414,1.6094379124341003
3253,8743a136bffffff,8743a1266ffffff,2,10.365815640577749,1129,30,7.029087564149662,3.4011973816621555,9.246365179869699,0.6931471805599453
3254,8743a136bffffff,8743a126cffffff,1,12.188249984719945,1129,356,7.029087564149662,5.87493073085203,9.408309693488103,0.0
3255,8743a136bffffff,8743a1309ffffff,2,13.8761676574685,1129,528,7.029087564149662,6.269096283706261,9.538000153977677,0.6931471805599453
3256,8743a136bffffff,8743a130bffffff,1,15.515880195315061,1129,487,7.029087564149662,6.18826412308259,9.649683755187214,0.0
3257,8743a136bffffff,8743a130cffffff,8,16.908085562227043,1129,576,7.029087564149662,6.3561076606958915,9.73560636368454,2.0794415416798357
3258,8743a136bffffff,8743a130dffffff,2,14.672017367242296,1129,613,7.029087564149662,6.418364935936212,9.593765532825815,0.6931471805599453
3259,8743a136bffffff,8743a1340ffffff,52,5.873456757776127,1129,643,7.029087564149662,6.466144724237619,8.678368867975536,3.9512437185814275
3260,8743a136bffffff,8743a1341ffffff,19,3.8433808025811427,1129,292,7.029087564149662,5.676753802268282,8.254367829330674,2.9444389791664403
3261,8743a136bffffff,8743a1342ffffff,8,7.684647941776268,1129,214,7.029087564149662,5.365976015021851,8.947109964946412,2.0794415416798357
3262,8743a136bffffff,8743a1343ffffff,1,5.909701726513111,1129,55,7.029087564149662,4.007333185232471,8.68451983880226,0.0
3263,8743a136bffffff,8743a1344ffffff,27,6.778124113425874,1129,418,7.029087564149662,6.035481432524756,8.821603185778763,3.295836866004329
3264,8743a136bffffff,8743a1345ffffff,50,4.519399763935687,1129,450,7.029087564149662,6.1092475827643655,8.416355712263998,3.912023005428146
3265,8743a136bffffff,8743a1346ffffff,11,8.026140176083334,1129,243,7.029087564149662,5.493061443340548,8.990583601051647,2.3978952727983707
3266,8743a136bffffff,8743a1348ffffff,17,4.1559891077431725,1129,135,7.029087564149662,4.90527477843843,8.332546319028655,2.833213344056216
3267,8743a136bffffff,8743a134affffff,6,6.252558556718027,1129,79,7.029087564149662,4.3694478524670215,8.74090594977626,1.791759469228055
3268,8743a136bffffff,8743a134bffffff,1,6.416804427877879,1129,52,7.029087564149662,3.9512437185814275,8.766831348765164,0.0
3269,8743a136bffffff,8743a134cffffff,43,2.2912852826324444,1129,283,7.029087564149662,5.645446897643238,7.737304538951347,3.7612001156935624
3270,8743a136bffffff,8743a134dffffff,40,2.437528540209286,1129,307,7.029087564149662,5.726847747587197,7.799150079083784,3.6888794541139363
3271,8743a136bffffff,8743a134effffff,35,4.581969783800203,1129,325,7.029087564149662,5.783825182329737,8.430102491382481,3.5553480614894135
3272,8743a136bffffff,8743a1350ffffff,9,11.52380037023214,1129,500,7.029087564149662,6.214608098422191,9.35225654625992,2.1972245773362196
3273,8743a136bffffff,8743a1351ffffff,1,9.699776904474257,1129,115,7.029087564149662,4.74493212836325,9.17996125452895,0.0
3274,8743a136bffffff,8743a1352ffffff,2,13.516084417725832,1129,468,7.029087564149662,6.148468295917647,9.51170967676475,0.6931471805599453
3275,8743a136bffffff,8743a1354ffffff,3,11.741991372937088,1129,303,7.029087564149662,5.713732805509369,9.371011862709024,1.0986122886681098
3276,8743a136bffffff,8743a1355ffffff,9,9.662988630249115,1129,434,7.029087564149662,6.073044534100405,9.176161743668224,2.1972245773362196
3277,8743a136bffffff,8743a135dffffff,11,6.872053147736785,1129,77,7.029087564149662,4.343805421853684,8.835363703921153,2.3978952727983707
3278,8743a136bffffff,8743a1361ffffff,4,6.360775104617353,1129,77,7.029087564149662,4.343805421853684,8.758062721891337,1.3862943611198906
3279,8743a136bffffff,8743a1362ffffff,9,8.322263512672574,1129,301,7.029087564149662,5.707110264748875,9.026809706024979,2.1972245773362196
3280,8743a136bffffff,8743a1363ffffff,32,6.160659624284807,1129,553,7.029087564149662,6.315358001522335,8.726101439767397,3.4657359027997265
3285,8743a136bffffff,8743a136cffffff,19,4.874869916090047,1129,354,7.029087564149662,5.869296913133774,8.492053811838817,2.9444389791664403
3286,8743a136bffffff,8743a136dffffff,52,4.15697217745319,1129,609,7.029087564149662,6.411818267709897,8.332782777066372,3.9512437185814275
3287,8743a136bffffff,8743a136effffff,80,4.104206478193681,1129,628,7.029087564149662,6.4425401664681985,8.32001131981613,4.382026634673881
3288,8743a136bffffff,8743a1370ffffff,3,11.293620313846336,1129,353,7.029087564149662,5.8664680569332965,9.332081812918442,1.0986122886681098
3289,8743a136bffffff,8743a1371ffffff,9,9.036197725361605,1129,543,7.029087564149662,6.297109319933935,9.109104419198024,2.1972245773362196
3290,8743a136bffffff,8743a1372ffffff,7,12.442389213056002,1129,873,7.029087564149662,6.771935555839602,9.428944773966252,1.9459101490553132
3291,8743a136bffffff,8743a1373ffffff,1,10.223847215559138,1129,305,7.029087564149662,5.720311776607412,9.232576038555761,0.0
3292,8743a136bffffff,8743a1375ffffff,1,10.524006655866149,1129,141,7.029087564149662,4.948759890378168,9.261509290936715,0.0
3293,8743a136bffffff,8743a3966ffffff,1,114.92404685628193,1129,1,7.029087564149662,0.0,11.652035428386174,0.0
3294,8743a136bffffff,8743acc12ffffff,1,13.505236735300272,1129,265,7.029087564149662,5.579729825986222,9.510906838139046,0.0
3295,8743a136bffffff,8743acc80ffffff,1,10.536385311090456,1129,312,7.029087564149662,5.7430031878094825,9.262684718368599,0.0
3296,8743a136bffffff,8743acc81ffffff,2,12.763417160309128,1129,607,7.029087564149662,6.408528791059498,9.454416669432947,0.6931471805599453
3297,8743a136bffffff,8743acc82ffffff,4,10.229314542433517,1129,621,7.029087564149662,6.431331081933479,9.233110605533941,1.3862943611198906
3298,8743a136bffffff,8743acc83ffffff,2,12.33241314670596,1129,574,7.029087564149662,6.352629396319567,9.42006737429185,0.6931471805599453
3299,8743a136bffffff,8743acc84ffffff,6,9.046595707880323,1129,328,7.029087564149662,5.793013608384144,9.11025433376054,1.791759469228055
3300,8743a136bffffff,8743acc85ffffff,1,11.309867146147724,1129,556,7.029087564149662,6.320768294250582,9.33351923691804,0.0
3301,8743a136bffffff,8743acc86ffffff,2,8.329657209090799,1129,205,7.029087564149662,5.3230099791384085,9.027697628698267,0.6931471805599453
3302,8743a136bffffff,8743acc90ffffff,5,8.718195778112998,1129,353,7.029087564149662,5.8664680569332965,9.073282285369208,1.6094379124341003
3303,8743a136bffffff,8743acc91ffffff,10,10.429535597919282,1129,927,7.029087564149662,6.831953565565855,9.25249289834648,2.302585092994046
3304,8743a136bffffff,8743acc93ffffff,1,11.109282494606779,1129,349,7.029087564149662,5.855071922202427,9.31562630936773,0.0
3305,8743a136bffffff,8743acc95ffffff,7,8.212264707643598,1129,314,7.029087564149662,5.749392985908253,9.013505773543905,1.9459101490553132
3306,8743a136bffffff,8743acc96ffffff,1,7.312769228635941,1129,94,7.029087564149662,4.543294782270004,8.897514046206622,0.0
3307,8743a136bffffff,8743acc98ffffff,2,14.520264203423858,1129,461,7.029087564149662,6.133398042996649,9.583369350940238,0.6931471805599453
3308,8743a136bffffff,8743acc9cffffff,3,12.320317315461324,1129,487,7.029087564149662,6.18826412308259,9.41908615632772,1.0986122886681098
3309,8743a136bffffff,8743acc9effffff,10,12.727999185047794,1129,612,7.029087564149662,6.416732282512326,9.451638069847162,2.302585092994046
3310,8743a136bffffff,8743acca0ffffff,11,9.67639620054403,1129,358,7.029087564149662,5.8805329864007,9.17754815653988,2.3978952727983707
3311,8743a136bffffff,8743acca1ffffff,7,11.76166469869747,1129,655,7.029087564149662,6.484635235635252,9.37268578581027,1.9459101490553132
3312,8743a136bffffff,8743acca2ffffff,20,8.0351710022287,1129,736,7.029087564149662,6.601230118728877,8.991708005229164,2.995732273553991
3313,8743a136bffffff,8743acca3ffffff,5,10.238294035949492,1129,340,7.029087564149662,5.8289456176102075,9.233987954415095,1.6094379124341003
3314,8743a136bffffff,8743acca4ffffff,10,9.712987855331384,1129,400,7.029087564149662,5.991464547107982,9.181322172681663,2.302585092994046
3315,8743a136bffffff,8743acca5ffffff,2,11.542813804846698,1129,342,7.029087564149662,5.834810737062605,9.353904971152346,0.6931471805599453
3316,8743a136bffffff,8743acca6ffffff,32,7.693098369355552,1129,594,7.029087564149662,6.386879319362645,8.948208868433987,3.4657359027997265
3317,8743a136bffffff,8743accaaffffff,1,13.5737870052373,1129,490,7.029087564149662,6.194405391104672,9.515969454457114,0.0
3318,8743a136bffffff,8743accacffffff,5,13.903413502898795,1129,639,7.029087564149662,6.459904454377535,9.539961586914707,1.6094379124341003
3319,8743a136bffffff,8743accaeffffff,3,12.463553816667119,1129,671,7.029087564149662,6.508769136971682,9.430644200424677,1.0986122886681098
3320,8743a136bffffff,8743accb0ffffff,62,4.5219992628453864,1129,947,7.029087564149662,6.853299093186078,8.416930606498697,4.127134385045092
3321,8743a136bffffff,8743accb1ffffff,27,6.783972982897997,1129,637,7.029087564149662,6.456769655572163,8.822465590374232,3.295836866004329
3322,8743a136bffffff,8743accb3ffffff,35,6.164360329264087,1129,462,7.029087564149662,6.135564891081739,8.726701861459647,3.5553480614894135
3323,8743a136bffffff,8743accb4ffffff,22,3.845493411303604,1129,406,7.029087564149662,6.0063531596017325,8.254917209990621,3.091042453358316
3324,8743a136bffffff,8743accb5ffffff,36,5.878375099180961,1129,508,7.029087564149662,6.230481447578482,8.679205759595519,3.58351893845611
3325,8743a136bffffff,8743accb6ffffff,23,2.2606748385469593,1129,339,7.029087564149662,5.82600010738045,7.723860896805958,3.1354942159291497
3326,8743a136bffffff,8743acd98ffffff,19,6.877456966901475,1129,417,7.029087564149662,6.0330862217988015,8.836149627706657,2.9444389791664403
3327,8743a136bffffff,8743acd99ffffff,20,8.105514059966682,1129,443,7.029087564149662,6.093569770045136,9.000423222395169,2.995732273553991
3328,8743a136bffffff,8743acd9affffff,67,4.5843714825538875,1129,591,7.029087564149662,6.3818160174060985,8.430626402685267,4.204692619390966
3329,8743a136bffffff,8743acd9bffffff,68,5.914499609682072,1129,734,7.029087564149662,6.598509028614515,8.685331237711477,4.219507705176107
3330,8743a136bffffff,8743acd9dffffff,1,9.171141801567787,1129,20,7.029087564149662,2.995732273553991,9.123926104125163,0.0
3331,8743a136bffffff,8743acd9effffff,5,6.255676406674876,1129,109,7.029087564149662,4.6913478822291435,8.741404397652023,1.6094379124341003
3332,8743a136cffffff,8743a1309ffffff,2,13.516228538795449,652,528,6.480044561926653,6.269096283706261,9.511720338849623,0.6931471805599453
3333,8743a136cffffff,8743a130dffffff,2,13.478412216321479,652,613,6.480044561926653,6.418364935936212,9.508918779385157,0.6931471805599453
3334,8743a136cffffff,8743a1340ffffff,8,6.872921569561136,652,643,6.480044561926653,6.466144724237619,8.835490047621256,2.0794415416798357
3335,8743a136cffffff,8743a1341ffffff,7,6.25335819821084,652,292,6.480044561926653,5.676753802268282,8.741033811435331,1.9459101490553132
3336,8743a136cffffff,8743a1342ffffff,1,9.16269416584651,652,214,6.480044561926653,5.365976015021851,9.12300466958201,0.0
3337,8743a136cffffff,8743a1344ffffff,4,5.909987388863409,652,418,6.480044561926653,6.035481432524756,8.684568167319034,1.3862943611198906
3338,8743a136cffffff,8743a1345ffffff,12,4.582548105886827,652,450,6.480044561926653,6.1092475827643655,8.430228672794954,2.4849066497880004
3339,8743a136cffffff,8743a1346ffffff,1,8.097435529111674,652,243,6.480044561926653,5.493061443340548,8.999426177451605,0.0
3340,8743a136cffffff,8743a1348ffffff,2,8.772921758186545,652,135,6.480044561926653,4.90527477843843,9.079539164224185,0.6931471805599453
3341,8743a136cffffff,8743a134cffffff,2,6.417132632971193,652,283,6.480044561926653,5.645446897643238,8.766882487235513,0.6931471805599453
3342,8743a136cffffff,8743a134dffffff,2,7.312398456299331,652,307,6.480044561926653,5.726847747587197,8.897463349811437,0.6931471805599453
3343,8743a136cffffff,8743a134effffff,6,8.311805168765543,652,325,6.480044561926653,5.783825182329737,9.025552396322185,1.791759469228055
3344,8743a136cffffff,8743a1350ffffff,1,12.58042306145772,652,500,6.480044561926653,6.214608098422191,9.439976644799325,0.0
3345,8743a136cffffff,8743a1361ffffff,7,2.2595975082336084,652,77,6.480044561926653,4.343805421853684,7.723384441497157,1.9459101490553132
3346,8743a136cffffff,8743a1362ffffff,8,5.872912210523773,652,301,6.480044561926653,5.707110264748875,8.678276166213408,2.0794415416798357
3347,8743a136cffffff,8743a1363ffffff,29,3.8433022862009407,652,553,6.480044561926653,6.315358001522335,8.254347405448119,3.367295829986474
3348,8743a136cffffff,8743a1368ffffff,98,2.4374035269382235,652,725,6.480044561926653,6.586171654854675,7.7990988119062346,4.584967478670572
3349,8743a136cffffff,8743a1369ffffff,41,4.104712072781172,652,444,6.480044561926653,6.095824562432225,8.320134471588977,3.713572066704308
3350,8743a136cffffff,8743a136affffff,68,4.156393909545691,652,932,6.480044561926653,6.837332814685591,8.332643692893196,4.219507705176107
3351,8743a136cffffff,8743a136bffffff,32,4.874869916090047,652,578,6.480044561926653,6.359573868672378,8.492053811838817,3.4657359027997265
3352,8743a136cffffff,8743a136cffffff,35,0.0,652,354,6.480044561926653,5.869296913133774,0.0,3.5553480614894135
3353,8743a136cffffff,8743a136dffffff,72,2.260247889131698,652,609,6.480044561926653,6.411818267709897,7.72367210321286,4.276666119016055
3354,8743a136cffffff,8743a136effffff,40,2.291574130528601,652,628,6.480044561926653,6.4425401664681985,7.73743053971626,3.6888794541139363
3355,8743a136cffffff,8743a1371ffffff,9,7.684491061123358,652,543,6.480044561926653,6.297109319933935,8.947089552581017,2.1972245773362196
3356,8743a136cffffff,8743a1372ffffff,2,11.523565277372684,652,873,6.480044561926653,6.771935555839602,9.35223614718577,0.6931471805599453
3357,8743a136cffffff,8743a1373ffffff,2,9.699995069009587,652,305,6.480044561926653,5.720311776607412,9.179983743664028,0.6931471805599453
3358,8743a136cffffff,8743a1375ffffff,2,8.025139621564515,652,141,6.480044561926653,4.948759890378168,8.990458946833602,0.6931471805599453
3359,8743a136cffffff,8743acca0ffffff,2,11.307737474953957,652,358,6.480044561926653,5.8805329864007,9.333330933785803,0.6931471805599453
3360,8743a136cffffff,8743acca1ffffff,3,13.571232926628442,652,655,6.480044561926653,6.484635235635252,9.515781288048954,1.0986122886681098
3361,8743a136cffffff,8743acca2ffffff,2,10.534162187748091,652,736,6.480044561926653,6.601230118728877,9.262473721254867,0.6931471805599453
3362,8743a136cffffff,8743acca4ffffff,4,10.236852553433158,652,400,6.480044561926653,5.991464547107982,9.233847165022159,1.3862943611198906
3363,8743a136cffffff,8743acca6ffffff,7,9.044890954125508,652,594,6.480044561926653,6.386879319362645,9.110065895369234,1.9459101490553132
3364,8743a136cffffff,8743accb0ffffff,15,8.210709493505085,652,947,6.480044561926653,6.853299093186078,9.013316401661292,2.70805020110221
3365,8743a136cffffff,8743accb1ffffff,5,10.227219400355251,652,637,6.480044561926653,6.456769655572163,9.232905787134788,1.6094379124341003
3366,8743a136cffffff,8743accb3ffffff,2,10.427799458442902,652,462,6.480044561926653,6.135564891081739,9.252326436714247,0.6931471805599453
3367,8743a136cffffff,8743accb4ffffff,7,6.163059461227809,652,406,6.480044561926653,6.0063531596017325,8.72649084292622,1.9459101490553132
3368,8743a136cffffff,8743accb5ffffff,2,8.327885061791005,652,508,6.480044561926653,6.230481447578482,9.027484880079168,0.6931471805599453
3369,8743a136cffffff,8743accb6ffffff,11,6.361980805713774,652,339,6.480044561926653,5.82600010738045,8.75825222668161,2.3978952727983707
3370,8743a136cffffff,8743acd8affffff,1,9.675773023480806,652,5,6.480044561926653,1.6094379124341003,9.177483759349153,0.0
3371,8743a136cffffff,8743acd8bffffff,1,11.760578648548575,652,32,6.480044561926653,3.4657359027997265,9.372593451265551,0.0
3372,8743a136cffffff,8743acd92ffffff,1,2.437339953680348,652,3,6.480044561926653,1.0986122886681098,7.799072739893987,0.0
3373,8743a136cffffff,8743acd98ffffff,11,5.877831564750291,652,417,6.480044561926653,6.0330862217988015,8.679113307668691,2.3978952727983707
3374,8743a136cffffff,8743acd99ffffff,9,8.034173564959785,652,443,6.480044561926653,6.093569770045136,8.991583879053406,2.1972245773362196
3375,8743a136cffffff,8743acd9affffff,48,4.521145870793403,652,591,6.480044561926653,6.3818160174060985,8.4167419103436,3.871201010907891
3376,8743a136cffffff,8743acd9bffffff,17,6.782693655793594,652,734,6.480044561926653,6.598509028614515,8.822277019582089,2.833213344056216
3377,8743a136cffffff,8743acd9dffffff,2,7.692940880094911,652,20,6.480044561926653,2.995732273553991,8.948188399385515,0.6931471805599453
3378,8743a136cffffff,8743acd9effffff,7,3.8454147427731775,652,109,6.480044561926653,4.6913478822291435,8.25489675776921,1.9459101490553132
3379,8743a136dffffff,8743a1340ffffff,15,8.099378818910278,641,643,6.46302945692067,6.466144724237619,8.999666107333653,2.70805020110221
3380,8743a136dffffff,8743a1341ffffff,2,6.874289380406159,641,292,6.46302945692067,5.676753802268282,8.835689013344382,0.6931471805599453
3381,8743a136dffffff,8743a1342ffffff,2,10.33119493089776,641,214,6.46302945692067,5.365976015021851,9.2430200207526,0.6931471805599453
3382,8743a136dffffff,8743a1344ffffff,10,7.686643900680338,641,418,6.46302945692067,6.035481432524756,8.947369630727266,2.302585092994046
3383,8743a136dffffff,8743a1345ffffff,4,5.9114918938949454,641,450,6.46302945692067,6.1092475827643655,8.684822661787823,1.3862943611198906
3384,8743a136dffffff,8743a1346ffffff,3,9.702573297972853,641,243,6.46302945692067,5.493061443340548,9.180249477890081,1.0986122886681098
3385,8743a136dffffff,8743a1348ffffff,3,8.31296128519636,641,135,6.46302945692067,4.90527477843843,9.025691463222039,1.0986122886681098
3386,8743a136dffffff,8743a1349ffffff,1,8.774114389741761,641,23,6.46302945692067,3.1354942159291497,9.079675084117108,0.0
3387,8743a136dffffff,8743a134affffff,1,10.368566068908647,641,79,6.46302945692067,4.3694478524670215,9.246630455498357,0.0
3388,8743a136dffffff,8743a134cffffff,9,6.254318277813962,641,283,6.46302945692067,5.645446897643238,8.741187305349717,2.1972245773362196
3389,8743a136dffffff,8743a134dffffff,3,6.417996519013493,641,307,6.46302945692067,5.726847747587197,8.767017079017425,1.0986122886681098
3390,8743a136dffffff,8743a134effffff,7,8.452378238276303,641,325,6.46302945692067,5.783825182329737,9.042321431967876,1.9459101490553132
3391,8743a136dffffff,8743a1361ffffff,12,4.519845397365306,641,77,6.46302945692067,4.343805421853684,8.41645429015278,2.4849066497880004
3392,8743a136dffffff,8743a1362ffffff,6,8.027524267067664,641,301,6.46302945692067,5.707110264748875,8.990756012600562,1.791759469228055
3393,8743a136dffffff,8743a1363ffffff,11,5.874643317517816,641,553,6.46302945692067,6.315358001522335,8.678570833871674,2.3978952727983707
3396,8743a136dffffff,8743a136affffff,62,4.5834599364290485,641,932,6.46302945692067,6.837332814685591,8.43042758853347,4.127134385045092
3397,8743a136dffffff,8743a136bffffff,31,4.15697217745319,641,578,6.46302945692067,6.359573868672378,8.332782777066372,3.4339872044851463
3398,8743a136dffffff,8743a136cffffff,68,2.260247889131698,641,354,6.46302945692067,5.869296913133774,7.72367210321286,4.219507705176107
3400,8743a136dffffff,8743a136effffff,59,3.844378461935703,641,628,6.46302945692067,6.4425401664681985,8.254627306728038,4.07753744390572
3401,8743a136dffffff,8743a1370ffffff,5,11.744364913726615,641,353,6.46302945692067,5.8664680569332965,9.371213966318884,1.6094379124341003
3402,8743a136dffffff,8743a1371ffffff,8,9.665172475515503,641,543,6.46302945692067,6.297109319933935,9.176387695771131,2.0794415416798357
3403,8743a136dffffff,8743a1372ffffff,1,13.482297899074537,641,873,6.46302945692067,6.771935555839602,9.509207005810714,0.0
3404,8743a136dffffff,8743a1373ffffff,4,11.526795265190538,641,305,6.46302945692067,5.720311776607412,9.35251637773596,1.3862943611198906
3405,8743a136dffffff,8743a1375ffffff,2,10.225436790519913,641,141,6.46302945692067,4.948759890378168,9.232731488449616,0.6931471805599453
3406,8743a136dffffff,8743acc80ffffff,1,12.320673390196447,641,312,6.46302945692067,5.7430031878094825,9.419115054990177,0.0
3407,8743a136dffffff,8743acc82ffffff,2,12.728519485579522,641,621,6.46302945692067,6.431331081933479,9.451678944223126,0.6931471805599453
3408,8743a136dffffff,8743acc84ffffff,1,10.229631752831088,641,328,6.46302945692067,5.793013608384144,9.233141611958866,0.0
3409,8743a136dffffff,8743acc85ffffff,2,12.332865337875464,641,556,6.46302945692067,6.320768294250582,9.42010403753136,0.6931471805599453
3410,8743a136dffffff,8743acc86ffffff,1,10.429888043942032,641,205,6.46302945692067,5.3230099791384085,9.252526687605434,0.0
3411,8743a136dffffff,8743acc95ffffff,1,11.109960430122163,641,314,6.46302945692067,5.749392985908253,9.315687326253048,0.0
3412,8743a136dffffff,8743acc96ffffff,1,11.165326356386512,641,94,6.46302945692067,4.543294782270004,9.320657953133182,0.0
3413,8743a136dffffff,8743acc9cffffff,1,15.071295567567022,641,487,6.46302945692067,6.18826412308259,9.620613606998534,0.0
3414,8743a136dffffff,8743acc9effffff,1,15.93555591318969,641,612,6.46302945692067,6.416732282512326,9.676370863326742,0.0
3415,8743a136dffffff,8743acca0ffffff,4,9.04748958582226,641,358,6.46302945692067,5.8805329864007,9.11035312617096,1.3862943611198906
3416,8743a136dffffff,8743acca1ffffff,4,11.310985037496742,641,655,6.46302945692067,6.484635235635252,9.333618065424796,1.3862943611198906
3417,8743a136dffffff,8743acca2ffffff,10,8.330053444757857,641,736,6.46302945692067,6.601230118728877,9.027745191121522,2.302585092994046
3418,8743a136dffffff,8743acca3ffffff,1,10.53697708135601,641,340,6.46302945692067,5.8289456176102075,9.262740875909778,0.0
3419,8743a136dffffff,8743acca4ffffff,4,8.03655525073268,641,400,6.46302945692067,5.991464547107982,8.9918802426414,1.3862943611198906
3420,8743a136dffffff,8743acca5ffffff,7,10.239884768635873,641,342,6.46302945692067,5.834810737062605,9.234143298048055,1.9459101490553132
3421,8743a136dffffff,8743acca6ffffff,17,6.784643064993811,641,594,6.46302945692067,6.386879319362645,8.822564345227217,2.833213344056216
3422,8743a136dffffff,8743accacffffff,3,13.575129127538629,641,639,6.46302945692067,6.459904454377535,9.516068318325711,1.0986122886681098
3423,8743a136dffffff,8743accaeffffff,1,12.764215379890057,641,671,6.46302945692067,6.508769136971682,9.454479202223414,0.0
3424,8743a136dffffff,8743accb0ffffff,28,6.363185685066057,641,947,6.46302945692067,6.853299093186078,8.758441566446553,3.332204510175204
3425,8743a136dffffff,8743accb1ffffff,4,8.212499943370826,641,637,6.46302945692067,6.456769655572163,9.013534414086608,1.3862943611198906
3426,8743a136dffffff,8743accb3ffffff,5,8.718652742243416,641,462,6.46302945692067,6.135564891081739,9.073334692972841,1.6094379124341003
3427,8743a136dffffff,8743accb4ffffff,39,4.105607875929796,641,406,6.46302945692067,6.0063531596017325,8.32035263239074,3.6635616461296463
3428,8743a136dffffff,8743accb5ffffff,55,6.164584563534897,641,508,6.46302945692067,6.230481447578482,8.726738230817029,4.007333185232471
3429,8743a136dffffff,8743accb6ffffff,8,4.875601432434943,641,339,6.46302945692067,5.82600010738045,8.492203828448991,2.0794415416798357
3430,8743a136dffffff,8743acd8affffff,1,7.695091752727243,641,5,6.46302945692067,1.6094379124341003,8.948467914406393,0.0
3431,8743a136dffffff,8743acd8bffffff,1,9.678577733010908,641,32,6.46302945692067,3.4657359027997265,9.17777355669629,0.0
3432,8743a136dffffff,8743acd92ffffff,2,4.104320878316011,641,3,6.46302945692067,1.0986122886681098,8.320039186509064,0.6931471805599453
3433,8743a136dffffff,8743acd98ffffff,59,3.8464904267790327,641,417,6.46302945692067,6.0330862217988015,8.255176377543346,4.07753744390572
3434,8743a136dffffff,8743acd99ffffff,23,5.879561229249301,641,443,6.46302945692067,6.093569770045136,8.679407483489125,3.1354942159291497
3437,8743a136dffffff,8743acd9cffffff,2,4.585858950701824,641,17,6.46302945692067,2.833213344056216,8.430950744331891,0.6931471805599453
3438,8743a136dffffff,8743acd9effffff,23,2.292629777748368,641,109,6.46302945692067,4.6913478822291435,7.737890897458534,3.1354942159291497
3439,8743a136effffff,8743a1200ffffff,1,20.59711758013824,480,292,6.173786103901937,5.676753802268282,9.932954970997361,0.0
3440,8743a136effffff,8743a1231ffffff,1,20.638075547936523,480,210,6.173786103901937,5.3471075307174685,9.934941429248266,0.0
3441,8743a136effffff,8743a1309ffffff,1,11.520453049794357,480,528,6.173786103901937,6.269096283706261,9.35196605909046,0.0
3442,8743a136effffff,8743a130cffffff,2,13.87127494584428,480,576,6.173786103901937,6.3561076606958915,9.53764751902606,0.6931471805599453
3443,8743a136effffff,8743a132bffffff,1,12.437755327098422,480,99,6.173786103901937,4.59511985013459,9.42857230719566,0.0
3444,8743a136effffff,8743a1340ffffff,8,4.581347439032536,480,643,6.173786103901937,6.466144724237619,8.429966687077295,2.0794415416798357
3445,8743a136effffff,8743a1341ffffff,9,4.1556138232567195,480,292,6.173786103901937,5.676753802268282,8.332456036995744,2.1972245773362196
3446,8743a136effffff,8743a1342ffffff,2,6.871120035317908,480,214,6.173786103901937,5.365976015021851,8.835227930816242,0.6931471805599453
3447,8743a136effffff,8743a1344ffffff,9,3.842265438744635,480,418,6.173786103901937,6.035481432524756,8.25407765889116,2.1972245773362196
3448,8743a136effffff,8743a1345ffffff,15,2.290973975358227,480,450,6.173786103901937,6.1092475827643655,7.7371687232144195,2.70805020110221
3449,8743a136effffff,8743a1346ffffff,1,5.908340217049059,480,243,6.173786103901937,5.493061443340548,8.68428946576694,0.0
3450,8743a136effffff,8743a134cffffff,2,4.874263508820064,480,283,6.173786103901937,5.645446897643238,8.491929435062428,0.6931471805599453
3451,8743a136effffff,8743a134dffffff,2,6.361250833963766,480,307,6.173786103901937,5.726847747587197,8.758137498435952,0.6931471805599453
3452,8743a136effffff,8743a134effffff,3,6.41610563864319,480,325,6.173786103901937,5.783825182329737,8.766722459925,1.0986122886681098
3453,8743a136effffff,8743a1350ffffff,1,10.325951219744447,480,500,6.173786103901937,6.214608098422191,9.242512380095267,0.0
3454,8743a136effffff,8743a1351ffffff,2,9.160291409318221,480,115,6.173786103901937,4.74493212836325,9.122742431280953,0.6931471805599453
3455,8743a136effffff,8743a1352ffffff,1,12.5769648930763,480,468,6.173786103901937,6.148468295917647,9.439701743962354,0.0
3456,8743a136effffff,8743a1354ffffff,1,9.697307975355207,480,303,6.173786103901937,5.713732805509369,9.179706713745437,0.0
3457,8743a136effffff,8743a135dffffff,1,8.310243612701036,480,77,6.173786103901937,4.343805421853684,9.025364529203936,0.0
3458,8743a136effffff,8743a1361ffffff,5,2.4370373222563404,480,77,6.173786103901937,4.343805421853684,7.798948618478734,1.6094379124341003
3459,8743a136effffff,8743a1362ffffff,7,4.5176713091817655,480,301,6.173786103901937,5.707110264748875,8.415973271466486,1.9459101490553132
3460,8743a136effffff,8743a1363ffffff,21,2.2591610061855847,480,553,6.173786103901937,6.315358001522335,7.723191331403801,3.044522437723423
3461,8743a136effffff,8743a1368ffffff,60,2.2598114222384282,480,725,6.173786103901937,6.586171654854675,7.723479064216876,4.0943445622221
3462,8743a136effffff,8743a1369ffffff,25,4.5202729725803055,480,444,6.173786103901937,6.095824562432225,8.41654886427752,3.2188758248682006
3463,8743a136effffff,8743a136affffff,99,2.4371005139622857,480,932,6.173786103901937,6.837332814685591,7.798974537231679,4.59511985013459
3464,8743a136effffff,8743a136bffffff,31,4.104206478193681,480,578,6.173786103901937,6.359573868672378,8.32001131981613,3.4339872044851463
3465,8743a136effffff,8743a136cffffff,22,2.291574130528601,480,354,6.173786103901937,5.869296913133774,7.73743053971626,3.091042453358316
3466,8743a136effffff,8743a136dffffff,19,3.844378461935703,480,609,6.173786103901937,6.411818267709897,8.254627306728038,2.9444389791664403
3467,8743a136effffff,8743a136effffff,49,0.0,480,628,6.173786103901937,6.4425401664681985,0.0,3.8918202981106265
3468,8743a136effffff,8743a1370ffffff,4,8.023255520313066,480,353,6.173786103901937,5.8664680569332965,8.990224173640362,1.3862943611198906
3469,8743a136effffff,8743a1371ffffff,12,5.871453522631002,480,543,6.173786103901937,6.297109319933935,8.678027802092384,2.4849066497880004
3470,8743a136effffff,8743a1373ffffff,1,7.682416803254835,480,305,6.173786103901937,5.720311776607412,8.946819623461861,0.0
3471,8743a136effffff,8743a1375ffffff,1,6.775530622675109,480,141,6.173786103901937,4.948759890378168,8.8212205423974,0.0
3472,8743a136effffff,8743a1388ffffff,1,27.934909952244872,480,199,6.173786103901937,5.293304824724492,10.237668235275201,0.0
3473,8743a136effffff,8743acc91ffffff,2,14.516032415774816,480,927,6.173786103901937,6.831953565565855,9.583077888411667,0.6931471805599453
3474,8743a136effffff,8743acc95ffffff,2,12.31647118583728,480,314,6.173786103901937,5.749392985908253,9.41877395512878,0.6931471805599453
3475,8743a136effffff,8743acc96ffffff,1,11.106790857718748,480,94,6.173786103901937,4.543294782270004,9.315402020172266,0.0
3476,8743a136effffff,8743acc9effffff,1,16.781781482457387,480,612,6.173786103901937,6.416732282512326,9.728108728051659,0.0
3477,8743a136effffff,8743acca0ffffff,1,12.458932790630676,480,358,6.173786103901937,5.8805329864007,9.430273398316517,0.0
3478,8743a136effffff,8743acca1ffffff,1,14.695713785484413,480,655,6.173786103901937,6.484635235635252,9.59537919576749,0.0
3479,8743a136effffff,8743acca2ffffff,3,11.305555500367094,480,736,6.173786103901937,6.601230118728877,9.333137969264316,1.0986122886681098
3480,8743a136effffff,8743acca6ffffff,6,10.234541476535322,480,594,6.173786103901937,6.386879319362645,9.23362140109613,1.791759469228055
3481,8743a136effffff,8743accb0ffffff,5,8.32660362958393,480,947,6.173786103901937,6.853299093186078,9.02733101425146,1.6094379124341003
3482,8743a136effffff,8743accb1ffffff,2,10.532459879733723,480,637,6.173786103901937,6.456769655572163,9.2623121247335,0.6931471805599453
3483,8743a136effffff,8743accb3ffffff,3,10.22585593051731,480,462,6.173786103901937,6.135564891081739,9.232772473537267,1.0986122886681098
3484,8743a136effffff,8743accb4ffffff,5,6.781384362247536,480,406,6.173786103901937,6.0063531596017325,8.822083994958703,1.6094379124341003
3485,8743a136effffff,8743accb5ffffff,6,9.043145301648526,480,508,6.173786103901937,6.230481447578482,9.109872899351124,1.791759469228055
3486,8743a136effffff,8743accb6ffffff,3,6.162185523148918,480,339,6.173786103901937,5.82600010738045,8.726349053243048,1.0986122886681098
3487,8743a136effffff,8743acd98ffffff,2,7.690868888714736,480,417,6.173786103901937,6.0330862217988015,8.94791906141451,0.6931471805599453
3488,8743a136effffff,8743acd99ffffff,1,9.673280092872956,480,443,6.173786103901937,6.093569770045136,9.177226106124117,0.0
3489,8743a136effffff,8743acd9affffff,11,5.87637381038741,480,591,6.173786103901937,6.3818160174060985,8.678865310236896,2.3978952727983707
3490,8743a136effffff,8743acd9bffffff,5,8.032290860442163,480,734,6.173786103901937,6.598509028614515,8.991349543714772,1.6094379124341003
3491,8743a1370ffffff,8743a1221ffffff,1,10.358209785368842,335,324,5.814130531825066,5.780743515792329,9.245631237360799,0.0
3492,8743a1370ffffff,8743a1223ffffff,3,12.492386658633105,335,328,5.814130531825066,5.793013608384144,9.432954715975548,1.0986122886681098
3493,8743a1370ffffff,8743a1224ffffff,7,9.152411334971328,335,845,5.814130531825066,6.739336627357174,9.12188191228229,1.9459101490553132
3494,8743a1370ffffff,8743a1225ffffff,1,8.44293179166838,335,598,5.814130531825066,6.393590753950631,9.041203331208013,0.0
3495,8743a1370ffffff,8743a1226ffffff,1,11.439009920024063,335,670,5.814130531825066,6.507277712385012,9.344872132068383,0.0
3496,8743a1370ffffff,8743a122effffff,1,12.456333545581906,335,132,5.814130531825066,4.882801922586371,9.43006476828278,0.0
3497,8743a1370ffffff,8743a1300ffffff,5,10.208652168997057,335,431,5.814130531825066,6.066108090103747,9.23108884289936,1.6094379124341003
3498,8743a1370ffffff,8743a1301ffffff,8,8.014210011287615,335,567,5.814130531825066,6.340359303727752,8.989096266982052,2.0794415416798357
3499,8743a1370ffffff,8743a1303ffffff,1,9.64893882565295,335,368,5.814130531825066,5.908082938168931,9.174706855002363,0.0
3500,8743a1370ffffff,8743a1308ffffff,2,5.902174932005339,335,246,5.814130531825066,5.5053315359323625,8.683245609225677,0.6931471805599453
3501,8743a1370ffffff,8743a1309ffffff,7,4.577408361258296,335,528,5.814130531825066,6.269096283706261,8.429106697333461,1.9459101490553132
3502,8743a1370ffffff,8743a130bffffff,2,6.865210698054031,335,487,5.814130531825066,6.18826412308259,8.834367660708757,0.6931471805599453
3503,8743a1370ffffff,8743a130cffffff,8,5.864796105127947,335,576,5.814130531825066,6.3561076606958915,8.676893490175702,2.0794415416798357
3504,8743a1370ffffff,8743a130dffffff,25,3.8379967355838804,335,613,5.814130531825066,6.418364935936212,8.252966344670632,3.2188758248682006
3505,8743a1370ffffff,8743a130effffff,1,7.673877393603749,335,167,5.814130531825066,5.117993812416755,8.945707597553044,0.0
3506,8743a1370ffffff,8743a1311ffffff,1,13.459674997204457,335,547,5.814130531825066,6.304448802421981,9.507527750322048,0.0
3507,8743a1370ffffff,8743a1319ffffff,4,10.315923720925026,335,724,5.814130531825066,6.584791392385716,9.241540905540527,1.3862943611198906
3508,8743a1370ffffff,8743a131bffffff,1,12.564987864171195,335,469,5.814130531825066,6.150602768446279,9.438749067195372,0.0
3509,8743a1370ffffff,8743a131dffffff,1,9.686878323164336,335,392,5.814130531825066,5.971261839790462,9.178630725612804,0.0
3510,8743a1370ffffff,8743a1328ffffff,1,6.1530177159224735,335,199,5.814130531825066,5.293304824724492,8.724860434643276,0.0
3511,8743a1370ffffff,8743a132affffff,4,6.7683587780091505,335,372,5.814130531825066,5.918893854273146,8.820161646207723,1.3862943611198906
3512,8743a1370ffffff,8743a132bffffff,1,4.512890967101887,335,99,5.814130531825066,4.59511985013459,8.414914802699824,0.0
3513,8743a1370ffffff,8743a132dffffff,1,6.354734331291384,335,38,5.814130531825066,3.6375861597263857,8.7571127286854,0.0
3514,8743a1370ffffff,8743a132effffff,3,8.31139375020756,335,76,5.814130531825066,4.330733340286331,9.025502902952503,1.0986122886681098
3515,8743a1370ffffff,8743a1340ffffff,2,6.156731032201059,335,643,5.814130531825066,6.466144724237619,8.72546364974572,0.6931471805599453
3516,8743a1370ffffff,8743a1341ffffff,1,8.318809762977919,335,292,5.814130531825066,5.676753802268282,9.026394668527153,0.0
3517,8743a1370ffffff,8743a1342ffffff,1,6.356901320544409,335,214,5.814130531825066,5.365976015021851,8.757453620831965,0.0
3518,8743a1370ffffff,8743a1343ffffff,1,8.2033081358921,335,55,5.814130531825066,4.007333185232471,9.012414677713185,0.0
3519,8743a1370ffffff,8743a1344ffffff,29,4.515496200420462,335,418,5.814130531825066,6.035481432524756,8.41549179532318,3.367295829986474
3520,8743a1370ffffff,8743a1345ffffff,2,6.77422054991065,335,450,5.814130531825066,6.1092475827643655,8.821027198710395,0.6931471805599453
3521,8743a1370ffffff,8743a1346ffffff,2,4.101010162021411,335,243,5.814130531825066,5.493061443340548,8.31923241596261,0.6931471805599453
3522,8743a1370ffffff,8743a134cffffff,1,10.522303524825666,335,283,5.814130531825066,5.645446897643238,9.261347460269114,0.0
3523,8743a1370ffffff,8743a134effffff,1,10.217246860231228,335,325,5.814130531825066,5.783825182329737,9.231930308948218,0.0
3524,8743a1370ffffff,8743a1350ffffff,5,6.412482849793603,335,500,5.814130531825066,6.214608098422191,8.766157748657216,1.6094379124341003
3525,8743a1370ffffff,8743a1352ffffff,1,8.305208633572937,335,468,5.814130531825066,6.148468295917647,9.024758542292398,0.0
3526,8743a1370ffffff,8743a1354ffffff,6,4.1530963930131435,335,303,5.814130531825066,5.713732805509369,8.331850209032776,1.791759469228055
3527,8743a1370ffffff,8743a1355ffffff,2,4.8714590883729665,335,434,5.814130531825066,6.073044534100405,8.49135403491198,0.6931471805599453
3528,8743a1370ffffff,8743a1356ffffff,5,6.247755940764203,335,509,5.814130531825066,6.2324480165505225,8.740137673439744,1.6094379124341003
3529,8743a1370ffffff,8743a1362ffffff,36,3.840111776674381,335,301,5.814130531825066,5.707110264748875,8.253517128853067,3.58351893845611
3530,8743a1370ffffff,8743a1363ffffff,48,5.869721596208798,335,553,5.814130531825066,6.315358001522335,8.67773283477439,3.871201010907891
3531,8743a1370ffffff,8743a1368ffffff,4,10.22312406015182,335,725,5.814130531825066,6.586171654854675,9.2325053107526,1.3862943611198906
3532,8743a1370ffffff,8743a1369ffffff,1,12.445133694353757,335,444,5.814130531825066,6.095824562432225,9.42916530702501,0.0
3533,8743a1370ffffff,8743a136affffff,8,9.033595350231598,335,932,5.814130531825066,6.837332814685591,9.10881641510932,2.0794415416798357
3534,8743a1370ffffff,8743a136bffffff,2,11.293620313846336,335,578,5.814130531825066,6.359573868672378,9.332081812918442,0.6931471805599453
3535,8743a1370ffffff,8743a136cffffff,2,9.662364175989238,335,354,5.814130531825066,5.869296913133774,9.176097124962668,0.6931471805599453
3536,8743a1370ffffff,8743a136effffff,3,8.023255520313066,335,628,5.814130531825066,6.4425401664681985,8.990224173640362,1.0986122886681098
3539,8743a1370ffffff,8743a1372ffffff,20,2.2890046773755928,335,873,5.814130531825066,6.771935555839602,7.736309139068292,2.995732273553991
3540,8743a1370ffffff,8743a1373ffffff,33,2.4356980004398596,335,305,5.814130531825066,5.720311776607412,7.798399123270679,3.4965075614664802
3541,8743a1370ffffff,8743a1374ffffff,2,2.4356342034148426,335,5,5.814130531825066,1.6094379124341003,7.798372941174999,0.6931471805599453
3542,8743a1370ffffff,8743a1375ffffff,24,2.2896053164656176,335,141,5.814130531825066,4.948759890378168,7.736571391953508,3.1780538303479458
3543,8743a1370ffffff,8743a1376ffffff,2,2.256771279949942,335,44,5.814130531825066,3.784189633918261,7.72213344637713,0.6931471805599453
3544,8743a1370ffffff,8743accb5ffffff,1,16.92167583069538,335,508,5.814130531825066,6.230481447578482,9.736409766678635,0.0
3545,8743a1371ffffff,8743a1220ffffff,1,11.441292345065357,287,473,5.659482215759621,6.159095388491933,9.34507162467384,0.0
3546,8743a1371ffffff,8743a1221ffffff,1,10.67824054134228,287,324,5.659482215759621,5.780743515792329,9.276056999624515,0.0
3547,8743a1371ffffff,8743a1224ffffff,3,10.318314573345578,287,845,5.659482215759621,6.739336627357174,9.241772619518352,1.0986122886681098
3548,8743a1371ffffff,8743a1225ffffff,3,9.154237193407669,287,598,5.659482215759621,6.393590753950631,9.122081365392068,1.0986122886681098
3549,8743a1371ffffff,8743a1300ffffff,1,12.42762536512339,287,431,5.659482215759621,6.066108090103747,9.427757588294563,0.0
3550,8743a1371ffffff,8743a1301ffffff,3,10.211693521559031,287,567,5.659482215759621,6.340359303727752,9.231386688468184,1.0986122886681098
3551,8743a1371ffffff,8743a1309ffffff,7,5.903681141341914,287,528,5.659482215759621,6.269096283706261,8.683500729094245,1.9459101490553132
3552,8743a1371ffffff,8743a130bffffff,2,8.089040725333177,287,487,5.659482215759621,6.18826412308259,8.998389044073633,0.6931471805599453
3553,8743a1371ffffff,8743a130cffffff,4,8.016597822785785,287,576,5.659482215759621,6.3561076606958915,8.989394132651066,1.3862943611198906
3554,8743a1371ffffff,8743a130dffffff,7,5.866529450862518,287,613,5.659482215759621,6.418364935936212,8.677188947032993,1.9459101490553132
3555,8743a1371ffffff,8743a1319ffffff,1,11.802556693096825,287,724,5.659482215759621,6.584791392385716,9.376156179706703,0.0
3556,8743a1371ffffff,8743a132affffff,1,9.02578136649388,287,372,5.659482215759621,5.918893854273146,9.107951145052912,0.0
3557,8743a1371ffffff,8743a132bffffff,1,6.770313555586617,287,99,5.659482215759621,4.59511985013459,8.820450373021709,0.0
3558,8743a1371ffffff,8743a1340ffffff,19,4.101907487766777,287,643,5.659482215759621,6.466144724237619,8.319451144726807,2.9444389791664403
3559,8743a1371ffffff,8743a1341ffffff,3,6.158258550547337,287,292,5.659482215759621,5.676753802268282,8.725711684112209,1.0986122886681098
3560,8743a1371ffffff,8743a1342ffffff,8,4.872192098700788,287,214,5.659482215759621,5.365976015021851,8.49150446310095,2.0794415416798357
3561,8743a1371ffffff,8743a1343ffffff,1,6.358108420743808,287,55,5.659482215759621,4.007333185232471,8.757643461089634,0.0
3562,8743a1371ffffff,8743a1344ffffff,18,2.258073611935732,287,418,5.659482215759621,6.035481432524756,7.7227101020086835,2.8903717578961645
3563,8743a1371ffffff,8743a1345ffffff,11,4.516797961425918,287,450,5.659482215759621,6.1092475827643655,8.415779977441481,2.3978952727983707
3564,8743a1371ffffff,8743a1346ffffff,11,2.436064670049519,287,243,5.659482215759621,5.493061443340548,7.798549590018915,2.3978952727983707
3565,8743a1371ffffff,8743a134dffffff,1,10.525122694460208,287,307,5.659482215759621,5.726847747587197,9.261615322169199,0.0
3566,8743a1371ffffff,8743a134effffff,1,8.205101638051296,287,325,5.659482215759621,5.783825182329737,9.012633258746936,0.0
3567,8743a1371ffffff,8743a1350ffffff,9,6.248717363081205,287,500,5.659482215759621,6.214608098422191,8.740291519800898,2.1972245773362196
3568,8743a1371ffffff,8743a1351ffffff,2,6.413348395638143,287,115,5.659482215759621,4.74493212836325,8.766292696775771,0.6931471805599453
3569,8743a1371ffffff,8743a1352ffffff,1,8.444317077055254,287,468,5.659482215759621,6.148468295917647,9.04136737466557,0.0
3570,8743a1371ffffff,8743a1354ffffff,4,4.578321208016216,287,303,5.659482215759621,5.713732805509369,8.42930605826764,1.3862943611198906
3571,8743a1371ffffff,8743a1355ffffff,4,4.153675629244742,287,434,5.659482215759621,6.073044534100405,8.331989636671658,1.3862943611198906
3572,8743a1371ffffff,8743a1362ffffff,13,2.2900616769129494,287,301,5.659482215759621,5.707110264748875,7.736770603484814,2.5649493574615367
3573,8743a1371ffffff,8743a1363ffffff,12,3.841188774922417,287,553,5.659482215759621,6.315358001522335,8.253797476666577,2.4849066497880004
3574,8743a1371ffffff,8743a1368ffffff,6,8.025640415700162,287,725,5.659482215759621,6.586171654854675,8.99052134028005,1.791759469228055
3575,8743a1371ffffff,8743a1369ffffff,4,10.226160432147777,287,444,5.659482215759621,6.095824562432225,9.232802247800189,1.3862943611198906
3576,8743a1371ffffff,8743a136affffff,15,6.776172761746866,287,932,5.659482215759621,6.837332814685591,8.821315297174603,2.70805020110221
3577,8743a1371ffffff,8743a136bffffff,3,9.036197725361605,287,578,5.659482215759621,6.359573868672378,9.109104419198024,1.0986122886681098
3578,8743a1371ffffff,8743a136cffffff,3,7.684491061123358,287,354,5.659482215759621,5.869296913133774,8.947089552581017,1.0986122886681098
3579,8743a1371ffffff,8743a136effffff,2,5.871453522631002,287,628,5.659482215759621,6.4425401664681985,8.678027802092384,0.6931471805599453
3580,8743a1371ffffff,8743a1370ffffff,16,2.257422588484731,287,353,5.659482215759621,5.8664680569332965,7.7224218788750605,2.772588722239781
3581,8743a1371ffffff,8743a1371ffffff,40,0.0,287,543,5.659482215759621,6.297109319933935,0.0,3.6888794541139363
3582,8743a1371ffffff,8743a1372ffffff,11,3.839074216249325,287,873,5.659482215759621,6.771935555839602,8.253246972543268,2.3978952727983707
3583,8743a1371ffffff,8743a1373ffffff,22,2.289461079922163,287,305,5.659482215759621,5.720311776607412,7.736508421225288,3.091042453358316
3584,8743a1371ffffff,8743a1375ffffff,8,2.4360012015750105,287,141,5.659482215759621,4.948759890378168,7.798523546680075,2.0794415416798357
3585,8743a1371ffffff,8743a1376ffffff,1,4.514193868434674,287,44,5.659482215759621,3.784189633918261,8.415203403674466,0.0
3586,8743a1371ffffff,8743accb0ffffff,1,13.55819698820699,287,947,5.659482215759621,6.853299093186078,9.514820340582087,0.0
3587,8743a1371ffffff,8743acd98ffffff,1,13.48971404824928,287,417,5.659482215759621,6.0330862217988015,9.509756879472524,0.0
3588,8743a1371ffffff,8743acd9affffff,1,11.747827333018412,287,591,5.659482215759621,6.3818160174060985,9.371508713146568,0.0
3589,8743a1372ffffff,8743a1200ffffff,19,14.488080903042679,1792,292,7.491087593534876,5.676753802268282,9.581150603561271,2.9444389791664403
3590,8743a1372ffffff,8743a1203ffffff,4,16.60333441793285,1792,257,7.491087593534876,5.54907608489522,9.717419049775506,1.3862943611198906
3591,8743a1372ffffff,8743a1204ffffff,38,12.489661219134438,1792,422,7.491087593534876,6.045005314036012,9.432736541601018,3.6375861597263857
3592,8743a1372ffffff,8743a1205ffffff,18,12.453985451205686,1792,295,7.491087593534876,5.68697535633982,9.429876259586862,2.8903717578961645
3593,8743a1372ffffff,8743a1206ffffff,4,14.668757306313982,1792,172,7.491087593534876,5.147494476813453,9.593543327463303,1.3862943611198906
3594,8743a1372ffffff,8743a1220ffffff,83,8.440975235563185,1792,473,7.491087593534876,6.159095388491933,9.0409715928583,4.418840607796598
3595,8743a1372ffffff,8743a1221ffffff,52,8.303644613036296,1792,324,7.491087593534876,5.780743515792329,9.024570229203594,3.9512437185814275
3596,8743a1372ffffff,8743a1222ffffff,27,10.673860533001303,1792,253,7.491087593534876,5.53338948872752,9.275646773187246,3.295836866004329
3597,8743a1372ffffff,8743a1223ffffff,37,10.356072418238329,1792,328,7.491087593534876,5.793013608384144,9.245424890766648,3.6109179126442243
3601,8743a1372ffffff,8743a1228ffffff,4,11.154400746663741,1792,113,7.491087593534876,4.727387818712341,9.319679031516158,1.3862943611198906
3602,8743a1372ffffff,8743a122effffff,10,10.523390709038594,1792,132,7.491087593534876,4.882801922586371,9.26145076699733,2.302585092994046
3603,8743a1372ffffff,8743a1231ffffff,12,12.924893889136873,1792,210,7.491087593534876,5.3471075307174685,9.46698785668632,2.4849066497880004
3604,8743a1372ffffff,8743a1235ffffff,1,11.436001424662145,1792,7,7.491087593534876,1.9459101490553132,9.344609117347279,0.0
3605,8743a1372ffffff,8743a1270ffffff,1,15.919546353527998,1792,224,7.491087593534876,5.4116460518550396,9.675365777498445,0.0
3606,8743a1372ffffff,8743a1271ffffff,3,17.422139657411435,1792,332,7.491087593534876,5.805134968916488,9.765554467083337,1.0986122886681098
3607,8743a1372ffffff,8743a1274ffffff,1,13.50443820031529,1792,44,7.491087593534876,3.784189633918261,9.510847712965424,0.0
3608,8743a1372ffffff,8743a1300ffffff,94,9.021426588807707,1792,431,7.491087593534876,6.066108090103747,9.107468600025843,4.543294782270004
3610,8743a1372ffffff,8743a1302ffffff,36,10.20633677670452,1792,423,7.491087593534876,6.0473721790462776,9.23086203253975,3.58351893845611
3611,8743a1372ffffff,8743a1303ffffff,58,8.012323910977413,1792,368,7.491087593534876,5.908082938168931,8.988860924145577,4.060443010546419
3612,8743a1372ffffff,8743a1305ffffff,1,8.310111785347004,1792,24,7.491087593534876,3.1780538303479458,9.025348667750986,0.0
3613,8743a1372ffffff,8743a1308ffffff,72,3.8369586174686305,1792,246,7.491087593534876,5.5053315359323625,8.252695894192849,4.276666119016055
3615,8743a1372ffffff,8743a130affffff,75,5.900525616761857,1792,617,7.491087593534876,6.424869023905388,8.682966175580173,4.31748811353631
3616,8743a1372ffffff,8743a130bffffff,85,4.5762060206784385,1792,487,7.491087593534876,6.18826412308259,8.428844051805457,4.442651256490317
3619,8743a1372ffffff,8743a130effffff,12,5.863335785405766,1792,167,7.491087593534876,5.117993812416755,8.676644504104043,2.4849066497880004
3620,8743a1372ffffff,8743a1310ffffff,2,13.852218162632385,1792,81,7.491087593534876,4.394449154672439,9.536272842937281,0.6931471805599453
3621,8743a1372ffffff,8743a1311ffffff,33,11.721741446379042,1792,547,7.491087593534876,6.304448802421981,9.369285947584988,3.4965075614664802
3622,8743a1372ffffff,8743a1313ffffff,2,13.456136756225627,1792,95,7.491087593534876,4.553876891600541,9.507264858150009,0.6931471805599453
3623,8743a1372ffffff,8743a1315ffffff,5,12.421183802654594,1792,159,7.491087593534876,5.0689042022202315,9.427239169552575,1.6094379124341003
3624,8743a1372ffffff,8743a1318ffffff,14,9.684187819646288,1792,369,7.491087593534876,5.910796644040527,9.178352968492117,2.6390573296152584
3626,8743a1372ffffff,8743a131bffffff,21,10.313064429767072,1792,469,7.491087593534876,6.150602768446279,9.241263721417752,3.044522437723423
3627,8743a1372ffffff,8743a131cffffff,24,9.64644006057691,1792,465,7.491087593534876,6.142037405587356,9.17444788044372,3.1780538303479458
3628,8743a1372ffffff,8743a131dffffff,28,7.671800603340289,1792,392,7.491087593534876,5.971261839790462,8.94543696504739,3.332204510175204
3629,8743a1372ffffff,8743a131effffff,24,11.504524932067314,1792,593,7.491087593534876,6.385194398997726,9.350582627857758,3.1780538303479458
3630,8743a1372ffffff,8743a1328ffffff,14,6.354005077941293,1792,199,7.491087593534876,5.293304824724492,8.756997982669859,2.6390573296152584
3631,8743a1372ffffff,8743a1329ffffff,7,4.870597976641716,1792,50,7.491087593534876,3.912023005428146,8.491177288875345,1.9459101490553132
3632,8743a1372ffffff,8743a132affffff,38,6.1521435330823255,1792,372,7.491087593534876,5.918893854273146,8.724718373801798,3.6375861597263857
3633,8743a1372ffffff,8743a132bffffff,14,4.099213881283604,1792,99,7.491087593534876,4.59511985013459,8.318794417498525,2.6390573296152584
3634,8743a1372ffffff,8743a132dffffff,2,7.305800068018833,1792,38,7.491087593534876,3.6375861597263857,8.896560709711505,0.6931471805599453
3635,8743a1372ffffff,8743a132effffff,6,8.19713487436466,1792,76,7.491087593534876,4.330733340286331,9.011661953034908,1.791759469228055
3636,8743a1372ffffff,8743a1340ffffff,75,6.772910015699704,1792,643,7.491087593534876,6.466144724237619,8.82083374951324,4.31748811353631
3637,8743a1372ffffff,8743a1341ffffff,9,9.031848039525588,1792,292,7.491087593534876,5.676753802268282,9.108622994194832,2.1972245773362196
3638,8743a1372ffffff,8743a1342ffffff,47,6.15585624764416,1792,214,7.491087593534876,5.365976015021851,8.725321576846566,3.8501476017100584
3639,8743a1372ffffff,8743a1343ffffff,2,8.317527140944117,1792,55,7.491087593534876,4.007333185232471,9.026240491815413,0.6931471805599453
3640,8743a1372ffffff,8743a1344ffffff,32,5.868262191042098,1792,418,7.491087593534876,6.035481432524756,8.677484213447366,3.4657359027997265
3641,8743a1372ffffff,8743a1345ffffff,28,8.021370783708829,1792,450,7.491087593534876,6.1092475827643655,8.989989266118096,3.332204510175204
3642,8743a1372ffffff,8743a1346ffffff,60,4.51462247710227,1792,243,7.491087593534876,5.493061443340548,8.415298325030745,4.0943445622221
3643,8743a1372ffffff,8743a1348ffffff,1,12.743965260406984,1792,135,7.491087593534876,4.90527477843843,9.45289159106362,0.0
3644,8743a1372ffffff,8743a134affffff,1,12.315417067073147,1792,79,7.491087593534876,4.3694478524670215,9.418688372312625,0.0
3645,8743a1372ffffff,8743a134cffffff,1,11.291436261452704,1792,283,7.491087593534876,5.645446897643238,9.33188842318719,0.0
3646,8743a1372ffffff,8743a134dffffff,2,13.551674393537503,1792,307,7.491087593534876,5.726847747587197,9.514339179049303,0.6931471805599453
3647,8743a1372ffffff,8743a134effffff,6,10.52059965064102,1792,325,7.491087593534876,5.783825182329737,9.261185532777773,1.791759469228055
3648,8743a1372ffffff,8743a1350ffffff,68,4.870851640803524,1792,500,7.491087593534876,6.214608098422191,8.491229357531072,4.219507705176107
3649,8743a1372ffffff,8743a1351ffffff,8,6.356170319922595,1792,115,7.491087593534876,4.74493212836325,8.757338639077512,2.0794415416798357
3650,8743a1372ffffff,8743a1352ffffff,49,6.411454139888849,1792,468,7.491087593534876,6.148468295917647,8.765997337779199,3.8918202981106265
3651,8743a1372ffffff,8743a1353ffffff,1,7.30637081196455,1792,4,7.491087593534876,1.3862943611198906,8.89663881800115,0.0
3653,8743a1372ffffff,8743a1355ffffff,72,4.100503985797212,1792,434,7.491087593534876,6.073044534100405,8.319109011232461,4.276666119016055
3654,8743a1372ffffff,8743a1356ffffff,79,4.1523150716141615,1792,509,7.491087593534876,6.2324480165505225,8.331662106781042,4.3694478524670215
3655,8743a1372ffffff,8743a135affffff,14,11.098553119572797,1792,504,7.491087593534876,6.222576268071369,9.314660126992043,2.6390573296152584
3656,8743a1372ffffff,8743a135cffffff,6,8.202295286396907,1792,25,7.491087593534876,3.2188758248682006,9.0122912167213,1.791759469228055
3657,8743a1372ffffff,8743a1361ffffff,1,9.6974160859228,1792,77,7.491087593534876,4.343805421853684,9.179717861047141,0.0
3658,8743a1372ffffff,8743a1362ffffff,22,5.905329494606974,1792,301,7.491087593534876,5.707110264748875,8.683779850555831,3.091042453358316
3659,8743a1372ffffff,8743a1363ffffff,14,7.680262991171745,1792,553,7.491087593534876,6.315358001522335,8.946539264596462,2.6390573296152584
3660,8743a1372ffffff,8743a1368ffffff,34,11.741447029233981,1792,725,7.491087593534876,6.586171654854675,9.370965506861296,3.5263605246161616
3661,8743a1372ffffff,8743a1369ffffff,7,13.879510766521205,1792,444,7.491087593534876,6.095824562432225,9.538241032124459,1.9459101490553132
3662,8743a1372ffffff,8743a136affffff,80,10.22081055686669,1792,932,7.491087593534876,6.837332814685591,9.232279006273167,4.382026634673881
3663,8743a1372ffffff,8743a136bffffff,20,12.442389213056002,1792,578,7.491087593534876,6.359573868672378,9.428944773966252,2.995732273553991
3664,8743a1372ffffff,8743a136dffffff,1,13.482297899074537,1792,609,7.491087593534876,6.411818267709897,9.509207005810714,0.0
3665,8743a1372ffffff,8743a136effffff,32,9.659868301242918,1792,628,7.491087593534876,6.4425401664681985,9.175838809424066,3.4657359027997265
3670,8743a1372ffffff,8743a1374ffffff,1,4.153297423893111,1792,5,7.491087593534876,1.6094379124341003,8.331898601269454,0.0
3671,8743a1372ffffff,8743a1375ffffff,19,4.5786099938412095,1792,141,7.491087593534876,4.948759890378168,8.429369119299265,2.9444389791664403
3672,8743a1372ffffff,8743a1376ffffff,10,2.4353310509463135,1792,44,7.491087593534876,3.784189633918261,7.798248518999549,2.302585092994046
3673,8743a1372ffffff,8743acc9effffff,1,22.78996988649835,1792,612,7.491087593534876,6.416732282512326,10.03411967888128,0.0
3674,8743a1372ffffff,8743acca6ffffff,1,19.75253386329936,1792,594,7.491087593534876,6.386879319362645,9.891087684110552,0.0
3675,8743a1372ffffff,8743accaeffffff,1,24.905943029723122,1792,671,7.491087593534876,6.508769136971682,10.122901880120182,0.0
3676,8743a1372ffffff,8743accb5ffffff,1,18.246278699421865,1792,508,7.491087593534876,6.230481447578482,9.811771235531838,0.0
3677,8743a1372ffffff,8743accb6ffffff,2,14.676356491002549,1792,339,7.491087593534876,5.82600010738045,9.594061210408173,0.6931471805599453
3678,8743a1372ffffff,8743acd9affffff,2,15.523791111738438,1792,591,7.491087593534876,6.3818160174060985,9.650193451750674,0.6931471805599453
3679,8743a1372ffffff,8743acd9bffffff,1,17.619550716313174,1792,734,7.491087593534876,6.598509028614515,9.776821154184097,0.0
3680,8743a1373ffffff,8743a1204ffffff,1,12.927163173635867,573,422,6.35088571671474,6.045005314036012,9.467163402404294,0.0
3681,8743a1373ffffff,8743a1205ffffff,3,12.491583580028507,573,295,6.35088571671474,5.68697535633982,9.43289043361251,1.0986122886681098
3682,8743a1373ffffff,8743a1220ffffff,1,9.151831265143196,573,473,6.35088571671474,6.159095388491933,9.121818538291134,0.0
3683,8743a1373ffffff,8743a1221ffffff,1,8.442360551332781,573,324,6.35088571671474,5.780743515792329,9.04113567793072,0.0
3684,8743a1373ffffff,8743a1222ffffff,3,11.438284053693955,573,253,6.35088571671474,5.53338948872752,9.34480868025635,1.0986122886681098
3685,8743a1373ffffff,8743a1223ffffff,2,10.675684480459346,573,328,6.35088571671474,5.793013608384144,9.275817622412568,0.6931471805599453
3686,8743a1373ffffff,8743a1224ffffff,11,8.086785772680258,573,845,6.35088571671474,6.739336627357174,8.998110273292182,2.3978952727983707
3687,8743a1373ffffff,8743a1225ffffff,8,6.864776113485505,573,598,6.35088571671474,6.393590753950631,8.834304365487952,2.0794415416798357
3688,8743a1373ffffff,8743a1226ffffff,7,10.31545558053858,573,670,6.35088571671474,6.507277712385012,9.24149552854438,1.9459101490553132
3689,8743a1373ffffff,8743a1228ffffff,1,10.524816631560528,573,113,6.35088571671474,4.727387818712341,9.26158624523762,0.0
3690,8743a1373ffffff,8743a122effffff,1,10.357595120514718,573,132,6.35088571671474,4.882801922586371,9.245571900490209,0.0
3691,8743a1373ffffff,8743a1231ffffff,1,13.724134128331288,573,210,6.35088571671474,5.3471075307174685,9.526984038885994,0.0
3692,8743a1373ffffff,8743a1300ffffff,5,11.27841229884847,573,431,6.35088571671474,6.066108090103747,9.33073442252882,1.6094379124341003
3693,8743a1373ffffff,8743a1301ffffff,9,9.024033655418013,573,567,6.35088571671474,6.340359303727752,9.107757512326318,2.1972245773362196
3694,8743a1373ffffff,8743a1308ffffff,3,5.865069333688251,573,246,6.35088571671474,5.5053315359323625,8.676940069052996,1.0986122886681098
3695,8743a1373ffffff,8743a1309ffffff,29,3.838036246539521,573,528,6.35088571671474,6.269096283706261,8.252976636617992,3.367295829986474
3696,8743a1373ffffff,8743a130affffff,2,7.673956338658706,573,617,6.35088571671474,6.424869023905388,8.945717883665107,0.6931471805599453
3697,8743a1373ffffff,8743a130bffffff,3,5.902032035027901,573,487,6.35088571671474,6.18826412308259,8.683221402132265,1.0986122886681098
3698,8743a1373ffffff,8743a130cffffff,24,6.769002821192186,573,576,6.35088571671474,6.3561076606958915,8.820256782625906,3.1780538303479458
3699,8743a1373ffffff,8743a130dffffff,42,4.513320078388764,573,613,6.35088571671474,6.418364935936212,8.415009862792026,3.7376696182833684
3700,8743a1373ffffff,8743a1311ffffff,2,13.856342184042528,573,547,6.35088571671474,6.304448802421981,9.536570492742191,0.6931471805599453
3701,8743a1373ffffff,8743a1313ffffff,1,15.493745481601124,573,95,6.35088571671474,4.553876891600541,9.648256244246422,0.0
3702,8743a1373ffffff,8743a1315ffffff,1,14.651463739632577,573,159,6.35088571671474,5.0689042022202315,9.59236377365942,0.0
3703,8743a1373ffffff,8743a1318ffffff,1,11.507759247190139,573,369,6.35088571671474,5.910796644040527,9.350863698093871,0.0
3704,8743a1373ffffff,8743a1319ffffff,7,9.686769391501391,573,724,6.35088571671474,6.584791392385716,9.178619481429946,1.9459101490553132
3705,8743a1373ffffff,8743a131bffffff,4,11.79925677405175,573,469,6.35088571671474,6.150602768446279,9.37587657072986,1.3862943611198906
3706,8743a1373ffffff,8743a131cffffff,1,11.725209944444419,573,465,6.35088571671474,6.142037405587356,9.369581781546419,0.0
3707,8743a1373ffffff,8743a131dffffff,1,9.649252243344831,573,392,6.35088571671474,5.971261839790462,9.174739333198128,0.0
3708,8743a1373ffffff,8743a131effffff,1,13.460027749422013,573,593,6.35088571671474,6.385194398997726,9.507553956110062,0.0
3709,8743a1373ffffff,8743a132affffff,2,8.312287936701583,573,372,6.35088571671474,5.918893854273146,9.025610469849514,0.6931471805599453
3710,8743a1373ffffff,8743a132effffff,1,10.20893163113804,573,76,6.35088571671474,4.330733340286331,9.231116214871653,0.0
3711,8743a1373ffffff,8743a1340ffffff,14,4.51592430565894,573,643,6.35088571671474,6.466144724237619,8.41558657785622,2.6390573296152584
3712,8743a1373ffffff,8743a1341ffffff,3,6.774862329484823,573,292,6.35088571671474,5.676753802268282,8.82112191875312,1.0986122886681098
3713,8743a1373ffffff,8743a1342ffffff,13,4.101401251964578,573,214,6.35088571671474,5.365976015021851,8.319327752464822,2.5649493574615367
3714,8743a1373ffffff,8743a1343ffffff,1,6.157383726138393,573,55,6.35088571671474,4.007333185232471,8.725569639978964,0.0
3715,8743a1373ffffff,8743a1344ffffff,15,3.8401513645102003,573,418,6.35088571671474,6.035481432524756,8.253527435148253,2.70805020110221
3716,8743a1373ffffff,8743a1345ffffff,7,5.869994323621434,573,450,6.35088571671474,6.1092475827643655,8.67777928921334,1.9459101490553132
3717,8743a1373ffffff,8743a1346ffffff,20,2.2576367670615056,573,243,6.35088571671474,5.493061443340548,7.722516709852506,2.995732273553991
3718,8743a1373ffffff,8743a134cffffff,2,9.03445055141194,573,283,6.35088571671474,5.645446897643238,9.108911069122446,0.6931471805599453
3719,8743a1373ffffff,8743a1350ffffff,10,4.152894270230512,573,500,6.35088571671474,6.214608098422191,8.331801551591797,2.302585092994046
3720,8743a1373ffffff,8743a1351ffffff,5,4.871584553723062,573,115,6.35088571671474,4.74493212836325,8.491379784483703,1.6094379124341003
3721,8743a1373ffffff,8743a1352ffffff,5,6.2473561677834555,573,468,6.35088571671474,6.148468295917647,8.740073694981774,1.6094379124341003
3722,8743a1373ffffff,8743a1354ffffff,21,2.2888601280940524,573,303,6.35088571671474,5.713732805509369,7.736246015247949,3.044522437723423
3723,8743a1373ffffff,8743a1355ffffff,15,2.4357610879331064,573,434,6.35088571671474,6.073044534100405,7.798425013502691,2.70805020110221
3724,8743a1373ffffff,8743a1356ffffff,9,4.577118950329709,573,509,6.35088571671474,6.2324480165505225,8.429043483208972,2.1972245773362196
3725,8743a1373ffffff,8743a1361ffffff,1,8.095491694098166,573,77,6.35088571671474,4.343805421853684,8.999186122649746,0.0
3726,8743a1373ffffff,8743a1362ffffff,13,4.579522756835113,573,301,6.35088571671474,5.707110264748875,8.429568409641833,2.5649493574615367
3727,8743a1373ffffff,8743a1363ffffff,3,5.906835069024421,573,553,6.35088571671474,6.315358001522335,8.684034726711904,1.0986122886681098
3728,8743a1373ffffff,8743a1368ffffff,6,9.662676965746574,573,725,6.35088571671474,6.586171654854675,9.176129493058236,1.791759469228055
3729,8743a1373ffffff,8743a136affffff,20,8.023755927397897,573,932,6.35088571671474,6.837332814685591,8.990286533504285,2.995732273553991
3730,8743a1373ffffff,8743a136bffffff,4,10.223847215559138,573,578,6.35088571671474,6.359573868672378,9.232576038555761,1.3862943611198906
3731,8743a1373ffffff,8743a136cffffff,1,9.699995069009587,573,354,6.35088571671474,5.869296913133774,9.179983743664028,0.0
3732,8743a1373ffffff,8743a136effffff,5,7.682416803254835,573,628,6.35088571671474,6.4425401664681985,8.946819623461861,1.6094379124341003
3733,8743a1373ffffff,8743a1370ffffff,36,2.4356980004398596,573,353,6.35088571671474,5.8664680569332965,7.798399123270679,3.58351893845611
3734,8743a1373ffffff,8743a1371ffffff,45,2.289461079922163,573,543,6.35088571671474,6.297109319933935,7.736508421225288,3.8066624897703196
3735,8743a1373ffffff,8743a1372ffffff,80,2.2569857100407638,573,873,6.35088571671474,6.771935555839602,7.722228416098246,4.382026634673881
3736,8743a1373ffffff,8743a1373ffffff,27,0.0,573,305,6.35088571671474,5.720311776607412,0.0,3.295836866004329
3737,8743a1373ffffff,8743a1375ffffff,12,4.153877043085188,573,141,6.35088571671474,4.948759890378168,8.332038114333075,2.4849066497880004
3738,8743a1373ffffff,8743accb4ffffff,1,13.883626419697988,573,406,6.35088571671474,6.0063531596017325,9.538537494063712,0.0
3739,8743a1375ffffff,8743a1220ffffff,4,12.931206670901325,426,473,6.054439346269371,6.159095388491933,9.467476120074052,1.3862943611198906
3740,8743a1375ffffff,8743a1221ffffff,1,12.495110060182416,426,324,6.054439346269371,5.780743515792329,9.433172679673715,0.0
3741,8743a1375ffffff,8743a1224ffffff,15,11.442016651436948,426,845,6.054439346269371,6.739336627357174,9.345134923480245,2.70805020110221
3742,8743a1375ffffff,8743a1225ffffff,7,10.678971068070275,426,598,6.054439346269371,6.393590753950631,9.276125403528333,1.9459101490553132
3743,8743a1375ffffff,8743a1226ffffff,3,13.728615236489679,426,670,6.054439346269371,6.507277712385012,9.527310474807054,1.0986122886681098
3744,8743a1375ffffff,8743a1300ffffff,6,11.727583524179765,426,431,6.054439346269371,6.066108090103747,9.36978417767893,1.791759469228055
3745,8743a1375ffffff,8743a1301ffffff,7,9.651436688466424,426,567,6.054439346269371,6.340359303727752,9.174965669035442,1.9459101490553132
3746,8743a1375ffffff,8743a1302ffffff,2,13.463211935947978,426,423,6.054439346269371,6.0473721790462776,9.507790476681691,0.6931471805599453
3747,8743a1375ffffff,8743a1303ffffff,1,11.510755738394897,426,368,6.054439346269371,5.908082938168931,9.351124030343046,0.0
3748,8743a1375ffffff,8743a1308ffffff,3,8.089349395795267,426,246,6.054439346269371,5.5053315359323625,8.998427197722565,1.0986122886681098
3749,8743a1375ffffff,8743a1309ffffff,21,6.867013677723914,426,528,6.054439346269371,6.269096283706261,8.834630213530222,3.044522437723423
3750,8743a1375ffffff,8743a130bffffff,5,9.15481601451965,426,487,6.054439346269371,6.18826412308259,9.122144586344527,1.6094379124341003
3751,8743a1375ffffff,8743a130cffffff,7,7.67595336897222,426,576,6.054439346269371,6.3561076606958915,8.945978050688339,1.9459101490553132
3752,8743a1375ffffff,8743a130dffffff,10,5.903823495439316,426,613,6.054439346269371,6.418364935936212,8.68352483748859,2.302585092994046
3753,8743a1375ffffff,8743a1318ffffff,1,13.97032892848502,426,369,6.054439346269371,5.910796644040527,9.544762575034138,0.0
3754,8743a1375ffffff,8743a1319ffffff,3,12.56844888073606,426,724,6.054439346269371,6.584791392385716,9.439024456608482,1.0986122886681098
3755,8743a1375ffffff,8743a131bffffff,2,14.828866119542083,426,469,6.054439346269371,6.150602768446279,9.604398407413688,0.6931471805599453
3756,8743a1375ffffff,8743a1328ffffff,2,6.769669152613856,426,199,6.054439346269371,5.293304824724492,8.820355201880652,0.6931471805599453
3757,8743a1375ffffff,8743a132affffff,2,8.016095483080061,426,372,6.054439346269371,5.918893854273146,8.989331476048124,0.6931471805599453
3758,8743a1375ffffff,8743a132bffffff,1,5.866255918989273,426,99,6.054439346269371,4.59511985013459,8.677142328051108,0.0
3759,8743a1375ffffff,8743a132dffffff,1,6.153891420926705,426,38,6.054439346269371,3.6375861597263857,8.725002397671192,0.0
3760,8743a1375ffffff,8743a1340ffffff,17,6.357631628805411,426,643,6.054439346269371,6.466144724237619,8.757568480481952,2.833213344056216
3761,8743a1375ffffff,8743a1341ffffff,4,8.204320228918055,426,292,6.054439346269371,5.676753802268282,9.012538031271808,1.3862943611198906
3762,8743a1375ffffff,8743a1344ffffff,15,4.101515960127618,426,418,6.054439346269371,6.035481432524756,8.319355713298572,2.70805020110221
3763,8743a1375ffffff,8743a1345ffffff,9,6.157605337610902,426,450,6.054439346269371,6.1092475827643655,8.725605624661808,2.1972245773362196
3764,8743a1375ffffff,8743a1346ffffff,5,4.87206587162453,426,243,6.054439346269371,5.493061443340548,8.491478560425964,1.6094379124341003
3765,8743a1375ffffff,8743a134dffffff,3,12.318916440542656,426,307,6.054439346269371,5.726847747587197,9.418972454641024,1.0986122886681098
3766,8743a1375ffffff,8743a134effffff,2,10.420307090409443,426,325,6.054439346269371,5.783825182329737,9.251607747978685,0.6931471805599453
3767,8743a1375ffffff,8743a1350ffffff,5,8.3067713133157,426,500,6.054439346269371,6.214608098422191,9.02494665853575,1.6094379124341003
3768,8743a1375ffffff,8743a1351ffffff,2,8.768036958589104,426,115,6.054439346269371,4.74493212836325,9.078982268457336,0.6931471805599453
3769,8743a1375ffffff,8743a1352ffffff,3,10.360345463760902,426,468,6.054439346269371,6.148468295917647,9.245837378400356,1.0986122886681098
3770,8743a1375ffffff,8743a1354ffffff,11,6.24911610813147,426,303,6.054439346269371,5.713732805509369,8.740355319858926,2.3978952727983707
3771,8743a1375ffffff,8743a1355ffffff,2,6.413510562742645,426,434,6.054439346269371,6.073044534100405,8.766317978385779,0.6931471805599453
3772,8743a1375ffffff,8743a1356ffffff,14,8.444886974721861,426,509,6.054439346269371,6.2324480165505225,9.041434853297062,2.6390573296152584
3773,8743a1375ffffff,8743a135cffffff,1,9.744382777539489,426,25,6.054439346269371,3.2188758248682006,9.184548890548337,0.0
3774,8743a1375ffffff,8743a135dffffff,1,11.101118420207523,426,77,6.054439346269371,4.343805421853684,9.314891217758479,0.0
3775,8743a1375ffffff,8743a1362ffffff,18,2.2578593134933436,426,301,6.054439346269371,5.707110264748875,7.722615236305236,2.8903717578961645
3776,8743a1375ffffff,8743a1363ffffff,15,4.516369616489524,426,553,6.054439346269371,6.315358001522335,8.415685160177048,2.70805020110221
3777,8743a1375ffffff,8743a1368ffffff,19,9.03534204491354,426,725,6.054439346269371,6.586171654854675,9.109009730447553,2.9444389791664403
3778,8743a1375ffffff,8743a1369ffffff,8,11.295803595255416,426,444,6.054439346269371,6.095824562432225,9.332275097009314,2.0794415416798357
3779,8743a1375ffffff,8743a136affffff,13,8.320091779613401,426,932,6.054439346269371,6.837332814685591,9.02654874871743,2.5649493574615367
3780,8743a1375ffffff,8743a136bffffff,10,10.524006655866149,426,578,6.054439346269371,6.359573868672378,9.261509290936715,2.302585092994046
3781,8743a1375ffffff,8743a136cffffff,7,8.025139621564515,426,354,6.054439346269371,5.869296913133774,8.990458946833602,1.9459101490553132
3782,8743a1375ffffff,8743a136dffffff,8,10.225436790519913,426,609,6.054439346269371,6.411818267709897,9.232731488449616,2.0794415416798357
3783,8743a1375ffffff,8743a136effffff,7,6.775530622675109,426,628,6.054439346269371,6.4425401664681985,8.8212205423974,1.9459101490553132
3784,8743a1375ffffff,8743a1370ffffff,29,2.2896053164656176,426,353,6.054439346269371,5.8664680569332965,7.736571391953508,3.367295829986474
3785,8743a1375ffffff,8743a1371ffffff,51,2.4360012015750105,426,543,6.054439346269371,6.297109319933935,7.798523546680075,3.9318256327243257
3786,8743a1375ffffff,8743a1372ffffff,14,4.5786099938412095,426,873,6.054439346269371,6.771935555839602,8.429369119299265,2.6390573296152584
3787,8743a1375ffffff,8743a1373ffffff,7,4.153877043085188,426,305,6.054439346269371,5.720311776607412,8.332038114333075,1.9459101490553132
3788,8743a1375ffffff,8743a1375ffffff,7,0.0,426,141,6.054439346269371,4.948759890378168,0.0,1.9459101490553132
3789,8743a1375ffffff,8743a1376ffffff,1,3.8390344452263276,426,44,6.054439346269371,3.784189633918261,8.253236615652565,0.0
3790,8743a1375ffffff,8743accb0ffffff,2,14.984005565629703,426,947,6.054439346269371,6.853299093186078,9.614805351164089,0.6931471805599453
3791,8743a1375ffffff,8743accb4ffffff,1,13.556914984922644,426,406,6.054439346269371,6.0063531596017325,9.514725787497925,0.0
3792,8743a1375ffffff,8743accb5ffffff,1,15.818675924323637,426,508,6.054439346269371,6.230481447578482,9.669009755923682,0.0
3793,8743a1375ffffff,8743accb6ffffff,1,12.748226510585893,426,339,6.054439346269371,5.82600010738045,9.453225882909926,0.0
3794,8743a1375ffffff,8743acd99ffffff,1,16.0593131865243,426,443,6.054439346269371,6.093569770045136,9.68410648833952,0.0
3795,8743a1375ffffff,8743acd9affffff,6,12.447877258803427,426,591,6.054439346269371,6.3818160174060985,9.429385717810602,1.791759469228055
3796,8743a1375ffffff,8743acd9bffffff,2,14.682709163342569,426,734,6.054439346269371,6.598509028614515,9.594493938056,0.6931471805599453
3797,8743a1376ffffff,8743a1224ffffff,1,8.441545939569853,28,845,3.332204510175204,6.739336627357174,9.041039193710107,0.0
3798,8743a1376ffffff,8743a1225ffffff,1,8.30404989134748,28,598,3.332204510175204,6.393590753950631,9.024619029416163,0.0
3799,8743a1376ffffff,8743a1300ffffff,1,8.011821316251499,28,431,3.332204510175204,6.066108090103747,8.98879820229713,0.0
3800,8743a1376ffffff,8743a130cffffff,1,3.8369189237458916,28,576,3.332204510175204,6.3561076606958915,8.252685551734276,0.0
3801,8743a1376ffffff,8743a130dffffff,2,2.2885481349840924,28,613,3.332204510175204,6.418364935936212,7.736109756110297,0.6931471805599453
3802,8743a1376ffffff,8743a1340ffffff,1,8.316636928376209,28,643,3.332204510175204,6.466144724237619,9.02613347044137,0.0
3803,8743a1376ffffff,8743a1345ffffff,1,9.030991829860593,28,450,3.332204510175204,6.1092475827643655,9.108528201252096,0.0
3804,8743a1376ffffff,8743a1352ffffff,1,8.765538179723412,28,468,3.332204510175204,6.148468295917647,9.078697273085027,0.0
3805,8743a1376ffffff,8743a1356ffffff,1,6.4116166907131635,28,509,3.332204510175204,6.2324480165505225,8.766022686695624,0.0
3806,8743a1376ffffff,8743a1362ffffff,1,5.867989060978468,28,301,3.332204510175204,5.707110264748875,8.677437676691964,0.0
3807,8743a1376ffffff,8743a1363ffffff,1,8.020869731165664,28,553,3.332204510175204,6.315358001522335,8.989926807250958,0.0
3808,8743a1376ffffff,8743a1370ffffff,9,2.256771279949942,28,353,3.332204510175204,5.8664680569332965,7.72213344637713,2.1972245773362196
3809,8743a1376ffffff,8743a1371ffffff,2,4.514193868434674,28,543,3.332204510175204,6.297109319933935,8.415203403674466,0.6931471805599453
3810,8743a1376ffffff,8743a1372ffffff,2,2.4353310509463135,28,873,3.332204510175204,6.771935555839602,7.798248518999549,0.6931471805599453
3811,8743a1376ffffff,8743a1373ffffff,1,4.100112292785749,28,305,3.332204510175204,5.720311776607412,8.319013506823024,0.0
3812,8743a1376ffffff,8743a1376ffffff,2,0.0,28,44,3.332204510175204,3.784189633918261,0.0,0.6931471805599453
3813,8743a1388ffffff,8743a1388ffffff,1,0.0,1,199,0.0,5.293304824724492,0.0,0.0
3814,8743a13a8ffffff,8743a1204ffffff,1,10.503603042988999,25,422,3.2188758248682006,6.045005314036012,9.259568825129536,0.0
3815,8743a13a8ffffff,8743a1223ffffff,1,11.270736241628743,25,328,3.2188758248682006,5.793013608384144,9.330053653875074,0.0
3816,8743a13a8ffffff,8743a1224ffffff,2,9.638938380719267,25,845,3.2188758248682006,6.739336627357174,9.173669995542593,0.6931471805599453
3817,8743a13a8ffffff,8743a1226ffffff,2,8.004773266357816,25,670,3.2188758248682006,6.507277712385012,8.987918218686563,0.6931471805599453
3818,8743a13a8ffffff,8743a1236ffffff,1,4.0952733231406295,25,125,3.2188758248682006,4.8283137373023015,8.317832893775424,0.0
3819,8743a13a8ffffff,8743a1318ffffff,1,5.892557855318753,25,369,3.2188758248682006,5.910796644040527,8.681615144419789,0.0
3820,8743a13a8ffffff,8743a131effffff,1,4.5698535930395074,25,593,3.2188758248682006,6.385194398997726,8.427455248293413,0.0
3821,8743a13a8ffffff,8743a1352ffffff,1,13.850421186823265,25,468,3.2188758248682006,6.148468295917647,9.536143119118178,0.0
3822,8743a13a8ffffff,8743a138dffffff,1,4.865603860745617,25,30,3.2188758248682006,3.4011973816621555,8.490151613618801,0.0
3823,8743a13a8ffffff,8743a13a8ffffff,1,0.0,25,68,3.2188758248682006,4.219507705176107,0.0,0.0
3824,8743a13a8ffffff,8743a13acffffff,2,2.4327085348500517,25,20,3.2188758248682006,2.995732273553991,7.797171518986077,0.6931471805599453
3825,8743a13a8ffffff,8743a13adffffff,10,2.2846255362037318,25,401,3.2188758248682006,5.993961427306569,7.734395023501915,2.302585092994046
3826,8743a13a8ffffff,8743a13aeffffff,1,2.2521913372394264,25,70,3.2188758248682006,4.248495242049359,7.720102862365302,0.0
3827,8743a13a9ffffff,8743a1200ffffff,2,10.204209532388482,102,292,4.624972813284271,5.676753802268282,9.230653607359322,0.6931471805599453
3828,8743a13a9ffffff,8743a1204ffffff,4,8.30675840066104,102,422,4.624972813284271,6.045005314036012,9.0249451042483,1.3862943611198906
3829,8743a13a9ffffff,8743a1206ffffff,1,8.19363092085988,102,172,4.624972813284271,5.147494476813453,9.011234453050841,0.0
3830,8743a13a9ffffff,8743a1220ffffff,1,8.007162271419975,102,473,4.624972813284271,6.159095388491933,8.988216584453584,0.0
3831,8743a13a9ffffff,8743a1222ffffff,1,6.76244230856826,102,253,4.624972813284271,5.53338948872752,8.819287256673732,0.0
3832,8743a13a9ffffff,8743a1224ffffff,1,7.6655653678740565,102,845,4.624972813284271,6.739336627357174,8.944623993269893,0.0
3833,8743a13a9ffffff,8743a1225ffffff,2,9.64175161632432,102,598,4.624972813284271,6.393590753950631,9.173961784253134,0.6931471805599453
3834,8743a13a9ffffff,8743a122affffff,1,12.726355938720074,102,40,4.624972813284271,3.6888794541139363,9.45150896681399,0.0
3835,8743a13a9ffffff,8743a1231ffffff,1,6.148418171117958,102,210,4.624972813284271,5.3471075307174685,8.72411275000282,0.0
3836,8743a13a9ffffff,8743a1236ffffff,5,2.433138244609113,102,125,4.624972813284271,4.8283137373023015,7.797348069226725,1.6094379124341003
3837,8743a13a9ffffff,8743a1302ffffff,2,8.29744077644437,102,423,4.624972813284271,6.0473721790462776,9.023822917877402,0.6931471805599453
3838,8743a13a9ffffff,8743a130bffffff,1,9.67880336768276,102,487,4.624972813284271,6.18826412308259,9.177796866808393,0.0
3839,8743a13a9ffffff,8743a1311ffffff,5,6.405926589658469,102,547,4.624972813284271,6.304448802421981,8.765134963739522,1.6094379124341003
3840,8743a13a9ffffff,8743a1315ffffff,2,8.758137466052286,102,159,4.624972813284271,5.0689042022202315,9.07785271630324,0.6931471805599453
3841,8743a13a9ffffff,8743a1318ffffff,2,4.570767592585577,102,369,4.624972813284271,5.910796644040527,8.427655190854864,0.6931471805599453
3842,8743a13a9ffffff,8743a1319ffffff,6,5.89406572576066,102,724,4.624972813284271,6.584791392385716,8.681870962317403,1.791759469228055
3843,8743a13a9ffffff,8743a131cffffff,1,6.2407824463602175,102,465,4.624972813284271,6.142037405587356,8.739021069028883,0.0
3844,8743a13a9ffffff,8743a131effffff,3,4.148227780765504,102,593,4.624972813284271,6.385194398997726,8.33067751898631,1.0986122886681098
3845,8743a13a9ffffff,8743a1385ffffff,1,5.852555783959617,102,9,4.624972813284271,2.1972245773362196,8.67480458189219,0.0
3846,8743a13a9ffffff,8743a1388ffffff,4,6.237649485291993,102,199,4.624972813284271,5.293304824724492,8.738519009300312,1.3862943611198906
3847,8743a13a9ffffff,8743a1389ffffff,3,6.404563927787096,102,67,4.624972813284271,4.204692619390966,8.764922255386738,1.0986122886681098
3848,8743a13a9ffffff,8743a138dffffff,4,4.147239400724472,102,30,4.624972813284271,3.4011973816621555,8.330439282419876,1.3862943611198906
3849,8743a13a9ffffff,8743a1390ffffff,1,13.46806590082838,102,9,4.624972813284271,2.1972245773362196,9.508150920364956,0.0
3850,8743a13a9ffffff,8743a1392ffffff,3,15.534551566249808,102,20,4.624972813284271,2.995732273553991,9.650886325944201,1.0986122886681098
3851,8743a13a9ffffff,8743a139effffff,1,12.538498111170194,102,1,4.624972813284271,0.0,9.436638790353289,0.0
3852,8743a13a9ffffff,8743a13a8ffffff,5,2.2528436819717097,102,68,4.624972813284271,4.219507705176107,7.720392340806919,1.6094379124341003
3853,8743a13a9ffffff,8743a13a9ffffff,10,0.0,102,70,4.624972813284271,4.248495242049359,0.0,2.302585092994046
3854,8743a13a9ffffff,8743a13abffffff,3,2.2844797240804495,102,41,4.624972813284271,3.713572066704308,7.734331226185936,1.0986122886681098
3855,8743a13a9ffffff,8743a13acffffff,2,4.094882013707354,102,20,4.624972813284271,2.995732273553991,8.317737361057237,0.6931471805599453
3856,8743a13a9ffffff,8743a13adffffff,18,2.433076072968123,102,401,4.624972813284271,5.993961427306569,7.797322527359857,2.8903717578961645
3857,8743a13a9ffffff,8743a13aeffffff,6,4.505035019211136,102,70,4.624972813284271,4.248495242049359,8.413172892646664,1.791759469228055
3858,8743a13aaffffff,8743a1204ffffff,1,11.268547140830687,16,422,2.772588722239781,6.045005314036012,9.329859423514025,0.0
3859,8743a13aaffffff,8743a1220ffffff,1,11.713515345271059,16,473,2.772588722239781,6.159095388491933,9.368583979644038,0.0
3860,8743a13aaffffff,8743a1226ffffff,2,9.636436035531464,16,670,2.772588722239781,6.507277712385012,9.173410380810022,0.6931471805599453
3861,8743a13aaffffff,8743a1228ffffff,1,16.881399218877185,16,113,2.772588722239781,4.727387818712341,9.734026891869632,0.0
3862,8743a13aaffffff,8743a1234ffffff,1,5.854291517610072,16,13,2.772588722239781,2.5649493574615367,8.675101064307318,0.0
3863,8743a13aaffffff,8743a1236ffffff,1,4.505463696358362,16,125,2.772588722239781,4.8283137373023015,8.41326802212431,0.0
3864,8743a13aaffffff,8743a1302ffffff,1,10.663999738052812,16,423,2.772588722239781,6.0473721790462776,9.274722606344064,0.0
3865,8743a13aaffffff,8743a131bffffff,1,7.661327790375747,16,469,2.772588722239781,6.150602768446279,8.944071105652698,0.0
3866,8743a13aaffffff,8743a131effffff,2,6.853876259537429,16,593,2.772588722239781,6.385194398997726,8.83271554070839,0.6931471805599453
3867,8743a13aaffffff,8743a1388ffffff,1,4.864992745877013,16,199,2.772588722239781,5.293304824724492,8.490026032564923,0.0
3868,8743a13aaffffff,8743a1389ffffff,1,6.348146217341172,16,67,2.772588722239781,4.204692619390966,8.756075628884973,0.0
3869,8743a13aaffffff,8743a13a9ffffff,1,3.829604247159312,16,70,2.772588722239781,4.248495242049359,8.250777836613132,0.0
3870,8743a13aaffffff,8743a13adffffff,1,4.568648202701653,16,401,2.772588722239781,5.993961427306569,8.427191501209986,0.0
3871,8743a13aaffffff,8743a13aeffffff,1,2.4324035462608067,16,70,2.772588722239781,4.248495242049359,7.797046192679815,0.0
3872,8743a13abffffff,8743a1200ffffff,2,10.50471815572393,123,292,4.812184355372417,5.676753802268282,9.259674974171755,0.6931471805599453
3873,8743a13abffffff,8743a1202ffffff,4,10.202839816305806,123,68,4.812184355372417,4.219507705176107,9.230519381010868,1.3862943611198906
3874,8743a13abffffff,8743a1204ffffff,7,9.016141339965522,123,422,4.812184355372417,6.045005314036012,9.106882638209655,1.9459101490553132
3875,8743a13abffffff,8743a1205ffffff,2,11.271804800115898,123,295,4.812184355372417,5.68697535633982,9.33014844919479,0.6931471805599453
3876,8743a13abffffff,8743a1206ffffff,1,8.305472210479461,123,172,4.812184355372417,5.147494476813453,9.024790274305914,0.0
3877,8743a13abffffff,8743a1220ffffff,1,9.639249618082049,123,473,4.812184355372417,6.159095388491933,9.173702281261262,0.0
3878,8743a13abffffff,8743a1222ffffff,2,8.005273293841661,123,253,4.812184355372417,5.53338948872752,8.987980675098006,0.6931471805599453
3879,8743a13abffffff,8743a1223ffffff,1,10.200833275406168,123,328,4.812184355372417,5.793013608384144,9.2303227160053,0.0
3880,8743a13abffffff,8743a1226ffffff,1,7.663485342726892,123,670,4.812184355372417,6.507277712385012,8.944352645245653,0.0
3881,8743a13abffffff,8743a1231ffffff,5,6.761128847269521,123,210,4.812184355372417,5.3471075307174685,8.819093037695806,1.6094379124341003
3882,8743a13abffffff,8743a1236ffffff,14,2.253057895493198,123,125,4.812184355372417,4.8283137373023015,7.720487379936753,2.6390573296152584
3883,8743a13abffffff,8743a1302ffffff,1,10.347834921737538,123,423,4.812184355372417,6.0473721790462776,9.244629224409204,0.0
3884,8743a13abffffff,8743a131effffff,1,6.239418236750045,123,593,4.812184355372417,6.385194398997726,8.73880248423759,0.0
3885,8743a13abffffff,8743a1385ffffff,1,4.5041592273455295,123,9,4.812184355372417,2.1972245773362196,8.412978514000637,0.0
3886,8743a13abffffff,8743a1388ffffff,29,4.146454158631334,123,199,4.812184355372417,5.293304824724492,8.33024996923229,3.367295829986474
3887,8743a13abffffff,8743a1389ffffff,7,4.865726738186947,123,67,4.812184355372417,4.204692619390966,8.49017686241521,1.9459101490553132
3888,8743a13abffffff,8743a138bffffff,2,6.403529468310295,123,5,4.812184355372417,1.6094379124341003,8.764760748448879,0.6931471805599453
3889,8743a13abffffff,8743a138dffffff,5,2.432832826525756,123,30,4.812184355372417,3.4011973816621555,7.797222588578096,1.6094379124341003
3890,8743a13abffffff,8743a13a8ffffff,6,2.43277103421986,123,68,4.812184355372417,4.219507705176107,7.797197199369086,1.791759469228055
3891,8743a13abffffff,8743a13a9ffffff,5,2.2844797240804495,123,70,4.812184355372417,4.248495242049359,7.734331226185936,1.6094379124341003
3892,8743a13abffffff,8743a13aaffffff,1,2.2524058008651635,123,9,4.812184355372417,2.1972245773362196,7.720198039999036,0.0
3893,8743a13abffffff,8743a13abffffff,3,0.0,123,41,4.812184355372417,3.713572066704308,0.0,1.0986122886681098
3894,8743a13abffffff,8743a13adffffff,21,4.147443906959872,123,401,4.812184355372417,5.993961427306569,8.330488580730504,3.044522437723423
3895,8743a13abffffff,8743a13aeffffff,1,4.09437420486535,123,70,4.812184355372417,4.248495242049359,8.317613373031687,0.0
3896,8743a13adffffff,8743a1049ffffff,1,8.697653380414419,589,1,6.3784261836515865,0.0,9.070923508802005,0.0
3897,8743a13adffffff,8743a1200ffffff,8,12.291207059946133,589,292,6.3784261836515865,5.676753802268282,9.416720768206622,2.0794415416798357
3898,8743a13adffffff,8743a1201ffffff,1,14.28415660272033,589,115,6.3784261836515865,4.74493212836325,9.566976277343343,0.0
3899,8743a13adffffff,8743a1202ffffff,1,12.701384883363632,589,68,6.3784261836515865,4.219507705176107,9.449545040908706,0.0
3900,8743a13adffffff,8743a1203ffffff,6,14.48779845569817,589,257,6.3784261836515865,5.54907608489522,9.581131109564417,1.791759469228055
3901,8743a13adffffff,8743a1204ffffff,10,10.203158558565777,589,422,6.3784261836515865,6.045005314036012,9.230550618004733,2.302585092994046
3902,8743a13adffffff,8743a1205ffffff,7,12.299240647226078,589,295,6.3784261836515865,5.68697535633982,9.41737410598425,1.9459101490553132
3903,8743a13adffffff,8743a1206ffffff,7,10.406692017393231,589,172,6.3784261836515865,5.147494476813453,9.2503004288046,1.9459101490553132
3904,8743a13adffffff,8743a1220ffffff,4,9.017036732175244,589,473,6.3784261836515865,6.159095388491933,9.106981932179126,1.3862943611198906
3905,8743a13adffffff,8743a1221ffffff,2,11.272924590517482,589,324,6.3784261836515865,5.780743515792329,9.330247779823468,0.6931471805599453
3906,8743a13adffffff,8743a1222ffffff,8,8.305869030469335,589,253,6.3784261836515865,5.53338948872752,9.024838045550023,2.0794415416798357
3907,8743a13adffffff,8743a1223ffffff,7,10.505310640648464,589,328,6.3784261836515865,5.793013608384144,9.25973136900449,1.9459101490553132
3908,8743a13adffffff,8743a1224ffffff,50,8.006661859845574,589,845,6.3784261836515865,6.739336627357174,8.988154094809534,3.912023005428146
3909,8743a13adffffff,8743a1225ffffff,8,10.202428497092832,589,598,6.3784261836515865,6.393590753950631,9.230479069960246,2.0794415416798357
3910,8743a13adffffff,8743a1226ffffff,38,6.7618000613388265,589,670,6.3784261836515865,6.507277712385012,8.819192293532845,3.6375861597263857
3911,8743a13adffffff,8743a1228ffffff,1,14.956266522383741,589,113,6.3784261836515865,4.727387818712341,9.612952515741306,0.0
3912,8743a13adffffff,8743a122effffff,2,12.725018662283277,589,132,6.3784261836515865,4.882801922586371,9.451403890260567,0.6931471805599453
3913,8743a13adffffff,8743a1231ffffff,14,8.192851142550314,589,210,6.3784261836515865,5.3471075307174685,9.011139291301614,2.6390573296152584
3914,8743a13adffffff,8743a1236ffffff,19,4.866214317577236,589,125,6.3784261836515865,4.8283137373023015,8.4902770437062,2.9444389791664403
3915,8743a13adffffff,8743a12e0ffffff,1,23.101465920784698,589,268,6.3784261836515865,5.5909869805108565,10.047694640630048,0.0
3916,8743a13adffffff,8743a12e3ffffff,1,25.411342652224842,589,1,6.3784261836515865,0.0,10.142990266170255,0.0
3917,8743a13adffffff,8743a1300ffffff,4,8.435428328685392,589,431,6.3784261836515865,6.066108090103747,9.040314314217419,1.3862943611198906
3918,8743a13adffffff,8743a1301ffffff,7,9.144523848247927,589,567,6.3784261836515865,6.340359303727752,9.121019841660924,1.9459101490553132
3919,8743a13adffffff,8743a1302ffffff,7,6.241182454506073,589,423,6.3784261836515865,6.0473721790462776,8.739085152539078,1.9459101490553132
3920,8743a13adffffff,8743a1303ffffff,5,6.85749033205034,589,368,6.3784261836515865,5.908082938168931,8.833242628287133,1.6094379124341003
3921,8743a13adffffff,8743a130affffff,6,7.665487611574308,589,617,6.3784261836515865,6.424869023905388,8.944613850958397,1.791759469228055
3922,8743a13adffffff,8743a130bffffff,5,9.641439835218529,589,487,6.3784261836515865,6.18826412308259,9.173929450521152,1.6094379124341003
3923,8743a13adffffff,8743a130cffffff,2,10.308280157309916,589,576,6.3784261836515865,6.3561076606958915,9.240799754719937,0.6931471805599453
3924,8743a13adffffff,8743a1310ffffff,2,4.865962801924502,589,81,6.3784261836515865,4.394449154672439,8.490225366887564,0.6931471805599453
3925,8743a13adffffff,8743a1311ffffff,18,4.148430493205048,589,547,6.3784261836515865,6.304448802421981,8.33072637325477,2.8903717578961645
3926,8743a13adffffff,8743a1312ffffff,1,4.094489667267929,589,1,6.3784261836515865,0.0,8.31764156600483,0.0
3927,8743a13adffffff,8743a1313ffffff,1,2.4330131940290243,589,95,6.3784261836515865,4.553876891600541,7.797296694251361,0.0
3928,8743a13adffffff,8743a1314ffffff,1,7.2988481166080375,589,43,6.3784261836515865,3.7612001156935624,8.895608820975932,0.0
3929,8743a13adffffff,8743a1315ffffff,2,6.40608849163391,589,159,6.3784261836515865,5.0689042022202315,8.76516023325488,0.6931471805599453
3930,8743a13adffffff,8743a1318ffffff,13,3.831684703042874,589,369,6.3784261836515865,5.910796644040527,8.2513208034641,2.5649493574615367
3931,8743a13adffffff,8743a1319ffffff,33,5.857217060243094,589,724,6.3784261836515865,6.584791392385716,8.67560058034462,3.4965075614664802
3932,8743a13adffffff,8743a131bffffff,20,4.507214861027307,589,469,6.3784261836515865,6.150602768446279,8.413656536186087,2.995732273553991
3933,8743a13adffffff,8743a131cffffff,10,4.571058284415012,589,465,6.3784261836515865,6.142037405587356,8.427718772955714,2.302585092994046
3934,8743a13adffffff,8743a131dffffff,3,5.8942098206439395,589,392,6.3784261836515865,5.971261839790462,8.681895405322608,1.0986122886681098
3935,8743a13adffffff,8743a131effffff,20,2.2852280568357752,589,593,6.3784261836515865,6.385194398997726,7.734658601774171,2.995732273553991
3936,8743a13adffffff,8743a1350ffffff,1,13.853770153235123,589,500,6.3784261836515865,6.214608098422191,9.536384867714155,0.0
3937,8743a13adffffff,8743a1352ffffff,6,12.420327719205787,589,468,6.3784261836515865,6.148468295917647,9.42717025148128,1.791759469228055
3938,8743a13adffffff,8743a1355ffffff,1,15.49433139148863,589,434,6.3784261836515865,6.073044534100405,9.648294056988222,0.0
3939,8743a13adffffff,8743a1356ffffff,1,11.719364645063145,589,509,6.3784261836515865,6.2324480165505225,9.369083175706997,0.0
3940,8743a13adffffff,8743a1385ffffff,5,5.8893966639632485,589,9,6.3784261836515865,2.1972245773362196,8.681078619702868,1.6094379124341003
3941,8743a13adffffff,8743a1388ffffff,44,8.293898065591208,589,199,6.3784261836515865,5.293304824724492,9.023395913892163,3.784189633918261
3942,8743a13adffffff,8743a1389ffffff,14,8.75661175458991,589,67,6.3784261836515865,4.204692619390966,9.07767851600534,2.6390573296152584
3943,8743a13adffffff,8743a138bffffff,1,10.511886032317172,589,5,6.3784261836515865,1.6094379124341003,9.260357024873787,0.0
3944,8743a13adffffff,8743a138dffffff,3,6.404730506095513,589,30,6.3784261836515865,3.4011973816621555,8.764948260301274,1.0986122886681098
3945,8743a13adffffff,8743a1390ffffff,7,13.936501225722722,589,9,6.3784261836515865,2.1972245773362196,9.542338416146702,1.9459101490553132
3946,8743a13adffffff,8743a1392ffffff,8,16.131193076416398,589,20,6.3784261836515865,2.995732273553991,9.688572124457243,2.0794415416798357
3947,8743a13adffffff,8743a1393ffffff,1,14.794565465492026,589,1,6.3784261836515865,0.0,9.602082784143958,0.0
3948,8743a13adffffff,8743a13a8ffffff,10,2.2846255362037318,589,68,6.3784261836515865,4.219507705176107,7.734395023501915,2.302585092994046
3949,8743a13adffffff,8743a13a9ffffff,9,2.433076072968123,589,70,6.3784261836515865,4.248495242049359,7.797322527359857,2.1972245773362196
3950,8743a13adffffff,8743a13aaffffff,1,4.568648202701653,589,9,6.3784261836515865,2.1972245773362196,8.427191501209986,0.0
3951,8743a13adffffff,8743a13abffffff,10,4.147443906959872,589,41,6.3784261836515865,3.713572066704308,8.330488580730504,2.302585092994046
3952,8743a13adffffff,8743a13acffffff,5,2.252629098752172,589,20,6.3784261836515865,2.995732273553991,7.720297128598154,1.6094379124341003
3953,8743a13adffffff,8743a13adffffff,85,0.0,589,401,6.3784261836515865,5.993961427306569,0.0,4.442651256490317
3954,8743a13adffffff,8743a13aeffffff,19,3.829565482909641,589,70,6.3784261836515865,4.248495242049359,8.250767716944456,2.9444389791664403
3955,8743a13adffffff,8743a13b3ffffff,2,11.482334766003614,589,6,6.3784261836515865,1.791759469228055,9.348652112534525,0.6931471805599453
3956,8743a15a9ffffff,8743a1582ffffff,2,9.573920467093386,2,2,0.6931471805599453,0.6931471805599453,9.166902507705565,0.6931471805599453
3957,8743a3909ffffff,8743a3960ffffff,1,10.179528370930848,4,1,1.3862943611198906,0.0,9.228232191599538,0.0
3958,8743a3909ffffff,8743a3972ffffff,2,2.2596198167662993,4,2,1.3862943611198906,0.6931471805599453,7.7233943098715745,0.6931471805599453
3959,8743a3909ffffff,8743a3974ffffff,1,6.185458157240349,4,1,1.3862943611198906,0.0,8.73011801407185,0.0
3960,8743ac133ffffff,8743acc8effffff,1,34.785710659356205,1,693,0.0,6.541029999189903,10.456990715224038,0.0
3961,8743ac169ffffff,8743ac16cffffff,1,4.133121073242522,2,1,0.6931471805599453,0.0,8.327030027002625,0.0
3962,8743ac169ffffff,8743acab4ffffff,1,2.2822293036238697,2,1,0.6931471805599453,0.0,7.733346081093552,0.0
3963,8743ac500ffffff,8743ac506ffffff,1,2.264309434063165,1,37,0.0,3.6109179126442243,7.725466644066516,0.0
3964,8743ac501ffffff,8743ac50effffff,1,2.4398103236286075,1,2,0.0,0.6931471805599453,7.800085363002089,0.0
3965,8743ac506ffffff,8743ac502ffffff,1,2.4390871060977317,9,3,2.1972245773362196,1.0986122886681098,7.799789016870427,0.0
3966,8743ac506ffffff,8743ac506ffffff,3,0.0,9,37,2.1972245773362196,3.6109179126442243,0.0,1.0986122886681098
3967,8743ac506ffffff,8743ac50cffffff,1,6.794867991129989,9,10,2.1972245773362196,2.302585092994046,8.824070058107871,0.0
3968,8743ac506ffffff,8743ac526ffffff,1,6.419384227871628,9,18,2.1972245773362196,2.8903717578961645,8.767233243471287,0.0
3969,8743ac506ffffff,8743ac533ffffff,1,2.263662477623222,9,20,2.1972245773362196,2.995732273553991,7.725181010311184,0.0
3970,8743ac506ffffff,8743acc8affffff,1,10.538241147035047,9,510,2.1972245773362196,6.234410725718371,9.262860822068408,0.0
3971,8743ac506ffffff,8743acc95ffffff,1,15.941017302526607,9,314,2.1972245773362196,5.749392985908253,9.676713500329559,0.0
3972,8743ac521ffffff,8743a1268ffffff,1,12.469149940353446,308,24,5.730099782973574,3.1780538303479458,9.431093062687875,0.0
3973,8743ac521ffffff,8743a126affffff,1,13.904654068508918,308,256,5.730099782973574,5.545177444479562,9.540050803929931,0.0
3974,8743ac521ffffff,8743a126dffffff,1,11.318397206318767,308,166,5.730099782973574,5.111987788356544,9.334273100014128,0.0
3975,8743ac521ffffff,8743ac500ffffff,3,6.256267981127969,308,17,5.730099782973574,2.833213344056216,8.741498944093209,1.0986122886681098
3976,8743ac521ffffff,8743ac501ffffff,5,6.421096423839804,308,22,5.730099782973574,3.091042453358316,8.767499889148981,1.6094379124341003
3977,8743ac521ffffff,8743ac502ffffff,2,8.455233854333123,308,3,5.730099782973574,1.0986122886681098,9.042659182599685,0.6931471805599453
3978,8743ac521ffffff,8743ac505ffffff,2,4.158406146856622,308,17,5.730099782973574,2.833213344056216,8.333127589905642,0.6931471805599453
3979,8743ac521ffffff,8743ac506ffffff,2,6.8780484748284305,308,37,5.730099782973574,3.6109179126442243,8.836235618285373,0.6931471805599453
3980,8743ac521ffffff,8743ac50cffffff,4,7.3201849153248775,308,10,5.730099782973574,2.302585092994046,8.898527467533489,1.3862943611198906
3981,8743ac521ffffff,8743ac50effffff,1,8.779200946650077,308,2,5.730099782973574,0.6931471805599453,9.080254573229457,0.0
3982,8743ac521ffffff,8743ac520ffffff,4,2.264974307915978,308,45,5.730099782973574,3.8066624897703196,7.725760103445996,1.3862943611198906
3983,8743ac521ffffff,8743ac521ffffff,1,0.0,308,18,5.730099782973574,2.8903717578961645,0.0,0.0
3984,8743ac521ffffff,8743ac524ffffff,3,4.111492536975302,308,68,5.730099782973574,4.219507705176107,8.321784580354729,1.0986122886681098
3985,8743ac521ffffff,8743ac525ffffff,5,2.439949395193354,308,88,5.730099782973574,4.477336814478207,7.800142338999596,1.6094379124341003
3986,8743ac521ffffff,8743ac52affffff,9,4.880067869156854,308,43,5.730099782973574,3.7612001156935624,8.49311930055525,2.1972245773362196
3987,8743ac521ffffff,8743ac52cffffff,25,2.2656211518416054,308,185,5.730099782973574,5.220355825078324,7.726045522224601,3.2188758248682006
3988,8743ac521ffffff,8743ac52effffff,1,2.4400059927333206,308,12,5.730099782973574,2.4849066497880004,7.800165525422032,0.0
3989,8743ac521ffffff,8743ac533ffffff,3,8.106890654298748,308,20,5.730099782973574,2.995732273553991,9.000593021331316,1.0986122886681098
3990,8743ac521ffffff,8743ac535ffffff,1,5.88516593525325,308,41,5.730099782973574,3.713572066704308,8.68036011991036,0.0
3991,8743ac521ffffff,8743ac536ffffff,1,9.681341100499305,308,12,5.730099782973574,2.4849066497880004,9.178059000254947,0.0
3992,8743ac521ffffff,8743acc80ffffff,2,12.738532904711848,308,312,5.730099782973574,5.7430031878094825,9.452465264773636,0.6931471805599453
3993,8743ac521ffffff,8743acc81ffffff,11,11.119286274847212,308,607,5.730099782973574,6.408528791059498,9.316526311614135,2.3978952727983707
3994,8743ac521ffffff,8743acc82ffffff,4,12.330657533427386,308,621,5.730099782973574,6.431331081933479,9.419925018058267,1.3862943611198906
3995,8743ac521ffffff,8743acc83ffffff,5,10.43958173851769,308,574,5.730099782973574,6.352629396319567,9.25345558196445,1.6094379124341003
3996,8743ac521ffffff,8743acc85ffffff,3,13.528394950717615,308,556,5.730099782973574,6.320768294250582,9.512620001075298,1.0986122886681098
3997,8743ac521ffffff,8743acc88ffffff,21,7.319675538070877,308,458,5.730099782973574,6.126869184114185,8.898457889318914,3.044522437723423
3998,8743ac521ffffff,8743acc89ffffff,24,6.42248325346623,308,617,5.730099782973574,6.424869023905388,8.767715812395211,3.1780538303479458
3999,8743ac521ffffff,8743acc8affffff,11,6.370329739583889,308,510,5.730099782973574,6.234410725718371,8.759563477108033,2.3978952727983707
4000,8743ac521ffffff,8743acc8bffffff,9,4.87984147910065,308,418,5.730099782973574,6.035481432524756,8.493072918224055,2.1972245773362196
4001,8743ac521ffffff,8743acc8cffffff,9,9.759450858561053,308,386,5.730099782973574,5.955837369464831,9.186093872864902,2.1972245773362196
4002,8743ac521ffffff,8743acc8dffffff,23,8.780893395957618,308,623,5.730099782973574,6.434546518787453,9.08044731212264,3.1354942159291497
4003,8743ac521ffffff,8743acc8effffff,13,8.726937781882844,308,693,5.730099782973574,6.541029999189903,9.074284398922288,2.5649493574615367
4004,8743ac521ffffff,8743acc91ffffff,1,12.342361631602271,308,927,5.730099782973574,6.831953565565855,9.420873677832297,0.0
4005,8743ac521ffffff,8743acc95ffffff,4,14.32938864781232,308,314,5.730099782973574,5.749392985908253,9.570137641725365,1.3862943611198906
4006,8743ac521ffffff,8743acc98ffffff,7,8.339661906415142,308,461,5.730099782973574,6.133398042996649,9.02889785748113,1.9459101490553132
4007,8743ac521ffffff,8743acc9affffff,1,9.056013219053458,308,284,5.730099782973574,5.648974238161206,9.111294677913849,0.0
4008,8743ac521ffffff,8743acc9cffffff,6,10.239649609415784,308,487,5.730099782973574,6.18826412308259,9.234120335000878,1.791759469228055
4009,8743ac521ffffff,8743acc9dffffff,4,8.221712657874429,308,654,5.730099782973574,6.483107351457199,9.014655440650564,1.3862943611198906
4010,8743ac521ffffff,8743acc9effffff,6,10.546417925106566,308,612,5.730099782973574,6.416732282512326,9.26363636251352,1.791759469228055
4011,8743ac521ffffff,8743acca8ffffff,3,13.584423091288244,308,508,5.730099782973574,6.230481447578482,9.516752665379036,1.0986122886681098
4012,8743ac521ffffff,8743accaaffffff,3,12.199166727125597,308,490,5.730099782973574,6.194405391104672,9.409204896785802,1.0986122886681098
4013,8743ac521ffffff,8743accabffffff,1,11.174396490895925,308,256,5.730099782973574,5.545177444479562,9.321469899022022,0.0
4014,8743ac521ffffff,8743accd0ffffff,8,4.588374842108569,308,91,5.730099782973574,4.51085950651685,8.431499093802184,2.0794415416798357
4015,8743ac521ffffff,8743accd2ffffff,15,2.293886740311407,308,238,5.730099782973574,5.472270673671475,7.738438770650025,2.70805020110221
4016,8743ac521ffffff,8743accd3ffffff,6,3.852123394283546,308,40,5.730099782973574,3.6888794541139363,8.25663936962167,1.791759469228055
4017,8743ac521ffffff,8743accd4ffffff,2,6.259406295771895,308,81,5.730099782973574,4.394449154672439,8.742000365465943,0.6931471805599453
4018,8743ac521ffffff,8743accd6ffffff,23,4.159400760570462,308,520,5.730099782973574,6.253828811575473,8.333366685290821,3.1354942159291497
4019,8743ac521ffffff,8743accf2ffffff,8,8.319792944729645,308,168,5.730099782973574,5.123963979403259,9.026512835130868,2.0794415416798357
4020,8743ac522ffffff,8743ac505ffffff,1,4.111364426871219,4,17,1.3862943611198906,2.833213344056216,8.32175342841989,0.0
4021,8743ac522ffffff,8743ac52affffff,3,6.174296928891675,4,43,1.3862943611198906,3.7612001156935624,8.728312245990574,1.0986122886681098
4022,8743ac523ffffff,8743ac50cffffff,1,6.371708288427048,32,10,3.4657359027997265,2.302585092994046,8.759779821228397,0.0
4023,8743ac523ffffff,8743ac522ffffff,1,2.2645371874689215,32,1,3.4657359027997265,0.0,7.7255671786574975,0.0
4024,8743ac523ffffff,8743ac528ffffff,1,4.531014724649739,32,4,3.4657359027997265,1.3862943611198906,8.41892187118272,0.0
4025,8743ac523ffffff,8743ac52affffff,1,4.112253131182481,32,43,3.4657359027997265,3.7612001156935624,8.3219695105094,0.0
4026,8743ac523ffffff,8743ac52cffffff,2,3.851086230910212,32,185,3.4657359027997265,5.220355825078324,8.256370158677374,0.6931471805599453
4027,8743ac523ffffff,8743ac52effffff,1,2.265184069280133,32,12,3.4657359027997265,2.4849066497880004,7.7258526692157,0.0
4028,8743ac523ffffff,8743ac533ffffff,1,5.916336041503136,32,20,3.4657359027997265,2.995732273553991,8.685641633611487,0.0
4029,8743ac523ffffff,8743ac535ffffff,1,4.528427198224371,32,41,3.4657359027997265,3.713572066704308,8.418350764173985,0.0
4030,8743ac523ffffff,8743acc88ffffff,2,8.779585989672547,32,458,3.4657359027997265,6.126869184114185,9.080298425822615,0.6931471805599453
4031,8743ac523ffffff,8743acc89ffffff,2,8.318226572217117,32,617,3.4657359027997265,6.424869023905388,9.02632456942414,0.6931471805599453
4032,8743ac523ffffff,8743acc8affffff,1,7.318759929441206,32,510,3.4657359027997265,6.234410725718371,8.898332809893114,0.0
4033,8743ac523ffffff,8743acc8bffffff,1,6.421451245500007,32,418,3.4657359027997265,6.035481432524756,8.767555137752424,0.0
4034,8743ac523ffffff,8743acc8cffffff,1,11.172802306944973,32,386,3.4657359027997265,5.955837369464831,9.321327237625693,0.0
4035,8743ac523ffffff,8743acc8dffffff,1,10.541852720592251,32,623,3.4657359027997265,6.434546518787453,9.263203442077144,0.0
4036,8743ac523ffffff,8743acc8effffff,5,9.758230808216828,32,693,3.4657359027997265,6.541029999189903,9.185968865667895,1.6094379124341003
4037,8743ac523ffffff,8743acc98ffffff,1,8.220696156153485,32,461,3.4657359027997265,6.133398042996649,9.014531811794855,0.0
4038,8743ac523ffffff,8743acc9affffff,2,8.338376776998487,32,284,3.4657359027997265,5.648974238161206,9.028743765581995,0.6931471805599453
4039,8743ac523ffffff,8743accd0ffffff,1,6.881659862810477,32,91,3.4657359027997265,4.51085950651685,8.836760464180424,0.0
4040,8743ac523ffffff,8743accd2ffffff,3,4.587171761013315,32,238,3.4657359027997265,5.472270673671475,8.431236914561007,1.0986122886681098
4041,8743ac523ffffff,8743accd6ffffff,3,6.258043017191686,32,520,3.4657359027997265,6.253828811575473,8.741782579754844,1.0986122886681098
4042,8743ac524ffffff,8743ac515ffffff,1,10.370894054835317,18,7,2.8903717578961645,1.9459101490553132,9.246854932070647,0.0
4043,8743ac524ffffff,8743ac520ffffff,1,2.4395868809492884,18,45,2.8903717578961645,3.8066624897703196,7.799993814344969,0.0
4044,8743ac524ffffff,8743ac524ffffff,1,0.0,18,68,2.8903717578961645,4.219507705176107,0.0,0.0
4045,8743ac524ffffff,8743ac525ffffff,1,2.2647641700574193,18,88,2.8903717578961645,4.477336814478207,7.725667362940456,0.0
4046,8743ac524ffffff,8743acc85ffffff,1,9.757763946920111,18,556,2.8903717578961645,6.320768294250582,9.185921026604236,0.0
4047,8743ac524ffffff,8743acc88ffffff,1,4.159035064338159,18,458,2.8903717578961645,6.126869184114185,8.333278782147227,0.0
4048,8743ac524ffffff,8743acc89ffffff,1,4.587759443315057,18,617,2.8903717578961645,6.424869023905388,8.43136499273648,0.0
4049,8743ac524ffffff,8743acc8affffff,2,2.439529236515037,18,510,2.8903717578961645,6.234410725718371,7.7999701949788784,0.6931471805599453
4050,8743ac524ffffff,8743acc8effffff,2,4.879000115290661,18,693,2.8903717578961645,6.541029999189903,8.492900522472327,0.6931471805599453
4051,8743ac524ffffff,8743acc9dffffff,1,4.110220120899129,18,654,2.8903717578961645,6.483107351457199,8.321475129832985,0.0
4052,8743ac524ffffff,8743acc9effffff,1,6.790406956833103,18,612,2.8903717578961645,6.416732282512326,8.82341340922511,0.0
4053,8743ac524ffffff,8743accd2ffffff,1,4.530175441504377,18,238,2.8903717578961645,5.472270673671475,8.418736664178923,0.0
4054,8743ac524ffffff,8743accd6ffffff,4,3.85101480102219,18,520,2.8903717578961645,6.253828811575473,8.256351615335918,1.3862943611198906
4055,8743ac525ffffff,8743ac521ffffff,1,2.439949395193354,11,18,2.3978952727983707,2.8903717578961645,7.800142338999596,0.0
4056,8743ac525ffffff,8743ac524ffffff,2,2.2647641700574193,11,68,2.3978952727983707,4.219507705176107,7.725667362940456,0.6931471805599453
4057,8743ac525ffffff,8743acc88ffffff,1,4.879726142877523,11,458,2.3978952727983707,6.126869184114185,8.493049287547588,0.0
4058,8743ac525ffffff,8743acc8dffffff,1,6.422656859881642,11,623,2.3978952727983707,6.434546518787453,8.767742838863965,0.0
4059,8743ac525ffffff,8743acc8effffff,1,6.369866701200541,11,693,2.3978952727983707,6.541029999189903,8.759490799154007,0.0
4060,8743ac525ffffff,8743accd2ffffff,2,2.2654112714469568,11,238,2.3978952727983707,5.472270673671475,7.725952921786218,0.6931471805599453
4061,8743ac525ffffff,8743accd3ffffff,1,4.531469348548144,11,40,2.3978952727983707,3.6888794541139363,8.419022180013341,0.0
4062,8743ac525ffffff,8743accd6ffffff,2,2.2940337107526876,11,520,2.3978952727983707,6.253828811575473,7.738502811167894,0.6931471805599453
4063,8743ac526ffffff,8743ac52cffffff,1,6.794922628432051,13,185,2.5649493574615367,5.220355825078324,8.824078097858276,0.0
4064,8743ac526ffffff,8743acc83ffffff,1,7.317497597676888,13,574,2.5649493574615367,6.352629396319567,8.898160339670465,0.0
4065,8743ac526ffffff,8743acc88ffffff,1,6.257495707778185,13,458,2.5649493574615367,6.126869184114185,8.741695132945072,0.0
4066,8743ac526ffffff,8743acc8bffffff,1,4.586556895384712,13,418,2.5649493574615367,6.035481432524756,8.431102894549616,0.0
4067,8743ac526ffffff,8743acc8dffffff,2,8.458939746334883,13,623,2.5649493574615367,6.434546518787453,9.043097330392268,0.6931471805599453
4068,8743ac526ffffff,8743acc8effffff,1,6.420768011276237,13,693,2.5649493574615367,6.541029999189903,8.767448749935344,0.0
4069,8743ac526ffffff,8743acc9cffffff,2,6.367935224929283,13,487,2.5649493574615367,6.18826412308259,8.75918757995213,0.6931471805599453
4070,8743ac526ffffff,8743accaaffffff,1,10.540826059412485,13,490,2.5649493574615367,6.194405391104672,9.263106057507875,0.0
4071,8743ac526ffffff,8743accd2ffffff,1,5.886624952556888,13,238,2.5649493574615367,5.472270673671475,8.680607961463688,0.0
4072,8743ac526ffffff,8743accd6ffffff,2,5.9197823715746605,13,520,2.5649493574615367,6.253828811575473,8.686223876506622,0.6931471805599453
4073,8743ac528ffffff,8743ac500ffffff,1,5.9193367637214,12,17,2.4849066497880004,2.833213344056216,8.686148612023867,0.0
4074,8743ac528ffffff,8743ac528ffffff,1,0.0,12,4,2.4849066497880004,1.3862943611198906,0.0,0.0
4075,8743ac528ffffff,8743ac52cffffff,2,2.4403678867986005,12,185,2.4849066497880004,5.220355825078324,7.8003137705482235,0.6931471805599453
4076,8743ac528ffffff,8743acc83ffffff,1,14.534624917347056,12,574,2.4849066497880004,6.352629396319567,9.584357806038287,0.0
4077,8743ac528ffffff,8743acc88ffffff,1,11.12175030698988,12,458,2.4849066497880004,6.126869184114185,9.316747866988885,0.0
4078,8743ac528ffffff,8743acc8cffffff,1,13.531272514808848,12,386,2.4849066497880004,5.955837369464831,9.512832668244144,0.0
4079,8743ac528ffffff,8743acc8dffffff,1,12.201269656293775,12,623,2.4849066497880004,6.434546518787453,9.409377250819666,0.0
4080,8743ac528ffffff,8743accd2ffffff,3,4.880679509868784,12,238,2.4849066497880004,5.472270673671475,8.493244601495443,1.0986122886681098
4081,8743ac528ffffff,8743accd6ffffff,1,7.320934155118464,12,520,2.4849066497880004,6.253828811575473,8.898629800894385,0.0
4082,8743ac529ffffff,8743ac500ffffff,1,7.702276982687807,21,17,3.044522437723423,2.833213344056216,8.949401099474619,0.0
4083,8743ac529ffffff,8743ac521ffffff,1,6.176689407882735,21,18,3.044522437723423,2.8903717578961645,8.72869959832073,0.0
4084,8743ac529ffffff,8743ac52cffffff,5,4.113650315699514,21,185,3.044522437723423,5.220355825078324,8.322309131541534,1.6094379124341003
4085,8743ac529ffffff,8743acc88ffffff,1,12.744243942223486,21,458,3.044522437723423,6.126869184114185,9.452913456856427,0.0
4086,8743ac529ffffff,8743acc89ffffff,2,11.123623772317595,21,617,3.044522437723423,6.424869023905388,9.316916288243949,0.6931471805599453
4087,8743ac529ffffff,8743acc8affffff,2,12.337142891222452,21,510,3.044522437723423,6.234410725718371,9.420450791095165,0.6931471805599453
4088,8743ac529ffffff,8743acc8effffff,1,14.537585723863197,21,693,3.044522437723423,6.541029999189903,9.584561478396786,0.0
4089,8743ac529ffffff,8743acc9cffffff,1,16.405696327477436,21,487,3.044522437723423,6.18826412308259,9.705444843126427,0.0
4090,8743ac529ffffff,8743acc9effffff,1,16.682350464680432,21,612,3.044522437723423,6.416732282512326,9.7221665229287,0.0
4091,8743ac529ffffff,8743accd0ffffff,1,7.322019977873258,21,91,3.044522437723423,4.51085950651685,8.898778087156932,0.0
4092,8743ac529ffffff,8743accd2ffffff,2,6.373180286054084,21,238,3.044522437723423,5.472270673671475,8.760010779179426,0.6931471805599453
4093,8743ac529ffffff,8743accd3ffffff,1,4.881403057804212,21,40,3.044522437723423,3.6888794541139363,8.493392807521301,0.0
4094,8743ac529ffffff,8743accd6ffffff,2,8.730521513070432,21,520,3.044522437723423,6.253828811575473,9.07469491922276,0.6931471805599453
4095,8743ac52affffff,8743ac500ffffff,1,3.8500834360816714,1,17,0.0,2.833213344056216,8.256109799662173,0.0
4096,8743ac52cffffff,8743ac501ffffff,1,6.257222130156327,80,22,4.382026634673881,3.091042453358316,8.741651418989793,0.0
4097,8743ac52cffffff,8743ac525ffffff,5,4.112381909975212,80,88,4.382026634673881,4.477336814478207,8.322000818277909,1.6094379124341003
4098,8743ac52cffffff,8743ac528ffffff,2,2.4403678867986005,80,4,4.382026634673881,1.3862943611198906,7.8003137705482235,0.6931471805599453
4099,8743ac52cffffff,8743ac52affffff,5,4.158979612412375,80,43,4.382026634673881,3.7612001156935624,8.33326545238089,1.6094379124341003
4100,8743ac52cffffff,8743ac52cffffff,10,0.0,80,185,4.382026634673881,5.220355825078324,0.0,2.302585092994046
4101,8743ac52cffffff,8743ac52effffff,2,2.2937393579751357,80,12,4.382026634673881,2.4849066497880004,7.738374546535396,0.6931471805599453
4102,8743ac52cffffff,8743acc88ffffff,2,8.72846802508687,80,458,4.382026634673881,6.126869184114185,9.074459710560783,0.6931471805599453
4103,8743ac52cffffff,8743acc89ffffff,8,7.320763221757923,80,617,4.382026634673881,6.424869023905388,8.898606455238415,2.0794415416798357
4104,8743ac52cffffff,8743acc8affffff,2,8.223492575522938,80,510,4.382026634673881,6.234410725718371,9.014871880784945,0.6931471805599453
4105,8743ac52cffffff,8743acc8bffffff,3,6.37152574435831,80,418,4.382026634673881,6.035481432524756,8.759751176157106,1.0986122886681098
4106,8743ac52cffffff,8743acc8dffffff,5,9.760901769495174,80,623,4.382026634673881,6.434546518787453,9.186242513857557,1.6094379124341003
4107,8743ac52cffffff,8743acc8effffff,1,10.441658570502975,80,693,4.382026634673881,6.541029999189903,9.253654481365253,0.0
4108,8743ac52cffffff,8743accaaffffff,1,13.530623883787143,80,490,4.382026634673881,6.194405391104672,9.512784734937552,0.0
4109,8743ac52cffffff,8743accabffffff,1,12.200981197744207,80,256,4.382026634673881,5.545177444479562,9.409353610794712,0.0
4110,8743ac52cffffff,8743accd0ffffff,3,4.1599746473050425,80,91,4.382026634673881,4.51085950651685,8.3335046160312,1.0986122886681098
4111,8743ac52cffffff,8743accd2ffffff,10,2.440311623070184,80,238,4.382026634673881,5.472270673671475,7.8002907242973665,2.302585092994046
4112,8743ac52cffffff,8743accd3ffffff,3,2.2943410317031137,80,40,4.382026634673881,3.6888794541139363,7.738636709147091,1.0986122886681098
4113,8743ac52cffffff,8743accd6ffffff,16,4.880566268319862,80,520,4.382026634673881,6.253828811575473,8.493221403974557,2.772588722239781
4114,8743ac52dffffff,8743ac574ffffff,1,4.114537951500841,2,1,0.6931471805599453,0.0,8.322524833971649,0.0
4115,8743ac52dffffff,8743accdeffffff,1,2.294795177044407,2,1,0.6931471805599453,0.0,7.738834544855781,0.0
4116,8743ac530ffffff,8743a1244ffffff,1,11.307545027339003,9,322,2.1972245773362196,5.7745515455444085,9.333313916037103,0.0
4117,8743ac530ffffff,8743a1263ffffff,1,10.537392243363488,9,305,2.1972245773362196,5.720311776607412,9.262780271879846,0.0
4118,8743ac530ffffff,8743ac506ffffff,1,4.109965905928355,9,37,2.1972245773362196,3.6109179126442243,8.321413293486781,0.0
4119,8743ac530ffffff,8743ac533ffffff,1,2.4386692759084077,9,20,2.1972245773362196,2.995732273553991,7.799617766440022,0.0
4120,8743ac530ffffff,8743acc8cffffff,1,12.512670096981083,9,386,2.1972245773362196,5.955837369464831,9.434576933495533,0.0
4121,8743ac530ffffff,8743acc98ffffff,2,6.418703359179059,9,461,2.1972245773362196,6.133398042996649,8.76712718988114,0.6931471805599453
4122,8743ac530ffffff,8743acc9affffff,1,4.877168325687203,9,284,2.1972245773362196,5.648974238161206,8.492525085291456,0.0
4123,8743ac530ffffff,8743acc9bffffff,1,4.156683635356437,9,61,2.1972245773362196,4.110873864173311,8.332713379750427,0.0
4124,8743ac534ffffff,8743a1265ffffff,1,10.231070792910174,8,224,2.0794415416798357,5.4116460518550396,9.23328226201017,0.0
4125,8743ac534ffffff,8743a126affffff,1,5.878528462695034,8,256,2.0794415416798357,5.545177444479562,8.679231844257796,0.0
4126,8743ac534ffffff,8743a126effffff,1,6.785839866691269,8,282,2.0794415416798357,5.641907070938114,8.822740702303012,0.0
4127,8743ac534ffffff,8743ac534ffffff,1,0.0,8,14,2.0794415416798357,2.6390573296152584,0.0,0.0
4128,8743ac534ffffff,8743acc90ffffff,1,8.721337723534896,8,353,2.0794415416798357,5.8664680569332965,9.073642568535318,0.0
4129,8743ac534ffffff,8743acc98ffffff,1,4.1568932096327025,8,461,2.0794415416798357,6.133398042996649,8.332763784979123,0.0
4130,8743ac534ffffff,8743acc9bffffff,1,2.291921139363442,8,61,2.0794415416798357,4.110873864173311,7.73758189036219,0.0
4131,8743ac534ffffff,8743acc9cffffff,1,6.418877719665373,8,487,2.0794415416798357,6.18826412308259,8.76715434972152,0.0
4132,8743ac535ffffff,8743ac52cffffff,1,8.045264951125468,27,185,3.295836866004329,5.220355825078324,8.992963281513363,0.0
4133,8743ac535ffffff,8743ac52effffff,1,6.793611267504504,27,12,3.295836866004329,2.4849066497880004,8.823885116340161,0.0
4134,8743ac535ffffff,8743ac535ffffff,1,0.0,27,41,3.295836866004329,3.713572066704308,0.0,0.0
4135,8743ac535ffffff,8743acc83ffffff,1,8.777217166977943,27,574,3.295836866004329,6.352629396319567,9.080028609857617,0.0
4136,8743ac535ffffff,8743acc89ffffff,5,9.173113075450548,27,617,3.295836866004329,6.424869023905388,9.12414100072434,1.6094379124341003
4137,8743ac535ffffff,8743acc8affffff,1,6.256132427289073,27,510,3.295836866004329,6.234410725718371,8.741477280436225,0.0
4138,8743ac535ffffff,8743acc8bffffff,1,6.878932806326201,27,418,3.295836866004329,6.035481432524756,8.836364164357342,0.0
4139,8743ac535ffffff,8743acc8cffffff,1,10.37429258404178,27,386,3.295836866004329,5.955837369464831,9.247182545572759,0.0
4140,8743ac535ffffff,8743acc8dffffff,2,10.697517267241485,27,623,3.295836866004329,6.434546518787453,9.27786043769285,0.6931471805599453
4141,8743ac535ffffff,8743acc8effffff,4,8.315928204560239,27,693,3.295836866004329,6.541029999189903,9.026048259459207,1.3862943611198906
4142,8743ac535ffffff,8743acc98ffffff,3,4.877779587526182,27,461,3.295836866004329,6.133398042996649,8.49265038304752,1.0986122886681098
4143,8743ac535ffffff,8743acc9affffff,1,4.1092037297175175,27,284,3.295836866004329,5.648974238161206,8.321227875536099,0.0
4144,8743ac535ffffff,8743acc9dffffff,1,6.419736185138239,27,654,3.295836866004329,6.483107351457199,8.767288060692119,0.0
4145,8743ac535ffffff,8743acc9effffff,1,6.36720084308687,27,612,3.295836866004329,6.416732282512326,8.759072266456332,0.0
4146,8743ac535ffffff,8743accd6ffffff,1,8.109462393224602,27,520,3.295836866004329,6.253828811575473,9.000910160678309,0.0
4147,8743ac535ffffff,8743accf2ffffff,2,11.467894080633084,27,168,3.295836866004329,5.123963979403259,9.347393787047057,0.6931471805599453
4148,8743ac536ffffff,8743a126effffff,1,6.166710605706697,8,282,2.0794415416798357,5.641907070938114,8.727082995482707,0.0
4149,8743ac536ffffff,8743a1270ffffff,1,13.563217137425013,8,224,2.0794415416798357,5.4116460518550396,9.515190511479606,0.0
4150,8743ac536ffffff,8743ac52affffff,1,11.320498080352431,8,43,2.0794415416798357,3.7612001156935624,9.334458682254855,0.0
4151,8743ac536ffffff,8743acc98ffffff,1,6.253812138629653,8,461,2.0794415416798357,6.133398042996649,8.741106388657766,0.0
4152,8743ac536ffffff,8743acc9affffff,2,4.156108761807813,8,284,2.0794415416798357,5.648974238161206,8.33257510244365,0.6931471805599453
4153,8743ac536ffffff,8743acc9dffffff,1,8.453644917496138,8,654,2.0794415416798357,6.483107351457199,9.042471263702849,0.0
4154,8743ac536ffffff,8743acc9effffff,1,6.417844985902428,8,612,2.0794415416798357,6.416732282512326,8.766993471760548,0.0
4155,8743acc0bffffff,8743acc54ffffff,1,3.8592961876814442,1,2,0.0,0.6931471805599453,8.258499192075044,0.0
4156,8743acc12ffffff,8743acc12ffffff,1,0.0,20,265,2.995732273553991,5.579729825986222,0.0,0.0
4157,8743acc12ffffff,8743acc13ffffff,1,2.264580179500596,20,3,2.995732273553991,1.0986122886681098,7.725586155006241,0.0
4158,8743acc12ffffff,8743acc85ffffff,1,6.260469993261411,20,556,2.995732273553991,6.320768294250582,8.74217025973219,0.0
4159,8743acc12ffffff,8743acc89ffffff,2,12.20009440750149,20,617,2.995732273553991,6.424869023905388,9.409280932230956,0.6931471805599453
4160,8743acc12ffffff,8743acca0ffffff,1,3.85078975317144,20,358,2.995732273553991,5.8805329864007,8.256293190216425,0.0
4161,8743acc12ffffff,8743acca1ffffff,2,2.294906874025346,20,655,2.995732273553991,6.484635235635252,7.738883196523384,0.6931471805599453
4162,8743acc12ffffff,8743acca2ffffff,1,5.920653020156292,20,736,2.995732273553991,6.601230118728877,8.686370915279374,0.0
4163,8743acc12ffffff,8743acca5ffffff,1,2.263931579164385,20,342,2.995732273553991,5.834810737062605,7.725299829586423,0.0
4164,8743acc12ffffff,8743acca6ffffff,1,5.884746497816447,20,594,2.995732273553991,6.386879319362645,8.680288859197306,0.0
4165,8743acc12ffffff,8743acca8ffffff,1,4.879856836439681,20,508,2.995732273553991,6.230481447578482,8.493076064672252,0.0
4166,8743acc12ffffff,8743acca9ffffff,1,6.369927669050244,20,160,2.995732273553991,5.075173815233827,8.759500368897157,0.0
4167,8743acc12ffffff,8743accaaffffff,1,6.423333199405888,20,490,2.995732273553991,6.194405391104672,8.76784812218404,0.0
4168,8743acc12ffffff,8743accacffffff,3,2.4398977881091115,20,639,2.995732273553991,6.459904454377535,7.800121196558095,1.0986122886681098
4169,8743acc12ffffff,8743accaeffffff,1,4.160637894410453,20,671,2.995732273553991,6.508769136971682,8.333664000384008,0.0
4170,8743acc12ffffff,8743accb5ffffff,1,7.699469528779539,20,508,2.995732273553991,6.230481447578482,8.949036583746283,0.0
4171,8743acc12ffffff,8743acd99ffffff,1,6.789847765741845,20,443,2.995732273553991,6.093569770045136,8.82333106780198,0.0
4172,8743acc13ffffff,8743accacffffff,1,2.295361859992813,1,639,0.0,6.459904454377535,7.739081349547655,0.0
4173,8743acc16ffffff,8743a1369ffffff,1,11.545921250136887,55,444,4.007333185232471,6.095824562432225,9.35417412198722,0.0
4174,8743acc16ffffff,8743acc12ffffff,6,2.439835814523866,55,265,4.007333185232471,5.579729825986222,7.800095806567451,1.791759469228055
4175,8743acc16ffffff,8743acc85ffffff,1,8.320698523443209,55,556,4.007333185232471,6.320768294250582,9.0266216624319,0.0
4176,8743acc16ffffff,8743acca0ffffff,2,4.589502699456385,55,358,4.007333185232471,5.8805329864007,8.431744817636384,0.6931471805599453
4177,8743acc16ffffff,8743acca1ffffff,9,4.160840245027813,55,655,4.007333185232471,6.484635235635252,8.333712622033277,2.1972245773362196
4178,8743acc16ffffff,8743acca2ffffff,3,6.883354868756259,55,736,4.007333185232471,6.601230118728877,8.837006705793062,1.0986122886681098
4179,8743acc16ffffff,8743acca3ffffff,1,6.260869281555653,55,340,4.007333185232471,5.8289456176102075,8.742234026797126,0.0
4180,8743acc16ffffff,8743acca4ffffff,2,3.8507506766663253,55,400,4.007333185232471,5.991464547107982,8.256283045139503,0.6931471805599453
4181,8743acc16ffffff,8743acca5ffffff,7,2.295050956433098,55,342,4.007333185232471,5.834810737062605,7.738945950761606,1.9459101490553132
4182,8743acc16ffffff,8743acca6ffffff,2,5.92079545961531,55,594,4.007333185232471,6.386879319362645,8.686394968992998,0.6931471805599453
4183,8743acc16ffffff,8743acca8ffffff,6,7.319692650963548,55,508,4.007333185232471,6.230481447578482,8.898460226927318,1.791759469228055
4184,8743acc16ffffff,8743accaaffffff,3,8.7814773306702,55,490,4.007333185232471,6.194405391104672,9.080513802943392,1.0986122886681098
4185,8743acc16ffffff,8743accacffffff,7,4.879733602632978,55,639,4.007333185232471,6.459904454377535,8.493050815957407,1.9459101490553132
4186,8743acc16ffffff,8743accb1ffffff,1,9.17660710483506,55,637,4.007333185232471,6.456769655572163,9.124521785674458,0.0
4187,8743acc16ffffff,8743accb5ffffff,2,8.111644887620482,55,508,4.007333185232471,6.230481447578482,9.001179220651997,0.6931471805599453
4188,8743acc16ffffff,8743acd99ffffff,2,5.884475291512403,55,443,4.007333185232471,6.093569770045136,8.680242779646866,0.6931471805599453
4189,8743acc1bffffff,8743accacffffff,1,6.7963211632266525,1,639,0.0,6.459904454377535,8.82428386696254,0.0
4190,8743acc1dffffff,8743acc13ffffff,1,5.891381853907294,1,3,0.0,1.0986122886681098,8.681415584360197,0.0
4191,8743acc1effffff,8743a1372ffffff,1,29.956063886216903,28,873,3.332204510175204,6.771935555839602,10.307520431701125,0.0
4192,8743acc1effffff,8743acc02ffffff,1,4.162771352400784,28,1,3.332204510175204,0.0,8.334176517660644,0.0
4193,8743acc1effffff,8743acc0affffff,1,5.893106917070824,28,2,3.332204510175204,0.6931471805599453,8.681708303117983,0.0
4194,8743acc1effffff,8743acc11ffffff,1,2.4405647331897726,28,2,3.332204510175204,0.6931471805599453,7.800394396846638,0.0
4195,8743acc1effffff,8743acc13ffffff,1,2.2652284861179344,28,3,3.332204510175204,1.0986122886681098,7.725872268860375,0.0
4196,8743acc1effffff,8743acc18ffffff,1,2.2658764981949364,28,1,3.332204510175204,0.0,7.726158170944558,0.0
4197,8743acc1effffff,8743acc1cffffff,3,2.2964157736127895,28,5,3.332204510175204,1.6094379124341003,7.739540193541651,1.0986122886681098
4198,8743acc1effffff,8743acc1dffffff,2,3.855045237311682,28,3,3.332204510175204,1.0986122886681098,8.257397387329588,0.6931471805599453
4199,8743acc1effffff,8743acc1effffff,5,0.0,28,5,3.332204510175204,1.6094379124341003,0.0,1.6094379124341003
4200,8743acc1effffff,8743acc8dffffff,1,8.322595279016747,28,623,3.332204510175204,6.434546518787453,9.026849565358006,0.0
4201,8743acc1effffff,8743acc9dffffff,1,12.962422327345264,28,654,3.332204510175204,6.483107351457199,9.469887003514323,0.0
4202,8743acc1effffff,8743acca1ffffff,1,5.888200218824788,28,655,3.332204510175204,6.484635235635252,8.680875481148217,0.0
4203,8743acc1effffff,8743accacffffff,2,3.85293735326889,28,639,3.332204510175204,6.459904454377535,8.256850593852288,0.6931471805599453
4204,8743acc1effffff,8743accaeffffff,1,5.923655921530175,28,671,3.332204510175204,6.508769136971682,8.686877892001487,0.0
4205,8743acc1effffff,8743accc6ffffff,1,11.124421151778325,28,2,3.332204510175204,0.6931471805599453,9.316987962657532,0.0
4206,8743acc1effffff,8743acce6ffffff,1,6.176110488193397,28,1,3.332204510175204,0.0,8.728605882567399,0.0
4207,8743acc1effffff,8743accf1ffffff,1,8.730405929041652,28,1,3.332204510175204,0.0,9.074681681576418,0.0
4208,8743acc1effffff,8743accf3ffffff,1,9.762864896752086,28,2,3.332204510175204,0.6931471805599453,9.186443594542078,0.0
4209,8743acc1effffff,8743accf5ffffff,2,6.3723268907199415,28,3,3.332204510175204,1.0986122886681098,8.75987688706647,0.6931471805599453
4210,8743acc53ffffff,8743ac1a2ffffff,1,10.262228808357488,47,1,3.8501476017100584,0.0,9.23632276788784,0.0
4211,8743acc53ffffff,8743ac1b1ffffff,1,10.45813386265477,47,1,3.8501476017100584,0.0,9.255230929472896,0.0
4212,8743acc53ffffff,8743ac1b5ffffff,1,8.236687159808447,47,1,3.8501476017100584,0.0,9.016474899014987,0.0
4213,8743acc53ffffff,8743ac1b6ffffff,1,7.328586902898111,47,1,3.8501476017100584,0.0,8.89967443625276,0.0
4214,8743acc53ffffff,8743acc09ffffff,1,6.37737841756552,47,2,3.8501476017100584,0.6931471805599453,8.76066917750727,0.0
4215,8743acc53ffffff,8743acc0bffffff,1,6.181536401892582,47,2,3.8501476017100584,0.6931471805599453,8.729483887270286,0.0
4216,8743acc53ffffff,8743acc50ffffff,4,2.4427446287197863,47,4,3.8501476017100584,1.3862943611198906,7.801286825764932,1.3862943611198906
4217,8743acc53ffffff,8743acc51ffffff,8,2.299141445028703,47,8,3.8501476017100584,2.0794415416798357,7.740725897864893,2.0794415416798357
4218,8743acc53ffffff,8743acc52ffffff,1,2.269112111618854,47,1,3.8501476017100584,0.0,7.727584497634232,0.0
4219,8743acc53ffffff,8743acc53ffffff,7,0.0,47,7,3.8501476017100584,1.9459101490553132,0.0,1.9459101490553132
4220,8743acc53ffffff,8743acc54ffffff,1,4.885429227864782,47,2,3.8501476017100584,0.6931471805599453,8.494217096478424,0.0
4221,8743acc53ffffff,8743acc55ffffff,1,4.166221514763335,47,1,3.8501476017100584,0.0,8.335004789300006,0.0
4222,8743acc53ffffff,8743acc56ffffff,2,4.116436534273618,47,2,3.8501476017100584,0.6931471805599453,8.322986048277537,0.6931471805599453
4223,8743acc53ffffff,8743acc58ffffff,1,4.540162605453644,47,1,3.8501476017100584,0.0,8.420938338748778,0.0
4224,8743acc53ffffff,8743acc5bffffff,1,6.1852080020074425,47,1,3.8501476017100584,0.0,8.730077577317198,0.0
4225,8743acc53ffffff,8743acc5cffffff,2,3.861476577396294,47,2,3.8501476017100584,0.6931471805599453,8.259063857083095,0.6931471805599453
4226,8743acc53ffffff,8743acc5effffff,3,2.269758339130991,47,3,3.8501476017100584,1.0986122886681098,7.7278691247882145,1.0986122886681098
4227,8743acc53ffffff,8743acc72ffffff,1,7.328053081519904,47,1,3.8501476017100584,0.0,8.89960160256846,0.0
4228,8743acc53ffffff,8743acce1ffffff,2,3.859371782159751,47,2,3.8501476017100584,0.6931471805599453,8.258518774442425,0.6931471805599453
4229,8743acc53ffffff,8743acce9ffffff,2,4.885666481985719,47,2,3.8501476017100584,0.6931471805599453,8.494265648979706,0.6931471805599453
4230,8743acc53ffffff,8743accecffffff,2,2.298542662555544,47,2,3.8501476017100584,0.6931471805599453,7.740465539778322,0.6931471805599453
4231,8743acc53ffffff,8743accedffffff,3,2.442803942276167,47,4,3.8501476017100584,1.3862943611198906,7.801311097055753,1.0986122886681098
4232,8743acc58ffffff,8743acc09ffffff,1,10.257766643024985,1,2,0.0,0.6931471805599453,9.235887901267448,0.0
4233,8743acc80ffffff,8743a1244ffffff,3,14.853606925987085,1617,322,7.388327859577107,5.7745515455444085,9.606065326825451,1.0986122886681098
4234,8743acc80ffffff,8743a1245ffffff,1,13.748749749209823,1617,30,7.388327859577107,3.4011973816621555,9.528775902871628,0.0
4235,8743acc80ffffff,8743a1246ffffff,1,17.12358140801823,1617,158,7.388327859577107,5.062595033026967,9.748270219504281,0.0
4236,8743acc80ffffff,8743a1260ffffff,7,11.826341565074323,1617,269,7.388327859577107,5.594711379601839,9.378169211945224,1.9459101490553132
4237,8743acc80ffffff,8743a1261ffffff,3,10.336945922794023,1617,264,7.388327859577107,5.575949103146316,9.243576474826655,1.0986122886681098
4238,8743acc80ffffff,8743a1262ffffff,25,13.996983288234132,1617,371,7.388327859577107,5.916202062607435,9.546668547380659,3.2188758248682006
4239,8743acc80ffffff,8743a1263ffffff,22,12.589890652692924,1617,305,7.388327859577107,5.720311776607412,9.440728867403028,3.091042453358316
4240,8743acc80ffffff,8743a1265ffffff,4,9.709969783144274,1617,224,7.388327859577107,5.4116460518550396,9.181011430978378,1.3862943611198906
4241,8743acc80ffffff,8743a126affffff,4,12.947549408082033,1617,256,7.388327859577107,5.545177444479562,9.468739046033635,1.3862943611198906
4242,8743acc80ffffff,8743a126cffffff,20,9.168240164429085,1617,356,7.388327859577107,5.87493073085203,9.123609700795436,2.995732273553991
4243,8743acc80ffffff,8743a126dffffff,3,8.454802724219359,1617,166,7.388327859577107,5.111987788356544,9.042608197597156,1.0986122886681098
4244,8743acc80ffffff,8743a126effffff,13,11.458796127698937,1617,282,7.388327859577107,5.641907070938114,9.346600200206382,2.5649493574615367
4245,8743acc80ffffff,8743a1271ffffff,1,16.19983919569044,1617,332,7.388327859577107,5.805134968916488,9.692818322081902,0.0
4246,8743acc80ffffff,8743a1275ffffff,1,15.605312750854443,1617,132,7.388327859577107,4.882801922586371,9.65543077489974,0.0
4247,8743acc80ffffff,8743a1340ffffff,4,15.826210220126907,1617,643,7.388327859577107,6.466144724237619,9.66948590361867,1.3862943611198906
4248,8743acc80ffffff,8743a1341ffffff,1,13.567272196301019,1617,292,7.388327859577107,5.676753802268282,9.515489419468205,0.0
4249,8743acc80ffffff,8743a1345ffffff,1,14.993787863227958,1617,450,7.388327859577107,6.1092475827643655,9.615457943915846,0.0
4250,8743acc80ffffff,8743a1348ffffff,1,10.236700160114705,1617,135,7.388327859577107,4.90527477843843,9.23383227962975,0.0
4251,8743acc80ffffff,8743a1349ffffff,1,8.036164285102936,1617,23,7.388327859577107,3.1354942159291497,8.991831599101593,0.0
4252,8743acc80ffffff,8743a134affffff,2,11.756371782522823,1617,79,7.388327859577107,4.3694478524670215,9.372235708594769,0.6931471805599453
4253,8743acc80ffffff,8743a134bffffff,1,9.67451972718906,1617,52,7.388327859577107,3.9512437185814275,9.177354235027705,0.0
4254,8743acc80ffffff,8743a134cffffff,4,11.307683974373905,1617,283,7.388327859577107,5.645446897643238,9.333326202868074,1.3862943611198906
4255,8743acc80ffffff,8743a134dffffff,1,9.047445842289106,1617,307,7.388327859577107,5.726847747587197,9.110348291812864,0.0
4256,8743acc80ffffff,8743a134effffff,1,12.458067217046498,1617,325,7.388327859577107,5.783825182329737,9.430203927343825,0.0
4257,8743acc80ffffff,8743a135affffff,2,17.323061707016855,1617,504,7.388327859577107,6.222576268071369,9.759851664266343,0.6931471805599453
4258,8743acc80ffffff,8743a135dffffff,1,13.893391137370152,1617,77,7.388327859577107,4.343805421853684,9.539240522387466,0.0
4259,8743acc80ffffff,8743a1368ffffff,20,12.331116802800855,1617,725,7.388327859577107,6.586171654854675,9.419962260482501,2.995732273553991
4260,8743acc80ffffff,8743a1369ffffff,16,10.23067905843001,1617,444,7.388327859577107,6.095824562432225,9.233243976311503,2.772588722239781
4261,8743acc80ffffff,8743a136affffff,28,12.759956395874697,1617,932,7.388327859577107,6.837332814685591,9.454145506744728,3.332204510175204
4262,8743acc80ffffff,8743a136bffffff,20,10.536385311090456,1617,578,7.388327859577107,6.359573868672378,9.262684718368599,2.995732273553991
4263,8743acc80ffffff,8743a136cffffff,1,14.317067740644614,1617,354,7.388327859577107,5.869296913133774,9.569277497097657,0.0
4264,8743acc80ffffff,8743a136dffffff,4,12.320673390196447,1617,609,7.388327859577107,6.411818267709897,9.419115054990177,1.3862943611198906
4265,8743acc80ffffff,8743a136effffff,1,14.479206559587574,1617,628,7.388327859577107,6.4425401664681985,9.580537931002848,0.0
4266,8743acc80ffffff,8743ac520ffffff,4,11.117408388332795,1617,45,7.388327859577107,3.8066624897703196,9.316357427014808,1.3862943611198906
4267,8743acc80ffffff,8743ac524ffffff,2,8.724875730762642,1617,68,7.388327859577107,4.219507705176107,9.074048112321849,0.6931471805599453
4268,8743acc80ffffff,8743ac525ffffff,5,10.438726899604488,1617,88,7.388327859577107,4.477336814478207,9.25337370205276,1.6094379124341003
4269,8743acc80ffffff,8743ac52cffffff,4,14.533386513198558,1617,185,7.388327859577107,5.220355825078324,9.584272604547934,1.3862943611198906
4270,8743acc80ffffff,8743ac534ffffff,2,10.53760674253229,1617,14,7.388327859577107,2.6390573296152584,9.262800625742269,0.6931471805599453
4271,8743acc80ffffff,8743acc0affffff,1,15.639197055071104,1617,2,7.388327859577107,0.6931471805599453,9.657599613449028,0.0
4272,8743acc80ffffff,8743acc12ffffff,9,8.461239214751744,1617,265,7.388327859577107,5.579729825986222,9.043369100172779,2.1972245773362196
4273,8743acc80ffffff,8743acc80ffffff,62,0.0,1617,312,7.388327859577107,5.7430031878094825,0.0,4.127134385045092
4274,8743acc80ffffff,8743acc81ffffff,52,2.263483334972459,1617,607,7.388327859577107,6.408528791059498,7.725101903716577,3.9512437185814275
4275,8743acc80ffffff,8743acc82ffffff,72,2.292961775166784,1617,621,7.388327859577107,6.431331081933479,7.73803563458919,4.276666119016055
4276,8743acc80ffffff,8743acc83ffffff,59,2.4390480102455308,1617,574,7.388327859577107,6.352629396319567,7.799772994423806,4.07753744390572
4277,8743acc80ffffff,8743acc84ffffff,23,2.4389878944109356,1617,328,7.388327859577107,5.793013608384144,7.799748356967947,3.1354942159291497
4278,8743acc80ffffff,8743acc85ffffff,49,2.2935623353121906,1617,556,7.388327859577107,6.320768294250582,7.738297400740735,3.8918202981106265
4279,8743acc80ffffff,8743acc86ffffff,17,2.2628348768501416,1617,205,7.388327859577107,5.3230099791384085,7.72481550240977,2.833213344056216
4280,8743acc80ffffff,8743acc88ffffff,32,6.1710935919770655,1617,458,7.388327859577107,6.126869184114185,8.727793377330663,3.4657359027997265
4281,8743acc80ffffff,8743acc89ffffff,25,8.339193841152662,1617,617,7.388327859577107,6.424869023905388,9.028841737427138,3.2188758248682006
4282,8743acc80ffffff,8743acc8affffff,21,6.368203165127957,1617,510,7.388327859577107,6.234410725718371,8.759229648924928,3.044522437723423
4283,8743acc80ffffff,8743acc8bffffff,12,8.220179753220892,1617,418,7.388327859577107,6.035481432524756,9.014469000041533,2.4849066497880004
4284,8743acc80ffffff,8743acc8cffffff,29,4.527614835192196,1617,386,7.388327859577107,5.955837369464831,8.418171395822336,3.367295829986474
4285,8743acc80ffffff,8743acc8dffffff,31,6.792394206965446,1617,623,7.388327859577107,6.434546518787453,8.82370597885827,3.4339872044851463
4286,8743acc80ffffff,8743acc8effffff,69,4.109452008067474,1617,693,7.388327859577107,6.541029999189903,8.321288279075173,4.23410650459726
4287,8743acc80ffffff,8743acc90ffffff,8,5.9155705940536185,1617,353,7.388327859577107,5.8664680569332965,8.68551226847888,2.0794415416798357
4288,8743acc80ffffff,8743acc91ffffff,76,4.585322632246323,1617,927,7.388327859577107,6.831953565565855,8.430833812501586,4.330733340286331
4289,8743acc80ffffff,8743acc92ffffff,18,8.104272606939015,1617,365,7.388327859577107,5.8998973535824915,9.000270068019823,2.8903717578961645
4290,8743acc80ffffff,8743acc93ffffff,13,6.8770822141078165,1617,349,7.388327859577107,5.855071922202427,8.836095144120513,2.5649493574615367
4291,8743acc80ffffff,8743acc94ffffff,1,5.880643826632865,1617,22,7.388327859577107,3.091042453358316,8.679591564174927,0.0
4292,8743acc80ffffff,8743acc95ffffff,24,3.8477198381995996,1617,314,7.388327859577107,5.749392985908253,8.255495862429724,3.1780538303479458
4293,8743acc80ffffff,8743acc96ffffff,2,7.693327907813048,1617,94,7.388327859577107,4.543294782270004,8.948238701043687,0.6931471805599453
4294,8743acc80ffffff,8743acc98ffffff,29,6.420080916936477,1617,461,7.388327859577107,6.133398042996649,8.767341749635916,3.367295829986474
4295,8743acc80ffffff,8743acc9affffff,7,8.315193121315781,1617,284,7.388327859577107,5.648974238161206,9.025959871569702,1.9459101490553132
4296,8743acc80ffffff,8743acc9bffffff,4,8.777338379800529,1617,61,7.388327859577107,4.110873864173311,9.080042418126814,1.3862943611198906
4297,8743acc80ffffff,8743acc9cffffff,52,4.158091431855736,1617,487,7.388327859577107,6.18826412308259,8.33305192359738,3.9512437185814275
4298,8743acc80ffffff,8743acc9dffffff,48,4.878155423571036,1617,654,7.388327859577107,6.483107351457199,8.492727414928675,3.871201010907891
4299,8743acc80ffffff,8743acc9effffff,28,6.255988643646901,1617,612,7.388327859577107,6.416732282512326,8.741454301013002,3.332204510175204
4300,8743acc80ffffff,8743acca0ffffff,13,6.421445875279531,1617,358,7.388327859577107,5.8805329864007,8.767554301588392,2.5649493574615367
4301,8743acc80ffffff,8743acca1ffffff,30,6.259111866799927,1617,655,7.388327859577107,6.484635235635252,8.741953334030311,3.4011973816621555
4302,8743acc80ffffff,8743acca2ffffff,30,4.877914960339288,1617,736,7.388327859577107,6.601230118728877,8.492678129932289,3.4011973816621555
4303,8743acc80ffffff,8743acca3ffffff,14,4.159077984097522,1617,340,7.388327859577107,5.8289456176102075,8.333289099256891,2.6390573296152584
4304,8743acc80ffffff,8743acca4ffffff,11,8.77898812499928,1617,400,7.388327859577107,5.991464547107982,9.08023033412247,2.3978952727983707
4305,8743acc80ffffff,8743acca5ffffff,10,8.319139325411255,1617,342,7.388327859577107,5.834810737062605,9.026434279517742,2.302585092994046
4306,8743acc80ffffff,8743acca6ffffff,42,7.316780485243354,1617,594,7.388327859577107,6.386879319362645,8.898062348578735,3.7376696182833684
4307,8743acc80ffffff,8743acca8ffffff,20,5.920365852973183,1617,508,7.388327859577107,6.230481447578482,8.686322419674285,2.995732273553991
4308,8743acc80ffffff,8743acca9ffffff,5,7.701770697846803,1617,160,7.388327859577107,5.075173815233827,8.949335374007362,1.6094379124341003
4309,8743acc80ffffff,8743accaaffffff,22,3.8498305375450705,1617,490,7.388327859577107,6.194405391104672,8.256044128054427,3.091042453358316
4310,8743acc80ffffff,8743accabffffff,18,5.8855558361128075,1617,256,7.388327859577107,5.545177444479562,8.6804263579252,2.8903717578961645
4311,8743acc80ffffff,8743accacffffff,34,6.882487250551636,1617,639,7.388327859577107,6.459904454377535,8.836880670326028,3.5263605246161616
4312,8743acc80ffffff,8743accaeffffff,36,4.58772487201662,1617,671,7.388327859577107,6.508769136971682,8.431357458798583,3.58351893845611
4313,8743acc80ffffff,8743accb0ffffff,35,6.167406213165808,1617,947,7.388327859577107,6.853299093186078,8.727195771240275,3.5553480614894135
4314,8743acc80ffffff,8743accb1ffffff,30,4.108173446825623,1617,637,7.388327859577107,6.456769655572163,8.320977179437074,3.4011973816621555
4315,8743acc80ffffff,8743accb3ffffff,24,4.52502100353179,1617,462,7.388327859577107,6.135564891081739,8.417598466821643,3.1780538303479458
4316,8743acc80ffffff,8743accb4ffffff,9,8.215065514266652,1617,406,7.388327859577107,6.0063531596017325,9.013846725562319,2.1972245773362196
4317,8743acc80ffffff,8743accb5ffffff,14,6.36606493651812,1617,508,7.388327859577107,6.230481447578482,8.75889387888415,2.6390573296152584
4318,8743acc80ffffff,8743accb6ffffff,10,8.331823332869302,1617,339,7.388327859577107,5.82600010738045,9.027957613253745,2.302585092994046
4319,8743acc80ffffff,8743accd0ffffff,5,12.345866280500235,1617,91,7.388327859577107,4.51085950651685,9.42115756738844,1.6094379124341003
4320,8743acc80ffffff,8743accd2ffffff,16,12.332180405304877,1617,238,7.388327859577107,5.472270673671475,9.420048503311502,2.772588722239781
4321,8743acc80ffffff,8743accd3ffffff,2,14.334545942365706,1617,40,7.388327859577107,3.6888794541139363,9.570497462166092,0.6931471805599453
4322,8743acc80ffffff,8743accd4ffffff,4,10.548728082427477,1617,81,7.388327859577107,4.394449154672439,9.263855364394562,1.3862943611198906
4323,8743acc80ffffff,8743accd6ffffff,22,10.239981716725543,1617,520,7.388327859577107,6.253828811575473,9.234152764772169,3.091042453358316
4324,8743acc80ffffff,8743accf2ffffff,8,9.057821155775285,1617,168,7.388327859577107,5.123963979403259,9.11149427531471,2.0794415416798357
4325,8743acc80ffffff,8743acd98ffffff,6,11.11312770594164,1617,417,7.388327859577107,6.0330862217988015,9.315972344321056,1.791759469228055
4326,8743acc80ffffff,8743acd99ffffff,9,9.75558375669332,1617,443,7.388327859577107,6.093569770045136,9.185697593205152,2.1972245773362196
4327,8743acc80ffffff,8743acd9affffff,13,10.431975255883485,1617,591,7.388327859577107,6.3818160174060985,9.252726766748822,2.5649493574615367
4328,8743acc80ffffff,8743acd9bffffff,17,8.721731240638285,1617,734,7.388327859577107,6.598509028614515,9.073687683530766,2.833213344056216
4329,8743acc81ffffff,8743a126effffff,1,12.592722777238123,94,282,4.543294782270004,5.641907070938114,9.440953776517874,0.0
4330,8743acc81ffffff,8743ac521ffffff,1,11.119286274847212,94,18,4.543294782270004,2.8903717578961645,9.316526311614135,0.0
4331,8743acc81ffffff,8743ac524ffffff,2,7.318411923124921,94,68,4.543294782270004,4.219507705176107,8.898285265357146,0.6931471805599453
4332,8743acc81ffffff,8743acc80ffffff,1,2.263483334972459,94,312,4.543294782270004,5.7430031878094825,7.725101903716577,0.0
4333,8743acc81ffffff,8743acc81ffffff,9,0.0,94,607,4.543294782270004,6.408528791059498,0.0,2.1972245773362196
4334,8743acc81ffffff,8743acc82ffffff,3,3.848794095789467,94,621,4.543294782270004,6.431331081933479,8.255774944238512,1.0986122886681098
4335,8743acc81ffffff,8743acc83ffffff,4,2.2934167997961317,94,574,4.543294782270004,6.352629396319567,7.738233972465372,1.3862943611198906
4336,8743acc81ffffff,8743acc84ffffff,1,4.109066380320724,94,328,4.543294782270004,5.793013608384144,8.321194458289472,0.0
4337,8743acc81ffffff,8743acc85ffffff,5,2.43935202379519,94,556,4.543294782270004,6.320768294250582,7.7998975799282455,1.6094379124341003
4338,8743acc81ffffff,8743acc86ffffff,2,4.5263182118226,94,205,4.543294782270004,5.3230099791384085,8.417885036952029,0.6931471805599453
4339,8743acc81ffffff,8743acc88ffffff,6,4.1103437762375945,94,458,4.543294782270004,6.126869184114185,8.321505206908705,1.791759469228055
4340,8743acc81ffffff,8743acc89ffffff,4,6.172612712781838,94,617,4.543294782270004,6.424869023905388,8.728039474358235,1.3862943611198906
4341,8743acc81ffffff,8743acc8affffff,1,4.878882686609885,94,510,4.543294782270004,6.234410725718371,8.492876458929114,0.0
4342,8743acc81ffffff,8743acc8bffffff,6,6.369401902672066,94,418,4.543294782270004,6.035481432524756,8.759417839617068,1.791759469228055
4343,8743acc81ffffff,8743acc8cffffff,3,2.2641315002197375,94,386,4.543294782270004,5.955837369464831,7.725388093724021,1.0986122886681098
4344,8743acc81ffffff,8743acc8dffffff,1,4.528910871992988,94,623,4.543294782270004,6.434546518787453,8.418457543226788,0.0
4345,8743acc81ffffff,8743acc8effffff,7,2.4394118078342606,94,693,4.543294782270004,6.541029999189903,7.799922077749135,1.9459101490553132
4346,8743acc81ffffff,8743acc91ffffff,3,5.917072714219231,94,927,4.543294782270004,6.831953565565855,8.685766119842974,1.0986122886681098
4347,8743acc81ffffff,8743acc95ffffff,1,5.882371239153789,94,314,4.543294782270004,5.749392985908253,8.679885216588236,0.0
4348,8743acc81ffffff,8743acc98ffffff,1,6.256945539242736,94,461,4.543294782270004,6.133398042996649,8.741607221609103,0.0
4349,8743acc81ffffff,8743acc9cffffff,8,4.586232726453929,94,487,4.543294782270004,6.18826412308259,8.431032229402124,2.0794415416798357
4350,8743acc81ffffff,8743acc9dffffff,6,4.158667147621465,94,654,4.543294782270004,6.483107351457199,8.333190337463137,1.791759469228055
4351,8743acc81ffffff,8743acca1ffffff,2,6.422306662668553,94,655,4.543294782270004,6.484635235635252,8.767688320578369,0.6931471805599453
4352,8743acc81ffffff,8743acca2ffffff,1,6.367266396706207,94,736,4.543294782270004,6.601230118728877,8.75908256030283,0.0
4353,8743acc81ffffff,8743acca3ffffff,1,4.878643550554798,94,340,4.543294782270004,5.8289456176102075,8.49282745326033,0.0
4354,8743acc81ffffff,8743acca5ffffff,1,8.780177307075812,94,342,4.543294782270004,5.834810737062605,9.08036576728412,0.0
4355,8743acc81ffffff,8743acca8ffffff,1,4.58863478468983,94,508,4.543294782270004,6.230481447578482,8.43155573228322,0.0
4356,8743acc81ffffff,8743accaaffffff,3,2.294017314559154,94,490,4.543294782270004,6.194405391104672,7.738495666936406,1.0986122886681098
4357,8743acc81ffffff,8743accacffffff,1,6.260069216476467,94,639,4.543294782270004,6.459904454377535,8.742106250863323,0.0
4358,8743acc81ffffff,8743accb1ffffff,1,6.16892789658138,94,637,4.543294782270004,6.456769655572163,8.727442430701714,0.0
4359,8743acc81ffffff,8743accd2ffffff,3,10.440805294595336,94,238,4.543294782270004,5.472270673671475,9.253572767425778,1.0986122886681098
4360,8743acc81ffffff,8743accd4ffffff,1,8.341354295614238,94,81,4.543294782270004,4.394449154672439,9.029100745158564,0.0
4361,8743acc81ffffff,8743accd6ffffff,2,8.221962120791327,94,520,4.543294782270004,6.253828811575473,9.01468577846525,0.6931471805599453
4362,8743acc81ffffff,8743accf2ffffff,1,6.794337820802825,94,168,4.543294782270004,5.123963979403259,8.823992041435213,0.0
4363,8743acc82ffffff,8743a1244ffffff,2,12.586429503910324,387,322,5.958424693029782,5.7745515455444085,9.440453936527348,0.6931471805599453
4364,8743acc82ffffff,8743a1260ffffff,5,9.707281808685051,387,269,5.958424693029782,5.594711379601839,9.1807345949259,1.6094379124341003
4365,8743acc82ffffff,8743a1262ffffff,2,11.823043960920065,387,371,5.958424693029782,5.916202062607435,9.37789036112086,0.6931471805599453
4366,8743acc82ffffff,8743a1263ffffff,3,10.334088231267899,387,305,5.958424693029782,5.720311776607412,9.243300009212268,1.0986122886681098
4367,8743acc82ffffff,8743a1265ffffff,2,7.691253312687282,387,224,5.958424693029782,5.4116460518550396,8.947969038133051,0.6931471805599453
4368,8743acc82ffffff,8743a126affffff,2,10.689511478221858,387,256,5.958424693029782,5.545177444479562,9.277111849293744,0.6931471805599453
4369,8743acc82ffffff,8743a126cffffff,2,6.8752783892623,387,356,5.958424693029782,5.87493073085203,8.835832852777735,0.6931471805599453
4370,8743acc82ffffff,8743a126effffff,1,9.165834352532153,387,282,5.958424693029782,5.641907070938114,9.123347287822746,0.0
4371,8743acc82ffffff,8743a1271ffffff,1,13.993078360860906,387,332,5.958424693029782,5.805134968916488,9.546389544894344,0.0
4372,8743acc82ffffff,8743a1275ffffff,1,13.52688731800894,387,132,5.958424693029782,4.882801922586371,9.512508561005651,0.0
4373,8743acc82ffffff,8743a1340ffffff,1,14.9912267817429,387,643,5.958424693029782,6.466144724237619,9.615287131214307,0.0
4374,8743acc82ffffff,8743a1348ffffff,2,9.045698753589715,387,135,5.958424693029782,4.90527477843843,9.1101551915372,0.6931471805599453
4375,8743acc82ffffff,8743a134bffffff,2,8.034280034109399,387,52,5.958424693029782,3.9512437185814275,8.99159712935141,0.6931471805599453
4376,8743acc82ffffff,8743a134dffffff,1,8.330540664877999,387,307,5.958424693029782,5.726847747587197,9.027803671825916,0.0
4377,8743acc82ffffff,8743a135dffffff,1,12.455322531751966,387,77,5.958424693029782,4.343805421853684,9.42998360686453,0.0
4378,8743acc82ffffff,8743a1369ffffff,1,10.430755962127952,387,444,5.958424693029782,6.095824562432225,9.252609890691884,0.0
4379,8743acc82ffffff,8743a136affffff,1,12.329367300693354,387,932,5.958424693029782,6.837332814685591,9.419820384903131,0.0
4380,8743acc82ffffff,8743ac523ffffff,1,12.737065416474907,387,8,5.958424693029782,2.0794415416798357,9.452350066455486,0.0
4381,8743acc82ffffff,8743ac525ffffff,2,10.238615024027846,387,88,5.958424693029782,4.477336814478207,9.234019302576996,0.6931471805599453
4382,8743acc82ffffff,8743ac52cffffff,3,14.332678401810842,387,185,5.958424693029782,5.220355825078324,9.570367180262744,1.0986122886681098
4383,8743acc82ffffff,8743acc12ffffff,1,10.700462330909376,387,265,5.958424693029782,5.579729825986222,9.278135677552118,0.0
4384,8743acc82ffffff,8743acc80ffffff,9,2.292961775166784,387,312,5.958424693029782,5.7430031878094825,7.73803563458919,2.1972245773362196
4385,8743acc82ffffff,8743acc81ffffff,11,3.848794095789467,387,607,5.958424693029782,6.408528791059498,8.255774944238512,2.3978952727983707
4386,8743acc82ffffff,8743acc82ffffff,32,0.0,387,621,5.958424693029782,6.431331081933479,0.0,3.4657359027997265
4387,8743acc82ffffff,8743acc83ffffff,13,2.2630466540536047,387,574,5.958424693029782,6.352629396319567,7.724909046024891,2.5649493574615367
4388,8743acc82ffffff,8743acc84ffffff,5,4.158297012645824,387,328,5.958424693029782,5.793013608384144,8.333101351630585,1.6094379124341003
4389,8743acc82ffffff,8743acc85ffffff,5,4.586524110478974,387,556,5.958424693029782,6.320768294250582,8.431095748039255,1.6094379124341003
4390,8743acc82ffffff,8743acc86ffffff,5,2.4386839281940778,387,205,5.958424693029782,5.3230099791384085,7.799623772271147,1.6094379124341003
4391,8743acc82ffffff,8743acc88ffffff,15,6.791084276628761,387,458,5.958424693029782,6.126869184114185,8.823513136133984,2.70805020110221
4392,8743acc82ffffff,8743acc89ffffff,8,9.05607465777044,387,617,5.958424693029782,6.424869023905388,9.11130146144249,2.0794415416798357
4393,8743acc82ffffff,8743acc8affffff,5,6.17021796236416,387,510,5.958424693029782,6.234410725718371,8.727651498125796,1.6094379124341003
4394,8743acc82ffffff,8743acc8bffffff,4,8.33791055305775,387,418,5.958424693029782,6.035481432524756,9.028687857690299,1.3862943611198906
4395,8743acc82ffffff,8743acc8cffffff,3,5.884098026794282,387,386,5.958424693029782,5.955837369464831,8.680178676615002,1.0986122886681098
4396,8743acc82ffffff,8743acc8dffffff,7,8.043298770825265,387,623,5.958424693029782,6.434546518787453,8.992718892274556,1.9459101490553132
4397,8743acc82ffffff,8743acc8effffff,13,4.526741510688181,387,693,5.958424693029782,6.541029999189903,8.41797853139135,2.5649493574615367
4398,8743acc82ffffff,8743acc90ffffff,3,3.846682824681402,387,353,5.958424693029782,5.8664680569332965,8.25522638237004,1.0986122886681098
4399,8743acc82ffffff,8743acc91ffffff,45,2.292360857079539,387,927,5.958424693029782,6.831953565565855,7.7377736438207805,3.8066624897703196
4400,8743acc82ffffff,8743acc92ffffff,3,5.913922658997159,387,365,5.958424693029782,5.8998973535824915,8.685233700925002,1.0986122886681098
4401,8743acc82ffffff,8743acc93ffffff,3,4.5841204389410315,387,349,5.958424693029782,5.855071922202427,8.430571652380689,1.0986122886681098
4402,8743acc82ffffff,8743acc95ffffff,12,2.2623981590135034,387,314,5.958424693029782,5.749392985908253,7.7246225731593725,2.4849066497880004
4403,8743acc82ffffff,8743acc98ffffff,5,4.8775463485645805,387,461,5.958424693029782,6.133398042996649,8.49260257507981,1.6094379124341003
4404,8743acc82ffffff,8743acc9affffff,1,6.419050274495068,387,284,5.958424693029782,5.648974238161206,8.76718122757158,0.0
4405,8743acc82ffffff,8743acc9cffffff,29,2.438743663091001,387,487,5.958424693029782,6.18826412308259,7.799648256658222,3.367295829986474
4406,8743acc82ffffff,8743acc9dffffff,15,4.108944875552955,387,654,5.958424693029782,6.483107351457199,8.321164895126115,2.70805020110221
4407,8743acc82ffffff,8743acc9effffff,16,4.157309074710802,387,612,5.958424693029782,6.416732282512326,8.332863798197712,2.772588722239781
4408,8743acc82ffffff,8743acca0ffffff,2,8.317578771244387,387,358,5.958424693029782,5.8805329864007,9.02624669845983,0.6931471805599453
4409,8743acc82ffffff,8743acca1ffffff,1,8.45928713416781,387,655,5.958424693029782,6.484635235635252,9.043138392233274,0.0
4410,8743acc82ffffff,8743acca2ffffff,4,6.420418422985257,387,736,5.958424693029782,6.601230118728877,8.767394310440464,1.3862943611198906
4411,8743acc82ffffff,8743acca3ffffff,1,6.257752706434256,387,340,5.958424693029782,5.8289456176102075,8.741736196068148,0.0
4412,8743acc82ffffff,8743acca4ffffff,2,10.540552008295956,387,400,5.958424693029782,5.991464547107982,9.263080060619172,0.6931471805599453
4413,8743acc82ffffff,8743acca5ffffff,5,10.376772587026775,387,342,5.958424693029782,5.834810737062605,9.247421546701156,1.6094379124341003
4414,8743acc82ffffff,8743acca6ffffff,8,8.777686905030297,387,594,5.958424693029782,6.386879319362645,9.080082120208933,2.0794415416798357
4415,8743acc82ffffff,8743acca8ffffff,2,8.11071634065418,387,508,5.958424693029782,6.230481447578482,9.0010647573515,0.6931471805599453
4416,8743acc82ffffff,8743accaaffffff,8,5.918719666343648,387,490,5.958424693029782,6.194405391104672,8.686044373098664,2.0794415416798357
4417,8743acc82ffffff,8743accacffffff,1,9.17544902571842,387,639,5.958424693029782,6.459904454377535,9.124395592411243,0.0
4418,8743acc82ffffff,8743accaeffffff,6,6.880686647183404,387,671,5.958424693029782,6.508769136971682,8.836619053089388,1.791759469228055
4419,8743acc82ffffff,8743accb0ffffff,9,6.365333800513468,387,947,5.958424693029782,6.853299093186078,8.758779041357963,2.1972245773362196
4420,8743acc82ffffff,8743accb1ffffff,9,4.877307409081952,387,637,5.958424693029782,6.456769655572163,8.492553596282216,2.1972245773362196
4421,8743acc82ffffff,8743accb3ffffff,9,4.107666806930898,387,462,5.958424693029782,6.135564891081739,8.320853876992704,2.1972245773362196
4422,8743acc82ffffff,8743accb4ffffff,2,8.720733199802755,387,406,5.958424693029782,6.0063531596017325,9.073573258597856,0.6931471805599453
4423,8743acc82ffffff,8743accb5ffffff,4,7.315869730361094,387,508,5.958424693029782,6.230481447578482,8.897937883030188,1.3862943611198906
4424,8743acc82ffffff,8743accd0ffffff,1,12.776433499275614,387,91,5.958424693029782,4.51085950651685,9.455435886111232,0.0
4425,8743acc82ffffff,8743accd2ffffff,2,12.344114441372176,387,238,5.958424693029782,5.472270673671475,9.421015671997322,0.6931471805599453
4426,8743acc82ffffff,8743accd6ffffff,2,10.547023742821569,387,520,5.958424693029782,6.253828811575473,9.263693798401775,0.6931471805599453
4427,8743acc82ffffff,8743acd98ffffff,1,12.192808045416346,387,417,5.958424693029782,6.0330862217988015,9.40868356461976,0.0
4428,8743acc82ffffff,8743acd99ffffff,1,11.169984863709836,387,443,5.958424693029782,6.093569770045136,9.321075058607065,0.0
4429,8743acc82ffffff,8743acd9bffffff,3,9.754370179833831,387,734,5.958424693029782,6.598509028614515,9.1855732000393,1.0986122886681098
4430,8743acc83ffffff,8743a1242ffffff,1,17.122646973488223,786,14,6.666956792429207,2.6390573296152584,9.74821565116166,0.0
4431,8743acc83ffffff,8743a1244ffffff,2,13.996520308702896,786,322,6.666956792429207,5.7745515455444085,9.546635472102718,0.6931471805599453
4432,8743acc83ffffff,8743a1260ffffff,5,11.53693512922405,786,269,6.666956792429207,5.594711379601839,9.353395592442219,1.6094379124341003
4433,8743acc83ffffff,8743a1261ffffff,5,9.709856205416573,786,264,6.666956792429207,5.575949103146316,9.180999735092753,1.6094379124341003
4434,8743acc83ffffff,8743a1262ffffff,6,13.53053627577521,786,371,6.666956792429207,5.916202062607435,9.512778260600378,1.791759469228055
4435,8743acc83ffffff,8743a1263ffffff,6,11.826049509192048,786,305,6.666956792429207,5.720311776607412,9.378144518358196,1.791759469228055
4436,8743acc83ffffff,8743a1265ffffff,1,9.674826808838459,786,224,6.666956792429207,5.4116460518550396,9.177385972524508,0.0
4437,8743acc83ffffff,8743a1266ffffff,1,13.495334173664597,786,30,6.666956792429207,3.4011973816621555,9.510173384860618,0.0
4438,8743acc83ffffff,8743a126affffff,2,11.45806376268719,786,256,6.666956792429207,5.545177444479562,9.346536290830828,0.6931471805599453
4439,8743acc83ffffff,8743a126cffffff,15,8.103959412606379,786,356,6.666956792429207,5.87493073085203,9.000231426459074,2.70805020110221
4440,8743acc83ffffff,8743a126dffffff,8,6.876643731091851,786,166,6.666956792429207,5.111987788356544,8.836031391321445,2.0794415416798357
4441,8743acc83ffffff,8743a126effffff,9,10.336472981613912,786,282,6.666956792429207,5.641907070938114,9.24353072569989,2.1972245773362196
4442,8743acc83ffffff,8743a1270ffffff,1,17.358738541775256,786,224,6.666956792429207,5.4116460518550396,9.761908927143278,0.0
4443,8743acc83ffffff,8743a1349ffffff,1,9.04829448026528,786,23,6.666956792429207,3.1354942159291497,9.110442075673353,0.0
4444,8743acc83ffffff,8743a134bffffff,1,10.237416944829969,786,52,6.666956792429207,3.9512437185814275,9.233902291410976,0.0
4445,8743acc83ffffff,8743a134effffff,1,13.56854667837489,786,325,6.666956792429207,5.783825182329737,9.515583346108418,0.0
4446,8743acc83ffffff,8743a135affffff,1,17.627988199944966,786,504,6.666956792429207,6.222576268071369,9.77729988293076,0.0
4447,8743acc83ffffff,8743a1368ffffff,1,14.31850684164614,786,725,6.666956792429207,6.586171654854675,9.569378001489088,0.0
4448,8743acc83ffffff,8743a1369ffffff,1,12.321837065266356,786,444,6.666956792429207,6.095824562432225,9.419209491848468,0.0
4449,8743acc83ffffff,8743a136affffff,1,14.480743084533039,786,932,6.666956792429207,6.837332814685591,9.580644037460859,0.0
4450,8743acc83ffffff,8743a136bffffff,1,12.33241314670596,786,578,6.666956792429207,6.359573868672378,9.42006737429185,0.0
4451,8743acc83ffffff,8743a136dffffff,1,14.520728030222532,786,609,6.666956792429207,6.411818267709897,9.583401291643522,0.0
4452,8743acc83ffffff,8743a1372ffffff,1,23.97296340753219,786,873,6.666956792429207,6.771935555839602,10.084723662426187,0.0
4453,8743acc83ffffff,8743ac520ffffff,1,8.725406421882733,786,45,6.666956792429207,3.8066624897703196,9.07410892856532,0.0
4454,8743acc83ffffff,8743ac521ffffff,1,10.43958173851769,786,18,6.666956792429207,2.8903717578961645,9.25345558196445,0.0
4455,8743acc83ffffff,8743ac523ffffff,1,11.11799916757443,786,8,6.666956792429207,2.0794415416798357,9.316410560838099,0.0
4456,8743acc83ffffff,8743ac524ffffff,4,6.368668911739802,786,68,6.666956792429207,4.219507705176107,8.759302771036406,1.3862943611198906
4457,8743acc83ffffff,8743ac525ffffff,3,8.220947253954566,786,88,6.666956792429207,4.477336814478207,9.014562352204281,1.0986122886681098
4458,8743acc83ffffff,8743ac526ffffff,1,7.317497597676888,786,18,6.666956792429207,2.8903717578961645,8.898160339670465,0.0
4459,8743acc83ffffff,8743ac52cffffff,5,12.333329163929776,786,185,6.666956792429207,5.220355825078324,9.420141642720042,1.6094379124341003
4460,8743acc83ffffff,8743acc12ffffff,2,10.378289102331498,786,265,6.666956792429207,5.579729825986222,9.24756766712322,0.6931471805599453
4461,8743acc83ffffff,8743acc80ffffff,13,2.4390480102455308,786,312,6.666956792429207,5.7430031878094825,7.799772994423806,2.5649493574615367
4462,8743acc83ffffff,8743acc81ffffff,33,2.2934167997961317,786,607,6.666956792429207,6.408528791059498,7.738233972465372,3.4965075614664802
4463,8743acc83ffffff,8743acc82ffffff,41,2.2630466540536047,786,621,6.666956792429207,6.431331081933479,7.724909046024891,3.713572066704308
4465,8743acc83ffffff,8743acc84ffffff,5,4.878035904656466,786,328,6.666956792429207,5.793013608384144,8.492702918808327,1.6094379124341003
4466,8743acc83ffffff,8743acc85ffffff,16,4.158873113729302,786,556,6.666956792429207,6.320768294250582,8.33323985128275,2.772588722239781
4467,8743acc83ffffff,8743acc86ffffff,9,4.108559684554185,786,205,6.666956792429207,5.3230099791384085,8.321071169039284,2.1972245773362196
4468,8743acc83ffffff,8743acc88ffffff,51,4.528037622575159,786,458,6.666956792429207,6.126869184114185,8.418264750559723,3.9318256327243257
4469,8743acc83ffffff,8743acc89ffffff,24,6.793028003716835,786,617,6.666956792429207,6.424869023905388,8.823799270542596,3.1780538303479458
4470,8743acc83ffffff,8743acc8affffff,37,4.109836588406839,786,510,6.666956792429207,6.234410725718371,8.321381836267609,3.6109179126442243
4471,8743acc83ffffff,8743acc8bffffff,15,6.171737051271899,786,418,6.666956792429207,6.035481432524756,8.727897624900194,2.70805020110221
4472,8743acc83ffffff,8743acc8cffffff,20,3.849868009439516,786,386,6.666956792429207,5.955837369464831,8.256053858867498,2.995732273553991
4473,8743acc83ffffff,8743acc8dffffff,27,5.885824187493683,786,623,6.666956792429207,6.434546518787453,8.680471944049215,3.295836866004329
4474,8743acc83ffffff,8743acc8effffff,66,2.263694856634577,786,693,6.666956792429207,6.541029999189903,7.72519530770879,4.189654742026425
4475,8743acc83ffffff,8743acc90ffffff,7,5.880912696566466,786,353,6.666956792429207,5.8664680569332965,8.67963727652954,1.9459101490553132
4476,8743acc83ffffff,8743acc91ffffff,60,3.847757237852761,786,927,6.666956792429207,6.831953565565855,8.255505579809274,4.0943445622221
4477,8743acc83ffffff,8743acc92ffffff,17,7.693402634892136,786,365,6.666956792429207,5.8998973535824915,8.948248412966173,2.833213344056216
4478,8743acc83ffffff,8743acc93ffffff,10,5.915424998659922,786,349,6.666956792429207,5.855071922202427,8.685487660104346,2.302585092994046
4479,8743acc83ffffff,8743acc95ffffff,12,4.525444813067108,786,314,6.666956792429207,5.749392985908253,8.417692100875438,2.4849066497880004
4480,8743acc83ffffff,8743acc98ffffff,36,4.15788475583789,786,461,6.666956792429207,6.133398042996649,8.333002229774452,3.58351893845611
4481,8743acc83ffffff,8743acc9affffff,22,6.2555832874028106,786,284,6.666956792429207,5.648974238161206,8.741389514356328,3.091042453358316
4482,8743acc83ffffff,8743acc9bffffff,3,6.419909454239845,786,61,6.666956792429207,4.110873864173311,8.76731504619016,1.0986122886681098
4485,8743acc83ffffff,8743acc9effffff,59,4.585030622607783,786,612,6.666956792429207,6.416732282512326,8.43077014080676,4.07753744390572
4486,8743acc83ffffff,8743acca0ffffff,1,8.778875945767863,786,358,6.666956792429207,5.8805329864007,9.08021755734573,0.0
4487,8743acc83ffffff,8743acca1ffffff,3,8.318731392144697,786,655,6.666956792429207,6.484635235635252,9.026385248696101,1.0986122886681098
4488,8743acc83ffffff,8743acca2ffffff,8,7.316962970584817,786,736,6.666956792429207,6.601230118728877,8.898087285520548,2.0794415416798357
4489,8743acc83ffffff,8743acca3ffffff,6,6.421279120068618,786,340,6.666956792429207,5.8289456176102075,8.76752833681126,1.791759469228055
4490,8743acc83ffffff,8743acca4ffffff,1,11.171518520686329,786,400,6.666956792429207,5.991464547107982,9.321212338509193,0.0
4491,8743acc83ffffff,8743acca5ffffff,1,10.541971722953424,786,342,6.666956792429207,5.834810737062605,9.263214729505007,0.0
4492,8743acc83ffffff,8743acca6ffffff,2,9.755828495488885,786,594,6.666956792429207,6.386879319362645,9.185722677367,0.6931471805599453
4493,8743acc83ffffff,8743acca8ffffff,9,6.882051584485963,786,508,6.666956792429207,6.230481447578482,8.836817376847392,2.1972245773362196
4494,8743acc83ffffff,8743acca9ffffff,1,8.112655469962265,786,160,6.666956792429207,5.075173815233827,9.00130378168203,0.0
4495,8743acc83ffffff,8743accaaffffff,9,4.587434114355285,786,490,6.666956792429207,6.194405391104672,8.431294093292578,2.1972245773362196
4496,8743acc83ffffff,8743accabffffff,4,5.920221125677284,786,256,6.666956792429207,5.545177444479562,8.686297977836338,1.3862943611198906
4497,8743acc83ffffff,8743accacffffff,6,8.460667177066195,786,639,6.666956792429207,6.459904454377535,9.043301499032413,1.791759469228055
4498,8743acc83ffffff,8743accaeffffff,8,6.2587100577166765,786,671,6.666956792429207,6.508769136971682,8.741889146362817,2.0794415416798357
4499,8743acc83ffffff,8743accb0ffffff,1,8.215839644542445,786,947,6.666956792429207,6.853299093186078,9.013940942655266,0.0
4500,8743acc83ffffff,8743accb1ffffff,4,6.36653514469903,786,637,6.666956792429207,6.456769655572163,8.758967726225743,1.3862943611198906
4501,8743acc83ffffff,8743accb3ffffff,9,6.168052817441874,786,462,6.666956792429207,6.135564891081739,8.72730059092398,2.1972245773362196
4502,8743acc83ffffff,8743accb4ffffff,3,10.432841621746004,786,406,6.666956792429207,6.0063531596017325,9.252809804412697,1.0986122886681098
4503,8743acc83ffffff,8743accb5ffffff,2,8.722270621278783,786,508,6.666956792429207,6.230481447578482,9.073749517828954,0.6931471805599453
4504,8743acc83ffffff,8743accb6ffffff,1,10.231723931182108,786,339,6.666956792429207,5.82600010738045,9.233346092435148,0.0
4505,8743acc83ffffff,8743accd0ffffff,4,10.549828796721126,786,91,6.666956792429207,4.51085950651685,9.263959694749534,1.3862943611198906
4506,8743acc83ffffff,8743accd2ffffff,3,10.241017250036945,786,238,6.666956792429207,5.472270673671475,9.234253876266044,1.0986122886681098
4507,8743acc83ffffff,8743accd4ffffff,6,9.058665705140603,786,81,6.666956792429207,4.394449154672439,9.11158750046893,1.791759469228055
4508,8743acc83ffffff,8743accd6ffffff,17,8.340071008378528,786,520,6.666956792429207,6.253828811575473,9.028946905378678,2.833213344056216
4509,8743acc83ffffff,8743accf2ffffff,3,8.045675098021924,786,168,6.666956792429207,5.123963979403259,8.993014253790061,1.0986122886681098
4510,8743acc83ffffff,8743acd98ffffff,1,13.521945243591208,786,417,6.666956792429207,6.0330862217988015,9.512143169333402,0.0
4511,8743acc84ffffff,8743a1346ffffff,1,16.928037547069454,58,243,4.060443010546419,5.493061443340548,9.736785624548988,0.0
4512,8743acc84ffffff,8743a134effffff,1,11.75583210496405,58,325,4.060443010546419,5.783825182329737,9.372189806334037,0.0
4513,8743acc84ffffff,8743a135affffff,1,17.358821094814786,58,504,4.060443010546419,6.222576268071369,9.761913682563012,0.0
4514,8743acc84ffffff,8743a1368ffffff,2,10.535274802803986,58,725,4.060443010546419,6.586171654854675,9.26257932535367,0.6931471805599453
4515,8743acc84ffffff,8743a1369ffffff,2,8.33093926177854,58,444,4.060443010546419,6.095824562432225,9.027851512601357,0.6931471805599453
4516,8743acc84ffffff,8743a136affffff,4,11.306620671495061,58,932,4.060443010546419,6.837332814685591,9.333232173105364,1.3862943611198906
4517,8743acc84ffffff,8743acc82ffffff,2,4.158297012645824,58,621,4.060443010546419,6.431331081933479,8.333101351630585,0.6931471805599453
4518,8743acc84ffffff,8743acc83ffffff,1,4.878035904656466,58,574,4.060443010546419,6.352629396319567,8.492702918808327,0.0
4519,8743acc84ffffff,8743acc84ffffff,2,0.0,58,328,4.060443010546419,5.793013608384144,0.0,0.6931471805599453
4520,8743acc84ffffff,8743acc8effffff,2,6.3677356599321895,58,693,4.060443010546419,6.541029999189903,8.759156245338618,0.6931471805599453
4521,8743acc84ffffff,8743acc90ffffff,2,6.877519462122456,58,353,4.060443010546419,5.8664680569332965,8.836158713310795,0.6931471805599453
4522,8743acc84ffffff,8743acc91ffffff,2,6.256392514159434,58,927,4.060443010546419,6.831953565565855,8.741518846036456,0.6931471805599453
4523,8743acc84ffffff,8743acc93ffffff,1,8.4553788028997,58,349,4.060443010546419,5.855071922202427,9.042676323483771,0.0
4524,8743acc84ffffff,8743acc9cffffff,2,6.4202505731960535,58,487,4.060443010546419,6.18826412308259,8.767368171046968,0.6931471805599453
4525,8743acc84ffffff,8743acc9dffffff,2,7.317143317981971,58,654,4.060443010546419,6.483107351457199,8.898111929697572,0.6931471805599453
4526,8743acc84ffffff,8743acca1ffffff,2,4.588014804782875,58,655,4.060443010546419,6.484635235635252,8.431420640535386,0.6931471805599453
4527,8743acc84ffffff,8743acca2ffffff,10,2.438927065928352,58,736,4.060443010546419,6.601230118728877,7.799723426827532,2.302585092994046
4528,8743acc84ffffff,8743acca3ffffff,2,2.293707458534665,58,340,4.060443010546419,5.8289456176102075,7.738360645321699,0.6931471805599453
4529,8743acc84ffffff,8743acca6ffffff,3,4.877792590832418,58,594,4.060443010546419,6.386879319362645,8.492653048322447,1.0986122886681098
4530,8743acc84ffffff,8743acca8ffffff,1,5.885286770470587,58,508,4.060443010546419,6.230481447578482,8.680380648379721,0.0
4531,8743acc84ffffff,8743accabffffff,1,6.791759283973365,58,256,4.060443010546419,5.545177444479562,8.823612512669628,0.0
4532,8743acc84ffffff,8743accacffffff,1,5.92050981787013,58,639,4.060443010546419,6.459904454377535,8.68634673216408,0.0
4533,8743acc84ffffff,8743accaeffffff,1,3.8497926178942805,58,671,4.060443010546419,6.508769136971682,8.256034280870262,0.0
4534,8743acc84ffffff,8743accb0ffffff,1,4.524596445034938,58,947,4.060443010546419,6.853299093186078,8.417504658505157,0.0
4535,8743acc84ffffff,8743accb1ffffff,4,2.262622724982325,58,637,4.060443010546419,6.456769655572163,7.724721784528068,1.3862943611198906
4536,8743acc84ffffff,8743accb3ffffff,2,3.847681991659851,58,462,4.060443010546419,6.135564891081739,8.255486028841563,0.6931471805599453
4537,8743acc84ffffff,8743accb5ffffff,1,4.1077861628166366,58,508,4.060443010546419,6.230481447578482,8.320882926355367,0.0
4538,8743acc84ffffff,8743acd98ffffff,1,8.721189391776656,58,417,4.060443010546419,6.0330862217988015,9.073625562427068,0.0
4539,8743acc84ffffff,8743acd9affffff,1,8.214289292552625,58,591,4.060443010546419,6.3818160174060985,9.01375224501294,0.0
4540,8743acc85ffffff,8743acc12ffffff,7,6.260469993261411,245,265,5.501258210544727,5.579729825986222,8.74217025973219,1.9459101490553132
4541,8743acc85ffffff,8743acc16ffffff,1,8.320698523443209,245,14,5.501258210544727,2.6390573296152584,9.0266216624319,0.0
4542,8743acc85ffffff,8743acc80ffffff,2,2.2935623353121906,245,312,5.501258210544727,5.7430031878094825,7.738297400740735,0.6931471805599453
4543,8743acc85ffffff,8743acc81ffffff,9,2.43935202379519,245,607,5.501258210544727,6.408528791059498,7.7998975799282455,2.1972245773362196
4544,8743acc85ffffff,8743acc82ffffff,4,4.586524110478974,245,621,5.501258210544727,6.431331081933479,8.431095748039255,1.3862943611198906
4545,8743acc85ffffff,8743acc84ffffff,5,2.2632714382673993,245,328,5.501258210544727,5.793013608384144,7.725008325364104,1.6094379124341003
4546,8743acc85ffffff,8743acc85ffffff,27,0.0,245,556,5.501258210544727,6.320768294250582,0.0,3.295836866004329
4547,8743acc85ffffff,8743acc86ffffff,2,3.8487564363519984,245,205,5.501258210544727,5.3230099791384085,8.255765161995429,0.6931471805599453
4548,8743acc85ffffff,8743acc88ffffff,2,6.368935344550436,245,458,5.501258210544727,6.126869184114185,8.759344598522615,0.6931471805599453
4549,8743acc85ffffff,8743acc8affffff,1,7.318234710405075,245,510,5.501258210544727,6.234410725718371,8.89826105373099,0.0
4550,8743acc85ffffff,8743acc8bffffff,1,8.725876491303861,245,418,5.501258210544727,6.035481432524756,9.074162794582799,0.0
4551,8743acc85ffffff,8743acc8cffffff,1,4.109958759239726,245,386,5.501258210544727,5.955837369464831,8.321411555040147,0.0
4552,8743acc85ffffff,8743acc8dffffff,3,6.171968736085099,245,623,5.501258210544727,6.434546518787453,8.727935157758537,1.0986122886681098
4553,8743acc85ffffff,8743acc8effffff,3,4.87876383162945,245,693,5.501258210544727,6.541029999189903,8.49285210251821,1.0986122886681098
4554,8743acc85ffffff,8743acc91ffffff,1,6.878884967558513,245,927,5.501258210544727,6.831953565565855,8.836357210956,0.0
4555,8743acc85ffffff,8743acc95ffffff,1,5.917217766922327,245,314,5.501258210544727,5.749392985908253,8.685790629667792,0.0
4556,8743acc85ffffff,8743acc9dffffff,2,6.421110557647177,245,654,5.501258210544727,6.483107351457199,8.767502089955522,0.6931471805599453
4557,8743acc85ffffff,8743acca0ffffff,10,4.87852184360055,245,358,5.501258210544727,5.8805329864007,8.492802511177818,2.302585092994046
4558,8743acc85ffffff,8743acca1ffffff,20,4.159858278415395,245,655,5.501258210544727,6.484635235635252,8.333476648901676,2.995732273553991
4559,8743acc85ffffff,8743acca2ffffff,7,4.108679705614309,245,736,5.501258210544727,6.601230118728877,8.321100373946074,1.9459101490553132
4560,8743acc85ffffff,8743acca3ffffff,21,2.4392915267596087,245,340,5.501258210544727,5.8289456176102075,7.799872789330466,3.044522437723423
4561,8743acc85ffffff,8743acca4ffffff,4,7.317690237741399,245,400,5.501258210544727,5.991464547107982,8.898186661675306,1.3862943611198906
4562,8743acc85ffffff,8743acca5ffffff,5,6.422472322350158,245,342,5.501258210544727,5.834810737062605,8.76771411065101,1.6094379124341003
4563,8743acc85ffffff,8743acca6ffffff,8,6.366795376005079,245,594,5.501258210544727,6.386879319362645,8.759008593842907,2.0794415416798357
4564,8743acc85ffffff,8743acca8ffffff,20,3.850866561870814,245,508,5.501258210544727,6.230481447578482,8.25631313105912,2.995732273553991
4565,8743acc85ffffff,8743acca9ffffff,3,5.887013125158537,245,160,5.501258210544727,5.075173815233827,8.680673889543208,1.0986122886681098
4566,8743acc85ffffff,8743accaaffffff,20,2.263919859089579,245,490,5.501258210544727,6.194405391104672,7.725294654990759,2.995732273553991
4567,8743acc85ffffff,8743accabffffff,6,4.528487845705964,245,256,5.501258210544727,5.545177444479562,8.418364153742449,1.791759469228055
4568,8743acc85ffffff,8743accacffffff,14,4.588924915239445,245,639,5.501258210544727,6.459904454377535,8.431618944585159,2.6390573296152584
4569,8743acc85ffffff,8743accadffffff,1,5.922011272054768,245,26,5.501258210544727,3.258096538021482,8.686600259374051,0.0
4570,8743acc85ffffff,8743accaeffffff,26,2.2941625367044294,245,671,5.501258210544727,6.508769136971682,7.738558942080313,3.258096538021482
4571,8743acc85ffffff,8743accb0ffffff,1,6.787867883302336,245,947,5.501258210544727,6.853299093186078,8.823039473706094,0.0
4572,8743acc85ffffff,8743accb1ffffff,1,4.525894163249724,245,637,5.501258210544727,6.456769655572163,8.417791368158849,0.0
4573,8743acc85ffffff,8743accb3ffffff,2,5.882102066483211,245,462,5.501258210544727,6.135564891081739,8.679839464107669,0.6931471805599453
4574,8743acc85ffffff,8743accd6ffffff,1,10.439949210452559,245,520,5.501258210544727,6.253828811575473,9.253490777845041,0.0
4575,8743acc85ffffff,8743acd8bffffff,1,8.78028800804215,245,32,5.501258210544727,3.4657359027997265,9.080378373824756,0.0
4576,8743acc85ffffff,8743acd99ffffff,1,8.722728257201316,245,443,5.501258210544727,6.093569770045136,9.073801977959873,0.0
4577,8743acc85ffffff,8743acd9bffffff,1,8.216077538585528,245,734,5.501258210544727,6.598509028614515,9.013969894248541,0.0
4578,8743acc86ffffff,8743a1260ffffff,1,10.334560805090723,829,269,6.720220155135295,5.594711379601839,9.243345733352044,0.0
4579,8743acc86ffffff,8743a1261ffffff,1,9.166419224233351,829,264,6.720220155135295,5.575949103146316,9.123411088805856,0.0
4580,8743acc86ffffff,8743a1262ffffff,3,12.587057712674861,829,371,6.720220155135295,5.916202062607435,9.440503842911225,1.0986122886681098
4581,8743acc86ffffff,8743a1263ffffff,2,11.456519843194469,829,305,6.720220155135295,5.720311776607412,9.346401548277434,0.6931471805599453
4582,8743acc86ffffff,8743a1264ffffff,1,9.707394996815433,829,40,6.720220155135295,3.6888794541139363,9.180746253783028,0.0
4583,8743acc86ffffff,8743a1265ffffff,5,8.102331818015616,829,224,6.720220155135295,5.4116460518550396,9.000030591642735,1.6094379124341003
4584,8743acc86ffffff,8743a126cffffff,3,8.453422557823007,829,356,6.720220155135295,5.87493073085203,9.042444963059898,1.0986122886681098
4585,8743acc86ffffff,8743a126dffffff,3,8.3140414087299,829,166,6.720220155135295,5.111987788356544,9.025821371618223,1.0986122886681098
4586,8743acc86ffffff,8743a126effffff,1,10.69025095063411,829,282,6.720220155135295,5.641907070938114,9.27718101781201,0.0
4587,8743acc86ffffff,8743a1343ffffff,1,12.454385493553334,829,55,6.720220155135295,4.007333185232471,9.429908378124845,0.0
4588,8743acc86ffffff,8743a134affffff,1,9.671716016017303,829,79,6.720220155135295,4.3694478524670215,9.177064419333023,0.0
4589,8743acc86ffffff,8743a134bffffff,1,7.691178211793343,829,52,6.720220155135295,3.9512437185814275,8.947959274900159,0.0
4590,8743acc86ffffff,8743a134cffffff,1,9.044849097523764,829,283,6.720220155135295,5.645446897643238,9.110061268218763,0.0
4591,8743acc86ffffff,8743a134dffffff,1,6.784610965438965,829,307,6.720220155135295,5.726847747587197,8.822559614705664,0.0
4592,8743acc86ffffff,8743a1369ffffff,1,8.21327738071217,829,444,6.720220155135295,6.095824562432225,9.013629063207617,0.0
4593,8743acc86ffffff,8743a136affffff,1,10.533571773594558,829,932,6.720220155135295,6.837332814685591,9.262417677438199,0.0
4594,8743acc86ffffff,8743a136bffffff,1,8.329657209090799,829,578,6.720220155135295,6.359573868672378,9.027697628698267,0.0
4595,8743acc86ffffff,8743a136dffffff,2,10.429888043942032,829,609,6.720220155135295,6.411818267709897,9.252526687605434,0.6931471805599453
4596,8743acc86ffffff,8743a1373ffffff,1,18.079299648935706,829,305,6.720220155135295,5.720311776607412,9.80257820731191,0.0
4597,8743acc86ffffff,8743acc12ffffff,1,9.176028890505453,829,265,6.720220155135295,5.579729825986222,9.124458780956747,0.0
4598,8743acc86ffffff,8743acc80ffffff,41,2.2628348768501416,829,312,6.720220155135295,5.7430031878094825,7.72481550240977,3.713572066704308
4599,8743acc86ffffff,8743acc81ffffff,42,4.5263182118226,829,607,6.720220155135295,6.408528791059498,8.417885036952029,3.7376696182833684
4601,8743acc86ffffff,8743acc83ffffff,21,4.108559684554185,829,574,6.720220155135295,6.352629396319567,8.321071169039284,3.044522437723423
4602,8743acc86ffffff,8743acc84ffffff,17,2.293107211697231,829,328,6.720220155135295,5.793013608384144,7.738099032297861,2.833213344056216
4603,8743acc86ffffff,8743acc85ffffff,36,3.8487564363519984,829,556,6.720220155135295,6.320768294250582,8.255765161995429,3.58351893845611
4604,8743acc86ffffff,8743acc86ffffff,46,0.0,829,205,6.720220155135295,5.3230099791384085,0.0,3.828641396489095
4605,8743acc86ffffff,8743acc88ffffff,15,8.337032247975412,829,458,6.720220155135295,6.126869184114185,9.028582526024461,2.70805020110221
4606,8743acc86ffffff,8743acc89ffffff,7,10.545921631438754,829,617,6.720220155135295,6.424869023905388,9.263589307836451,1.9459101490553132
4607,8743acc86ffffff,8743acc8affffff,7,8.218396272961025,829,510,6.720220155135295,6.234410725718371,9.01425203924113,1.9459101490553132
4608,8743acc86ffffff,8743acc8bffffff,9,10.237577998738207,829,418,6.720220155135295,6.035481432524756,9.23391802163982,2.1972245773362196
4609,8743acc86ffffff,8743acc8cffffff,6,6.790449712042338,829,386,6.720220155135295,5.955837369464831,8.823419704691561,1.791759469228055
4610,8743acc86ffffff,8743acc8dffffff,1,9.055229083815588,829,623,6.720220155135295,6.434546518787453,9.111208096480745,0.0
4611,8743acc86ffffff,8743acc8effffff,20,6.169573626177215,829,693,6.720220155135295,6.541029999189903,8.727547082784975,2.995732273553991
4612,8743acc86ffffff,8743acc90ffffff,9,4.584412250425224,829,353,6.720220155135295,5.8664680569332965,8.430635293500385,2.1972245773362196
4613,8743acc86ffffff,8743acc91ffffff,97,4.157515365245444,829,927,6.720220155135295,6.831953565565855,8.33291340620283,4.574710978503383
4614,8743acc86ffffff,8743acc92ffffff,13,6.875716574951766,829,365,6.720220155135295,5.8998973535824915,8.83589657499835,2.5649493574615367
4615,8743acc86ffffff,8743acc93ffffff,4,6.255031291969436,829,349,6.720220155135295,5.855071922202427,8.74130128412591,1.3862943611198906
4616,8743acc86ffffff,8743acc95ffffff,39,2.292506606543186,829,314,6.720220155135295,5.749392985908253,7.737837194583846,3.6635616461296463
4617,8743acc86ffffff,8743acc96ffffff,1,5.914068036649309,829,94,6.720220155135295,4.543294782270004,8.685258278738441,0.0
4618,8743acc86ffffff,8743acc98ffffff,5,7.31623027675866,829,461,6.720220155135295,6.133398042996649,8.897987157860545,1.6094379124341003
4619,8743acc86ffffff,8743acc9affffff,4,8.776151568138701,829,284,6.720220155135295,5.648974238161206,9.079907211229466,1.3862943611198906
4620,8743acc86ffffff,8743acc9cffffff,14,4.877427591285079,829,487,6.720220155135295,6.18826412308259,8.49257823202422,2.6390573296152584
4621,8743acc86ffffff,8743acc9dffffff,12,6.367003595864162,829,654,6.720220155135295,6.483107351457199,8.759041292201221,2.4849066497880004
4622,8743acc86ffffff,8743acc9effffff,13,6.419221023636957,829,612,6.720220155135295,6.416732282512326,8.76720782344918,2.5649493574615367
4623,8743acc86ffffff,8743acca0ffffff,2,6.258154059879133,829,358,6.720220155135295,5.8805329864007,8.741800320758083,0.6931471805599453
4624,8743acc86ffffff,8743acca1ffffff,1,6.881122016480108,829,655,6.720220155135295,6.484635235635252,8.836682315999747,0.0
4625,8743acc86ffffff,8743acca2ffffff,27,4.158501498077351,829,736,6.720220155135295,6.601230118728877,8.333150513881913,3.295836866004329
4626,8743acc86ffffff,8743acca3ffffff,1,4.586814670231895,829,340,6.720220155135295,5.8289456176102075,8.431159082976517,0.0
4627,8743acc86ffffff,8743acca4ffffff,3,8.317985935183875,829,400,6.720220155135295,5.991464547107982,9.026295643596544,1.0986122886681098
4628,8743acc86ffffff,8743acca5ffffff,1,8.459858634216298,829,342,6.720220155135295,5.834810737062605,9.043205940856344,0.0
4629,8743acc86ffffff,8743acca6ffffff,14,6.420584466278371,829,594,6.720220155135295,6.386879319362645,8.767420167834494,2.6390573296152584
4630,8743acc86ffffff,8743acca8ffffff,2,7.699622998222812,829,508,6.720220155135295,6.230481447578482,8.949056513428935,0.6931471805599453
4631,8743acc86ffffff,8743accaaffffff,20,5.883829264347249,829,490,6.720220155135295,6.194405391104672,8.680133007267955,2.995732273553991
4632,8743acc86ffffff,8743accacffffff,1,8.11102699165309,829,639,6.720220155135295,6.459904454377535,9.001103053198838,0.0
4633,8743acc86ffffff,8743accaeffffff,3,5.918864175545863,829,671,6.720220155135295,6.508769136971682,8.686068784294894,1.0986122886681098
4634,8743acc86ffffff,8743accb0ffffff,100,4.10727995998826,829,947,6.720220155135295,6.853299093186078,8.320759718674804,4.605170185988092
4635,8743acc86ffffff,8743accb1ffffff,60,2.4386234808878733,829,637,6.720220155135295,6.456769655572163,7.799598995268536,4.0943445622221
4637,8743acc86ffffff,8743accb4ffffff,3,6.364862648482534,829,406,6.720220155135295,6.0063531596017325,8.758705031813257,1.0986122886681098
4638,8743acc86ffffff,8743accb5ffffff,8,4.877185802167017,829,508,6.720220155135295,6.230481447578482,8.492528667875604,2.0794415416798357
4639,8743acc86ffffff,8743accb6ffffff,47,6.165883690043678,829,339,6.720220155135295,5.82600010738045,8.726948914759104,3.8501476017100584
4640,8743acc86ffffff,8743accd0ffffff,2,14.497002962471594,829,91,6.720220155135295,4.51085950651685,9.581766192197373,0.6931471805599453
4641,8743acc86ffffff,8743accd4ffffff,1,12.775112578931079,829,81,6.720220155135295,4.394449154672439,9.45533250160705,0.0
4642,8743acc86ffffff,8743accd6ffffff,4,12.342828920186456,829,520,6.720220155135295,6.253828811575473,9.420911534597186,1.3862943611198906
4643,8743acc86ffffff,8743acd98ffffff,1,9.75412411722227,829,417,6.720220155135295,6.0330862217988015,9.18554797642294,0.0
4644,8743acc86ffffff,8743acd99ffffff,3,8.77779804261655,829,443,6.720220155135295,6.093569770045136,9.080094780061593,1.0986122886681098
4645,8743acc86ffffff,8743acd9affffff,4,8.720192543803714,829,591,6.720220155135295,6.3818160174060985,9.0735112671628,1.3862943611198906
4646,8743acc86ffffff,8743acd9bffffff,9,7.315686251639754,829,734,6.720220155135295,6.598509028614515,8.897912806593324,2.1972245773362196
4647,8743acc86ffffff,8743acd9effffff,1,11.111240594445228,829,109,6.720220155135295,4.6913478822291435,9.315802535967713,0.0
4648,8743acc88ffffff,8743a1269ffffff,1,10.341240429298221,481,24,6.175867270105761,3.1780538303479458,9.243991800539181,0.0
4649,8743acc88ffffff,8743a126cffffff,1,11.543381502529963,481,356,6.175867270105761,5.87493073085203,9.35395414759735,0.0
4650,8743acc88ffffff,8743a126effffff,1,13.537830875128979,481,282,6.175867270105761,5.641907070938114,9.513317196735944,0.0
4651,8743acc88ffffff,8743ac500ffffff,1,12.841866583101973,481,17,6.175867270105761,2.833213344056216,9.460543806462123,0.0
4652,8743acc88ffffff,8743ac501ffffff,1,13.582507772060971,481,22,6.175867270105761,3.091042453358316,9.516611672033358,0.0
4653,8743acc88ffffff,8743ac505ffffff,1,11.172732049073838,481,17,6.175867270105761,2.833213344056216,9.321320949874211,0.0
4654,8743acc88ffffff,8743ac50cffffff,1,14.639860453395757,481,10,6.175867270105761,2.302585092994046,9.591571559927225,0.0
4655,8743acc88ffffff,8743ac520ffffff,1,6.421625944664252,481,45,6.175867270105761,3.8066624897703196,8.767582338704457,0.0
4656,8743acc88ffffff,8743ac524ffffff,2,4.159035064338159,481,68,6.175867270105761,4.219507705176107,8.333278782147227,0.6931471805599453
4657,8743acc88ffffff,8743ac525ffffff,9,4.879726142877523,481,88,6.175867270105761,4.477336814478207,8.493049287547588,2.1972245773362196
4658,8743acc88ffffff,8743ac52affffff,1,12.19974340722773,481,43,6.175867270105761,3.7612001156935624,9.40925216388355,0.0
4659,8743acc88ffffff,8743ac52cffffff,11,8.72846802508687,481,185,6.175867270105761,5.220355825078324,9.074459710560783,2.3978952727983707
4660,8743acc88ffffff,8743ac52effffff,1,9.759681530804198,481,12,6.175867270105761,2.4849066497880004,9.186117505945049,0.0
4661,8743acc88ffffff,8743ac535ffffff,2,8.45698227870298,481,41,6.175867270105761,3.713572066704308,9.042865922818958,0.6931471805599453
4662,8743acc88ffffff,8743acc80ffffff,1,6.1710935919770655,481,312,6.175867270105761,5.7430031878094825,8.727793377330663,0.0
4663,8743acc88ffffff,8743acc81ffffff,15,4.1103437762375945,481,607,6.175867270105761,6.408528791059498,8.321505206908705,2.70805020110221
4664,8743acc88ffffff,8743acc82ffffff,4,6.791084276628761,481,621,6.175867270105761,6.431331081933479,8.823513136133984,1.3862943611198906
4665,8743acc88ffffff,8743acc83ffffff,9,4.528037622575159,481,574,6.175867270105761,6.352629396319567,8.418264750559723,2.1972245773362196
4666,8743acc88ffffff,8743acc85ffffff,4,6.368935344550436,481,556,6.175867270105761,6.320768294250582,8.759344598522615,1.3862943611198906
4668,8743acc88ffffff,8743acc89ffffff,76,2.2649903811416774,481,617,6.175867270105761,6.424869023905388,7.725767196716488,4.330733340286331
4669,8743acc88ffffff,8743acc8affffff,32,2.2937256331331084,481,510,6.175867270105761,6.234410725718371,7.738368565514926,3.4657359027997265
4670,8743acc88ffffff,8743acc8bffffff,43,2.4398340589702276,481,418,6.175867270105761,6.035481432524756,7.800095087324371,3.7612001156935624
4671,8743acc88ffffff,8743acc8cffffff,24,2.439775320490174,481,386,6.175867270105761,5.955837369464831,7.800071022113293,3.1780538303479458
4672,8743acc88ffffff,8743acc8dffffff,51,2.294326415258652,481,623,6.175867270105761,6.434546518787453,7.738630341251951,3.9318256327243257
4673,8743acc88ffffff,8743acc8effffff,35,2.2643427659405813,481,693,6.175867270105761,6.541029999189903,7.725481358008767,3.5553480614894135
4674,8743acc88ffffff,8743acc91ffffff,9,8.04141529424827,481,927,6.175867270105761,6.831953565565855,8.992484726791416,2.1972245773362196
4675,8743acc88ffffff,8743acc92ffffff,1,11.763819713713719,481,365,6.175867270105761,5.8998973535824915,9.372868977092814,0.0
4676,8743acc88ffffff,8743acc98ffffff,5,5.918428363198376,481,461,6.175867270105761,6.133398042996649,8.685995162945265,1.6094379124341003
4677,8743acc88ffffff,8743acc9bffffff,2,6.8793731200743755,481,61,6.175867270105761,4.110873864173311,8.836428162025808,0.6931471805599453
4678,8743acc88ffffff,8743acc9cffffff,8,5.884366075461768,481,487,6.175867270105761,6.18826412308259,8.680224222596062,2.0794415416798357
4679,8743acc88ffffff,8743acc9dffffff,18,3.8499050335516416,481,654,6.175867270105761,6.483107351457199,8.256063473306126,2.8903717578961645
4680,8743acc88ffffff,8743acc9effffff,2,7.697699224131149,481,612,6.175867270105761,6.416732282512326,8.94880666164015,0.6931471805599453
4681,8743acc88ffffff,8743acca0ffffff,1,11.117499669301903,481,358,6.175867270105761,5.8805329864007,9.316365636876437,0.0
4682,8743acc88ffffff,8743acca1ffffff,4,9.758741717163028,481,655,6.175867270105761,6.484635235635252,9.186021215651548,1.3862943611198906
4683,8743acc88ffffff,8743acca2ffffff,1,10.43700880311031,481,736,6.175867270105761,6.601230118728877,9.253209115574368,0.0
4684,8743acc88ffffff,8743acca3ffffff,1,8.725342137287923,481,340,6.175867270105761,5.8289456176102075,9.074101561863783,0.0
4685,8743acc88ffffff,8743acca5ffffff,1,12.198274950348889,481,342,6.175867270105761,5.834810737062605,9.409131798656027,0.0
4686,8743acc88ffffff,8743acca8ffffff,6,6.422998646931735,481,508,6.175867270105761,6.230481447578482,8.76779604499951,1.791759469228055
4687,8743acc88ffffff,8743accaaffffff,8,4.87949118905472,481,490,6.175867270105761,6.194405391104672,8.49300114727679,2.0794415416798357
4688,8743acc88ffffff,8743accabffffff,4,4.160024261742067,481,256,6.175867270105761,5.545177444479562,8.333516539713855,1.3862943611198906
4689,8743acc88ffffff,8743accacffffff,1,8.78125132248218,481,639,6.175867270105761,6.459904454377535,9.080488068621786,0.0
4690,8743acc88ffffff,8743accaeffffff,4,7.319146892358005,481,671,6.175867270105761,6.508769136971682,8.898385674016035,1.3862943611198906
4691,8743acc88ffffff,8743accb1ffffff,1,10.236538534758393,481,637,6.175867270105761,6.456769655572163,9.233816492233204,0.0
4692,8743acc88ffffff,8743accb5ffffff,1,12.327196319374952,481,508,6.175867270105761,6.230481447578482,9.41964430154666,0.0
4693,8743acc88ffffff,8743accd0ffffff,6,6.174772688523169,481,91,6.175867270105761,4.51085950651685,8.728389285412497,1.791759469228055
4694,8743acc88ffffff,8743accd2ffffff,14,6.371063656169401,481,238,6.175867270105761,5.472270673671475,8.759678660962683,2.6390573296152584
4695,8743acc88ffffff,8743accd4ffffff,4,4.530628082565444,481,81,6.175867270105761,4.394449154672439,8.418836554033147,1.3862943611198906
4696,8743acc88ffffff,8743accd6ffffff,38,4.111618344553731,481,520,6.175867270105761,6.253828811575473,8.321815171450764,3.6375861597263857
4697,8743acc88ffffff,8743accf2ffffff,13,3.8520147999803713,481,168,6.175867270105761,5.123963979403259,8.256611185776416,2.5649493574615367
4698,8743acc89ffffff,8743a126dffffff,1,11.546603144972611,29,166,3.367295829986474,5.111987788356544,9.354233174498912,0.0
4699,8743acc89ffffff,8743ac52cffffff,1,7.320763221757923,29,185,3.367295829986474,5.220355825078324,8.898606455238415,0.0
4700,8743acc89ffffff,8743acc82ffffff,1,9.05607465777044,29,621,3.367295829986474,6.431331081933479,9.11130146144249,0.0
4701,8743acc89ffffff,8743acc83ffffff,1,6.793028003716835,29,574,3.367295829986474,6.352629396319567,8.823799270542596,0.0
4702,8743acc89ffffff,8743acc88ffffff,4,2.2649903811416774,29,458,3.367295829986474,6.126869184114185,7.725767196716488,1.3862943611198906
4703,8743acc89ffffff,8743acc89ffffff,3,0.0,29,617,3.367295829986474,6.424869023905388,0.0,1.0986122886681098
4704,8743acc89ffffff,8743acc8bffffff,1,2.2941802691243462,29,418,3.367295829986474,6.035481432524756,7.738566668047922,0.0
4705,8743acc89ffffff,8743acc8dffffff,2,2.44013854773725,29,623,3.367295829986474,6.434546518787453,7.80021982738006,0.6931471805599453
4706,8743acc89ffffff,8743acc8effffff,2,4.5293331470822595,29,693,3.367295829986474,6.541029999189903,8.418550758175234,0.6931471805599453
4707,8743acc89ffffff,8743acc9affffff,1,9.717574768578409,29,284,3.367295829986474,5.648974238161206,9.181794257956362,0.0
4708,8743acc89ffffff,8743accabffffff,1,4.880217975986284,29,256,3.367295829986474,5.545177444479562,8.493150052949069,0.0
4709,8743acc89ffffff,8743accd0ffffff,1,4.112508385380721,29,91,3.367295829986474,4.51085950651685,8.322031565109574,0.0
4710,8743acc89ffffff,8743accd2ffffff,3,4.880451598687741,29,238,3.367295829986474,5.472270673671475,8.493197913362598,1.0986122886681098
4711,8743acc89ffffff,8743accd4ffffff,1,2.265637701423767,29,81,3.367295829986474,4.394449154672439,7.726052823630806,0.0
4712,8743acc89ffffff,8743accd6ffffff,5,2.440196953438061,29,520,3.367295829986474,6.253828811575473,7.800243752692362,1.6094379124341003
4713,8743acc89ffffff,8743accf2ffffff,1,2.294781005182535,29,168,3.367295829986474,5.123963979403259,7.738828371872339,0.0
4714,8743acc8affffff,8743a1260ffffff,1,13.899028989716914,398,269,5.986452005284438,5.594711379601839,9.539646204707752,0.0
4715,8743acc8affffff,8743a1262ffffff,1,15.540292220054416,398,371,5.986452005284438,5.916202062607435,9.651255774908156,0.0
4716,8743acc8affffff,8743a1263ffffff,3,13.499553717367103,398,305,5.986452005284438,5.720311776607412,9.510485979686651,1.0986122886681098
4717,8743acc8affffff,8743a1271ffffff,1,17.328775140360595,398,332,5.986452005284438,5.805134968916488,9.760181407458745,0.0
4718,8743acc8affffff,8743a134affffff,1,15.833724919382057,398,79,5.986452005284438,4.3694478524670215,9.669960587137737,0.0
4719,8743acc8affffff,8743ac524ffffff,4,2.439529236515037,398,68,5.986452005284438,4.219507705176107,7.7999701949788784,1.3862943611198906
4720,8743acc8affffff,8743ac525ffffff,5,4.111110665547725,398,88,5.986452005284438,4.477336814478207,8.321691719600611,1.6094379124341003
4721,8743acc8affffff,8743ac526ffffff,1,4.158251928713272,398,18,5.986452005284438,2.8903717578961645,8.333090512256346,0.0
4722,8743acc8affffff,8743ac52cffffff,6,8.223492575522938,398,185,5.986452005284438,5.220355825078324,9.014871880784945,1.791759469228055
4723,8743acc8affffff,8743ac533ffffff,1,10.371524820244806,398,20,5.986452005284438,2.995732273553991,9.246915745093512,0.0
4724,8743acc8affffff,8743ac534ffffff,1,6.8775686263047096,398,14,5.986452005284438,2.6390573296152584,8.836165860780074,0.0
4725,8743acc8affffff,8743acc12ffffff,1,12.845303118870483,398,265,5.986452005284438,5.579729825986222,9.460811353901677,0.0
4726,8743acc8affffff,8743acc80ffffff,1,6.368203165127957,398,312,5.986452005284438,5.7430031878094825,8.759229648924928,0.0
4727,8743acc8affffff,8743acc81ffffff,15,4.878882686609885,398,607,5.986452005284438,6.408528791059498,8.492876458929114,2.70805020110221
4728,8743acc8affffff,8743acc82ffffff,6,6.17021796236416,398,621,5.986452005284438,6.431331081933479,8.727651498125796,1.791759469228055
4729,8743acc8affffff,8743acc83ffffff,23,4.109836588406839,398,574,5.986452005284438,6.352629396319567,8.321381836267609,3.1354942159291497
4730,8743acc8affffff,8743acc85ffffff,5,7.318234710405075,398,556,5.986452005284438,6.320768294250582,8.89826105373099,1.6094379124341003
4731,8743acc8affffff,8743acc86ffffff,1,8.218396272961025,398,205,5.986452005284438,5.3230099791384085,9.01425203924113,0.0
4732,8743acc8affffff,8743acc88ffffff,16,2.2937256331331084,398,458,5.986452005284438,6.126869184114185,7.738368565514926,2.772588722239781
4733,8743acc8affffff,8743acc89ffffff,13,3.8509784136052523,398,617,5.986452005284438,6.424869023905388,8.256342168957675,2.5649493574615367
4734,8743acc8affffff,8743acc8affffff,34,0.0,398,510,5.986452005284438,6.234410725718371,0.0,3.5263605246161616
4735,8743acc8affffff,8743acc8bffffff,18,2.264553655976259,398,418,5.986452005284438,6.035481432524756,7.72557444777123,2.8903717578961645
4736,8743acc8affffff,8743acc8cffffff,8,4.159242511971975,398,386,5.986452005284438,5.955837369464831,8.333328647703263,2.0794415416798357
4737,8743acc8affffff,8743acc8dffffff,13,4.58805204839176,398,623,5.986452005284438,6.434546518787453,8.431428756320438,2.5649493574615367
4738,8743acc8affffff,8743acc8effffff,32,2.439470878775624,398,693,5.986452005284438,6.541029999189903,7.799946282773168,3.4657359027997265
4739,8743acc8affffff,8743acc90ffffff,5,9.051735161288281,398,353,5.986452005284438,5.8664680569332965,9.11082221879902,1.6094379124341003
4740,8743acc8affffff,8743acc91ffffff,18,6.789773876082261,398,927,5.986452005284438,6.831953565565855,8.823320186971763,2.8903717578961645
4741,8743acc8affffff,8743acc92ffffff,1,10.24116033067993,398,365,5.986452005284438,5.8998973535824915,9.234267846135463,0.0
4742,8743acc8affffff,8743acc93ffffff,4,8.039531172742766,398,349,5.986452005284438,5.855071922202427,8.992250426252271,1.3862943611198906
4743,8743acc8affffff,8743acc95ffffff,4,8.335748960304596,398,314,5.986452005284438,5.749392985908253,9.028428606442871,1.3862943611198906
4744,8743acc8affffff,8743acc98ffffff,8,3.8488680726106415,398,461,5.986452005284438,6.133398042996649,8.25579415984033,2.0794415416798357
4745,8743acc8affffff,8743acc9affffff,5,5.916780326318106,398,284,5.986452005284438,5.648974238161206,8.685716712689947,1.6094379124341003
4746,8743acc8affffff,8743acc9cffffff,17,4.527164059301888,398,487,5.986452005284438,6.18826412308259,8.418071851404628,2.833213344056216
4747,8743acc8affffff,8743acc9dffffff,40,2.2639060029859963,398,654,5.986452005284438,6.483107351457199,7.725288537270562,3.6888794541139363
4748,8743acc8affffff,8743acc9effffff,16,5.882907445292859,398,612,5.986452005284438,6.416732282512326,8.679976351701768,2.772588722239781
4749,8743acc8affffff,8743acca1ffffff,5,11.172993674435963,398,655,5.986452005284438,6.484635235635252,9.321344363922277,1.6094379124341003
4750,8743acc8affffff,8743acca2ffffff,3,11.116217275960693,398,736,5.986452005284438,6.601230118728877,9.316250291520513,1.0986122886681098
4751,8743acc8affffff,8743acca3ffffff,3,9.757526237164683,398,340,5.986452005284438,5.8289456176102075,9.185896667714943,1.0986122886681098
4752,8743acc8affffff,8743acca6ffffff,2,13.524847584383162,398,594,5.986452005284438,6.386879319362645,9.5123577697277,0.6931471805599453
4753,8743acc8affffff,8743acca8ffffff,9,8.319472414610296,398,508,5.986452005284438,6.230481447578482,9.026474312805496,2.1972245773362196
4754,8743acc8affffff,8743acca9ffffff,1,8.46147217537942,398,160,5.986452005284438,5.075173815233827,9.04339662922451,0.0
4755,8743acc8affffff,8743accaaffffff,6,6.421969919464597,398,490,5.986452005284438,6.194405391104672,8.76763589399361,1.791759469228055
4756,8743acc8affffff,8743accabffffff,2,6.259263198798001,398,256,5.986452005284438,5.545177444479562,8.74197750774672,0.6931471805599453
4757,8743acc8affffff,8743accacffffff,4,10.543010387175823,398,639,5.986452005284438,6.459904454377535,9.263313241868493,1.3862943611198906
4758,8743acc8affffff,8743accaeffffff,4,8.779948342859644,398,671,5.986452005284438,6.508769136971682,9.080339692511538,1.3862943611198906
4759,8743acc8affffff,8743accb1ffffff,2,10.435787911828703,398,637,5.986452005284438,6.456769655572163,9.253092142815335,0.6931471805599453
4760,8743acc8affffff,8743accb5ffffff,1,12.734268101646078,398,508,5.986452005284438,6.230481447578482,9.452130439539513,0.0
4761,8743acc8affffff,8743accd0ffffff,4,6.7956027480459635,398,91,5.986452005284438,4.51085950651685,8.824178170449004,1.3862943611198906
4762,8743acc8affffff,8743accd2ffffff,6,6.173896479008013,398,238,5.986452005284438,5.472270673671475,8.728247396822535,1.791759469228055
4763,8743acc8affffff,8743accd3ffffff,1,8.343104596475097,398,40,5.986452005284438,3.6888794541139363,9.02931053213357,0.0
4764,8743acc8affffff,8743accd4ffffff,2,5.887816943221611,398,81,5.986452005284438,4.394449154672439,8.680810397934627,0.6931471805599453
4765,8743acc8affffff,8743accd6ffffff,11,4.529754670433903,398,520,5.986452005284438,6.253828811575473,8.418643798516623,2.3978952727983707
4766,8743acc8affffff,8743accf2ffffff,3,5.921576434706938,398,168,5.986452005284438,5.123963979403259,8.686526841767632,1.0986122886681098
4767,8743acc8bffffff,8743a126affffff,1,13.537749762142893,314,256,5.749392985908253,5.545177444479562,9.51331120558133,0.0
4768,8743acc8bffffff,8743ac500ffffff,1,10.53965427293831,314,17,5.749392985908253,2.833213344056216,9.262994895400105,0.0
4769,8743acc8bffffff,8743ac501ffffff,2,11.172658556574445,314,22,5.749392985908253,3.091042453358316,9.32131437259629,0.6931471805599453
4770,8743acc8bffffff,8743ac505ffffff,2,8.779460163173052,314,17,5.749392985908253,2.833213344056216,9.08028409563996,0.6931471805599453
4771,8743acc8bffffff,8743ac506ffffff,6,10.373037105414552,314,37,5.749392985908253,3.6109179126442243,9.247061531675197,1.791759469228055
4772,8743acc8bffffff,8743ac515ffffff,1,12.511034963518675,314,7,5.749392985908253,1.9459101490553132,9.43444625718006,0.0
4773,8743acc8bffffff,8743ac520ffffff,2,4.1588265208511235,314,45,5.749392985908253,3.8066624897703196,8.333228650667289,0.6931471805599453
4774,8743acc8bffffff,8743ac524ffffff,6,2.293579174190711,314,68,5.749392985908253,4.219507705176107,7.738304739315275,1.791759469228055
4775,8743acc8bffffff,8743ac525ffffff,6,2.4398920839072957,314,88,5.749392985908253,4.477336814478207,7.800118859627598,1.791759469228055
4776,8743acc8bffffff,8743ac526ffffff,1,4.586556895384712,314,18,5.749392985908253,2.8903717578961645,8.431102894549616,0.0
4777,8743acc8bffffff,8743ac52affffff,2,9.759909348257503,314,43,5.749392985908253,3.7612001156935624,9.18614084599502,0.6931471805599453
4778,8743acc8bffffff,8743ac52cffffff,18,6.37152574435831,314,185,5.749392985908253,5.220355825078324,8.759751176157106,2.8903717578961645
4779,8743acc8bffffff,8743ac531ffffff,1,8.45640135373631,314,3,5.749392985908253,1.0986122886681098,9.042797236825246,0.0
4780,8743acc8bffffff,8743ac533ffffff,1,10.69421675585052,314,20,5.749392985908253,2.995732273553991,9.277551888337829,0.0
4781,8743acc8bffffff,8743acc80ffffff,1,8.220179753220892,314,312,5.749392985908253,5.7430031878094825,9.014469000041533,0.0
4782,8743acc8bffffff,8743acc81ffffff,12,6.369401902672066,314,607,5.749392985908253,6.408528791059498,8.759417839617068,2.4849066497880004
4783,8743acc8bffffff,8743acc82ffffff,8,8.33791055305775,314,621,5.749392985908253,6.431331081933479,9.028687857690299,2.0794415416798357
4784,8743acc8bffffff,8743acc83ffffff,3,6.171737051271899,314,574,5.749392985908253,6.352629396319567,8.727897624900194,1.0986122886681098
4785,8743acc8bffffff,8743acc88ffffff,18,2.4398340589702276,314,458,5.749392985908253,6.126869184114185,7.800095087324371,2.8903717578961645
4786,8743acc8bffffff,8743acc89ffffff,23,2.2941802691243462,314,617,5.749392985908253,6.424869023905388,7.738566668047922,3.1354942159291497
4787,8743acc8bffffff,8743acc8affffff,3,2.264553655976259,314,510,5.749392985908253,6.234410725718371,7.72557444777123,1.0986122886681098
4788,8743acc8bffffff,8743acc8bffffff,27,0.0,314,418,5.749392985908253,6.035481432524756,0.0,3.295836866004329
4789,8743acc8bffffff,8743acc8cffffff,6,4.879609379460401,314,386,5.749392985908253,5.955837369464831,8.493025363891475,1.791759469228055
4790,8743acc8bffffff,8743acc8dffffff,12,4.159817524342332,314,623,5.749392985908253,6.434546518787453,8.333466854222328,2.4849066497880004
4791,8743acc8bffffff,8743acc8effffff,11,4.110727745153419,314,693,5.749392985908253,6.541029999189903,8.321598595106803,2.3978952727983707
4792,8743acc8bffffff,8743acc91ffffff,2,9.05432753205852,314,927,5.749392985908253,6.831953565565855,9.111108541066825,0.6931471805599453
4793,8743acc8bffffff,8743acc93ffffff,1,10.244187115501298,314,349,5.749392985908253,5.855071922202427,9.234563324586379,0.0
4794,8743acc8bffffff,8743acc98ffffff,6,5.884633409991896,314,461,5.749392985908253,6.133398042996649,8.680269645167101,1.791759469228055
4795,8743acc8bffffff,8743acc9affffff,4,7.697772306182642,314,284,5.749392985908253,5.648974238161206,8.948816154374246,1.3862943611198906
4796,8743acc8bffffff,8743acc9bffffff,1,5.91828156969264,314,61,5.749392985908253,4.110873864173311,8.685970364042921,0.0
4797,8743acc8bffffff,8743acc9cffffff,14,6.791717715278147,314,487,5.749392985908253,6.18826412308259,8.823606393091314,2.6390573296152584
4798,8743acc8bffffff,8743acc9dffffff,5,4.528459658962255,314,654,5.749392985908253,6.483107351457199,8.418357930780301,1.6094379124341003
4799,8743acc8bffffff,8743acc9effffff,9,8.041908021156477,314,612,5.749392985908253,6.416732282512326,8.992545990951134,2.1972245773362196
4800,8743acc8bffffff,8743acca2ffffff,4,12.736668299378271,314,736,5.749392985908253,6.601230118728877,9.452318890348756,1.3862943611198906
4801,8743acc8bffffff,8743acca8ffffff,1,8.781134535612145,314,508,5.749392985908253,6.230481447578482,9.08047477047735,0.0
4802,8743acc8bffffff,8743accaaffffff,6,7.319325248024947,314,490,5.749392985908253,6.194405391104672,8.898410038758543,1.791759469228055
4803,8743acc8bffffff,8743accabffffff,4,6.422828657714332,314,256,5.749392985908253,5.545177444479562,8.767769583059545,1.3862943611198906
4804,8743acc8bffffff,8743accaeffffff,2,9.758980951328233,314,671,5.749392985908253,6.508769136971682,9.18604572769706,0.6931471805599453
4805,8743acc8bffffff,8743accb0ffffff,1,14.326536232910726,314,947,5.749392985908253,6.853299093186078,9.569938575329394,0.0
4806,8743acc8bffffff,8743accd0ffffff,11,4.531049092069704,314,91,5.749392985908253,4.51085950651685,8.418929454408227,2.3978952727983707
4807,8743acc8bffffff,8743accd2ffffff,16,4.112000652083983,314,238,5.749392985908253,5.472270673671475,8.321908126772591,2.772588722239781
4808,8743acc8bffffff,8743accd3ffffff,1,6.175412993242274,314,40,5.749392985908253,3.6888794541139363,8.728492960136336,0.0
4809,8743acc8bffffff,8743accd4ffffff,7,3.8520514468120473,314,81,5.749392985908253,4.394449154672439,8.25662069694087,1.9459101490553132
4810,8743acc8bffffff,8743accd6ffffff,42,2.265201014457643,314,520,5.749392985908253,6.253828811575473,7.725860146593371,3.7376696182833684
4811,8743acc8bffffff,8743accf2ffffff,3,4.5889612743068815,314,168,5.749392985908253,5.123963979403259,8.431626866048822,1.0986122886681098
4812,8743acc8cffffff,8743a126cffffff,1,11.832350917205837,62,356,4.127134385045092,5.87493073085203,9.37867717275535,0.0
4813,8743acc8cffffff,8743ac524ffffff,1,6.421798835997755,62,68,4.127134385045092,4.219507705176107,8.767609257445793,0.0
4814,8743acc8cffffff,8743ac52cffffff,3,11.121162761910975,62,185,4.127134385045092,5.220355825078324,9.316695041870872,1.0986122886681098
4815,8743acc8cffffff,8743acc12ffffff,1,8.781365587474586,62,265,4.127134385045092,5.579729825986222,9.080501079436994,0.0
4816,8743acc8cffffff,8743acc81ffffff,5,2.2641315002197375,62,607,4.127134385045092,6.408528791059498,7.725388093724021,1.6094379124341003
4817,8743acc8cffffff,8743acc83ffffff,1,3.849868009439516,62,574,4.127134385045092,6.352629396319567,8.256053858867498,0.0
4818,8743acc8cffffff,8743acc85ffffff,1,4.109958759239726,62,556,4.127134385045092,6.320768294250582,8.321411555040147,0.0
4819,8743acc8cffffff,8743acc88ffffff,5,2.439775320490174,62,458,4.127134385045092,6.126869184114185,7.800071022113293,1.6094379124341003
4820,8743acc8cffffff,8743acc89ffffff,5,4.111234987828504,62,617,4.127134385045092,6.424869023905388,8.321721952347636,1.6094379124341003
4821,8743acc8cffffff,8743acc8bffffff,3,4.879609379460401,62,418,4.127134385045092,6.035481432524756,8.493025363891475,1.0986122886681098
4822,8743acc8cffffff,8743acc8cffffff,5,0.0,62,386,4.127134385045092,5.955837369464831,0.0,1.6094379124341003
4823,8743acc8cffffff,8743acc8dffffff,6,2.26477937177325,62,623,4.127134385045092,6.434546518787453,7.725674072228667,1.791759469228055
4824,8743acc8cffffff,8743acc8effffff,6,2.293871679977671,62,693,4.127134385045092,6.541029999189903,7.738432208067703,1.791759469228055
4825,8743acc8cffffff,8743acc9dffffff,1,4.58714253213733,62,654,4.127134385045092,6.483107351457199,8.431230544056454,0.0
4826,8743acc8cffffff,8743acca0ffffff,1,8.72480531166523,62,358,4.127134385045092,5.8805329864007,9.074040042142565,0.0
4827,8743acc8cffffff,8743acca3ffffff,1,6.368467027380859,62,340,4.127134385045092,5.8289456176102075,8.75927107589477,0.0
4828,8743acc8cffffff,8743acca5ffffff,1,9.758499629858713,62,342,4.127134385045092,5.834810737062605,9.18599641066041,0.0
4829,8743acc8cffffff,8743acca8ffffff,2,4.160229902638321,62,508,4.127134385045092,6.230481447578482,8.33356595923223,0.6931471805599453
4830,8743acc8cffffff,8743accaaffffff,1,2.439715868564545,62,490,4.127134385045092,6.194405391104672,7.800046664013144,0.0
4831,8743acc8cffffff,8743accacffffff,1,6.423166827506042,62,639,4.127134385045092,6.459904454377535,8.76782222470192,0.0
4832,8743acc8cffffff,8743accaeffffff,2,4.879371571867831,62,671,4.127134385045092,6.508769136971682,8.49297663772475,0.6931471805599453
4833,8743acc8cffffff,8743accd0ffffff,1,8.223743373209226,62,91,4.127134385045092,4.51085950651685,9.01490237432119,0.0
4834,8743acc8cffffff,8743accd2ffffff,2,8.72793989997631,62,238,4.127134385045092,5.472270673671475,9.074399209613276,0.6931471805599453
4835,8743acc8cffffff,8743accd3ffffff,1,10.442882298829522,62,40,4.127134385045092,3.6888794541139363,9.253771660014948,0.0
4836,8743acc8cffffff,8743accd4ffffff,1,6.174130986546183,62,81,4.127134385045092,4.394449154672439,8.728285373667342,0.0
4837,8743acc8cffffff,8743accd6ffffff,4,6.370599806828591,62,520,4.127134385045092,6.253828811575473,8.759605864102916,1.3862943611198906
4838,8743acc8dffffff,8743a126cffffff,1,13.541556578193575,397,356,5.983936280687191,5.87493073085203,9.513592345348217,0.0
4839,8743acc8dffffff,8743ac501ffffff,3,15.189088223823614,397,22,5.983936280687191,3.091042453358316,9.62839840359294,1.0986122886681098
4840,8743acc8dffffff,8743ac505ffffff,2,12.843931598425655,397,17,5.983936280687191,2.833213344056216,9.460704584378046,0.6931471805599453
4841,8743acc8dffffff,8743ac50cffffff,1,16.003616020120734,397,10,5.983936280687191,2.302585092994046,9.68063246087098,0.0
4842,8743acc8dffffff,8743ac515ffffff,1,16.619524713388387,397,7,5.983936280687191,1.9459101490553132,9.71839363911375,0.0
4843,8743acc8dffffff,8743ac521ffffff,1,8.780893395957618,397,18,5.983936280687191,2.8903717578961645,9.08044731212264,0.0
4844,8743acc8dffffff,8743ac524ffffff,1,6.258857958592928,397,68,5.983936280687191,4.219507705176107,8.741912773516097,0.0
4845,8743acc8dffffff,8743ac525ffffff,1,6.422656859881642,397,88,5.983936280687191,4.477336814478207,8.767742838863965,0.0
4846,8743acc8dffffff,8743ac526ffffff,1,8.458939746334883,397,18,5.983936280687191,2.8903717578961645,9.043097330392268,0.0
4847,8743acc8dffffff,8743ac529ffffff,1,13.53349780987172,397,1,5.983936280687191,0.0,9.512997098284464,0.0
4848,8743acc8dffffff,8743ac52affffff,9,13.584398723869256,397,43,5.983936280687191,3.7612001156935624,9.516750871732958,2.1972245773362196
4849,8743acc8dffffff,8743ac52cffffff,7,9.760901769495174,397,185,5.983936280687191,5.220355825078324,9.186242513857557,1.9459101490553132
4850,8743acc8dffffff,8743ac52effffff,1,11.174328087949528,397,12,5.983936280687191,2.4849066497880004,9.32146377815143,0.0
4851,8743acc8dffffff,8743ac535ffffff,1,10.697517267241485,397,41,5.983936280687191,3.713572066704308,9.27786043769285,0.0
4852,8743acc8dffffff,8743acc80ffffff,2,6.792394206965446,397,312,5.983936280687191,5.7430031878094825,8.82370597885827,0.6931471805599453
4853,8743acc8dffffff,8743acc81ffffff,23,4.528910871992988,397,607,5.983936280687191,6.408528791059498,8.418457543226788,3.1354942159291497
4854,8743acc8dffffff,8743acc83ffffff,13,5.885824187493683,397,574,5.983936280687191,6.352629396319567,8.680471944049215,2.5649493574615367
4855,8743acc8dffffff,8743acc84ffffff,1,8.338314921670822,397,328,5.983936280687191,5.793013608384144,9.028736348294261,0.0
4856,8743acc8dffffff,8743acc85ffffff,8,6.171968736085099,397,556,5.983936280687191,6.320768294250582,8.727935157758537,2.0794415416798357
4857,8743acc8dffffff,8743acc86ffffff,2,9.055229083815588,397,205,5.983936280687191,5.3230099791384085,9.111208096480745,0.6931471805599453
4860,8743acc8dffffff,8743acc8affffff,14,4.58805204839176,397,510,5.983936280687191,6.234410725718371,8.431428756320438,2.6390573296152584
4861,8743acc8dffffff,8743acc8bffffff,42,4.159817524342332,397,418,5.983936280687191,6.035481432524756,8.333466854222328,3.7376696182833684
4862,8743acc8dffffff,8743acc8cffffff,52,2.26477937177325,397,386,5.983936280687191,5.955837369464831,7.725674072228667,3.9512437185814275
4864,8743acc8dffffff,8743acc8effffff,53,3.850941577917021,397,693,5.983936280687191,6.541029999189903,8.256332606114793,3.970291913552122
4865,8743acc8dffffff,8743acc91ffffff,1,9.68292510123206,397,927,5.983936280687191,6.831953565565855,9.178222583747996,0.0
4866,8743acc8dffffff,8743acc98ffffff,4,8.110091634764771,397,461,5.983936280687191,6.133398042996649,9.000987741598042,1.3862943611198906
4867,8743acc8dffffff,8743acc9affffff,1,10.3440971683456,397,284,5.983936280687191,5.648974238161206,9.24426798291906,0.0
4868,8743acc8dffffff,8743acc9bffffff,3,9.173699535333029,397,61,5.983936280687191,4.110873864173311,9.124204924193952,1.0986122886681098
4869,8743acc8dffffff,8743acc9dffffff,10,5.9200756362029265,397,654,5.983936280687191,6.483107351457199,8.686273406678007,2.302585092994046
4870,8743acc8dffffff,8743acc9effffff,3,9.717689520505962,397,612,5.983936280687191,6.416732282512326,9.181806065371834,1.0986122886681098
4871,8743acc8dffffff,8743acca1ffffff,1,8.726340681620153,397,655,5.983936280687191,6.484635235635252,9.07421598405693,0.0
4872,8743acc8dffffff,8743acca5ffffff,2,11.11878070642706,397,342,5.983936280687191,5.834810737062605,9.31648084696507,0.6931471805599453
4873,8743acc8dffffff,8743acca8ffffff,8,4.880099023324559,397,508,5.983936280687191,6.230481447578482,8.493125683188952,2.0794415416798357
4874,8743acc8dffffff,8743acca9ffffff,2,4.160805334018378,397,160,5.983936280687191,5.075173815233827,8.33370423363925,0.6931471805599453
4875,8743acc8dffffff,8743accaaffffff,19,4.110850582345995,397,490,5.983936280687191,6.194405391104672,8.321628469496682,2.9444389791664403
4876,8743acc8dffffff,8743accabffffff,11,2.4400794282490335,397,256,5.983936280687191,5.545177444479562,7.800195609088902,2.3978952727983707
4877,8743acc8dffffff,8743accacffffff,3,7.320058071655129,397,639,5.983936280687191,6.459904454377535,8.898510141817768,1.0986122886681098
4878,8743acc8dffffff,8743accaeffffff,4,6.369666826875994,397,671,5.983936280687191,6.508769136971682,8.759459425485504,1.3862943611198906
4879,8743acc8dffffff,8743accb1ffffff,2,10.544817405275188,397,637,5.983936280687191,6.456769655572163,9.263484605819073,0.6931471805599453
4880,8743acc8dffffff,8743accd0ffffff,5,6.371796875932255,397,91,5.983936280687191,4.51085950651685,8.759793722208244,1.6094379124341003
4881,8743acc8dffffff,8743accd2ffffff,6,7.32059014642499,397,238,5.983936280687191,5.472270673671475,8.898582816481827,1.791759469228055
4882,8743acc8dffffff,8743accd4ffffff,14,4.112125641610566,397,81,5.983936280687191,4.394449154672439,8.321938515201392,2.6390573296152584
4883,8743acc8dffffff,8743accd6ffffff,25,4.880335501175311,397,520,5.983936280687191,6.253828811575473,8.49317412968049,3.2188758248682006
4884,8743acc8dffffff,8743accf2ffffff,32,2.2654269488098384,397,168,5.983936280687191,5.123963979403259,7.725959839025317,3.4657359027997265
4885,8743acc8effffff,8743a1260ffffff,2,13.499211674618834,1086,269,6.990256500493881,5.594711379601839,9.510460643904992,0.6931471805599453
4886,8743acc8effffff,8743a1261ffffff,1,11.54015882937716,1086,264,6.990256500493881,5.575949103146316,9.353674953510714,0.0
4887,8743acc8effffff,8743a1265ffffff,3,11.760365498905047,1086,224,6.990256500493881,5.4116460518550396,9.372575328564396,1.0986122886681098
4888,8743acc8effffff,8743a126cffffff,6,9.712429832900641,1086,356,6.990256500493881,5.87493073085203,9.18126472578472,1.791759469228055
4889,8743acc8effffff,8743a126dffffff,3,8.105899360385427,1086,166,6.990256500493881,5.111987788356544,9.000470750994955,1.0986122886681098
4890,8743acc8effffff,8743a1300ffffff,1,35.229328863684565,1086,431,6.990256500493881,6.066108090103747,10.469662606054262,0.0
4891,8743acc8effffff,8743a1303ffffff,1,33.88722963137814,1086,368,6.990256500493881,5.908082938168931,10.430823024563791,0.0
4892,8743acc8effffff,8743a136affffff,2,16.66235947862779,1086,932,6.990256500493881,6.837332814685591,9.72096754476975,0.6931471805599453
4893,8743acc8effffff,8743a136bffffff,1,14.48442967449606,1086,578,6.990256500493881,6.359573868672378,9.580898573173654,0.0
4894,8743acc8effffff,8743ac500ffffff,1,13.580633453556814,1086,17,6.990256500493881,2.833213344056216,9.516473677646244,0.0
4895,8743acc8effffff,8743ac501ffffff,3,14.637686371132988,1086,22,6.990256500493881,3.091042453358316,9.591423054741691,1.0986122886681098
4896,8743acc8effffff,8743ac505ffffff,3,12.19793083771679,1086,17,6.990256500493881,2.833213344056216,9.409103590628344,1.0986122886681098
4897,8743acc8effffff,8743ac506ffffff,3,12.840152239147862,1086,37,6.990256500493881,3.6109179126442243,9.460410311469108,1.0986122886681098
4898,8743acc8effffff,8743ac520ffffff,5,7.318586996239949,1086,45,6.990256500493881,3.8066624897703196,8.89830918408492,1.6094379124341003
4899,8743acc8effffff,8743ac521ffffff,3,8.726937781882844,1086,18,6.990256500493881,2.8903717578961645,9.074284398922288,1.0986122886681098
4900,8743acc8effffff,8743ac524ffffff,10,4.879000115290661,1086,68,6.990256500493881,4.219507705176107,8.492900522472327,2.302585092994046
4901,8743acc8effffff,8743ac525ffffff,11,6.369866701200541,1086,88,6.990256500493881,4.477336814478207,8.759490799154007,2.3978952727983707
4902,8743acc8effffff,8743ac52affffff,3,13.529692212939727,1086,43,6.990256500493881,3.7612001156935624,9.512715881196842,1.0986122886681098
4903,8743acc8effffff,8743ac52cffffff,20,10.441658570502975,1086,185,6.990256500493881,5.220355825078324,9.253654481365253,2.995732273553991
4904,8743acc8effffff,8743ac531ffffff,1,10.538633543940444,1086,3,6.990256500493881,1.0986122886681098,9.262898053363836,0.0
4905,8743acc8effffff,8743ac535ffffff,1,8.315928204560239,1086,41,6.990256500493881,3.713572066704308,9.026048259459207,0.0
4906,8743acc8effffff,8743ac536ffffff,1,10.693144801972029,1086,12,6.990256500493881,2.4849066497880004,9.277451655904384,0.0
4907,8743acc8effffff,8743acc12ffffff,5,10.543390468310841,1086,265,6.990256500493881,5.579729825986222,9.263349288331918,1.6094379124341003
4908,8743acc8effffff,8743acc16ffffff,1,12.84563695763759,1086,14,6.990256500493881,2.6390573296152584,9.460837340710983,0.0
4909,8743acc8effffff,8743acc80ffffff,6,4.109452008067474,1086,312,6.990256500493881,5.7430031878094825,8.321288279075173,1.791759469228055
4910,8743acc8effffff,8743acc81ffffff,64,2.4394118078342606,1086,607,6.990256500493881,6.408528791059498,7.799922077749135,4.1588830833596715
4911,8743acc8effffff,8743acc82ffffff,24,4.526741510688181,1086,621,6.990256500493881,6.431331081933479,8.41797853139135,3.1780538303479458
4912,8743acc8effffff,8743acc83ffffff,67,2.263694856634577,1086,574,6.990256500493881,6.352629396319567,7.72519530770879,4.204692619390966
4913,8743acc8effffff,8743acc84ffffff,8,6.3677356599321895,1086,328,6.990256500493881,5.793013608384144,8.759156245338618,2.0794415416798357
4914,8743acc8effffff,8743acc85ffffff,25,4.87876383162945,1086,556,6.990256500493881,6.320768294250582,8.49285210251821,3.2188758248682006
4915,8743acc8effffff,8743acc86ffffff,3,6.169573626177215,1086,205,6.990256500493881,5.3230099791384085,8.727547082784975,1.0986122886681098
4917,8743acc8effffff,8743acc89ffffff,62,4.5293331470822595,1086,617,6.990256500493881,6.424869023905388,8.418550758175234,4.127134385045092
4918,8743acc8effffff,8743acc8affffff,60,2.439470878775624,1086,510,6.990256500493881,6.234410725718371,7.799946282773168,4.0943445622221
4919,8743acc8effffff,8743acc8bffffff,40,4.110727745153419,1086,418,6.990256500493881,6.035481432524756,8.321598595106803,3.6888794541139363
4920,8743acc8effffff,8743acc8cffffff,44,2.293871679977671,1086,386,6.990256500493881,5.955837369464831,7.738432208067703,3.784189633918261
4921,8743acc8effffff,8743acc8dffffff,87,3.850941577917021,1086,623,6.990256500493881,6.434546518787453,8.256332606114793,4.465908118654584
4923,8743acc8effffff,8743acc90ffffff,2,8.039037788003185,1086,353,6.990256500493881,5.8664680569332965,8.992189062162364,0.6931471805599453
4924,8743acc8effffff,8743acc91ffffff,36,5.88263969887486,1086,927,6.990256500493881,6.831953565565855,8.679930845800707,3.58351893845611
4925,8743acc8effffff,8743acc92ffffff,6,9.677628976314153,1086,365,6.990256500493881,5.8998973535824915,9.177675535561194,1.791759469228055
4926,8743acc8effffff,8743acc93ffffff,3,7.695551272862135,1086,349,6.990256500493881,5.855071922202427,8.948527620869314,1.0986122886681098
4927,8743acc8effffff,8743acc95ffffff,12,6.789139669701685,1086,314,6.990256500493881,5.749392985908253,8.823226790253067,2.4849066497880004
4928,8743acc8effffff,8743acc96ffffff,1,10.240445843158584,1086,94,6.990256500493881,4.543294782270004,9.234198084247291,0.0
4929,8743acc8effffff,8743acc98ffffff,21,4.585940518494254,1086,461,6.990256500493881,6.133398042996649,8.43096852710395,3.044522437723423
4930,8743acc8effffff,8743acc99ffffff,2,4.158460085903795,1086,7,6.990256500493881,1.9459101490553132,8.333140557789886,0.6931471805599453
4931,8743acc8effffff,8743acc9affffff,14,6.878008641814851,1086,284,6.990256500493881,5.648974238161206,8.83622982778556,2.6390573296152584
4932,8743acc8effffff,8743acc9bffffff,1,6.256539726187446,1086,61,6.990256500493881,4.110873864173311,8.741542371857483,0.0
4933,8743acc8effffff,8743acc9cffffff,42,3.8488313078882865,1086,487,6.990256500493881,6.18826412308259,8.255784610188963,3.7376696182833684
4934,8743acc8effffff,8743acc9dffffff,84,2.2932708521596594,1086,654,6.990256500493881,6.483107351457199,7.738170360536389,4.430816798843313
4935,8743acc8effffff,8743acc9effffff,13,5.91692690061394,1086,612,6.990256500493881,6.416732282512326,8.685741480841614,2.5649493574615367
4936,8743acc8effffff,8743acca0ffffff,2,9.757285675230001,1086,358,6.990256500493881,5.8805329864007,9.185872015949503,0.6931471805599453
4937,8743acc8effffff,8743acca1ffffff,7,8.780064085374274,1086,655,6.990256500493881,6.484635235635252,9.080352873519706,1.9459101490553132
4938,8743acc8effffff,8743acca2ffffff,8,8.723806934477718,1086,736,6.990256500493881,6.601230118728877,9.073925618972247,2.0794415416798357
4939,8743acc8effffff,8743acca3ffffff,4,7.31805535838906,1086,340,6.990256500493881,5.8289456176102075,8.898236549227365,1.3862943611198906
4940,8743acc8effffff,8743acca4ffffff,9,12.19645406937085,1086,400,6.990256500493881,5.991464547107982,9.4089825261056,2.1972245773362196
4941,8743acc8effffff,8743acca5ffffff,5,11.173050995471403,1086,342,6.990256500493881,5.834810737062605,9.321349493770215,1.6094379124341003
4942,8743acc8effffff,8743acca6ffffff,8,11.11561694435266,1086,594,6.990256500493881,6.386879319362645,9.316196289893783,2.0794415416798357
4943,8743acc8effffff,8743acca8ffffff,8,6.259666951539311,1086,508,6.990256500493881,6.230481447578482,8.742042000198415,2.0794415416798357
4944,8743acc8effffff,8743acca9ffffff,2,6.883416087325413,1086,160,6.990256500493881,5.075173815233827,8.837015598172686,0.6931471805599453
4945,8743acc8effffff,8743accaaffffff,34,4.15944886361709,1086,490,6.990256500493881,6.194405391104672,8.333378247342488,3.5263605246161616
4946,8743acc8effffff,8743accabffffff,7,4.588343828961728,1086,256,6.990256500493881,5.545177444479562,8.431492336182096,1.9459101490553132
4947,8743acc8effffff,8743accacffffff,7,8.31988331052258,1086,639,6.990256500493881,6.459904454377535,9.026523695310042,1.9459101490553132
4948,8743acc8effffff,8743accaeffffff,12,6.422139195032191,1086,671,6.990256500493881,6.508769136971682,8.767662248365365,2.4849066497880004
4949,8743acc8effffff,8743accb0ffffff,13,10.234131929717135,1086,947,6.990256500493881,6.853299093186078,9.233581388067725,2.5649493574615367
4950,8743acc8effffff,8743accb1ffffff,6,8.217625454893096,1086,637,6.990256500493881,6.456769655572163,9.01415825446809,1.791759469228055
4951,8743acc8effffff,8743accb3ffffff,4,8.334869518955351,1086,462,6.990256500493881,6.135564891081739,9.028323111154155,1.3862943611198906
4952,8743acc8effffff,8743accb4ffffff,1,12.324517522334123,1086,406,6.990256500493881,6.0063531596017325,9.419426987671065,0.0
4953,8743acc8effffff,8743accb5ffffff,5,10.434925903038085,1086,508,6.990256500493881,6.230481447578482,9.25300954610091,1.6094379124341003
4954,8743acc8effffff,8743accb6ffffff,1,12.335457316220893,1086,339,6.990256500493881,5.82600010738045,9.42031416679406,0.0
4955,8743acc8effffff,8743accd0ffffff,10,8.342230323398493,1086,91,6.990256500493881,4.51085950651685,9.029205749304964,2.302585092994046
4956,8743acc8effffff,8743accd2ffffff,32,8.222728397237402,1086,238,6.990256500493881,5.472270673671475,9.01477896152184,3.4657359027997265
4957,8743acc8effffff,8743accd3ffffff,9,10.243418072087055,1086,40,6.990256500493881,3.6888794541139363,9.234488257896947,2.1972245773362196
4958,8743acc8effffff,8743accd4ffffff,5,6.794970848506026,1086,81,6.990256500493881,4.394449154672439,8.824085193274975,1.6094379124341003
4959,8743acc8effffff,8743accd6ffffff,44,6.173255294009242,1086,520,6.990256500493881,6.253828811575473,8.728143554062948,3.784189633918261
4960,8743acc8effffff,8743accf2ffffff,19,5.887549719193608,1086,168,6.990256500493881,5.123963979403259,8.680765018685477,2.9444389791664403
4961,8743acc8effffff,8743acd99ffffff,2,13.524183364985722,1086,443,6.990256500493881,6.093569770045136,9.51230866110786,0.6931471805599453
4962,8743acc8effffff,8743acd9bffffff,4,12.733328631811128,1086,734,6.990256500493881,6.598509028614515,9.45205666767377,1.3862943611198906
4963,8743acc90ffffff,8743a1260ffffff,3,5.910770971020703,125,269,4.8283137373023015,5.594711379601839,8.684700722199135,1.0986122886681098
4964,8743acc90ffffff,8743a1261ffffff,1,4.582006973808126,125,264,4.8283137373023015,5.575949103146316,8.43011060617677,0.0
4965,8743acc90ffffff,8743a1262ffffff,4,8.097822774894617,125,371,4.8283137373023015,5.916202062607435,8.999473993665404,1.3862943611198906
4966,8743acc90ffffff,8743a1263ffffff,2,6.872107592769246,125,305,4.8283137373023015,5.720311776607412,8.835371625410431,0.6931471805599453
4967,8743acc90ffffff,8743a1265ffffff,1,3.844570488005881,125,224,4.8283137373023015,5.4116460518550396,8.254677242326744,0.0
4968,8743acc90ffffff,8743a1268ffffff,1,6.417158922823913,125,24,4.8283137373023015,3.1780538303479458,8.766886583411203,0.0
4969,8743acc90ffffff,8743a126cffffff,1,4.155950047363621,125,356,4.8283137373023015,5.87493073085203,8.332536922669401,0.0
4970,8743acc90ffffff,8743a126dffffff,1,4.876208965634901,125,166,4.8283137373023015,5.111987788356544,8.492328401959435,0.0
4971,8743acc90ffffff,8743a126effffff,2,6.252305765825855,125,282,4.8283137373023015,5.641907070938114,8.740865525432366,0.6931471805599453
4972,8743acc90ffffff,8743a1271ffffff,1,10.328843329918957,125,332,4.8283137373023015,5.805134968916488,9.242792395485502,0.0
4973,8743acc90ffffff,8743a1340ffffff,1,12.324569387450502,125,643,4.8283137373023015,6.466144724237619,9.419431195608553,0.0
4974,8743acc90ffffff,8743a134affffff,1,6.781989758093775,125,79,4.8283137373023015,4.3694478524670215,8.822173251007415,0.0
4975,8743acc90ffffff,8743a134bffffff,1,4.52197581163689,125,52,4.8283137373023015,3.9512437185814275,8.416925421605239,0.0
4976,8743acc90ffffff,8743a134dffffff,1,6.363399914410977,125,307,4.8283137373023015,5.726847747587197,8.758475227585611,0.0
4977,8743acc90ffffff,8743a1368ffffff,1,11.108678912657822,125,725,4.8283137373023015,6.586171654854675,9.31557198146517,0.0
4978,8743acc90ffffff,8743a136affffff,4,10.42744874059739,125,932,4.8283137373023015,6.837332814685591,9.25229280640576,1.3862943611198906
4979,8743acc90ffffff,8743a136bffffff,1,8.718195778112998,125,578,4.8283137373023015,6.359573868672378,9.073282285369208,0.0
4980,8743acc90ffffff,8743acc81ffffff,1,7.695476920470869,125,607,4.8283137373023015,6.408528791059498,8.94851796034114,0.0
4981,8743acc90ffffff,8743acc82ffffff,10,3.846682824681402,125,621,4.8283137373023015,6.431331081933479,8.25522638237004,2.302585092994046
4982,8743acc90ffffff,8743acc83ffffff,3,5.880912696566466,125,574,4.8283137373023015,6.352629396319567,8.67963727652954,1.0986122886681098
4983,8743acc90ffffff,8743acc84ffffff,5,6.877519462122456,125,328,4.8283137373023015,5.793013608384144,8.836158713310795,1.6094379124341003
4984,8743acc90ffffff,8743acc85ffffff,2,8.10652518850099,125,556,4.8283137373023015,6.320768294250582,9.000547944991446,0.6931471805599453
4985,8743acc90ffffff,8743acc86ffffff,2,4.584412250425224,125,205,4.8283137373023015,5.3230099791384085,8.430635293500385,0.6931471805599453
4986,8743acc90ffffff,8743acc8affffff,1,9.051735161288281,125,510,4.8283137373023015,6.234410725718371,9.11082221879902,0.0
4987,8743acc90ffffff,8743acc8cffffff,1,9.680124273092066,125,386,4.8283137373023015,5.955837369464831,9.17793331744091,0.0
4988,8743acc90ffffff,8743acc8effffff,10,8.039037788003185,125,693,4.8283137373023015,6.541029999189903,8.992189062162364,2.302585092994046
4989,8743acc90ffffff,8743acc90ffffff,6,0.0,125,353,4.8283137373023015,5.8664680569332965,0.0,1.791759469228055
4990,8743acc90ffffff,8743acc91ffffff,12,2.261961285206021,125,927,4.8283137373023015,6.831953565565855,7.7244295377567616,2.4849066497880004
4991,8743acc90ffffff,8743acc92ffffff,1,2.291304324526541,125,365,4.8283137373023015,5.8998973535824915,7.737312845864606,0.0
4992,8743acc90ffffff,8743acc95ffffff,3,2.2919056438820387,125,314,4.8283137373023015,5.749392985908253,7.737575132374095,1.0986122886681098
4993,8743acc90ffffff,8743acc96ffffff,2,2.2613124624130916,125,94,4.8283137373023015,4.543294782270004,7.7241427825973785,0.6931471805599453
4994,8743acc90ffffff,8743acc98ffffff,2,6.167821948555551,125,461,4.8283137373023015,6.133398042996649,8.727263166506772,0.6931471805599453
4995,8743acc90ffffff,8743acc9affffff,1,6.365537381241521,125,284,4.8283137373023015,5.648974238161206,8.75881101854915,0.0
4996,8743acc90ffffff,8743acc9cffffff,6,4.5245711019863935,125,487,4.8283137373023015,6.18826412308259,8.417499058553899,1.791759469228055
4997,8743acc90ffffff,8743acc9dffffff,2,6.7878291583022845,125,654,4.8283137373023015,6.483107351457199,8.823033769498682,0.6931471805599453
4998,8743acc90ffffff,8743acc9effffff,5,4.107545150627484,125,612,4.8283137373023015,6.416732282512326,8.32082426687578,1.6094379124341003
4999,8743acc90ffffff,8743acca2ffffff,5,8.455952997733984,125,736,4.8283137373023015,6.601230118728877,9.042744221972523,1.6094379124341003
5000,8743acc90ffffff,8743acca6ffffff,1,10.373122696457402,125,594,4.8283137373023015,6.386879319362645,9.247069782145953,0.0
5001,8743acc90ffffff,8743acca9ffffff,1,13.545358099648384,125,160,4.8283137373023015,5.075173815233827,9.513873015247693,0.0
5002,8743acc90ffffff,8743accaaffffff,4,9.715230224858331,125,490,4.8283137373023015,6.194405391104672,9.181552985277552,1.3862943611198906
5003,8743acc90ffffff,8743accaeffffff,1,10.342656890160045,125,671,4.8283137373023015,6.508769136971682,9.244128749963435,0.0
5004,8743acc90ffffff,8743accb0ffffff,2,6.418528740159028,125,947,4.8283137373023015,6.853299093186078,8.767099989030077,0.6931471805599453
5005,8743acc90ffffff,8743accb1ffffff,2,6.255434706344566,125,637,4.8283137373023015,6.456769655572163,8.74136576611936,0.6931471805599453
5006,8743acc90ffffff,8743accb3ffffff,7,4.156938948360743,125,462,4.8283137373023015,6.135564891081739,8.33277478537624,1.9459101490553132
5007,8743acc91ffffff,8743a1224ffffff,1,23.654727708756816,1308,845,7.176254532017144,6.739336627357174,10.071360551014461,0.0
5008,8743acc91ffffff,8743a1244ffffff,4,10.331229072742236,1308,322,7.176254532017144,5.7745515455444085,9.243023325160646,1.3862943611198906
5009,8743acc91ffffff,8743a1245ffffff,1,9.1634271169635,1308,30,7.176254532017144,3.4011973816621555,9.123084650623827,0.0
5010,8743acc91ffffff,8743a1246ffffff,1,12.5829665348991,1308,158,7.176254532017144,5.062595033026967,9.440178785397253,0.0
5011,8743acc91ffffff,8743a1260ffffff,9,7.68917789137129,1308,269,7.176254532017144,5.594711379601839,8.947699195050243,2.1972245773362196
5012,8743acc91ffffff,8743a1261ffffff,16,5.912273963805071,1308,264,7.176254532017144,5.575949103146316,8.684954927202288,2.772588722239781
5013,8743acc91ffffff,8743a1262ffffff,22,9.704592667594719,1308,371,7.176254532017144,5.916202062607435,9.18045756201206,3.091042453358316
5014,8743acc91ffffff,8743a1263ffffff,22,8.099764098167869,1308,305,7.176254532017144,5.720311776607412,8.999713669318586,3.091042453358316
5015,8743acc91ffffff,8743a1264ffffff,6,8.032395142960459,1308,40,7.176254532017144,3.6888794541139363,8.991362524925492,1.791759469228055
5016,8743acc91ffffff,8743a1265ffffff,16,5.877725800030187,1308,224,7.176254532017144,5.4116460518550396,8.67909531673455,2.772588722239781
5017,8743acc91ffffff,8743a1268ffffff,1,6.253263114146737,1308,24,7.176254532017144,3.1780538303479458,8.741018608470634,0.0
5018,8743acc91ffffff,8743a1269ffffff,1,6.418018631914029,1308,24,7.176254532017144,3.1780538303479458,8.76702052392698,0.0
5019,8743acc91ffffff,8743a126affffff,8,8.450886164679348,1308,256,7.176254532017144,5.545177444479562,9.042144910197464,2.0794415416798357
5020,8743acc91ffffff,8743a126cffffff,29,4.582917532182762,1308,356,7.176254532017144,5.87493073085203,8.43030926787122,3.367295829986474
5021,8743acc91ffffff,8743a126dffffff,10,4.156526043484455,1308,166,7.176254532017144,5.111987788356544,8.33267547526501,2.302585092994046
5022,8743acc91ffffff,8743a126effffff,15,6.873473495452614,1308,282,7.176254532017144,5.641907070938114,8.835570337122565,2.70805020110221
5023,8743acc91ffffff,8743a1274ffffff,2,13.487919636814182,1308,44,7.176254532017144,3.784189633918261,9.509623859768945,0.6931471805599453
5024,8743acc91ffffff,8743a1275ffffff,2,11.53059642841855,1308,132,7.176254532017144,4.882801922586371,9.35284606234455,0.6931471805599453
5025,8743acc91ffffff,8743a1340ffffff,5,14.474901414796104,1308,643,7.176254532017144,6.466144724237619,9.580240574408723,1.6094379124341003
5026,8743acc91ffffff,8743a1341ffffff,1,12.327616833225262,1308,292,7.176254532017144,5.676753802268282,9.419678410889805,0.0
5027,8743acc91ffffff,8743a1345ffffff,2,14.3133409346023,1308,450,7.176254532017144,6.1092475827643655,9.569017176276894,0.6931471805599453
5028,8743acc91ffffff,8743a1348ffffff,1,8.329257386186017,1308,135,7.176254532017144,4.90527477843843,9.027649633385336,0.0
5029,8743acc91ffffff,8743a134affffff,1,9.043951043299796,1308,79,7.176254532017144,4.3694478524670215,9.109961985244244,0.0
5030,8743acc91ffffff,8743a134cffffff,5,10.22794917232623,1308,283,7.176254532017144,5.645446897643238,9.232977133466877,1.6094379124341003
5031,8743acc91ffffff,8743a134dffffff,6,8.213039180721255,1308,307,7.176254532017144,5.726847747587197,9.013600064497975,1.791759469228055
5032,8743acc91ffffff,8743a134effffff,5,10.532977062281303,1308,325,7.176254532017144,5.783825182329737,9.262361222547257,1.6094379124341003
5033,8743acc91ffffff,8743a135affffff,2,13.886703808730761,1308,504,7.176254532017144,6.222576268071369,9.538759109536382,0.6931471805599453
5034,8743acc91ffffff,8743a1368ffffff,3,12.727057564377805,1308,725,7.176254532017144,6.586171654854675,9.451564092664357,1.0986122886681098
5035,8743acc91ffffff,8743a1369ffffff,3,11.110565584525975,1308,444,7.176254532017144,6.095824562432225,9.315741789404859,1.0986122886681098
5036,8743acc91ffffff,8743a136affffff,7,12.317635372464679,1308,932,7.176254532017144,6.837332814685591,9.418868465730569,1.9459101490553132
5037,8743acc91ffffff,8743a136bffffff,6,10.429535597919282,1308,578,7.176254532017144,6.359573868672378,9.25249289834648,1.791759469228055
5038,8743acc91ffffff,8743a136dffffff,1,13.518134026101622,1308,609,7.176254532017144,6.411818267709897,9.511861296221737,0.0
5039,8743acc91ffffff,8743ac500ffffff,1,15.079034556968145,1308,17,7.176254532017144,2.833213344056216,9.621126933135459,0.0
5040,8743acc91ffffff,8743ac501ffffff,3,16.796921985507073,1308,22,7.176254532017144,3.091042453358316,9.72901046640208,1.0986122886681098
5041,8743acc91ffffff,8743ac506ffffff,1,13.523655643472686,1308,37,7.176254532017144,3.6109179126442243,9.51226964264916,0.0
5042,8743acc91ffffff,8743ac515ffffff,1,14.631499276835266,1308,7,7.176254532017144,1.9459101490553132,9.591000311743558,0.0
5043,8743acc91ffffff,8743ac520ffffff,11,10.237247474455438,1308,45,7.176254532017144,3.8066624897703196,9.233885738873798,2.3978952727983707
5044,8743acc91ffffff,8743ac521ffffff,2,12.342361631602271,1308,18,7.176254532017144,2.8903717578961645,9.420873677832297,0.6931471805599453
5045,8743acc91ffffff,8743ac524ffffff,12,8.336626651135486,1308,68,7.176254532017144,4.219507705176107,9.028533880649492,2.4849066497880004
5046,8743acc91ffffff,8743ac525ffffff,8,10.54531864870569,1308,88,7.176254532017144,4.477336814478207,9.263532134758705,2.0794415416798357
5047,8743acc91ffffff,8743ac526ffffff,3,8.218149477790542,1308,18,7.176254532017144,2.8903717578961645,9.014222012841685,1.0986122886681098
5048,8743acc91ffffff,8743ac52affffff,3,16.441386649544192,1308,43,7.176254532017144,3.7612001156935624,9.707617831403482,1.0986122886681098
5049,8743acc91ffffff,8743ac52cffffff,25,14.496369598355209,1308,185,7.176254532017144,5.220355825078324,9.581722504942439,3.2188758248682006
5050,8743acc91ffffff,8743ac52effffff,2,14.330809626414004,1308,12,7.176254532017144,2.4849066497880004,9.570236795222892,0.6931471805599453
5051,8743acc91ffffff,8743ac534ffffff,2,7.315492161789311,1308,14,7.176254532017144,2.6390573296152584,8.89788627922586,0.6931471805599453
5052,8743acc91ffffff,8743ac535ffffff,12,8.722871141866388,1308,41,7.176254532017144,3.713572066704308,9.073818356679007,2.4849066497880004
5053,8743acc91ffffff,8743ac536ffffff,2,8.77472309170292,1308,12,7.176254532017144,2.4849066497880004,9.079744448551944,0.6931471805599453
5054,8743acc91ffffff,8743acc80ffffff,13,4.585322632246323,1308,312,7.176254532017144,5.7430031878094825,8.430833812501586,2.5649493574615367
5055,8743acc91ffffff,8743acc81ffffff,62,5.917072714219231,1308,607,7.176254532017144,6.408528791059498,8.685766119842974,4.127134385045092
5056,8743acc91ffffff,8743acc82ffffff,81,2.292360857079539,1308,621,7.176254532017144,6.431331081933479,7.7377736438207805,4.394449154672439
5058,8743acc91ffffff,8743acc84ffffff,11,6.256392514159434,1308,328,7.176254532017144,5.793013608384144,8.741518846036456,2.3978952727983707
5059,8743acc91ffffff,8743acc85ffffff,20,6.878884967558513,1308,556,7.176254532017144,6.320768294250582,8.836357210956,2.995732273553991
5060,8743acc91ffffff,8743acc86ffffff,6,4.157515365245444,1308,205,7.176254532017144,5.3230099791384085,8.33291340620283,1.791759469228055
5062,8743acc91ffffff,8743acc89ffffff,86,10.246500022669432,1308,617,7.176254532017144,6.424869023905388,9.234789054590683,4.454347296253507
5063,8743acc91ffffff,8743acc8affffff,76,6.789773876082261,1308,510,7.176254532017144,6.234410725718371,8.823320186971763,4.330733340286331
5064,8743acc91ffffff,8743acc8bffffff,40,9.05432753205852,1308,418,7.176254532017144,6.035481432524756,9.111108541066825,3.6888794541139363
5065,8743acc91ffffff,8743acc8cffffff,45,7.697625247292276,1308,386,7.176254532017144,5.955837369464831,8.948797052589043,3.8066624897703196
5066,8743acc91ffffff,8743acc8dffffff,86,9.68292510123206,1308,623,7.176254532017144,6.434546518787453,9.178222583747996,4.454347296253507
5068,8743acc91ffffff,8743acc90ffffff,34,2.261961285206021,1308,353,7.176254532017144,5.8664680569332965,7.7244295377567616,3.5263605246161616
5070,8743acc91ffffff,8743acc92ffffff,34,3.8456453970393745,1308,365,7.176254532017144,5.8998973535824915,8.254956722012846,3.5263605246161616
5071,8743acc91ffffff,8743acc93ffffff,23,2.2917595818614926,1308,349,7.176254532017144,5.855071922202427,7.737511428630623,3.1354942159291497
5072,8743acc91ffffff,8743acc94ffffff,1,4.107159786439733,1308,22,7.176254532017144,3.091042453358316,8.320730466698949,0.0
5073,8743acc91ffffff,8743acc95ffffff,37,2.4383796285465933,1308,314,7.176254532017144,5.749392985908253,7.799499035364427,3.6109179126442243
5074,8743acc91ffffff,8743acc96ffffff,6,4.523273747619111,1308,94,7.176254532017144,4.543294782270004,8.41721234548915,1.791759469228055
5077,8743acc91ffffff,8743acc9bffffff,21,6.366736718382362,1308,61,7.176254532017144,4.110873864173311,8.75899938219438,3.044522437723423
5081,8743acc91ffffff,8743acca0ffffff,4,10.374639976717798,1308,358,7.176254532017144,5.8805329864007,9.247216027699409,1.3862943611198906
5082,8743acc91ffffff,8743acca1ffffff,9,10.697912103893234,1308,655,7.176254532017144,6.484635235635252,9.277897342747652,2.1972245773362196
5083,8743acc91ffffff,8743acca2ffffff,21,8.316016863322794,1308,736,7.176254532017144,6.601230118728877,9.026058919439409,3.044522437723423
5084,8743acc91ffffff,8743acca3ffffff,7,8.457333662614955,1308,340,7.176254532017144,5.8289456176102075,9.042907466605826,1.9459101490553132
5085,8743acc91ffffff,8743acca4ffffff,1,12.475501300429324,1308,400,7.176254532017144,5.991464547107982,9.431602258102668,0.0
5086,8743acc91ffffff,8743acca5ffffff,3,12.515904702357046,1308,342,7.176254532017144,5.834810737062605,9.434835385841906,1.0986122886681098
5087,8743acc91ffffff,8743acca6ffffff,8,10.538754530873115,1308,594,7.176254532017144,6.386879319362645,9.262909532533177,2.0794415416798357
5088,8743acc91ffffff,8743acca8ffffff,9,10.345040687499699,1308,508,7.176254532017144,6.230481447578482,9.244359183234995,2.1972245773362196
5089,8743acc91ffffff,8743acca9ffffff,2,11.838939803346962,1308,160,7.176254532017144,5.075173815233827,9.379233824248296,0.6931471805599453
5090,8743acc91ffffff,8743accaaffffff,27,8.10846515106791,1308,490,7.176254532017144,6.194405391104672,9.000787195621255,3.295836866004329
5091,8743acc91ffffff,8743accabffffff,5,9.717803088809111,1308,256,7.176254532017144,5.545177444479562,9.181817750860846,1.6094379124341003
5092,8743acc91ffffff,8743accacffffff,3,11.467809882797958,1308,639,7.176254532017144,6.459904454377535,9.347386445611727,1.0986122886681098
5093,8743acc91ffffff,8743accadffffff,1,12.603094162781689,1308,26,7.176254532017144,3.258096538021482,9.441776973714198,0.0
5094,8743acc91ffffff,8743accaeffffff,16,9.173047504262941,1308,671,7.176254532017144,6.508769136971682,9.124133853284428,2.772588722239781
5095,8743acc91ffffff,8743accb0ffffff,20,7.314957974398009,1308,947,7.176254532017144,6.853299093186078,8.897813265152815,2.995732273553991
5096,8743acc91ffffff,8743accb1ffffff,18,6.419389967053699,1308,637,7.176254532017144,6.456769655572163,8.767234137370982,2.8903717578961645
5097,8743acc91ffffff,8743accb2ffffff,1,6.364601968837933,1308,7,7.176254532017144,1.9459101490553132,8.758664081356656,0.0
5098,8743acc91ffffff,8743accb3ffffff,21,4.876699190702272,1308,462,7.176254532017144,6.135564891081739,8.492428910351707,3.044522437723423
5099,8743acc91ffffff,8743accb4ffffff,1,9.753155267681997,1308,406,7.176254532017144,6.0063531596017325,9.185448654503155,0.0
5100,8743acc91ffffff,8743accb5ffffff,3,8.776384350142214,1308,508,7.176254532017144,6.230481447578482,9.07993373223858,1.0986122886681098
5101,8743acc91ffffff,8743accb6ffffff,6,8.719734135926632,1308,339,7.176254532017144,5.82600010738045,9.073458703259098,1.791759469228055
5102,8743acc91ffffff,8743accd0ffffff,4,13.585376624128223,1308,91,7.176254532017144,4.51085950651685,9.516822850854444,1.3862943611198906
5103,8743acc91ffffff,8743accd2ffffff,32,12.774301274442626,1308,238,7.176254532017144,5.472270673671475,9.455268997920452,3.4657359027997265
5104,8743acc91ffffff,8743accd3ffffff,3,15.014833124995453,1308,40,7.176254532017144,3.6888794541139363,9.616860465058313,1.0986122886681098
5105,8743acc91ffffff,8743accd4ffffff,9,12.473710432926676,1308,81,7.176254532017144,4.394449154672439,9.431458708560877,2.1972245773362196
5106,8743acc91ffffff,8743accd6ffffff,59,11.319528546516164,1308,520,7.176254532017144,6.253828811575473,9.33437304205552,4.07753744390572
5107,8743acc91ffffff,8743accf2ffffff,22,11.770189418068467,1308,168,7.176254532017144,5.123963979403259,9.373410250209647,3.091042453358316
5108,8743acc91ffffff,8743acd98ffffff,1,13.576897262125486,1308,417,7.176254532017144,6.0330862217988015,9.516198548337568,0.0
5109,8743acc91ffffff,8743acd9affffff,5,12.191290358702293,1308,591,7.176254532017144,6.3818160174060985,9.408559093153201,1.6094379124341003
5110,8743acc91ffffff,8743acd9bffffff,3,11.168396824503887,1308,734,7.176254532017144,6.598509028614515,9.320932891008429,1.0986122886681098
5111,8743acc92ffffff,8743a1242ffffff,1,10.682574164920366,174,14,5.159055299214529,2.6390573296152584,9.276462716164879,0.0
5112,8743acc92ffffff,8743a1244ffffff,8,6.870301502611704,174,322,5.159055299214529,5.7745515455444085,8.835108814524142,2.0794415416798357
5113,8743acc92ffffff,8743a1246ffffff,3,9.159196998931622,174,158,5.159055299214529,5.062595033026967,9.1226229638705,1.0986122886681098
5114,8743acc92ffffff,8743a1260ffffff,6,3.8435324943319147,174,269,5.159055299214529,5.594711379601839,8.254407286597242,1.791759469228055
5115,8743acc92ffffff,8743a1261ffffff,8,2.290702649281585,174,264,5.159055299214529,5.575949103146316,7.737050335248086,2.0794415416798357
5116,8743acc92ffffff,8743a1262ffffff,7,5.909121301922906,174,371,5.159055299214529,5.916202062607435,8.684421635049564,1.9459101490553132
5117,8743acc92ffffff,8743a1263ffffff,16,4.580803268242704,174,305,5.159055299214529,5.720311776607412,8.429847926308764,2.772588722239781
5118,8743acc92ffffff,8743a1265ffffff,8,2.2608753973448934,174,224,5.159055299214529,5.4116460518550396,7.723949569988571,2.0794415416798357
5119,8743acc92ffffff,8743a1268ffffff,1,4.875598655108695,174,24,5.159055299214529,3.1780538303479458,8.492203258927967,0.0
5120,8743acc92ffffff,8743a126affffff,5,6.416126374746909,174,256,5.159055299214529,5.545177444479562,8.766725691299296,1.6094379124341003
5121,8743acc92ffffff,8743a126cffffff,11,2.437770030719851,174,356,5.159055299214529,5.87493073085203,7.79924910542275,2.3978952727983707
5122,8743acc92ffffff,8743a126effffff,3,4.155166379258949,174,282,5.159055299214529,5.641907070938114,8.332348384925726,1.0986122886681098
5123,8743acc92ffffff,8743a1270ffffff,6,9.69932645273008,174,224,5.159055299214529,5.4116460518550396,9.179914818845786,1.791759469228055
5124,8743acc92ffffff,8743a1271ffffff,2,8.095566588751428,174,332,5.159055299214529,5.805134968916488,8.999195372866962,0.6931471805599453
5125,8743acc92ffffff,8743a1275ffffff,1,7.684951031379175,174,132,5.159055299214529,4.882801922586371,8.947149399959446,0.0
5126,8743acc92ffffff,8743a134affffff,1,6.163257210939534,174,79,5.159055299214529,4.3694478524670215,8.726522923496017,0.0
5127,8743acc92ffffff,8743a134bffffff,1,4.105759069161848,174,52,5.159055299214529,3.9512437185814275,8.32038944877386,0.0
5128,8743acc92ffffff,8743a134dffffff,1,7.3129514137908105,174,307,5.159055299214529,5.726847747587197,8.897538955781986,0.0
5129,8743acc92ffffff,8743a134effffff,2,8.210237081916649,174,325,5.159055299214529,5.783825182329737,9.013258870987805,0.6931471805599453
5130,8743acc92ffffff,8743a135bffffff,1,8.02812886686647,174,16,5.159055299214529,2.772588722239781,8.9908313162323,0.0
5131,8743acc92ffffff,8743ac524ffffff,1,11.314104036313216,174,68,5.159055299214529,4.219507705176107,9.333893752573598,0.0
5132,8743acc92ffffff,8743acc81ffffff,3,9.71254380112991,174,607,5.159055299214529,6.408528791059498,9.181276458773235,1.0986122886681098
5133,8743acc92ffffff,8743acc82ffffff,2,5.913922658997159,174,621,5.159055299214529,6.431331081933479,8.685233700925002,0.6931471805599453
5134,8743acc92ffffff,8743acc83ffffff,3,7.693402634892136,174,574,5.159055299214529,6.352629396319567,8.948248412966173,1.0986122886681098
5135,8743acc92ffffff,8743acc85ffffff,1,10.339802143650532,174,556,5.159055299214529,6.320768294250582,9.243852721808869,0.0
5136,8743acc92ffffff,8743acc89ffffff,2,13.906476684854178,174,617,5.159055299214529,6.424869023905388,9.540181865503978,0.6931471805599453
5137,8743acc92ffffff,8743acc8affffff,4,10.24116033067993,174,510,5.159055299214529,6.234410725718371,9.234267846135463,1.3862943611198906
5138,8743acc92ffffff,8743acc8effffff,1,9.677628976314153,174,693,5.159055299214529,6.541029999189903,9.177675535561194,0.0
5139,8743acc92ffffff,8743acc90ffffff,7,2.291304324526541,174,353,5.159055299214529,5.8664680569332965,7.737312845864606,1.9459101490553132
5140,8743acc92ffffff,8743acc91ffffff,8,3.8456453970393745,174,927,5.159055299214529,6.831953565565855,8.254956722012846,2.0794415416798357
5141,8743acc92ffffff,8743acc92ffffff,20,0.0,174,365,5.159055299214529,5.8998973535824915,0.0,2.995732273553991
5142,8743acc92ffffff,8743acc93ffffff,7,2.2615242558771076,174,349,5.159055299214529,5.855071922202427,7.724236396346274,1.9459101490553132
5143,8743acc92ffffff,8743acc94ffffff,1,4.156156661543755,174,22,5.159055299214529,3.091042453358316,8.332586624745021,0.0
5144,8743acc92ffffff,8743acc95ffffff,1,4.583209968408579,174,314,5.159055299214529,5.749392985908253,8.43037306197223,0.0
5145,8743acc92ffffff,8743acc96ffffff,5,2.4377107253641555,174,94,5.159055299214529,4.543294782270004,7.799224787395201,1.6094379124341003
5146,8743acc92ffffff,8743acc9affffff,1,6.16694538467063,174,284,5.159055299214529,5.648974238161206,8.727121060578579,0.0
5147,8743acc92ffffff,8743acc9bffffff,1,8.333180547993145,174,61,5.159055299214529,4.110873864173311,9.028120475773793,0.0
5148,8743acc92ffffff,8743acc9cffffff,2,5.8794536382519516,174,487,5.159055299214529,6.18826412308259,8.67938918727939,0.6931471805599453
5149,8743acc92ffffff,8743acc9dffffff,1,8.03715340832099,174,654,5.159055299214529,6.483107351457199,8.99195466021157,0.0
5150,8743acc92ffffff,8743acc9effffff,4,4.5236970794801135,174,612,5.159055299214529,6.416732282512326,8.417305910131892,1.3862943611198906
5151,8743acc92ffffff,8743acca1ffffff,1,13.756838591431869,174,655,5.159055299214529,6.484635235635252,9.529364020038063,0.0
5152,8743acc92ffffff,8743acca8ffffff,1,14.008228009144764,174,508,5.159055299214529,6.230481447578482,9.547471534968064,0.0
5153,8743acc92ffffff,8743accaaffffff,1,11.832642325340807,174,490,5.159055299214529,6.194405391104672,9.378701798455117,0.0
5154,8743acc92ffffff,8743accaeffffff,2,12.596807471638103,174,671,5.159055299214529,6.508769136971682,9.441278067610588,0.6931471805599453
5155,8743acc92ffffff,8743accb1ffffff,1,8.453998097904293,174,637,5.159055299214529,6.456769655572163,9.042513036365689,0.0
5156,8743acc92ffffff,8743accb3ffffff,1,6.254073485115716,174,462,5.159055299214529,6.135564891081739,8.74114817105194,0.0
5157,8743acc93ffffff,8743a1244ffffff,11,8.09750817668388,385,322,5.953243334287785,5.7745515455444085,8.99943514798006,2.3978952727983707
5158,8743acc93ffffff,8743a1246ffffff,5,10.328368450890695,385,158,5.953243334287785,5.062595033026967,9.242746422867246,1.6094379124341003
5159,8743acc93ffffff,8743a1260ffffff,10,5.876266016617323,385,269,5.953243334287785,5.594711379601839,8.678846969603464,2.302585092994046
5160,8743acc93ffffff,8743a1261ffffff,10,3.844607556515027,385,264,5.953243334287785,5.575949103146316,8.254686881554685,2.302585092994046
5161,8743acc93ffffff,8743a1262ffffff,22,7.6871016463447654,385,371,5.953243334287785,5.916202062607435,8.947429171991546,3.091042453358316
5162,8743acc93ffffff,8743a1263ffffff,32,5.910624510532126,385,305,5.953243334287785,5.720311776607412,8.684675947507499,3.4657359027997265
5163,8743acc93ffffff,8743a1265ffffff,1,4.522399653222001,385,224,5.953243334287785,5.4116460518550396,8.417019125782579,0.0
5164,8743acc93ffffff,8743a1266ffffff,1,8.030509613754898,385,30,5.953243334287785,3.4011973816621555,8.991127786003254,0.0
5165,8743acc93ffffff,8743a126affffff,9,6.251898811096429,385,256,5.953243334287785,5.545177444479562,8.740800444979369,2.1972245773362196
5166,8743acc93ffffff,8743a126cffffff,27,2.2911579503212693,385,356,5.953243334287785,5.87493073085203,7.7372489892129215,3.295836866004329
5167,8743acc93ffffff,8743a126dffffff,18,2.4381339697241398,385,166,5.953243334287785,5.111987788356544,7.7993983248436045,2.8903717578961645
5168,8743acc93ffffff,8743a126effffff,13,4.581713913591122,385,282,5.953243334287785,5.641907070938114,8.430046659167974,2.5649493574615367
5169,8743acc93ffffff,8743a1270ffffff,7,11.52748121858017,385,224,5.953243334287785,5.4116460518550396,9.352575880265807,1.9459101490553132
5170,8743acc93ffffff,8743a1271ffffff,18,9.701902363169031,385,332,5.953243334287785,5.805134968916488,9.180180332434121,2.8903717578961645
5171,8743acc93ffffff,8743a1273ffffff,1,11.816444211953973,385,4,5.953243334287785,1.3862943611198906,9.377332041856922,0.0
5172,8743acc93ffffff,8743a1275ffffff,2,9.66702884593944,385,132,5.953243334287785,4.882801922586371,9.176579725470084,0.6931471805599453
5173,8743acc93ffffff,8743a1343ffffff,1,12.32586540207334,385,55,5.953243334287785,4.007333185232471,9.419536338539473,0.0
5174,8743acc93ffffff,8743a1348ffffff,1,8.212024873544427,385,135,5.953243334287785,4.90527477843843,9.01347657229331,0.0
5175,8743acc93ffffff,8743a134bffffff,1,6.16477962792997,385,52,5.953243334287785,3.9512437185814275,8.726769867932285,0.0
5176,8743acc93ffffff,8743a134effffff,1,10.226582949429494,385,325,5.953243334287785,5.783825182329737,9.232843560201315,0.0
5177,8743acc93ffffff,8743a135affffff,2,12.449830405078396,385,504,5.953243334287785,6.222576268071369,9.429542598871645,0.6931471805599453
5178,8743acc93ffffff,8743ac515ffffff,1,13.522072512709757,385,7,5.953243334287785,1.9459101490553132,9.512152580635258,0.0
5179,8743acc93ffffff,8743ac521ffffff,2,12.772168150441866,385,18,5.953243334287785,2.8903717578961645,9.45510201147831,0.6931471805599453
5180,8743acc93ffffff,8743ac524ffffff,1,9.052579780436108,385,68,5.953243334287785,4.219507705176107,9.110915514331674,0.0
5181,8743acc93ffffff,8743ac525ffffff,1,11.317343950493528,385,88,5.953243334287785,4.477336814478207,9.33418004692913,0.0
5182,8743acc93ffffff,8743ac533ffffff,2,11.113543667475348,385,20,5.953243334287785,2.995732273553991,9.316009769997722,0.6931471805599453
5183,8743acc93ffffff,8743acc80ffffff,2,6.8770822141078165,385,312,5.953243334287785,5.7430031878094825,8.836095144120513,0.6931471805599453
5184,8743acc93ffffff,8743acc81ffffff,1,8.106212840761886,385,607,5.953243334287785,6.408528791059498,9.00050941859175,0.0
5185,8743acc93ffffff,8743acc82ffffff,8,4.5841204389410315,385,621,5.953243334287785,6.431331081933479,8.430571652380689,2.0794415416798357
5186,8743acc93ffffff,8743acc83ffffff,3,5.915424998659922,385,574,5.953243334287785,6.352629396319567,8.685487660104346,1.0986122886681098
5187,8743acc93ffffff,8743acc88ffffff,2,9.680430181501276,385,458,5.953243334287785,6.126869184114185,9.177964915380112,0.6931471805599453
5188,8743acc93ffffff,8743acc89ffffff,4,11.767272678287384,385,617,5.953243334287785,6.424869023905388,9.373162433179328,1.3862943611198906
5189,8743acc93ffffff,8743acc8affffff,2,8.039531172742766,385,510,5.953243334287785,6.234410725718371,8.992250426252271,0.6931471805599453
5190,8743acc93ffffff,8743acc8bffffff,3,10.244187115501298,385,418,5.953243334287785,6.035481432524756,9.234563324586379,1.0986122886681098
5191,8743acc93ffffff,8743acc8cffffff,1,9.715117047878357,385,386,5.953243334287785,5.955837369464831,9.181541336969874,0.0
5192,8743acc93ffffff,8743acc8effffff,7,7.695551272862135,385,693,5.953243334287785,6.541029999189903,8.948527620869314,1.9459101490553132
5193,8743acc93ffffff,8743acc90ffffff,21,2.4380749959107617,385,353,5.953243334287785,5.8664680569332965,7.799374146374089,3.044522437723423
5194,8743acc93ffffff,8743acc91ffffff,25,2.2917595818614926,385,927,5.953243334287785,6.831953565565855,7.737511428630623,3.2188758248682006
5195,8743acc93ffffff,8743acc92ffffff,13,2.2615242558771076,385,365,5.953243334287785,5.8998973535824915,7.724236396346274,2.5649493574615367
5196,8743acc93ffffff,8743acc93ffffff,33,0.0,385,349,5.953243334287785,5.855071922202427,0.0,3.4965075614664802
5197,8743acc93ffffff,8743acc94ffffff,1,4.876090306078414,385,22,5.953243334287785,3.091042453358316,8.49230407226579,0.0
5198,8743acc93ffffff,8743acc95ffffff,7,4.156733043088289,385,314,5.953243334287785,5.749392985908253,8.332725263155375,1.9459101490553132
5199,8743acc93ffffff,8743acc96ffffff,1,4.106652385868105,385,94,5.953243334287785,4.543294782270004,8.320606948643368,0.0
5200,8743acc93ffffff,8743acc98ffffff,7,4.524993923312911,385,461,5.953243334287785,6.133398042996649,8.417592483575019,1.9459101490553132
5201,8743acc93ffffff,8743acc9affffff,7,4.10792946854708,385,284,5.953243334287785,5.648974238161206,8.32091780362221,1.9459101490553132
5202,8743acc93ffffff,8743acc9cffffff,6,3.8467199649738477,385,487,5.953243334287785,6.18826412308259,8.255236034962232,1.791759469228055
5203,8743acc93ffffff,8743acc9dffffff,5,5.881180854025324,385,654,5.953243334287785,6.483107351457199,8.679682865670387,1.6094379124341003
5204,8743acc93ffffff,8743acc9effffff,23,2.2621728236030063,385,612,5.953243334287785,6.416732282512326,7.7245230119632495,3.1354942159291497
5205,8743acc93ffffff,8743accd6ffffff,2,12.470966498365842,385,520,5.953243334287785,6.253828811575473,9.4312387245863,0.6931471805599453
5206,8743acc93ffffff,8743accf2ffffff,1,13.510495067391847,385,168,5.953243334287785,5.123963979403259,9.511296088591036,0.0
5207,8743acc94ffffff,8743a126dffffff,1,7.3142242758025535,3,166,1.0986122886681098,5.111987788356544,8.897712972697493,0.0
5208,8743acc94ffffff,8743acc8effffff,1,9.050889042043368,3,693,1.0986122886681098,6.541029999189903,9.11072874883952,0.0
5209,8743acc94ffffff,8743acc9cffffff,1,6.167177254239597,3,487,1.0986122886681098,6.18826412308259,8.72715865254743,0.0
5210,8743acc95ffffff,8743a122dffffff,1,15.526118323739075,602,38,6.400257445308821,3.6375861597263857,9.650343343467306,0.0
5211,8743acc95ffffff,8743a1244ffffff,1,11.453511471020283,602,322,6.400257445308821,5.7745515455444085,9.346138946315154,0.0
5212,8743acc95ffffff,8743a1260ffffff,2,8.100077852269685,602,269,6.400257445308821,5.594711379601839,8.999752399989188,0.6931471805599453
5213,8743acc95ffffff,8743a1261ffffff,2,6.873912617690164,602,264,6.400257445308821,5.575949103146316,8.835634212299839,0.6931471805599453
5214,8743acc95ffffff,8743a1262ffffff,3,10.331702799947935,602,371,6.400257445308821,5.916202062607435,9.24306917357754,1.0986122886681098
5215,8743acc95ffffff,8743a1263ffffff,6,9.164013236651282,602,305,6.400257445308821,5.720311776607412,9.123148604533677,1.791759469228055
5216,8743acc95ffffff,8743a1265ffffff,1,5.912419883279158,602,224,6.400257445308821,5.4116460518550396,8.68497960349407,0.0
5217,8743acc95ffffff,8743a126affffff,2,10.367608825455358,602,256,6.400257445308821,5.545177444479562,9.246538138458998,0.6931471805599453
5218,8743acc95ffffff,8743a126cffffff,3,6.253669041859087,602,356,6.400257445308821,5.87493073085203,8.74108351052741,1.0986122886681098
5219,8743acc95ffffff,8743a126dffffff,1,6.418190472981982,602,166,6.400257445308821,5.111987788356544,8.767047294182328,0.0
5220,8743acc95ffffff,8743a126effffff,5,8.451464930190982,602,282,6.400257445308821,5.641907070938114,9.042213385527706,1.6094379124341003
5221,8743acc95ffffff,8743a1271ffffff,1,12.583596206438488,602,332,6.400257445308821,5.805134968916488,9.440228821749823,0.0
5222,8743acc95ffffff,8743a1340ffffff,3,12.754363029804304,602,643,6.400257445308821,6.466144724237619,9.453707091935234,1.0986122886681098
5223,8743acc95ffffff,8743a1341ffffff,1,10.531867995379082,602,292,6.400257445308821,5.676753802268282,9.262255932277148,0.0
5224,8743acc95ffffff,8743a1343ffffff,1,11.302253191038167,602,55,6.400257445308821,4.007333185232471,9.332845856279418,0.0
5225,8743acc95ffffff,8743a1345ffffff,1,12.326319782283178,602,450,6.400257445308821,6.1092475827643655,9.419573198829642,0.0
5226,8743acc95ffffff,8743a1348ffffff,2,6.783300594576213,602,135,6.400257445308821,4.90527477843843,8.822366485832122,0.6931471805599453
5227,8743acc95ffffff,8743a1349ffffff,2,4.522849667198173,602,23,6.400257445308821,3.1354942159291497,8.417118606621584,0.6931471805599453
5228,8743acc95ffffff,8743a134affffff,2,8.031899792221024,602,79,6.400257445308821,4.3694478524670215,8.991300861581008,0.6931471805599453
5229,8743acc95ffffff,8743a134bffffff,4,5.87745682301571,602,52,6.400257445308821,3.9512437185814275,8.679049561382584,1.3862943611198906
5230,8743acc95ffffff,8743a134cffffff,2,8.328374545564047,602,283,6.400257445308821,5.645446897643238,9.02754364777576,0.6931471805599453
5231,8743acc95ffffff,8743a134dffffff,5,6.16500867935142,602,307,6.400257445308821,5.726847747587197,8.726807016059672,1.6094379124341003
5232,8743acc95ffffff,8743a134effffff,1,9.04310186530778,602,325,6.400257445308821,5.783825182329737,9.109868096636927,0.0
5233,8743acc95ffffff,8743a135affffff,5,13.487575292648831,602,504,6.400257445308821,6.222576268071369,9.509598331515393,1.6094379124341003
5234,8743acc95ffffff,8743a135dffffff,1,10.231355549528512,602,77,6.400257445308821,4.343805421853684,9.233310091436083,0.0
5235,8743acc95ffffff,8743a1368ffffff,4,10.428668927080565,602,725,6.400257445308821,6.586171654854675,9.252409805120987,1.3862943611198906
5236,8743acc95ffffff,8743a1369ffffff,4,8.719194672171149,602,444,6.400257445308821,6.095824562432225,9.0733968414441,1.3862943611198906
5237,8743acc95ffffff,8743a136affffff,9,10.22690376675226,602,932,6.400257445308821,6.837332814685591,9.232874927562772,2.1972245773362196
5238,8743acc95ffffff,8743a136bffffff,3,8.212264707643598,602,578,6.400257445308821,6.359573868672378,9.013505773543905,1.0986122886681098
5239,8743acc95ffffff,8743a136dffffff,2,11.109960430122163,602,609,6.400257445308821,6.411818267709897,9.315687326253048,0.6931471805599453
5240,8743acc95ffffff,8743a136effffff,4,12.31647118583728,602,628,6.400257445308821,6.4425401664681985,9.41877395512878,1.3862943611198906
5241,8743acc95ffffff,8743ac520ffffff,1,12.327984232294822,602,45,6.400257445308821,3.8066624897703196,9.419708210955806,0.0
5242,8743acc95ffffff,8743ac521ffffff,1,14.32938864781232,602,18,6.400257445308821,2.8903717578961645,9.570137641725365,0.0
5243,8743acc95ffffff,8743ac525ffffff,3,12.34107714470635,602,88,6.400257445308821,4.477336814478207,9.420769609445365,1.0986122886681098
5244,8743acc95ffffff,8743ac535ffffff,1,11.11424243364194,602,41,6.400257445308821,3.713572066704308,9.31607263755422,0.0
5245,8743acc95ffffff,8743acc12ffffff,1,11.468535497048638,602,265,6.400257445308821,5.579729825986222,9.347449712097509,0.0
5246,8743acc95ffffff,8743acc80ffffff,9,3.8477198381995996,602,312,6.400257445308821,5.7430031878094825,8.255495862429724,2.1972245773362196
5247,8743acc95ffffff,8743acc81ffffff,3,5.882371239153789,602,607,6.400257445308821,6.408528791059498,8.679885216588236,1.0986122886681098
5248,8743acc95ffffff,8743acc82ffffff,75,2.2623981590135034,602,621,6.400257445308821,6.431331081933479,7.7246225731593725,4.31748811353631
5249,8743acc95ffffff,8743acc83ffffff,9,4.525444813067108,602,574,6.400257445308821,6.352629396319567,8.417692100875438,2.1972245773362196
5250,8743acc95ffffff,8743acc84ffffff,7,4.585613818240416,602,328,6.400257445308821,5.793013608384144,8.430897300566889,1.9459101490553132
5251,8743acc95ffffff,8743acc85ffffff,8,5.917217766922327,602,556,6.400257445308821,6.320768294250582,8.685790629667792,2.0794415416798357
5252,8743acc95ffffff,8743acc86ffffff,5,2.292506606543186,602,205,6.400257445308821,5.3230099791384085,7.737837194583846,1.6094379124341003
5253,8743acc95ffffff,8743acc88ffffff,5,9.053482435642264,602,458,6.400257445308821,6.126869184114185,9.111015210831072,1.6094379124341003
5254,8743acc95ffffff,8743acc89ffffff,3,11.318472816783942,602,617,6.400257445308821,6.424869023905388,9.334279779717232,1.0986122886681098
5255,8743acc95ffffff,8743acc8affffff,1,8.335748960304596,602,510,6.400257445308821,6.234410725718371,9.028428606442871,0.0
5256,8743acc95ffffff,8743acc8bffffff,4,10.544217256593646,602,418,6.400257445308821,6.035481432524756,9.263427695507055,1.3862943611198906
5257,8743acc95ffffff,8743acc8cffffff,3,8.04092152435029,602,386,6.400257445308821,5.955837369464831,8.992423329184078,1.0986122886681098
5258,8743acc95ffffff,8743acc8dffffff,6,10.2457859602834,602,623,6.400257445308821,6.434546518787453,9.234719370544417,1.791759469228055
5259,8743acc95ffffff,8743acc8effffff,9,6.789139669701685,602,693,6.400257445308821,6.541029999189903,8.823226790253067,2.1972245773362196
5260,8743acc95ffffff,8743acc90ffffff,28,2.2919056438820387,602,353,6.400257445308821,5.8664680569332965,7.737575132374095,3.332204510175204
5261,8743acc95ffffff,8743acc91ffffff,82,2.4383796285465933,602,927,6.400257445308821,6.831953565565855,7.799499035364427,4.406719247264253
5262,8743acc95ffffff,8743acc92ffffff,5,4.583209968408579,602,365,6.400257445308821,5.8998973535824915,8.43037306197223,1.6094379124341003
5263,8743acc95ffffff,8743acc93ffffff,1,4.156733043088289,602,349,6.400257445308821,5.855071922202427,8.332725263155375,0.0
5264,8743acc95ffffff,8743acc94ffffff,2,2.261749372341683,602,22,6.400257445308821,3.091042453358316,7.7243358893198515,0.6931471805599453
5265,8743acc95ffffff,8743acc95ffffff,43,0.0,602,314,6.400257445308821,5.749392985908253,0.0,3.7612001156935624
5266,8743acc95ffffff,8743acc96ffffff,8,3.8456080696134465,602,94,6.400257445308821,4.543294782270004,8.25494701807521,2.0794415416798357
5267,8743acc95ffffff,8743acc98ffffff,7,6.366270836017683,602,461,6.400257445308821,6.133398042996649,8.758926216573883,1.9459101490553132
5268,8743acc95ffffff,8743acc9affffff,5,7.315316236039091,602,284,6.400257445308821,5.648974238161206,8.89786223384162,1.6094379124341003
5269,8743acc95ffffff,8743acc9cffffff,19,4.1080526078177275,602,487,6.400257445308821,6.18826412308259,8.320947771872206,2.9444389791664403
5270,8743acc95ffffff,8743acc9dffffff,7,6.168698029337219,602,654,6.400257445308821,6.483107351457199,8.727405173941166,1.9459101490553132
5271,8743acc95ffffff,8743acc9effffff,12,4.876818611318379,602,612,6.400257445308821,6.416732282512326,8.492453393032902,2.4849066497880004
5272,8743acc95ffffff,8743acca0ffffff,3,8.457906510772714,602,358,6.400257445308821,5.8805329864007,9.042975190200467,1.0986122886681098
5273,8743acc95ffffff,8743acca1ffffff,7,9.173628623023294,602,655,6.400257445308821,6.484635235635252,9.124197195048872,1.9459101490553132
5274,8743acc95ffffff,8743acca2ffffff,10,6.2567948985977155,602,736,6.400257445308821,6.601230118728877,8.741583149418444,2.302585092994046
5275,8743acc95ffffff,8743acca3ffffff,2,6.879321276775083,602,340,6.400257445308821,5.8289456176102075,8.83642062704279,0.6931471805599453
5276,8743acc95ffffff,8743acca4ffffff,3,10.375255270491765,602,400,6.400257445308821,5.991464547107982,9.247275327707126,1.0986122886681098
5277,8743acc95ffffff,8743acca5ffffff,2,10.698644310680873,602,342,6.400257445308821,5.834810737062605,9.27796577790503,0.6931471805599453
5278,8743acc95ffffff,8743acca6ffffff,5,8.316425448959658,602,594,6.400257445308821,6.386879319362645,9.026108044697628,1.6094379124341003
5279,8743acc95ffffff,8743acca8ffffff,3,9.71791547330029,602,508,6.400257445308821,6.230481447578482,9.18182931440837,1.0986122886681098
5280,8743acc95ffffff,8743accaaffffff,6,7.697550375744671,602,490,6.400257445308821,6.194405391104672,8.948787327227791,1.791759469228055
5281,8743acc95ffffff,8743accabffffff,1,9.68261864635482,602,256,6.400257445308821,5.545177444479562,9.178190937517451,0.0
5282,8743acc95ffffff,8743accacffffff,5,10.345510158650077,602,639,6.400257445308821,6.459904454377535,9.24440455909551,1.6094379124341003
5283,8743acc95ffffff,8743accaeffffff,4,8.108776651027744,602,671,6.400257445308821,6.508769136971682,9.00082560678297,1.3862943611198906
5284,8743acc95ffffff,8743accb0ffffff,17,4.876578345851415,602,947,6.400257445308821,6.853299093186078,8.492404135074857,2.833213344056216
5285,8743acc95ffffff,8743accb1ffffff,14,4.157720560936038,602,637,6.400257445308821,6.456769655572163,8.332962748482514,2.6390573296152584
5286,8743acc95ffffff,8743accb3ffffff,34,2.438319562155678,602,462,6.400257445308821,6.135564891081739,7.799474411427361,3.5263605246161616
5287,8743acc95ffffff,8743accb4ffffff,2,7.314775639135402,602,406,6.400257445308821,6.0063531596017325,8.897788341891166,0.6931471805599453
5288,8743acc95ffffff,8743accb5ffffff,2,6.4195571047208295,602,508,6.400257445308821,6.230481447578482,8.767260169355415,0.6931471805599453
5289,8743acc95ffffff,8743accb6ffffff,2,6.364131629045078,602,339,6.400257445308821,5.82600010738045,8.758590190910445,0.6931471805599453
5290,8743acc95ffffff,8743accd0ffffff,3,15.013297191470572,602,91,6.400257445308821,4.51085950651685,9.616758172227078,1.0986122886681098
5291,8743acc95ffffff,8743accd2ffffff,2,14.494848525416316,602,238,6.400257445308821,5.472270673671475,9.581617578822557,0.6931471805599453
5292,8743acc95ffffff,8743accd6ffffff,6,12.772981182864799,602,520,6.400257445308821,6.253828811575473,9.455165661039567,1.791759469228055
5293,8743acc95ffffff,8743acd99ffffff,4,10.539131325823822,602,443,6.400257445308821,6.093569770045136,9.262945281773312,1.3862943611198906
5294,8743acc95ffffff,8743acd9affffff,2,9.752910730155698,602,591,6.400257445308821,6.3818160174060985,9.185423584101368,0.6931471805599453
5295,8743acc95ffffff,8743acd9bffffff,6,8.776496964534713,602,734,6.400257445308821,6.598509028614515,9.079946562219083,1.791759469228055
5296,8743acc96ffffff,8743a1262ffffff,2,6.870741262814566,11,371,2.3978952727983707,5.916202062607435,8.835172812026082,0.6931471805599453
5297,8743acc96ffffff,8743a1264ffffff,1,3.843495239111997,11,40,2.3978952727983707,3.6888794541139363,8.254397596108092,0.0
5298,8743acc96ffffff,8743a135affffff,1,9.663916868273041,11,504,2.3978952727983707,6.222576268071369,9.17625779028863,0.0
5299,8743acc96ffffff,8743a1363ffffff,1,12.722242286134735,11,553,2.3978952727983707,6.315358001522335,9.451185701122172,0.0
5300,8743acc96ffffff,8743acc80ffffff,1,7.693327907813048,11,312,2.3978952727983707,5.7430031878094825,8.948238701043687,0.0
5301,8743acc96ffffff,8743acc90ffffff,1,2.2613124624130916,11,353,2.3978952727983707,5.8664680569332965,7.7241427825973785,0.0
5302,8743acc96ffffff,8743acc91ffffff,1,4.523273747619111,11,927,2.3978952727983707,6.831953565565855,8.41721234548915,0.0
5303,8743acc96ffffff,8743acc92ffffff,1,2.4377107253641555,11,365,2.3978952727983707,5.8998973535824915,7.799224787395201,0.0
5304,8743acc96ffffff,8743acc94ffffff,1,2.2914502875178835,11,22,2.3978952727983707,3.091042453358316,7.737376519061426,0.0
5305,8743acc96ffffff,8743acc96ffffff,1,0.0,11,94,2.3978952727983707,4.543294782270004,0.0,0.0
5306,8743acc98ffffff,8743a1244ffffff,3,11.533931479910109,347,322,5.849324779946859,5.7745515455444085,9.353135230400364,1.0986122886681098
5307,8743acc98ffffff,8743a1260ffffff,2,10.235818057750256,347,269,5.849324779946859,5.594711379601839,9.233746113757068,0.6931471805599453
5308,8743acc98ffffff,8743a1261ffffff,1,8.03526838740696,347,264,5.849324779946859,5.575949103146316,8.991720123511385,0.0
5309,8743acc98ffffff,8743a1262ffffff,1,11.7545272159358,347,371,5.849324779946859,5.916202062607435,9.37207881032451,0.0
5310,8743acc98ffffff,8743a1263ffffff,5,9.672635623863751,347,305,5.849324779946859,5.720311776607412,9.17715948716434,1.6094379124341003
5311,8743acc98ffffff,8743a1268ffffff,1,5.913629625033892,347,24,5.849324779946859,3.1780538303479458,8.685184158227816,0.0
5312,8743acc98ffffff,8743a126cffffff,6,5.879721493918503,347,356,5.849324779946859,5.87493073085203,8.679434736412635,1.791759469228055
5313,8743acc98ffffff,8743a126dffffff,3,3.8467566587567155,347,166,5.849324779946859,5.111987788356544,8.255245571417131,1.0986122886681098
5314,8743acc98ffffff,8743a126effffff,5,7.691400838127798,347,282,5.849324779946859,5.641907070938114,8.947988216391993,1.6094379124341003
5315,8743acc98ffffff,8743a1270ffffff,2,15.531803755722876,347,224,5.849324779946859,5.4116460518550396,9.650709437885235,0.6931471805599453
5316,8743acc98ffffff,8743a1275ffffff,1,13.891577670745868,347,132,5.849324779946859,4.882801922586371,9.539109995978531,0.0
5317,8743acc98ffffff,8743a136bffffff,1,14.520264203423858,347,578,5.849324779946859,6.359573868672378,9.583369350940238,0.0
5318,8743acc98ffffff,8743ac500ffffff,1,11.11729673346523,347,17,5.849324779946859,2.833213344056216,9.31634738462166,0.0
5319,8743acc98ffffff,8743ac501ffffff,1,12.738912703131792,347,22,5.849324779946859,3.091042453358316,9.45249507691522,0.0
5320,8743acc98ffffff,8743ac506ffffff,2,9.755786711850766,347,37,5.849324779946859,3.6109179126442243,9.18571839485577,0.6931471805599453
5321,8743acc98ffffff,8743ac515ffffff,1,11.168009782702487,347,7,5.849324779946859,1.9459101490553132,9.320898238420332,0.0
5322,8743acc98ffffff,8743ac523ffffff,1,8.220696156153485,347,8,5.849324779946859,2.0794415416798357,9.014531811794855,0.0
5323,8743acc98ffffff,8743ac524ffffff,5,4.5275858571231975,347,68,5.849324779946859,4.219507705176107,8.418164996920515,1.6094379124341003
5324,8743acc98ffffff,8743ac525ffffff,4,6.792350027180617,347,88,5.849324779946859,4.477336814478207,8.823699475492331,1.3862943611198906
5325,8743acc98ffffff,8743ac52affffff,1,12.332949287335964,347,43,5.849324779946859,3.7612001156935624,9.42011084392761,0.0
5326,8743acc98ffffff,8743ac52cffffff,3,10.54922161585652,347,185,5.849324779946859,5.220355825078324,9.26390214492591,1.0986122886681098
5327,8743acc98ffffff,8743ac533ffffff,1,8.775783510988978,347,20,5.849324779946859,2.995732273553991,9.079865276797317,0.0
5328,8743acc98ffffff,8743ac536ffffff,1,6.253812138629653,347,12,5.849324779946859,2.4849066497880004,8.741106388657766,0.0
5329,8743acc98ffffff,8743acc80ffffff,2,6.420080916936477,347,312,5.849324779946859,5.7430031878094825,8.767341749635916,0.6931471805599453
5330,8743acc98ffffff,8743acc81ffffff,15,6.256945539242736,347,607,5.849324779946859,6.408528791059498,8.741607221609103,2.70805020110221
5331,8743acc98ffffff,8743acc82ffffff,4,4.8775463485645805,347,621,5.849324779946859,6.431331081933479,8.49260257507981,1.3862943611198906
5332,8743acc98ffffff,8743acc83ffffff,9,4.15788475583789,347,574,5.849324779946859,6.352629396319567,8.333002229774452,2.1972245773362196
5333,8743acc98ffffff,8743acc84ffffff,1,8.777457073701903,347,328,5.849324779946859,5.793013608384144,9.080055939261886,0.0
5334,8743acc98ffffff,8743acc85ffffff,3,8.31675786956719,347,556,5.849324779946859,6.320768294250582,9.026148010666287,1.0986122886681098
5335,8743acc98ffffff,8743acc86ffffff,2,7.31623027675866,347,205,5.849324779946859,5.3230099791384085,8.897987157860545,0.6931471805599453
5336,8743acc98ffffff,8743acc88ffffff,14,5.918428363198376,347,458,5.849324779946859,6.126869184114185,8.685995162945265,2.6390573296152584
5337,8743acc98ffffff,8743acc89ffffff,11,7.699846486215893,347,617,5.849324779946859,6.424869023905388,8.949085535074348,2.3978952727983707
5338,8743acc98ffffff,8743acc8affffff,6,3.8488680726106415,347,510,5.849324779946859,6.234410725718371,8.25579415984033,1.791759469228055
5339,8743acc98ffffff,8743acc8bffffff,15,5.884633409991896,347,418,5.849324779946859,6.035481432524756,8.680269645167101,2.70805020110221
5340,8743acc98ffffff,8743acc8cffffff,1,6.8798121984719245,347,386,5.849324779946859,5.955837369464831,8.836491976063266,0.0
5341,8743acc98ffffff,8743acc8dffffff,7,8.110091634764771,347,623,5.849324779946859,6.434546518787453,9.000987741598042,1.9459101490553132
5342,8743acc98ffffff,8743acc8effffff,13,4.585940518494254,347,693,5.849324779946859,6.541029999189903,8.43096852710395,2.5649493574615367
5343,8743acc98ffffff,8743acc90ffffff,3,6.167821948555551,347,353,5.849324779946859,5.8664680569332965,8.727263166506772,1.0986122886681098
5344,8743acc98ffffff,8743acc91ffffff,23,4.108437362208231,347,927,5.849324779946859,6.831953565565855,8.32104140327948,3.1354942159291497
5345,8743acc98ffffff,8743acc92ffffff,4,6.786518179190019,347,365,5.849324779946859,5.8998973535824915,8.82284064257231,1.3862943611198906
5346,8743acc98ffffff,8743acc93ffffff,4,4.524993923312911,347,349,5.849324779946859,5.855071922202427,8.417592483575019,1.3862943611198906
5347,8743acc98ffffff,8743acc95ffffff,4,6.366270836017683,347,314,5.849324779946859,5.749392985908253,8.758926216573883,1.3862943611198906
5348,8743acc98ffffff,8743acc96ffffff,1,8.332302335391327,347,94,5.849324779946859,4.543294782270004,9.028015095422269,0.0
5349,8743acc98ffffff,8743acc98ffffff,27,0.0,347,461,5.849324779946859,6.133398042996649,0.0,3.295836866004329
5350,8743acc98ffffff,8743acc9affffff,20,2.2920681233205977,347,284,5.849324779946859,5.648974238161206,7.737645991671106,2.995732273553991
5351,8743acc98ffffff,8743acc9bffffff,4,2.4388609952398794,347,61,5.849324779946859,4.110873864173311,7.7996963475004595,1.3862943611198906
5352,8743acc98ffffff,8743acc9cffffff,31,2.4388026854735805,347,487,5.849324779946859,6.18826412308259,7.799672448408178,3.4339872044851463
5353,8743acc98ffffff,8743acc9dffffff,23,2.292669666334595,347,654,5.849324779946859,6.483107351457199,7.737908288338163,3.1354942159291497
5354,8743acc98ffffff,8743acc9effffff,17,2.262821099709905,347,612,5.849324779946859,6.416732282512326,7.7248094166381005,2.833213344056216
5355,8743acc98ffffff,8743acca2ffffff,1,11.169872485022395,347,736,5.849324779946859,6.601230118728877,9.321064998683605,0.0
5356,8743acc98ffffff,8743acca8ffffff,1,10.698994376163066,347,508,5.849324779946859,6.230481447578482,9.277998494857622,0.0
5357,8743acc98ffffff,8743accaaffffff,2,8.458138476407271,347,490,5.849324779946859,6.194405391104672,9.0430026124747,0.6931471805599453
5358,8743acc98ffffff,8743accaeffffff,2,10.375537745876388,347,671,5.849324779946859,6.508769136971682,9.247302550585937,0.6931471805599453
5359,8743acc98ffffff,8743accb1ffffff,4,9.754853757646533,347,637,5.849324779946859,6.456769655572163,9.18562276923233,1.3862943611198906
5360,8743acc98ffffff,8743accb3ffffff,2,8.721807108544027,347,462,5.849324779946859,6.135564891081739,9.073696381216584,0.6931471805599453
5361,8743acc98ffffff,8743accd0ffffff,4,10.250237051917228,347,91,5.849324779946859,4.51085950651685,9.235153665276268,1.3862943611198906
5362,8743acc98ffffff,8743accd2ffffff,2,9.057761298627574,347,238,5.849324779946859,5.472270673671475,9.111487667683933,0.6931471805599453
5363,8743acc98ffffff,8743accd4ffffff,1,9.6860296918244,347,81,5.849324779946859,4.394449154672439,9.178543124542406,0.0
5364,8743acc98ffffff,8743accd6ffffff,10,8.044283950671751,347,520,5.849324779946859,6.253828811575473,8.992841354101538,2.302585092994046
5365,8743acc98ffffff,8743accf2ffffff,2,9.720261216113121,347,168,5.849324779946859,5.123963979403259,9.182070643781215,0.6931471805599453
5366,8743acc9affffff,8743a1261ffffff,1,6.7852067337139905,168,264,5.123963979403259,5.575949103146316,8.822647409618417,0.0
5367,8743acc9affffff,8743a1269ffffff,3,2.2914662239229036,168,24,5.123963979403259,3.1780538303479458,7.7373834707278215,1.0986122886681098
5368,8743acc9affffff,8743a126dffffff,4,2.262383987265311,168,166,5.123963979403259,5.111987788356544,7.72461631186924,1.3862943611198906
5369,8743acc9affffff,8743ac501ffffff,1,12.331422656664275,168,22,5.123963979403259,3.091042453358316,9.419987061583202,0.0
5370,8743acc9affffff,8743ac534ffffff,1,2.4385555542968134,168,14,5.123963979403259,2.6390573296152584,7.799571151817588,0.0
5371,8743acc9affffff,8743ac535ffffff,2,4.1092037297175175,168,41,5.123963979403259,3.713572066704308,8.321227875536099,0.6931471805599453
5372,8743acc9affffff,8743acc82ffffff,3,6.419050274495068,168,621,5.123963979403259,6.431331081933479,8.76718122757158,1.0986122886681098
5373,8743acc9affffff,8743acc83ffffff,6,6.2555832874028106,168,574,5.123963979403259,6.352629396319567,8.741389514356328,1.791759469228055
5374,8743acc9affffff,8743acc90ffffff,2,6.365537381241521,168,353,5.123963979403259,5.8664680569332965,8.75881101854915,0.6931471805599453
5375,8743acc9affffff,8743acc91ffffff,4,4.876936607492499,168,927,5.123963979403259,6.831953565565855,8.492477583097429,1.3862943611198906
5376,8743acc9affffff,8743acc92ffffff,2,6.16694538467063,168,365,5.123963979403259,5.8998973535824915,8.727121060578579,0.6931471805599453
5377,8743acc9affffff,8743acc93ffffff,3,4.10792946854708,168,349,5.123963979403259,5.855071922202427,8.32091780362221,1.0986122886681098
5378,8743acc9affffff,8743acc95ffffff,2,7.315316236039091,168,314,5.123963979403259,5.749392985908253,8.89786223384162,0.6931471805599453
5379,8743acc9affffff,8743acc96ffffff,1,8.214581854415183,168,94,5.123963979403259,4.543294782270004,9.013787856254725,0.0
5380,8743acc9affffff,8743acc98ffffff,31,2.2920681233205977,168,461,5.123963979403259,6.133398042996649,7.737645991671106,3.4339872044851463
5381,8743acc9affffff,8743acc9affffff,35,0.0,168,284,5.123963979403259,5.648974238161206,0.0,3.5553480614894135
5382,8743acc9affffff,8743acc9bffffff,3,2.263032007526997,168,61,5.123963979403259,4.110873864173311,7.7249025768234025,1.0986122886681098
5383,8743acc9affffff,8743acc9cffffff,23,4.157101689460047,168,487,5.123963979403259,6.18826412308259,8.332813924458504,3.1354942159291497
5384,8743acc9affffff,8743acc9dffffff,3,4.5847377896551915,168,654,5.123963979403259,6.483107351457199,8.430706285519639,1.0986122886681098
5385,8743acc9affffff,8743acc9effffff,38,2.4384976247207133,168,612,5.123963979403259,6.416732282512326,7.7995474055807765,3.6375861597263857
5386,8743acc9bffffff,8743a1269ffffff,1,3.8467929059895196,34,24,3.5263605246161616,3.1780538303479458,8.255254991727531,0.0
5387,8743acc9bffffff,8743a126cffffff,6,6.787151669765884,34,356,3.5263605246161616,5.87493073085203,8.822933969912082,1.791759469228055
5388,8743acc9bffffff,8743a126dffffff,2,4.525415994792309,34,166,3.5263605246161616,5.111987788356544,8.4176857342085,0.6931471805599453
5389,8743acc9bffffff,8743a126effffff,1,8.035761003376352,34,282,3.5263605246161616,5.641907070938114,8.991781420726436,0.0
5390,8743acc9bffffff,8743acc93ffffff,5,6.168465249999511,34,349,3.5263605246161616,5.855071922202427,8.727367443775439,1.6094379124341003
5391,8743acc9bffffff,8743acc98ffffff,9,2.4388609952398794,34,461,3.5263605246161616,6.133398042996649,7.7996963475004595,2.1972245773362196
5392,8743acc9bffffff,8743acc99ffffff,1,2.292522994374459,34,7,3.5263605246161616,1.9459101490553132,7.737844339875112,0.0
5393,8743acc9bffffff,8743acc9affffff,6,2.263032007526997,34,284,3.5263605246161616,5.648974238161206,7.7249025768234025,1.791759469228055
5394,8743acc9bffffff,8743acc9bffffff,2,0.0,34,61,3.5263605246161616,4.110873864173311,0.0,0.6931471805599453
5395,8743acc9bffffff,8743acc9effffff,1,4.1088210696549226,34,612,3.5263605246161616,6.416732282512326,8.321134771178823,0.0
5396,8743acc9cffffff,8743a1260ffffff,1,9.672330218447282,527,269,6.267200548541362,5.594711379601839,9.1771279157625,0.0
5397,8743acc9cffffff,8743a1262ffffff,5,11.533821611318611,527,371,6.267200548541362,5.916202062607435,9.353125705496385,1.6094379124341003
5398,8743acc9cffffff,8743a1263ffffff,5,9.70716744101339,527,305,6.267200548541362,5.720311776607412,9.180722814432958,1.6094379124341003
5399,8743acc9cffffff,8743a1265ffffff,1,8.034774730764685,527,224,6.267200548541362,5.4116460518550396,8.991658693033779,0.0
5400,8743acc9cffffff,8743a1268ffffff,1,6.87483896950778,527,24,6.267200548541362,3.1780538303479458,8.835768947017886,0.0
5401,8743acc9cffffff,8743a126affffff,2,9.165247836029394,527,256,6.267200548541362,5.545177444479562,9.12328330332773,0.6931471805599453
5402,8743acc9cffffff,8743a126cffffff,5,5.913776521717939,527,356,6.267200548541362,5.87493073085203,8.685208994078785,1.6094379124341003
5403,8743acc9cffffff,8743a126dffffff,4,4.583827804434054,527,166,6.267200548541362,5.111987788356544,8.430507827700481,1.3862943611198906
5404,8743acc9cffffff,8743a126effffff,2,8.101704869464193,527,282,6.267200548541362,5.641907070938114,8.999953219418567,0.6931471805599453
5405,8743acc9cffffff,8743ac506ffffff,1,12.194589397324346,527,37,6.267200548541362,3.6109179126442243,9.408829640546019,0.0
5406,8743acc9cffffff,8743ac520ffffff,3,8.219931624477097,527,45,6.267200548541362,3.8066624897703196,9.014438817939233,1.0986122886681098
5407,8743acc9cffffff,8743ac521ffffff,1,10.239649609415784,527,18,6.267200548541362,2.8903717578961645,9.234120335000878,0.0
5408,8743acc9cffffff,8743ac523ffffff,1,10.438357110988232,527,8,6.267200548541362,2.0794415416798357,9.253338280133283,0.0
5409,8743acc9cffffff,8743ac524ffffff,2,6.17086090438197,527,68,6.267200548541362,4.219507705176107,8.727755676674008,0.6931471805599453
5410,8743acc9cffffff,8743ac526ffffff,3,6.367935224929283,527,18,6.267200548541362,2.8903717578961645,8.75918757995213,1.0986122886681098
5411,8743acc9cffffff,8743ac52cffffff,1,12.345397171401647,527,185,6.267200548541362,5.220355825078324,9.421119572483509,0.0
5412,8743acc9cffffff,8743ac535ffffff,1,7.316582272999761,527,41,6.267200548541362,3.713572066704308,8.898035261823608,0.0
5413,8743acc9cffffff,8743acc80ffffff,2,4.158091431855736,527,312,6.267200548541362,5.7430031878094825,8.33305192359738,0.6931471805599453
5414,8743acc9cffffff,8743acc81ffffff,4,4.586232726453929,527,607,6.267200548541362,6.408528791059498,8.431032229402124,1.3862943611198906
5415,8743acc9cffffff,8743acc82ffffff,15,2.438743663091001,527,621,6.267200548541362,6.431331081933479,7.799648256658222,2.70805020110221
5416,8743acc9cffffff,8743acc83ffffff,53,2.292815926657797,527,574,6.267200548541362,6.352629396319567,7.737972053257001,3.970291913552122
5417,8743acc9cffffff,8743acc85ffffff,6,6.257349866108805,527,556,6.267200548541362,6.320768294250582,8.741671829682517,1.791759469228055
5418,8743acc9cffffff,8743acc86ffffff,1,4.877427591285079,527,205,6.267200548541362,5.3230099791384085,8.49257823202422,0.0
5419,8743acc9cffffff,8743acc88ffffff,14,5.884366075461768,527,458,6.267200548541362,6.126869184114185,8.680224222596062,2.6390573296152584
5420,8743acc9cffffff,8743acc89ffffff,9,8.043791882847266,527,617,6.267200548541362,6.424869023905388,8.992780189961637,2.1972245773362196
5421,8743acc9cffffff,8743acc8affffff,22,4.527164059301888,527,510,6.267200548541362,6.234410725718371,8.418071851404628,3.091042453358316
5422,8743acc9cffffff,8743acc8bffffff,2,6.791717715278147,527,418,6.267200548541362,6.035481432524756,8.823606393091314,0.6931471805599453
5423,8743acc9cffffff,8743acc8dffffff,7,7.699772885805307,527,623,6.267200548541362,6.434546518787453,8.949075977584474,1.9459101490553132
5424,8743acc9cffffff,8743acc8effffff,33,3.8488313078882865,527,693,6.267200548541362,6.541029999189903,8.255784610188963,3.4965075614664802
5425,8743acc9cffffff,8743acc90ffffff,1,4.5245711019863935,527,353,6.267200548541362,5.8664680569332965,8.417499058553899,0.0
5426,8743acc9cffffff,8743acc91ffffff,39,2.262609816780373,527,927,6.267200548541362,6.831953565565855,7.724716082058918,3.6635616461296463
5427,8743acc9cffffff,8743acc92ffffff,1,5.8794536382519516,527,365,6.267200548541362,5.8998973535824915,8.67938918727939,0.0
5428,8743acc9cffffff,8743acc95ffffff,8,4.1080526078177275,527,314,6.267200548541362,5.749392985908253,8.320947771872206,2.0794415416798357
5429,8743acc9cffffff,8743acc96ffffff,1,6.785883564399486,527,94,6.267200548541362,4.543294782270004,8.822747140876546,0.0
5430,8743acc9cffffff,8743acc98ffffff,60,2.4388026854735805,527,461,6.267200548541362,6.133398042996649,7.799672448408178,4.0943445622221
5431,8743acc9cffffff,8743acc99ffffff,2,4.109329019375726,527,7,6.267200548541362,1.9459101490553132,8.321258357662268,0.6931471805599453
5432,8743acc9cffffff,8743acc9affffff,24,4.157101689460047,527,284,6.267200548541362,5.648974238161206,8.332813924458504,3.1780538303479458
5433,8743acc9cffffff,8743acc9bffffff,2,4.87766368071346,527,61,6.267200548541362,4.110873864173311,8.492626625427919,0.6931471805599453
5435,8743acc9cffffff,8743acc9dffffff,94,2.2632580563158915,527,654,6.267200548541362,6.483107351457199,7.725002415299248,4.543294782270004
5436,8743acc9cffffff,8743acc9effffff,64,2.292214695949986,527,612,6.267200548541362,6.416732282512326,7.737709909504006,4.1588830833596715
5437,8743acc9cffffff,8743acca2ffffff,2,8.777573248753683,527,736,6.267200548541362,6.601230118728877,9.080069173282634,0.6931471805599453
5438,8743acc9cffffff,8743acca5ffffff,1,12.47723075726699,527,342,6.267200548541362,5.834810737062605,9.431740865629003,0.0
5439,8743acc9cffffff,8743acca6ffffff,1,11.16993028993339,527,594,6.267200548541362,6.386879319362645,9.321070173280443,0.0
5440,8743acc9cffffff,8743acca8ffffff,1,9.174867511143761,527,508,6.267200548541362,6.230481447578482,9.124332220076345,0.0
5441,8743acc9cffffff,8743accaeffffff,2,8.458713748053148,527,671,6.267200548541362,6.508769136971682,9.043070616100296,0.6931471805599453
5442,8743acc9cffffff,8743accb1ffffff,1,7.316051072172952,527,637,6.267200548541362,6.456769655572163,8.897962666793106,0.0
5443,8743acc9cffffff,8743accb3ffffff,4,6.3658031965454605,527,462,6.267200548541362,6.135564891081739,8.758852769620262,1.3862943611198906
5444,8743acc9cffffff,8743accd2ffffff,1,10.548123738075494,527,238,6.267200548541362,5.472270673671475,9.263798077452384,0.0
5445,8743acc9cffffff,8743accd4ffffff,2,10.24952529644365,527,81,6.267200548541362,4.394449154672439,9.235084231686924,0.6931471805599453
5446,8743acc9cffffff,8743accd6ffffff,8,9.05691872973579,527,520,6.267200548541362,6.253828811575473,9.111394651867451,2.0794415416798357
5447,8743acc9cffffff,8743acd9affffff,1,13.52037354921653,527,591,6.267200548541362,6.3818160174060985,9.512026938313609,0.0
5448,8743acc9dffffff,8743a1222ffffff,1,28.466769157152232,999,253,6.906754778648554,5.53338948872752,10.256527819532563,0.0
5449,8743acc9dffffff,8743a1244ffffff,1,13.530456308887763,999,322,6.906754778648554,5.7745515455444085,9.512772350914878,0.0
5450,8743acc9dffffff,8743a1260ffffff,2,11.757446870642648,999,269,6.906754778648554,5.594711379601839,9.372327143907858,0.6931471805599453
5451,8743acc9dffffff,8743a1261ffffff,1,9.675132758933565,999,264,6.906754778648554,5.575949103146316,9.17741759207126,0.0
5452,8743acc9dffffff,8743a1263ffffff,3,11.537045773328101,999,305,6.906754778648554,5.720311776607412,9.353405181989421,1.0986122886681098
5453,8743acc9dffffff,8743a1265ffffff,3,10.23813233972102,999,224,6.906754778648554,5.4116460518550396,9.233972162554382,1.0986122886681098
5454,8743acc9dffffff,8743a1268ffffff,1,8.103645086703755,999,24,6.906754778648554,3.1780538303479458,9.000192643785175,0.0
5455,8743acc9dffffff,8743a1269ffffff,1,6.876204013578097,999,24,6.906754778648554,3.1780538303479458,8.835967454951945,0.0
5456,8743acc9dffffff,8743a126cffffff,7,7.693476468978321,999,356,6.906754778648554,5.87493073085203,8.948258008737987,1.9459101490553132
5457,8743acc9dffffff,8743a126dffffff,2,5.915278643108942,999,166,6.906754778648554,5.111987788356544,8.68546292263852,0.6931471805599453
5458,8743acc9dffffff,8743a1369ffffff,2,14.521984497224842,999,444,6.906754778648554,6.095824562432225,9.583487811143545,0.6931471805599453
5459,8743acc9dffffff,8743ac500ffffff,1,12.196403159199932,999,17,6.906754778648554,2.833213344056216,9.408978352261052,0.0
5460,8743acc9dffffff,8743ac501ffffff,2,13.528110227681209,999,22,6.906754778648554,3.091042453358316,9.512598956081531,0.6931471805599453
5461,8743acc9dffffff,8743ac505ffffff,2,11.118586761184186,999,17,6.906754778648554,2.833213344056216,9.316463405350046,0.6931471805599453
5462,8743acc9dffffff,8743ac506ffffff,2,11.169608950413927,999,37,6.906754778648554,3.6109179126442243,9.321041407176548,0.6931471805599453
5463,8743acc9dffffff,8743ac515ffffff,1,12.838085406531407,999,7,6.906754778648554,1.9459101490553132,9.460249344686055,0.0
5464,8743acc9dffffff,8743ac520ffffff,6,6.369132899218163,999,45,6.906754778648554,3.8066624897703196,8.759375611648128,1.791759469228055
5465,8743acc9dffffff,8743ac521ffffff,1,8.221712657874429,999,18,6.906754778648554,2.8903717578961645,9.014655440650564,0.0
5466,8743acc9dffffff,8743ac523ffffff,1,8.725934640784814,999,8,6.906754778648554,2.0794415416798357,9.074169457824485,0.0
5467,8743acc9dffffff,8743ac524ffffff,3,4.110220120899129,999,68,6.906754778648554,4.219507705176107,8.321475129832985,1.0986122886681098
5468,8743acc9dffffff,8743ac525ffffff,3,6.17237911536913,999,88,6.906754778648554,4.477336814478207,8.728001635601073,1.0986122886681098
5469,8743acc9dffffff,8743ac526ffffff,1,4.8783901843513835,999,18,6.906754778648554,2.8903717578961645,8.492775528815686,0.0
5470,8743acc9dffffff,8743ac52affffff,2,12.740383432956127,999,43,6.906754778648554,3.7612001156935624,9.4526105129447,0.6931471805599453
5471,8743acc9dffffff,8743ac52cffffff,9,10.242050341750058,999,185,6.906754778648554,5.220355825078324,9.234354739171119,2.1972245773362196
5472,8743acc9dffffff,8743ac533ffffff,5,10.536827049019081,999,20,6.906754778648554,2.995732273553991,9.262726638508823,1.6094379124341003
5473,8743acc9dffffff,8743ac535ffffff,3,6.419736185138239,999,41,6.906754778648554,3.713572066704308,8.767288060692119,1.0986122886681098
5474,8743acc9dffffff,8743acc10ffffff,1,14.521454044776856,999,8,6.906754778648554,2.0794415416798357,9.583451285446246,0.0
5475,8743acc9dffffff,8743acc16ffffff,1,14.685274603209532,999,14,6.906754778648554,2.6390573296152584,9.594668636135092,0.0
5476,8743acc9dffffff,8743acc80ffffff,13,4.878155423571036,999,312,6.906754778648554,5.7430031878094825,8.492727414928675,2.5649493574615367
5477,8743acc9dffffff,8743acc81ffffff,31,4.158667147621465,999,607,6.906754778648554,6.408528791059498,8.333190337463137,3.4339872044851463
5478,8743acc9dffffff,8743acc82ffffff,35,4.108944875552955,999,621,6.906754778648554,6.431331081933479,8.321164895126115,3.5553480614894135
5479,8743acc9dffffff,8743acc83ffffff,66,2.4391074133255053,999,574,6.906754778648554,6.352629396319567,7.799797339173029,4.189654742026425
5480,8743acc9dffffff,8743acc84ffffff,11,7.317143317981971,999,328,6.906754778648554,5.793013608384144,8.898111929697572,2.3978952727983707
5481,8743acc9dffffff,8743acc85ffffff,14,6.421110557647177,999,556,6.906754778648554,6.320768294250582,8.767502089955522,2.6390573296152584
5482,8743acc9dffffff,8743acc86ffffff,10,6.367003595864162,999,205,6.906754778648554,5.3230099791384085,8.759041292201221,2.302585092994046
5483,8743acc9dffffff,8743acc88ffffff,53,3.8499050335516416,999,458,6.906754778648554,6.126869184114185,8.256063473306126,3.970291913552122
5484,8743acc9dffffff,8743acc89ffffff,46,5.88609182426206,999,617,6.906754778648554,6.424869023905388,8.680517406708903,3.828641396489095
5485,8743acc9dffffff,8743acc8affffff,50,2.2639060029859963,999,510,6.906754778648554,6.234410725718371,7.725288537270562,3.912023005428146
5486,8743acc9dffffff,8743acc8bffffff,29,4.528459658962255,999,418,6.906754778648554,6.035481432524756,8.418357930780301,3.367295829986474
5487,8743acc9dffffff,8743acc8cffffff,27,4.58714253213733,999,386,6.906754778648554,5.955837369464831,8.431230544056454,3.295836866004329
5488,8743acc9dffffff,8743acc8dffffff,27,5.9200756362029265,999,623,6.906754778648554,6.434546518787453,8.686273406678007,3.295836866004329
5489,8743acc9dffffff,8743acc8effffff,74,2.2932708521596594,999,693,6.906754778648554,6.541029999189903,7.738170360536389,4.30406509320417
5490,8743acc9dffffff,8743acc90ffffff,4,6.7878291583022845,999,353,6.906754778648554,5.8664680569332965,8.823033769498682,1.3862943611198906
5491,8743acc9dffffff,8743acc91ffffff,56,4.525867873096264,999,927,6.906754778648554,6.831953565565855,8.417785560594357,4.02535169073515
5492,8743acc9dffffff,8743acc92ffffff,7,8.03715340832099,999,365,6.906754778648554,5.8998973535824915,8.99195466021157,1.9459101490553132
5493,8743acc9dffffff,8743acc93ffffff,2,5.881180854025324,999,349,6.906754778648554,5.855071922202427,8.679682865670387,0.6931471805599453
5494,8743acc9dffffff,8743acc94ffffff,1,8.333586232996687,999,22,6.906754778648554,3.091042453358316,9.028169151840709,0.0
5495,8743acc9dffffff,8743acc95ffffff,20,6.168698029337219,999,314,6.906754778648554,5.749392985908253,8.727405173941166,2.995732273553991
5496,8743acc9dffffff,8743acc96ffffff,1,9.049141620715377,999,94,6.906754778648554,4.543294782270004,9.110535685269364,0.0
5497,8743acc9dffffff,8743acc98ffffff,46,2.292669666334595,999,461,6.906754778648554,6.133398042996649,7.737908288338163,3.828641396489095
5498,8743acc9dffffff,8743acc99ffffff,1,2.439166103544522,999,7,6.906754778648554,1.9459101490553132,7.799821391193399,0.0
5499,8743acc9dffffff,8743acc9affffff,27,4.5847377896551915,999,284,6.906754778648554,5.648974238161206,8.430706285519639,3.295836866004329
5500,8743acc9dffffff,8743acc9bffffff,5,4.157676984725827,999,61,6.906754778648554,4.110873864173311,8.332952270154413,1.6094379124341003
5503,8743acc9dffffff,8743acc9effffff,67,3.8477941905795072,999,612,6.906754778648554,6.416732282512326,8.255515180973251,4.204692619390966
5504,8743acc9dffffff,8743acca0ffffff,2,11.17146257385226,999,358,6.906754778648554,5.8805329864007,9.321207330956595,0.6931471805599453
5505,8743acc9dffffff,8743acca1ffffff,9,10.541592737932342,999,655,6.906754778648554,6.484635235635252,9.263178782160859,2.1972245773362196
5506,8743acc9dffffff,8743acca2ffffff,5,9.756070383910322,999,736,6.906754778648554,6.601230118728877,9.185747468765474,1.6094379124341003
5507,8743acc9dffffff,8743acca3ffffff,7,8.778761246782839,999,340,6.906754778648554,5.8289456176102075,9.080204493410095,1.9459101490553132
5508,8743acc9dffffff,8743acca4ffffff,1,13.580667392702162,999,400,6.906754778648554,5.991464547107982,9.516476176543234,0.0
5509,8743acc9dffffff,8743acca5ffffff,5,12.843582879997333,999,342,6.906754778648554,5.834810737062605,9.460677435680578,1.6094379124341003
5510,8743acc9dffffff,8743acca6ffffff,9,12.194935908814386,999,594,6.906754778648554,6.386879319362645,9.408858052995484,2.1972245773362196
5511,8743acc9dffffff,8743acca8ffffff,10,8.460093252741023,999,508,6.906754778648554,6.230481447578482,9.043233670343616,2.302585092994046
5512,8743acc9dffffff,8743acca9ffffff,4,9.17668693948507,999,160,6.906754778648554,5.075173815233827,9.12453048448907,1.3862943611198906
5513,8743acc9dffffff,8743accaaffffff,17,6.2583067612891625,999,490,6.906754778648554,6.194405391104672,8.741824716953785,2.833213344056216
5514,8743acc9dffffff,8743accabffffff,9,6.881614681121387,999,256,6.906754778648554,5.545177444479562,8.83675389959082,2.1972245773362196
5515,8743acc9dffffff,8743accacffffff,11,10.377672135191174,999,639,6.906754778648554,6.459904454377535,9.247508223217968,2.3978952727983707
5516,8743acc9dffffff,8743accaeffffff,9,8.318321266763968,999,671,6.906754778648554,6.508769136971682,9.0263359519736,2.1972245773362196
5517,8743acc9dffffff,8743accb0ffffff,2,10.4337051864292,999,947,6.906754778648554,6.853299093186078,9.252892566733586,0.6931471805599453
5518,8743acc9dffffff,8743accb1ffffff,18,8.722807533026616,999,637,6.906754778648554,6.456769655572163,9.07381106529762,2.8903717578961645
5519,8743acc9dffffff,8743accb3ffffff,12,8.216611682483853,999,462,6.906754778648554,6.135564891081739,9.014034896256346,2.4849066497880004
5520,8743acc9dffffff,8743accb4ffffff,1,12.731866244346696,999,406,6.906754778648554,6.0063531596017325,9.451941822872593,0.0
5521,8743acc9dffffff,8743accb6ffffff,1,12.322997603522444,999,339,6.906754778648554,5.82600010738045,9.419303665260392,0.0
5522,8743acc9dffffff,8743accd0ffffff,2,9.05950875103196,999,91,6.906754778648554,4.51085950651685,9.111680550996011,0.6931471805599453
5523,8743acc9dffffff,8743accd2ffffff,21,8.340946422293783,999,238,6.906754778648554,5.472270673671475,9.02905185209107,3.044522437723423
5524,8743acc9dffffff,8743accd3ffffff,2,10.55092739312199,999,40,6.906754778648554,3.6888794541139363,9.264063813509376,0.6931471805599453
5525,8743acc9dffffff,8743accd4ffffff,5,8.04616755091953,999,81,6.906754778648554,4.394449154672439,8.99307545146777,1.6094379124341003
5526,8743acc9dffffff,8743accd6ffffff,33,6.7936606734198985,999,520,6.906754778648554,6.253828811575473,8.823892387651767,3.4965075614664802
5527,8743acc9dffffff,8743accf2ffffff,10,7.701919833532013,999,168,6.906754778648554,5.123963979403259,8.949354735123945,2.302585092994046
5528,8743acc9dffffff,8743acd99ffffff,2,14.633739180264353,999,443,6.906754778648554,6.093569770045136,9.591153377324838,0.6931471805599453
5529,8743acc9dffffff,8743acd9bffffff,1,13.522611402991426,999,734,6.906754778648554,6.598509028614515,9.512192429533808,0.0
5530,8743acc9effffff,8743a1244ffffff,7,9.704477511216835,1015,322,6.922643891475888,5.7745515455444085,9.180445696991036,1.9459101490553132
5531,8743acc9effffff,8743a1246ffffff,1,11.819450623396849,1015,158,6.922643891475888,5.062595033026967,9.377586414040236,0.0
5532,8743acc9effffff,8743a1260ffffff,16,8.032889454891075,1015,269,6.922643891475888,5.594711379601839,8.991424055164503,2.772588722239781
5533,8743acc9effffff,8743a1261ffffff,16,5.877994065882928,1015,264,6.922643891475888,5.575949103146316,8.679140949026499,2.772588722239781
5534,8743acc9effffff,8743a1262ffffff,32,9.669832712382092,1015,371,6.922643891475888,5.916202062607435,9.176869697705921,3.4657359027997265
5535,8743acc9effffff,8743a1263ffffff,42,7.689251582748593,1015,305,6.922643891475888,5.720311776607412,8.947708777536535,3.7376696182833684
5536,8743acc9effffff,8743a1264ffffff,2,9.044798725659323,1015,40,6.922643891475888,3.6888794541139363,9.110055699697318,0.6931471805599453
5537,8743acc9effffff,8743a1265ffffff,10,6.784572476825006,1015,224,6.922643891475888,5.4116460518550396,8.822553942596945,2.302585092994046
5538,8743acc9effffff,8743a1266ffffff,1,10.232788571259155,1015,30,6.922643891475888,3.4011973816621555,9.233450129708512,0.0
5539,8743acc9effffff,8743a1268ffffff,3,4.582624273557794,1015,24,6.922643891475888,3.1780538303479458,8.430245290279128,1.0986122886681098
5540,8743acc9effffff,8743a1269ffffff,1,4.156317949677916,1015,24,6.922643891475888,3.1780538303479458,8.332625421696536,0.0
5541,8743acc9effffff,8743a126affffff,13,6.873033140079408,1015,256,6.922643891475888,5.545177444479562,8.835506278474591,2.5649493574615367
5542,8743acc9effffff,8743a126cffffff,43,3.845682278398813,1015,356,6.922643891475888,5.87493073085203,8.254966309894968,3.7612001156935624
5543,8743acc9effffff,8743a126dffffff,14,2.2916131084840683,1015,166,6.922643891475888,5.111987788356544,7.73744754140166,2.6390573296152584
5544,8743acc9effffff,8743a126effffff,18,5.912127285450832,1015,282,6.922643891475888,5.641907070938114,8.684930121963372,2.8903717578961645
5545,8743acc9effffff,8743a1271ffffff,2,11.53070685848864,1015,332,6.922643891475888,5.805134968916488,9.352855638602446,0.6931471805599453
5546,8743acc9effffff,8743a1275ffffff,4,11.751070910820617,1015,132,6.922643891475888,4.882801922586371,9.371784751771912,1.3862943611198906
5547,8743acc9effffff,8743a1340ffffff,3,16.378788771458254,1015,643,6.922643891475888,6.466144724237619,9.703803461808544,1.0986122886681098
5548,8743acc9effffff,8743a1341ffffff,4,14.314777265677519,1015,292,6.922643891475888,5.676753802268282,9.569117513346157,1.3862943611198906
5549,8743acc9effffff,8743a1343ffffff,2,14.476435678482607,1015,55,6.922643891475888,4.007333185232471,9.580346556229264,0.6931471805599453
5550,8743acc9effffff,8743a1345ffffff,1,16.422496928855214,1015,450,6.922643891475888,6.1092475827643655,9.706468327984599,0.0
5551,8743acc9effffff,8743a1348ffffff,4,10.228992146020282,1015,135,6.922643891475888,4.90527477843843,9.233079091205425,1.3862943611198906
5552,8743acc9effffff,8743a134affffff,2,10.534084021880977,1015,79,6.922643891475888,4.3694478524670215,9.262466301705391,0.6931471805599453
5553,8743acc9effffff,8743a134bffffff,3,8.330138480477986,1015,52,6.922643891475888,3.9512437185814275,9.027755398148365,1.0986122886681098
5554,8743acc9effffff,8743a134cffffff,1,12.318796424997354,1015,283,6.922643891475888,5.645446897643238,9.41896271300597,0.0
5555,8743acc9effffff,8743a134dffffff,5,10.430399469953784,1015,307,6.922643891475888,5.726847747587197,9.252575716362372,1.6094379124341003
5556,8743acc9effffff,8743a134effffff,2,12.328911104844751,1015,325,6.922643891475888,5.783825182329737,9.419783386468552,0.6931471805599453
5557,8743acc9effffff,8743a135affffff,12,14.685314806685618,1015,504,6.922643891475888,6.222576268071369,9.594671373617684,2.4849066497880004
5558,8743acc9effffff,8743a135dffffff,2,12.757022167763267,1015,77,6.922643891475888,4.343805421853684,9.453915542358258,0.6931471805599453
5559,8743acc9effffff,8743a1368ffffff,4,15.069571047567463,1015,725,6.922643891475888,6.586171654854675,9.620499183906432,1.3862943611198906
5560,8743acc9effffff,8743a136affffff,11,14.51728936075488,1015,932,6.922643891475888,6.837332814685591,9.583164468818147,2.3978952727983707
5561,8743acc9effffff,8743a136bffffff,6,12.727999185047794,1015,578,6.922643891475888,6.359573868672378,9.451638069847162,1.791759469228055
5562,8743acc9effffff,8743ac506ffffff,1,11.115420898961876,1015,37,6.922643891475888,3.6109179126442243,9.316178654391862,0.0
5563,8743acc9effffff,8743ac520ffffff,2,8.337502590384815,1015,45,6.922643891475888,3.8066624897703196,9.028638933715158,0.6931471805599453
5564,8743acc9effffff,8743ac523ffffff,1,10.238281112163035,1015,8,6.922643891475888,2.0794415416798357,9.233986692238762,0.0
5565,8743acc9effffff,8743ac524ffffff,1,6.790406956833103,1015,68,6.922643891475888,4.219507705176107,8.82341340922511,0.0
5566,8743acc9effffff,8743ac526ffffff,1,6.169984272949113,1015,18,6.922643891475888,2.8903717578961645,8.72761362977611,0.0
5567,8743acc9effffff,8743ac534ffffff,1,4.877053179017526,1015,14,6.922643891475888,2.6390573296152584,8.492501480524052,0.0
5568,8743acc9effffff,8743ac535ffffff,3,6.36720084308687,1015,41,6.922643891475888,3.713572066704308,8.759072266456332,1.0986122886681098
5569,8743acc9effffff,8743ac536ffffff,1,6.417844985902428,1015,12,6.922643891475888,2.4849066497880004,8.766993471760548,0.0
5570,8743acc9effffff,8743acc80ffffff,14,6.255988643646901,1015,312,6.922643891475888,5.7430031878094825,8.741454301013002,2.6390573296152584
5571,8743acc9effffff,8743acc81ffffff,27,6.878447422403913,1015,607,6.922643891475888,6.408528791059498,8.836293611190786,3.295836866004329
5572,8743acc9effffff,8743acc82ffffff,43,4.157309074710802,1015,621,6.922643891475888,6.431331081933479,8.332863798197712,3.7612001156935624
5573,8743acc9effffff,8743acc83ffffff,35,4.585030622607783,1015,574,6.922643891475888,6.352629396319567,8.43077014080676,3.5553480614894135
5574,8743acc9effffff,8743acc84ffffff,8,8.315606087356624,1015,328,6.922643891475888,5.793013608384144,9.02600952839965,2.0794415416798357
5575,8743acc9effffff,8743acc85ffffff,8,8.456758929502778,1015,556,6.922643891475888,6.320768294250582,9.042839515557523,2.0794415416798357
5576,8743acc9effffff,8743acc86ffffff,4,6.419221023636957,1015,205,6.922643891475888,5.3230099791384085,8.76720782344918,1.3862943611198906
5577,8743acc9effffff,8743acc88ffffff,20,7.697699224131149,1015,458,6.922643891475888,6.126869184114185,8.94880666164015,2.995732273553991
5578,8743acc9effffff,8743acc89ffffff,20,9.683230421104835,1015,617,6.922643891475888,6.424869023905388,9.17825411177579,2.995732273553991
5579,8743acc9effffff,8743acc8affffff,30,5.882907445292859,1015,510,6.922643891475888,6.234410725718371,8.679976351701768,3.4011973816621555
5580,8743acc9effffff,8743acc8bffffff,17,8.041908021156477,1015,418,6.922643891475888,6.035481432524756,8.992545990951134,2.833213344056216
5581,8743acc9effffff,8743acc8cffffff,10,8.108152517400848,1015,386,6.922643891475888,5.955837369464831,9.000748643178195,2.302585092994046
5582,8743acc9effffff,8743acc8dffffff,25,9.717689520505962,1015,623,6.922643891475888,6.434546518787453,9.181806065371834,3.2188758248682006
5583,8743acc9effffff,8743acc8effffff,43,5.91692690061394,1015,693,6.922643891475888,6.541029999189903,8.685741480841614,3.7612001156935624
5584,8743acc9effffff,8743acc90ffffff,24,4.107545150627484,1015,353,6.922643891475888,5.8664680569332965,8.32082426687578,3.1780538303479458
5586,8743acc9effffff,8743acc92ffffff,24,4.5236970794801135,1015,365,6.922643891475888,5.8998973535824915,8.417305910131892,3.1780538303479458
5587,8743acc9effffff,8743acc93ffffff,34,2.2621728236030063,1015,349,6.922643891475888,5.855071922202427,7.7245230119632495,3.5263605246161616
5588,8743acc9effffff,8743acc94ffffff,1,6.365070553088945,1015,22,6.922643891475888,3.091042453358316,8.758737690578133,0.0
5589,8743acc9effffff,8743acc95ffffff,15,4.876818611318379,1015,314,6.922643891475888,5.749392985908253,8.492453393032902,2.70805020110221
5590,8743acc9effffff,8743acc96ffffff,8,6.1663012078162645,1015,94,6.922643891475888,4.543294782270004,8.727016615669411,2.0794415416798357
5591,8743acc9effffff,8743acc98ffffff,64,2.262821099709905,1015,461,6.922643891475888,6.133398042996649,7.7248094166381005,4.1588830833596715
5592,8743acc9effffff,8743acc9affffff,42,2.4384976247207133,1015,284,6.922643891475888,5.648974238161206,7.7995474055807765,3.7376696182833684
5593,8743acc9effffff,8743acc9bffffff,2,4.1088210696549226,1015,61,6.922643891475888,4.110873864173311,8.321134771178823,0.6931471805599453
5595,8743acc9effffff,8743acc9dffffff,70,3.8477941905795072,1015,654,6.922643891475888,6.483107351457199,8.255515180973251,4.248495242049359
5597,8743acc9effffff,8743acca0ffffff,1,12.474887845955188,1015,358,6.922643891475888,5.8805329864007,9.431553088103701,0.0
5598,8743acc9effffff,8743acca1ffffff,7,12.515100510446828,1015,655,6.922643891475888,6.484635235635252,9.434771135313161,1.9459101490553132
5599,8743acc9effffff,8743acca2ffffff,7,10.538374835238372,1015,736,6.922643891475888,6.601230118728877,9.26287350679149,1.9459101490553132
5600,8743acc9effffff,8743acca3ffffff,4,10.374022103130887,1015,340,6.922643891475888,5.8289456176102075,9.247156475518883,1.3862943611198906
5601,8743acc9effffff,8743acca4ffffff,1,14.68071296079626,1015,400,6.922643891475888,5.991464547107982,9.594357982063885,0.0
5602,8743acc9effffff,8743acca5ffffff,2,14.51645950906814,1015,342,6.922643891475888,5.834810737062605,9.583107308130426,0.6931471805599453
5603,8743acc9effffff,8743acca6ffffff,3,12.839805489915326,1015,594,6.922643891475888,6.386879319362645,9.460383308135778,1.0986122886681098
5604,8743acc9effffff,8743acca8ffffff,4,11.467082207093746,1015,508,6.922643891475888,6.230481447578482,9.347322995367326,1.3862943611198906
5605,8743acc9effffff,8743acca9ffffff,1,12.602469443304225,1015,160,6.922643891475888,5.075173815233827,9.44172740768018,0.0
5606,8743acc9effffff,8743accaaffffff,14,9.172464736963068,1015,490,6.922643891475888,6.194405391104672,9.124070327800165,2.6390573296152584
5607,8743acc9effffff,8743accabffffff,8,10.34456969052496,1015,256,6.922643891475888,5.545177444479562,9.244313657829652,2.0794415416798357
5608,8743acc9effffff,8743accacffffff,6,12.957011926202844,1015,639,6.922643891475888,6.459904454377535,9.469469557383213,1.791759469228055
5609,8743acc9effffff,8743accaeffffff,12,10.697177608529717,1015,671,6.922643891475888,6.508769136971682,9.277828688984577,2.4849066497880004
5610,8743acc9effffff,8743accb0ffffff,10,9.753396957169796,1015,947,6.922643891475888,6.853299093186078,9.185473432301633,2.302585092994046
5611,8743acc9effffff,8743accb1ffffff,9,8.776269218036775,1015,637,6.922643891475888,6.456769655572163,9.079920615248831,2.1972245773362196
5612,8743acc9effffff,8743accb3ffffff,17,7.3151381734740575,1015,462,6.922643891475888,6.135564891081739,8.897837895810547,2.833213344056216
5613,8743acc9effffff,8743accb4ffffff,2,12.191594250453782,1015,406,6.922643891475888,6.0063531596017325,9.408584017753533,0.6931471805599453
5614,8743acc9effffff,8743accb5ffffff,3,11.168340392919134,1015,508,6.922643891475888,6.230481447578482,9.320927838656166,1.0986122886681098
5615,8743acc9effffff,8743accb6ffffff,2,11.111167560681514,1015,339,6.922643891475888,5.82600010738045,9.315795963575484,0.6931471805599453
5616,8743acc9effffff,8743accd0ffffff,1,12.474639916090988,1015,91,6.922643891475888,4.51085950651685,9.431533215183167,0.0
5617,8743acc9effffff,8743accd2ffffff,2,11.320582398337478,1015,238,6.922643891475888,5.472270673671475,9.334466129826763,0.6931471805599453
5618,8743acc9effffff,8743accd4ffffff,1,11.770724388514468,1015,81,6.922643891475888,4.394449154672439,9.373455696618743,0.0
5619,8743acc9effffff,8743accd6ffffff,8,10.247212690483313,1015,520,6.922643891475888,6.253828811575473,9.234858597701884,2.0794415416798357
5620,8743acc9effffff,8743accf2ffffff,4,11.54971402411152,1015,168,6.922643891475888,5.123963979403259,9.35450253430854,1.3862943611198906
5621,8743acca0ffffff,8743a1265ffffff,1,13.754106855836744,888,224,6.78897174299217,5.4116460518550396,9.529165441837169,0.0
5622,8743acca0ffffff,8743a1345ffffff,1,13.89519376208524,888,450,6.78897174299217,6.1092475827643655,9.539370251554676,0.0
5623,8743acca0ffffff,8743a134cffffff,1,11.539705109616303,888,283,6.78897174299217,5.645446897643238,9.353635639548711,0.0
5624,8743acca0ffffff,8743a1363ffffff,1,14.69138068219681,888,553,6.78897174299217,6.315358001522335,9.595084317453102,0.0
5625,8743acca0ffffff,8743a1368ffffff,10,10.237573988495102,888,725,6.78897174299217,6.586171654854675,9.233917629960047,2.302585092994046
5626,8743acca0ffffff,8743a1369ffffff,3,8.037053837804265,888,444,6.78897174299217,6.095824562432225,8.991942272897173,1.0986122886681098
5627,8743acca0ffffff,8743a136affffff,9,11.758207212222654,888,932,6.78897174299217,6.837332814685591,9.372391805253551,2.1972245773362196
5628,8743acca0ffffff,8743a136bffffff,8,9.67639620054403,888,578,6.78897174299217,6.359573868672378,9.17754815653988,2.0794415416798357
5629,8743acca0ffffff,8743a136cffffff,1,11.307737474953957,888,354,6.78897174299217,5.869296913133774,9.333330933785803,0.0
5630,8743acca0ffffff,8743a136dffffff,6,9.04748958582226,888,609,6.78897174299217,6.411818267709897,9.11035312617096,1.791759469228055
5631,8743acca0ffffff,8743a136effffff,4,12.458932790630676,888,628,6.78897174299217,6.4425401664681985,9.430273398316517,1.3862943611198906
5632,8743acca0ffffff,8743a1371ffffff,1,18.255892205360784,888,543,6.78897174299217,6.297109319933935,9.812297942805166,0.0
5633,8743acca0ffffff,8743acc10ffffff,2,5.922297348266071,888,8,6.78897174299217,2.0794415416798357,8.68664855732416,0.6931471805599453
5634,8743acca0ffffff,8743acc12ffffff,26,3.85078975317144,888,265,6.78897174299217,5.579729825986222,8.256293190216425,3.258096538021482
5635,8743acca0ffffff,8743acc16ffffff,3,4.589502699456385,888,14,6.78897174299217,2.6390573296152584,8.431744817636384,1.0986122886681098
5636,8743acca0ffffff,8743acc80ffffff,4,6.421445875279531,888,312,6.78897174299217,5.7430031878094825,8.767554301588392,1.3862943611198906
5637,8743acca0ffffff,8743acc81ffffff,3,7.31787386739574,888,607,6.78897174299217,6.408528791059498,8.898211751868322,1.0986122886681098
5638,8743acca0ffffff,8743acc82ffffff,6,8.317578771244387,888,621,6.78897174299217,6.431331081933479,9.02624669845983,1.791759469228055
5639,8743acca0ffffff,8743acc83ffffff,4,8.778875945767863,888,574,6.78897174299217,6.352629396319567,9.08021755734573,1.3862943611198906
5640,8743acca0ffffff,8743acc84ffffff,30,4.159281758598563,888,328,6.78897174299217,5.793013608384144,8.333338081394054,3.4011973816621555
5641,8743acca0ffffff,8743acc85ffffff,37,4.87852184360055,888,556,6.78897174299217,6.320768294250582,8.492802511177818,3.6109179126442243
5642,8743acca0ffffff,8743acc86ffffff,2,6.258154059879133,888,205,6.78897174299217,5.3230099791384085,8.741800320758083,0.6931471805599453
5643,8743acca0ffffff,8743acc88ffffff,2,11.117499669301903,888,458,6.78897174299217,6.126869184114185,9.316365636876437,0.6931471805599453
5644,8743acca0ffffff,8743acc89ffffff,5,12.738131148605884,888,617,6.78897174299217,6.424869023905388,9.452433728103962,1.6094379124341003
5645,8743acca0ffffff,8743acc8affffff,1,12.196756554005624,888,510,6.78897174299217,6.234410725718371,9.409007324795757,0.0
5646,8743acca0ffffff,8743acc8bffffff,2,13.527082090360429,888,418,6.78897174299217,6.035481432524756,9.512522958741586,0.6931471805599453
5647,8743acca0ffffff,8743acc8cffffff,1,8.72480531166523,888,386,6.78897174299217,5.955837369464831,9.074040042142565,0.0
5648,8743acca0ffffff,8743acc8dffffff,4,10.438228621438387,888,623,6.78897174299217,6.434546518787453,9.25332597187146,1.3862943611198906
5649,8743acca0ffffff,8743acc8effffff,1,9.757285675230001,888,693,6.78897174299217,6.541029999189903,9.185872015949503,0.0
5650,8743acca0ffffff,8743acc90ffffff,1,10.696093998128072,888,353,6.78897174299217,5.8664680569332965,9.277727394603044,0.0
5651,8743acca0ffffff,8743acc91ffffff,3,10.374639976717798,888,927,6.78897174299217,6.831953565565855,9.247216027699409,1.0986122886681098
5652,8743acca0ffffff,8743acc92ffffff,1,12.952488248616755,888,365,6.78897174299217,5.8998973535824915,9.46912039368358,0.0
5653,8743acca0ffffff,8743acc95ffffff,1,8.457906510772714,888,314,6.78897174299217,5.749392985908253,9.042975190200467,0.0
5654,8743acca0ffffff,8743acc9cffffff,2,10.540174118669862,888,487,6.78897174299217,6.18826412308259,9.26304421234947,0.6931471805599453
5655,8743acca0ffffff,8743acc9dffffff,1,11.17146257385226,888,654,6.78897174299217,6.483107351457199,9.321207330956595,0.0
5656,8743acca0ffffff,8743acc9effffff,1,12.474887845955188,888,612,6.78897174299217,6.416732282512326,9.431553088103701,0.0
5657,8743acca0ffffff,8743acca0ffffff,46,0.0,888,358,6.78897174299217,5.8805329864007,0.0,3.828641396489095
5658,8743acca0ffffff,8743acca1ffffff,90,2.2634954516744816,888,655,6.78897174299217,6.484635235635252,7.72510725446013,4.499809670330265
5659,8743acca0ffffff,8743acca2ffffff,60,2.2938521692998743,888,736,6.78897174299217,6.601230118728877,7.738423706171538,4.0943445622221
5660,8743acca0ffffff,8743acca3ffffff,26,2.4392303168409413,888,340,6.78897174299217,5.8289456176102075,7.799847705980516,3.258096538021482
5661,8743acca0ffffff,8743acca4ffffff,54,2.4391683941408493,888,400,6.78897174299217,5.991464547107982,7.799822329898043,3.9889840465642745
5662,8743acca0ffffff,8743acca5ffffff,43,2.2944517430232874,888,342,6.78897174299217,5.834810737062605,7.738684941043248,3.7612001156935624
5664,8743acca0ffffff,8743acca8ffffff,56,6.170676599329584,888,508,6.78897174299217,6.230481447578482,8.727725814075486,4.02535169073515
5665,8743acca0ffffff,8743acca9ffffff,23,8.338715694611647,888,160,6.78897174299217,5.075173815233827,9.028784405396634,3.1354942159291497
5666,8743acca0ffffff,8743accaaffffff,23,6.367996951726607,888,490,6.78897174299217,6.194405391104672,8.75919727176026,3.1354942159291497
5667,8743acca0ffffff,8743accabffffff,23,8.219650711338058,888,256,6.78897174299217,5.545177444479562,9.014404646880351,3.1354942159291497
5668,8743acca0ffffff,8743accacffffff,95,4.5276395417163675,888,639,6.78897174299217,6.459904454377535,8.418176851454506,4.553876891600541
5669,8743acca0ffffff,8743accadffffff,2,6.792431976827994,888,26,6.78897174299217,3.258096538021482,8.82371153863537,0.6931471805599453
5670,8743acca0ffffff,8743accaeffffff,72,4.10918558278347,888,671,6.78897174299217,6.508769136971682,8.321223460432785,4.276666119016055
5671,8743acca0ffffff,8743accb0ffffff,3,5.917505588754267,888,947,6.78897174299217,6.853299093186078,8.685839261679092,1.0986122886681098
5672,8743acca0ffffff,8743accb1ffffff,17,4.587104405378675,888,637,6.78897174299217,6.456769655572163,8.431222234175756,2.833213344056216
5673,8743acca0ffffff,8743accb3ffffff,3,6.879756349547575,888,462,6.78897174299217,6.135564891081739,8.836483859412295,1.0986122886681098
5674,8743acca0ffffff,8743accb4ffffff,4,5.881561583701399,888,406,6.78897174299217,6.0063531596017325,8.679747589514232,1.3862943611198906
5675,8743acca0ffffff,8743accb5ffffff,3,3.8486797756081006,888,508,6.78897174299217,6.230481447578482,8.255745248655856,1.0986122886681098
5676,8743acca0ffffff,8743accf2ffffff,1,12.331392559751958,888,168,6.78897174299217,5.123963979403259,9.419984621109835,0.0
5677,8743acca0ffffff,8743acd8bffffff,4,4.160263307706175,888,32,6.78897174299217,3.4657359027997265,8.333573986891013,1.3862943611198906
5678,8743acca0ffffff,8743acd98ffffff,1,6.166982354991424,888,417,6.78897174299217,6.0330862217988015,8.72712705450487,0.0
5679,8743acca0ffffff,8743acd99ffffff,36,4.107903217118655,888,443,6.78897174299217,6.093569770045136,8.32091141472883,3.58351893845611
5680,8743acca0ffffff,8743acd9affffff,5,6.786591604160556,888,591,6.78897174299217,6.3818160174060985,8.822851460160042,1.6094379124341003
5681,8743acca0ffffff,8743acd9bffffff,7,4.5250438191603655,888,734,6.78897174299217,6.598509028614515,8.41760350779937,1.9459101490553132
5682,8743acca0ffffff,8743acd9effffff,2,8.331334269593645,888,109,6.78897174299217,4.6913478822291435,9.027898920346367,0.6931471805599453
5683,8743acca1ffffff,8743a1262ffffff,2,19.40901633029446,1019,371,6.926577033222725,5.916202062607435,9.87354451749678,0.6931471805599453
5684,8743acca1ffffff,8743a1345ffffff,1,16.069841477004537,1019,450,6.926577033222725,6.1092475827643655,9.684761820584333,0.0
5685,8743acca1ffffff,8743a1349ffffff,1,11.833220577341963,1019,23,6.926577033222725,3.1354942159291497,9.378750662351587,0.0
5686,8743acca1ffffff,8743a134cffffff,1,13.501707110338309,1019,283,6.926577033222725,5.645446897643238,9.510645471015458,0.0
5687,8743acca1ffffff,8743a134dffffff,2,11.542930025505818,1019,307,6.926577033222725,5.726847747587197,9.353915038888715,0.6931471805599453
5688,8743acca1ffffff,8743a1363ffffff,1,16.935255095470982,1019,553,6.926577033222725,6.315358001522335,9.737211875022414,0.0
5689,8743acca1ffffff,8743a1368ffffff,21,12.462615002864567,1019,725,6.926577033222725,6.586171654854675,9.430568878903085,3.044522437723423
5690,8743acca1ffffff,8743a1369ffffff,28,10.24060530259938,1019,444,6.926577033222725,6.095824562432225,9.234213654138678,3.332204510175204
5691,8743acca1ffffff,8743a136affffff,21,13.899304396979955,1019,932,6.926577033222725,6.837332814685591,9.539666017942308,3.044522437723423
5692,8743acca1ffffff,8743a136bffffff,9,11.76166469869747,1019,578,6.926577033222725,6.359573868672378,9.37268578581027,2.1972245773362196
5693,8743acca1ffffff,8743a136cffffff,2,13.571232926628442,1019,354,6.926577033222725,5.869296913133774,9.515781288048954,0.6931471805599453
5694,8743acca1ffffff,8743a136dffffff,13,11.310985037496742,1019,609,6.926577033222725,6.411818267709897,9.333618065424796,2.5649493574615367
5695,8743acca1ffffff,8743a136effffff,8,14.695713785484413,1019,628,6.926577033222725,6.4425401664681985,9.59537919576749,2.0794415416798357
5696,8743acca1ffffff,8743ac525ffffff,1,14.638467860040551,1019,88,6.926577033222725,4.477336814478207,9.5914764384968,0.0
5697,8743acca1ffffff,8743ac52cffffff,1,18.373336211446077,1019,185,6.926577033222725,5.220355825078324,9.818710198881378,0.0
5698,8743acca1ffffff,8743acc12ffffff,45,2.294906874025346,1019,265,6.926577033222725,5.579729825986222,7.738883196523384,3.8066624897703196
5699,8743acca1ffffff,8743acc16ffffff,1,4.160840245027813,1019,14,6.926577033222725,2.6390573296152584,8.333712622033277,0.0
5700,8743acca1ffffff,8743acc80ffffff,9,6.259111866799927,1019,312,6.926577033222725,5.7430031878094825,8.741953334030311,2.1972245773362196
5701,8743acca1ffffff,8743acc81ffffff,14,6.422306662668553,1019,607,6.926577033222725,6.408528791059498,8.767688320578369,2.6390573296152584
5702,8743acca1ffffff,8743acc82ffffff,5,8.45928713416781,1019,621,6.926577033222725,6.431331081933479,9.043138392233274,1.6094379124341003
5703,8743acca1ffffff,8743acc83ffffff,15,8.318731392144697,1019,574,6.926577033222725,6.352629396319567,9.026385248696101,2.70805020110221
5704,8743acca1ffffff,8743acc84ffffff,16,4.588014804782875,1019,328,6.926577033222725,5.793013608384144,8.431420640535386,2.772588722239781
5705,8743acca1ffffff,8743acc85ffffff,31,4.159858278415395,1019,556,6.926577033222725,6.320768294250582,8.333476648901676,3.4339872044851463
5706,8743acca1ffffff,8743acc86ffffff,3,6.881122016480108,1019,205,6.926577033222725,5.3230099791384085,8.836682315999747,1.0986122886681098
5707,8743acca1ffffff,8743acc88ffffff,7,9.758741717163028,1019,458,6.926577033222725,6.126869184114185,9.186021215651548,1.9459101490553132
5708,8743acca1ffffff,8743acc89ffffff,7,11.119381000054965,1019,617,6.926577033222725,6.424869023905388,9.316534829812495,1.9459101490553132
5709,8743acca1ffffff,8743acc8affffff,4,11.172993674435963,1019,510,6.926577033222725,6.234410725718371,9.321344363922277,1.3862943611198906
5710,8743acca1ffffff,8743acc8bffffff,3,12.198575776133255,1019,418,6.926577033222725,6.035481432524756,9.40915645766868,1.0986122886681098
5711,8743acca1ffffff,8743acc8cffffff,4,7.318966396672853,1019,386,6.926577033222725,5.955837369464831,8.898361016326358,1.3862943611198906
5712,8743acca1ffffff,8743acc8dffffff,11,8.726340681620153,1019,623,6.926577033222725,6.434546518787453,9.07421598405693,2.3978952727983707
5713,8743acca1ffffff,8743acc8effffff,14,8.780064085374274,1019,693,6.926577033222725,6.541029999189903,9.080352873519706,2.6390573296152584
5714,8743acca1ffffff,8743acc90ffffff,3,11.465534266905332,1019,353,6.926577033222725,5.8664680569332965,9.347188008135905,1.0986122886681098
5715,8743acca1ffffff,8743acc91ffffff,15,10.697912103893234,1019,927,6.926577033222725,6.831953565565855,9.277897342747652,2.70805020110221
5716,8743acca1ffffff,8743acc92ffffff,1,13.756838591431869,1019,365,6.926577033222725,5.8998973535824915,9.529364020038063,0.0
5717,8743acca1ffffff,8743acc95ffffff,3,9.173628623023294,1019,314,6.926577033222725,5.749392985908253,9.124197195048872,1.0986122886681098
5718,8743acca1ffffff,8743acc96ffffff,1,12.597431280467854,1019,94,6.926577033222725,4.543294782270004,9.441327583638438,0.0
5719,8743acca1ffffff,8743acc98ffffff,1,12.476616147982586,1019,461,6.926577033222725,6.133398042996649,9.431691609894516,0.0
5720,8743acca1ffffff,8743acc9affffff,1,14.515631752778015,1019,284,6.926577033222725,5.648974238161206,9.583050288519729,0.0
5721,8743acca1ffffff,8743acc9cffffff,11,10.376156456777526,1019,487,6.926577033222725,6.18826412308259,9.247362174756484,2.3978952727983707
5722,8743acca1ffffff,8743acc9dffffff,18,10.541592737932342,1019,654,6.926577033222725,6.483107351457199,9.263178782160859,2.8903717578961645
5723,8743acca1ffffff,8743acc9effffff,7,12.515100510446828,1019,612,6.926577033222725,6.416732282512326,9.434771135313161,1.9459101490553132
5724,8743acca1ffffff,8743acca0ffffff,53,2.2634954516744816,1019,358,6.926577033222725,5.8805329864007,7.72510725446013,3.970291913552122
5726,8743acca1ffffff,8743acca2ffffff,75,3.8497542505319844,1019,736,6.926577033222725,6.601230118728877,8.25602431732321,4.31748811353631
5727,8743acca1ffffff,8743acca3ffffff,46,2.2943073462482113,1019,340,6.926577033222725,5.8289456176102075,7.738622033462033,3.828641396489095
5728,8743acca1ffffff,8743acca4ffffff,61,4.108797424222984,1019,400,6.926577033222725,5.991464547107982,8.321129017765339,4.110873864173311
5729,8743acca1ffffff,8743acca5ffffff,48,2.4395332331858617,1019,342,6.926577033222725,5.834810737062605,7.799971832602182,3.871201010907891
5731,8743acca1ffffff,8743acca8ffffff,58,4.1100786268976215,1019,508,6.926577033222725,6.230481447578482,8.321440712693482,4.060443010546419
5732,8743acca1ffffff,8743acca9ffffff,12,6.1721975046619075,1019,160,6.926577033222725,5.075173815233827,8.72797221680543,2.4849066497880004
5733,8743acca1ffffff,8743accaaffffff,19,4.879250528108308,1019,490,6.926577033222725,6.194405391104672,8.49295183525657,2.9444389791664403
5734,8743acca1ffffff,8743accabffffff,22,6.369197697366525,1019,256,6.926577033222725,5.545177444479562,8.759385783777944,3.091042453358316
5736,8743acca1ffffff,8743accadffffff,2,4.528936525153514,1019,26,6.926577033222725,3.258096538021482,8.418463206271518,0.6931471805599453
5737,8743acca1ffffff,8743accaeffffff,83,2.4395948248050217,1019,671,6.926577033222725,6.508769136971682,7.799997069235367,4.418840607796598
5738,8743acca1ffffff,8743accb0ffffff,20,7.697397948796884,1019,947,6.926577033222725,6.853299093186078,8.948767527596775,2.995732273553991
5739,8743acca1ffffff,8743accb1ffffff,26,5.9190079228838455,1019,637,6.926577033222725,6.456769655572163,8.68609306620213,3.258096538021482
5740,8743acca1ffffff,8743accb3ffffff,11,8.109087016853184,1019,462,6.926577033222725,6.135564891081739,9.00086387662689,2.3978952727983707
5741,8743acca1ffffff,8743accb4ffffff,9,8.03943396328613,1019,406,6.926577033222725,6.0063531596017325,8.992238336249486,2.1972245773362196
5742,8743acca1ffffff,8743accb5ffffff,17,5.883289599516508,1019,508,6.926577033222725,6.230481447578482,8.680041298646884,2.833213344056216
5743,8743acca1ffffff,8743accb6ffffff,4,9.679199747084864,1019,339,6.926577033222725,5.82600010738045,9.177837815087152,1.3862943611198906
5744,8743acca1ffffff,8743accd2ffffff,1,15.948512130727448,1019,238,6.926577033222725,5.472270673671475,9.67718352032998,0.0
5745,8743acca1ffffff,8743accf2ffffff,4,10.440310310214954,1019,168,6.926577033222725,5.123963979403259,9.253525362202359,1.3862943611198906
5746,8743acca1ffffff,8743acd8bffffff,3,4.8790041617329525,1019,32,6.926577033222725,3.4657359027997265,8.49290135166096,1.0986122886681098
5747,8743acca1ffffff,8743acd98ffffff,10,8.333501529703526,1019,417,6.926577033222725,6.0330862217988015,9.028158988921854,2.302585092994046
5748,8743acca1ffffff,8743acd99ffffff,25,6.1685058180279855,1019,443,6.926577033222725,6.093569770045136,8.727374019368858,3.2188758248682006
5749,8743acca1ffffff,8743acd9affffff,25,9.050087055835036,1019,591,6.926577033222725,6.3818160174060985,9.110640146147398,3.2188758248682006
5750,8743acca1ffffff,8743acd9bffffff,20,6.788539270834845,1019,734,6.926577033222725,6.598509028614515,8.823138364176152,2.995732273553991
5751,8743acca1ffffff,8743acd9dffffff,1,8.216310828450199,1019,20,6.926577033222725,2.995732273553991,9.01399828470147,0.0
5752,8743acca1ffffff,8743acd9effffff,2,10.53867860759429,1019,109,6.926577033222725,4.6913478822291435,9.26290232899233,0.6931471805599453
5753,8743acca2ffffff,8743a1231ffffff,1,28.84986711855221,524,210,6.261491684321042,5.3471075307174685,10.2698953275869,0.0
5754,8743acca2ffffff,8743a1244ffffff,1,17.486377243600625,524,322,6.261491684321042,5.7745515455444085,9.769234599283658,0.0
5755,8743acca2ffffff,8743a1246ffffff,2,19.76136236178083,524,158,6.261491684321042,5.062595033026967,9.891534516877703,0.6931471805599453
5756,8743acca2ffffff,8743a1260ffffff,1,13.750501892356382,524,269,6.261491684321042,5.594711379601839,9.528903325664725,0.0
5757,8743acca2ffffff,8743a1262ffffff,3,16.04014702495725,524,371,6.261491684321042,5.916202062607435,9.682912389147885,1.0986122886681098
5758,8743acca2ffffff,8743a1263ffffff,4,15.21496781559775,524,305,6.261491684321042,5.720311776607412,9.630100669614542,1.3862943611198906
5759,8743acca2ffffff,8743a126dffffff,1,12.472542906807249,524,166,6.261491684321042,5.111987788356544,9.43136511274041,0.0
5760,8743acca2ffffff,8743a1271ffffff,1,18.32918973050496,524,332,6.261491684321042,5.805134968916488,9.816304691598782,0.0
5761,8743acca2ffffff,8743a12e0ffffff,2,29.76535452479165,524,268,6.261491684321042,5.5909869805108565,10.301133991852305,0.6931471805599453
5762,8743acca2ffffff,8743a12e4ffffff,1,28.513193710505753,524,174,6.261491684321042,5.159055299214529,10.258157267213512,0.0
5763,8743acca2ffffff,8743a1340ffffff,1,13.891853187114474,524,643,6.261491684321042,6.466144724237619,9.53912982769322,0.0
5764,8743acca2ffffff,8743a1345ffffff,1,12.456190212460548,524,450,6.261491684321042,6.1092475827643655,9.430053262293521,0.0
5765,8743acca2ffffff,8743a134dffffff,2,7.6931757749738345,524,307,6.261491684321042,5.726847747587197,8.948218928771821,0.6931471805599453
5766,8743acca2ffffff,8743a1368ffffff,9,9.045744078128665,524,725,6.261491684321042,6.586171654854675,9.110160201588561,2.1972245773362196
5767,8743acca2ffffff,8743a1369ffffff,11,6.785282527786788,524,444,6.261491684321042,6.095824562432225,8.822658578398343,2.3978952727983707
5768,8743acca2ffffff,8743a136affffff,8,10.235262425018815,524,932,6.261491684321042,6.837332814685591,9.233691834408921,2.0794415416798357
5769,8743acca2ffffff,8743a136bffffff,6,8.0351710022287,524,578,6.261491684321042,6.359573868672378,8.991708005229164,1.791759469228055
5770,8743acca2ffffff,8743a136effffff,2,11.305555500367094,524,628,6.261491684321042,6.4425401664681985,9.333137969264316,0.6931471805599453
5771,8743acca2ffffff,8743acc12ffffff,6,5.920653020156292,524,265,6.261491684321042,5.579729825986222,8.686370915279374,1.791759469228055
5772,8743acca2ffffff,8743acc80ffffff,5,4.877914960339288,524,312,6.261491684321042,5.7430031878094825,8.492678129932289,1.6094379124341003
5773,8743acca2ffffff,8743acc81ffffff,6,6.367266396706207,524,607,6.261491684321042,6.408528791059498,8.75908256030283,1.791759469228055
5774,8743acca2ffffff,8743acc82ffffff,7,6.420418422985257,524,621,6.261491684321042,6.431331081933479,8.767394310440464,1.9459101490553132
5775,8743acca2ffffff,8743acc83ffffff,8,7.316962970584817,524,574,6.261491684321042,6.352629396319567,8.898087285520548,2.0794415416798357
5776,8743acca2ffffff,8743acc84ffffff,28,2.438927065928352,524,328,6.261491684321042,5.793013608384144,7.799723426827532,3.332204510175204
5777,8743acca2ffffff,8743acc85ffffff,10,4.108679705614309,524,556,6.261491684321042,6.320768294250582,8.321100373946074,2.302585092994046
5778,8743acca2ffffff,8743acc86ffffff,6,4.158501498077351,524,205,6.261491684321042,5.3230099791384085,8.333150513881913,1.791759469228055
5779,8743acca2ffffff,8743acc88ffffff,3,10.43700880311031,524,458,6.261491684321042,6.126869184114185,9.253209115574368,1.0986122886681098
5780,8743acca2ffffff,8743acc8affffff,5,11.116217275960693,524,510,6.261491684321042,6.234410725718371,9.316250291520513,1.6094379124341003
5781,8743acca2ffffff,8743acc8bffffff,2,12.736668299378271,524,418,6.261491684321042,6.035481432524756,9.452318890348756,0.6931471805599453
5782,8743acca2ffffff,8743acc8cffffff,2,8.218638464854035,524,386,6.261491684321042,5.955837369464831,9.014281504705117,0.6931471805599453
5783,8743acca2ffffff,8743acc8dffffff,2,10.237903330131843,524,623,6.261491684321042,6.434546518787453,9.233949796191428,0.6931471805599453
5784,8743acca2ffffff,8743acc8effffff,6,8.723806934477718,524,693,6.261491684321042,6.541029999189903,9.073925618972247,1.791759469228055
5785,8743acca2ffffff,8743acc90ffffff,3,8.455952997733984,524,353,6.261491684321042,5.8664680569332965,9.042744221972523,1.0986122886681098
5786,8743acca2ffffff,8743acc91ffffff,4,8.316016863322794,524,927,6.261491684321042,6.831953565565855,9.026058919439409,1.3862943611198906
5787,8743acca2ffffff,8743acc92ffffff,6,10.693541939607165,524,365,6.261491684321042,5.8998973535824915,9.277488791203057,1.791759469228055
5788,8743acca2ffffff,8743acc94ffffff,1,6.8779554746247955,524,22,6.261491684321042,3.091042453358316,8.836222098852762,0.0
5789,8743acca2ffffff,8743acc95ffffff,3,6.2567948985977155,524,314,6.261491684321042,5.749392985908253,8.741583149418444,1.0986122886681098
5790,8743acca2ffffff,8743acc9affffff,1,12.839468697480324,524,284,6.261491684321042,5.648974238161206,9.460357079496765,0.0
5791,8743acca2ffffff,8743acc9cffffff,9,8.777573248753683,524,487,6.261491684321042,6.18826412308259,9.080069173282634,2.1972245773362196
5792,8743acca2ffffff,8743acc9dffffff,3,9.756070383910322,524,654,6.261491684321042,6.483107351457199,9.185747468765474,1.0986122886681098
5793,8743acca2ffffff,8743acc9effffff,4,10.538374835238372,524,612,6.261491684321042,6.416732282512326,9.26287350679149,1.3862943611198906
5794,8743acca2ffffff,8743acca0ffffff,22,2.2938521692998743,524,358,6.261491684321042,5.8805329864007,7.738423706171538,3.091042453358316
5795,8743acca2ffffff,8743acca1ffffff,38,3.8497542505319844,524,655,6.261491684321042,6.484635235635252,8.25602431732321,3.6375861597263857
5797,8743acca2ffffff,8743acca3ffffff,12,2.2630591667969826,524,340,6.261491684321042,5.8289456176102075,7.724914572725844,2.4849066497880004
5798,8743acca2ffffff,8743acca4ffffff,21,4.159484437106525,524,400,6.261491684321042,5.991464547107982,8.333386797702921,3.044522437723423
5799,8743acca2ffffff,8743acca5ffffff,11,4.588303912323163,524,342,6.261491684321042,5.834810737062605,8.431483638465464,2.3978952727983707
5801,8743acca2ffffff,8743acca8ffffff,7,6.7911232355631785,524,508,6.261491684321042,6.230481447578482,8.823518872049661,1.9459101490553132
5802,8743acca2ffffff,8743acca9ffffff,2,9.056127550944934,524,160,6.261491684321042,5.075173815233827,9.111307301409814,0.6931471805599453
5803,8743acca2ffffff,8743accaaffffff,4,6.169802490824661,524,490,6.261491684321042,6.194405391104672,8.727584171784663,1.3862943611198906
5804,8743acca2ffffff,8743accabffffff,2,8.337434250995916,524,256,6.261491684321042,5.545177444479562,9.028630738038752,0.6931471805599453
5805,8743acca2ffffff,8743accacffffff,46,5.8850169909208345,524,639,6.261491684321042,6.459904454377535,8.68033481545606,3.828641396489095
5806,8743acca2ffffff,8743accadffffff,2,8.044191473436765,524,26,6.261491684321042,3.258096538021482,8.992829859446152,0.6931471805599453
5807,8743acca2ffffff,8743accaeffffff,25,4.526767009610815,524,671,6.261491684321042,6.508769136971682,8.417984163084498,3.2188758248682006
5808,8743acca2ffffff,8743accb0ffffff,26,3.8476436982649016,524,947,6.261491684321042,6.853299093186078,8.25547607904952,3.258096538021482
5809,8743acca2ffffff,8743accb1ffffff,29,2.293252236078801,524,637,6.261491684321042,6.456769655572163,7.738162246343434,3.367295829986474
5810,8743acca2ffffff,8743accb3ffffff,11,4.585904180247702,524,462,6.261491684321042,6.135564891081739,8.430960604962744,2.3978952727983707
5811,8743acca2ffffff,8743accb4ffffff,5,4.524171138119558,524,406,6.261491684321042,6.0063531596017325,8.417410675997754,1.6094379124341003
5812,8743acca2ffffff,8743accb5ffffff,19,2.2624101987185674,524,508,6.261491684321042,6.230481447578482,7.72462789245019,2.9444389791664403
5813,8743acca2ffffff,8743accb6ffffff,3,5.880103950764844,524,339,6.261491684321042,5.82600010738045,8.679499769999175,1.0986122886681098
5814,8743acca2ffffff,8743accd3ffffff,2,18.633866024560323,524,40,6.261491684321042,3.6888794541139363,9.832789622435426,0.6931471805599453
5815,8743acca2ffffff,8743accd6ffffff,1,14.530898138056786,524,520,6.261491684321042,6.253828811575473,9.58410138382415,0.0
5816,8743acca2ffffff,8743accf2ffffff,1,12.343290378893995,524,168,6.261491684321042,5.123963979403259,9.420948917655977,0.0
5817,8743acca2ffffff,8743acd8bffffff,1,6.2599110215704385,524,32,6.261491684321042,3.4657359027997265,8.7420809841079,0.0
5818,8743acca2ffffff,8743acd98ffffff,4,6.365119251343632,524,417,6.261491684321042,6.0330862217988015,8.758745340205643,1.3862943611198906
5819,8743acca2ffffff,8743acd99ffffff,15,4.8776687963540315,524,443,6.261491684321042,6.093569770045136,8.492627674001508,2.70805020110221
5820,8743acca2ffffff,8743acd9affffff,4,6.166108830549488,524,591,6.261491684321042,6.3818160174060985,8.72698542207909,1.3862943611198906
5821,8743acca2ffffff,8743acd9bffffff,22,4.107397832971219,524,734,6.261491684321042,6.598509028614515,8.32078840982856,3.091042453358316
5822,8743acca2ffffff,8743acd9effffff,2,8.213510980298322,524,109,6.261491684321042,4.6913478822291435,9.013657501042598,0.6931471805599453
5823,8743acca3ffffff,8743a1368ffffff,1,11.308803244925647,428,725,6.059123195581797,6.586171654854675,9.333425172400545,0.0
5824,8743acca3ffffff,8743a1369ffffff,1,9.04834169458377,428,444,6.059123195581797,6.095824562432225,9.110447293118252,0.0
5825,8743acca3ffffff,8743acc12ffffff,8,4.589214220273558,428,265,6.059123195581797,5.579729825986222,8.431681973049093,2.0794415416798357
5826,8743acca3ffffff,8743acc80ffffff,3,4.159077984097522,428,312,6.059123195581797,5.7430031878094825,8.333289099256891,1.0986122886681098
5827,8743acca3ffffff,8743acc81ffffff,7,4.878643550554798,428,607,6.059123195581797,6.408528791059498,8.49282745326033,1.9459101490553132
5828,8743acca3ffffff,8743acc82ffffff,2,6.257752706434256,428,621,6.059123195581797,6.431331081933479,8.741736196068148,0.6931471805599453
5829,8743acca3ffffff,8743acc83ffffff,4,6.421279120068618,428,574,6.059123195581797,6.352629396319567,8.76752833681126,1.3862943611198906
5830,8743acca3ffffff,8743acc84ffffff,10,2.293707458534665,428,328,6.059123195581797,5.793013608384144,7.738360645321699,2.302585092994046
5831,8743acca3ffffff,8743acc85ffffff,38,2.4392915267596087,428,556,6.059123195581797,6.320768294250582,7.799872789330466,3.6375861597263857
5832,8743acca3ffffff,8743acc86ffffff,3,4.586814670231895,428,205,6.059123195581797,5.3230099791384085,8.431159082976517,1.0986122886681098
5833,8743acca3ffffff,8743acc88ffffff,5,8.725342137287923,428,458,6.059123195581797,6.126869184114185,9.074101561863783,1.6094379124341003
5834,8743acca3ffffff,8743acc89ffffff,9,10.439090319065787,428,617,6.059123195581797,6.424869023905388,9.25340851265072,2.1972245773362196
5835,8743acca3ffffff,8743acc8affffff,4,9.757526237164683,428,510,6.059123195581797,6.234410725718371,9.185896667714943,1.3862943611198906
5836,8743acca3ffffff,8743acc8bffffff,2,11.118098389797009,428,418,6.059123195581797,6.035481432524756,9.316419484463182,0.6931471805599453
5837,8743acca3ffffff,8743acc8cffffff,1,6.368467027380859,428,386,6.059123195581797,5.955837369464831,8.75927107589477,0.0
5838,8743acca3ffffff,8743acc8dffffff,8,8.220423276952305,428,623,6.059123195581797,6.434546518787453,9.014498621109558,2.0794415416798357
5839,8743acca3ffffff,8743acc8effffff,7,7.31805535838906,428,693,6.059123195581797,6.541029999189903,8.898236549227365,1.9459101490553132
5840,8743acca3ffffff,8743acc9cffffff,1,8.317169415953256,428,487,6.059123195581797,6.18826412308259,9.026197487485833,0.0
5841,8743acca3ffffff,8743acc9dffffff,1,8.778761246782839,428,654,6.059123195581797,6.483107351457199,9.080204493410095,0.0
5842,8743acca3ffffff,8743acca0ffffff,15,2.4392303168409413,428,358,6.059123195581797,5.8805329864007,7.799847705980516,2.70805020110221
5843,8743acca3ffffff,8743acca1ffffff,52,2.2943073462482113,428,655,6.059123195581797,6.484635235635252,7.738622033462033,3.9512437185814275
5844,8743acca3ffffff,8743acca2ffffff,39,2.2630591667969826,428,736,6.059123195581797,6.601230118728877,7.724914572725844,3.6635616461296463
5845,8743acca3ffffff,8743acca3ffffff,35,0.0,428,340,6.059123195581797,5.8289456176102075,0.0,3.5553480614894135
5846,8743acca3ffffff,8743acca4ffffff,8,4.878398710981791,428,400,6.059123195581797,5.991464547107982,8.492777276292857,2.0794415416798357
5847,8743acca3ffffff,8743acca5ffffff,8,4.1600613413137335,428,342,6.059123195581797,5.834810737062605,8.333525450838648,2.0794415416798357
5848,8743acca3ffffff,8743acca6ffffff,14,4.1082919843975105,428,594,6.059123195581797,6.386879319362645,8.321006026080742,2.6390573296152584
5849,8743acca3ffffff,8743acca8ffffff,10,4.528064068766195,428,508,6.059123195581797,6.230481447578482,8.418270589794464,2.302585092994046
5850,8743acca3ffffff,8743acca9ffffff,3,6.7930683841479516,428,160,6.059123195581797,5.075173815233827,8.823805214043432,1.0986122886681098
5851,8743acca3ffffff,8743accaaffffff,9,4.109572694606311,428,490,6.059123195581797,6.194405391104672,8.321317639536481,2.1972245773362196
5852,8743acca3ffffff,8743accabffffff,2,6.171323364677039,428,256,6.059123195581797,5.545177444479562,8.727830604313647,0.6931471805599453
5853,8743acca3ffffff,8743accacffffff,27,3.850828381584232,428,639,6.059123195581797,6.459904454377535,8.256303218858061,3.295836866004329
5854,8743acca3ffffff,8743accadffffff,2,5.88674375585448,428,26,6.059123195581797,3.258096538021482,8.6806281397359,0.6931471805599453
5855,8743acca3ffffff,8743accaeffffff,26,2.263707842813833,428,671,6.059123195581797,6.508769136971682,7.725201041877341,3.258096538021482
5856,8743acca3ffffff,8743accb0ffffff,16,5.881832181215362,428,947,6.059123195581797,6.853299093186078,8.679793588402058,2.772588722239781
5857,8743acca3ffffff,8743accb1ffffff,14,3.8487183296134257,428,637,6.059123195581797,6.456769655572163,8.255755263466053,2.6390573296152584
5858,8743acca3ffffff,8743accb3ffffff,2,5.91736205850581,428,462,6.059123195581797,6.135564891081739,8.68581501028882,0.6931471805599453
5859,8743acca3ffffff,8743accb4ffffff,2,6.787230304916539,428,406,6.059123195581797,6.0063531596017325,8.822945554022017,0.6931471805599453
5860,8743acca3ffffff,8743accb5ffffff,3,4.52546936551555,428,508,6.059123195581797,6.230481447578482,8.417697525084254,1.0986122886681098
5861,8743acca3ffffff,8743accd6ffffff,5,12.73906683420945,428,520,6.059123195581797,6.253828811575473,9.452507175125694,1.6094379124341003
5862,8743acca3ffffff,8743accf2ffffff,1,10.2403086288592,428,168,6.059123195581797,5.123963979403259,9.234184686215345,0.0
5863,8743acca3ffffff,8743acd8bffffff,3,6.422636174054107,428,32,6.059123195581797,3.4657359027997265,8.767739618601535,1.0986122886681098
5864,8743acca3ffffff,8743acd98ffffff,1,8.215300442140926,428,417,6.059123195581797,6.0330862217988015,9.013875318873216,0.0
5865,8743acca3ffffff,8743acd99ffffff,5,6.366322598394742,428,443,6.059123195581797,6.093569770045136,8.758934345985681,1.6094379124341003
5866,8743acca3ffffff,8743acd9affffff,4,8.33222070239453,428,591,6.059123195581797,6.3818160174060985,9.028005299378234,1.3862943611198906
5867,8743acca3ffffff,8743acd9bffffff,7,6.167632260221626,428,734,6.059123195581797,6.598509028614515,8.727232416510747,1.9459101490553132
5868,8743acca4ffffff,8743a1340ffffff,1,15.381892990546636,318,643,5.762051382780177,6.466144724237619,9.641011326186671,0.0
5869,8743acca4ffffff,8743a1363ffffff,2,13.894421492771723,318,553,5.762051382780177,6.315358001522335,9.539314675849079,0.6931471805599453
5870,8743acca4ffffff,8743a1368ffffff,6,9.676085177451448,318,725,5.762051382780177,6.586171654854675,9.17751601689361,1.791759469228055
5871,8743acca4ffffff,8743a1369ffffff,13,7.695170573470559,318,444,5.762051382780177,6.095824562432225,8.94847815601242,2.5649493574615367
5872,8743acca4ffffff,8743a136affffff,16,11.5395883316386,318,932,5.762051382780177,6.837332814685591,9.353625520706975,2.772588722239781
5873,8743acca4ffffff,8743a136bffffff,6,9.712987855331384,318,578,5.762051382780177,6.359573868672378,9.181322172681663,1.791759469228055
5874,8743acca4ffffff,8743a136cffffff,2,10.236852553433158,318,354,5.762051382780177,5.869296913133774,9.233847165022159,0.6931471805599453
5875,8743acca4ffffff,8743a136dffffff,5,8.03655525073268,318,609,5.762051382780177,6.411818267709897,8.9918802426414,1.6094379124341003
5876,8743acca4ffffff,8743a136effffff,4,11.757664084685542,318,628,5.762051382780177,6.4425401664681985,9.372345616758825,1.3862943611198906
5877,8743acca4ffffff,8743acc12ffffff,4,4.527214265101626,318,265,5.762051382780177,5.579729825986222,8.41808293879474,1.3862943611198906
5878,8743acca4ffffff,8743acc16ffffff,1,3.8507506766663253,318,14,5.762051382780177,2.6390573296152584,8.256283045139503,0.0
5879,8743acca4ffffff,8743acc82ffffff,1,10.540552008295956,318,621,5.762051382780177,6.431331081933479,9.263080060619172,0.0
5880,8743acca4ffffff,8743acc84ffffff,4,6.4216108232532685,318,328,5.762051382780177,5.793013608384144,8.767579984304728,1.3862943611198906
5881,8743acca4ffffff,8743acc85ffffff,1,7.317690237741399,318,556,5.762051382780177,6.320768294250582,8.898186661675306,0.0
5882,8743acca4ffffff,8743acc86ffffff,1,8.317985935183875,318,205,5.762051382780177,5.3230099791384085,9.026295643596544,0.0
5883,8743acca4ffffff,8743acc88ffffff,3,13.52641981304158,318,458,5.762051382780177,6.126869184114185,9.512474001799568,1.0986122886681098
5884,8743acca4ffffff,8743acc89ffffff,2,15.081221615577025,318,617,5.762051382780177,6.424869023905388,9.621271952698995,0.6931471805599453
5885,8743acca4ffffff,8743acc8cffffff,1,11.116897764510158,318,386,5.762051382780177,5.955837369464831,9.316311499978255,0.0
5886,8743acca4ffffff,8743acc8dffffff,1,12.737191945014976,318,623,5.762051382780177,6.434546518787453,9.452359999511058,0.0
5887,8743acca4ffffff,8743acc8effffff,1,12.19645406937085,318,693,5.762051382780177,6.541029999189903,9.4089825261056,0.0
5888,8743acca4ffffff,8743acc96ffffff,1,12.953375494650357,318,94,5.762051382780177,4.543294782270004,9.469188886095207,0.0
5889,8743acca4ffffff,8743acc9cffffff,4,12.84186139644932,318,487,5.762051382780177,6.18826412308259,9.460543402607295,1.3862943611198906
5890,8743acca4ffffff,8743acc9dffffff,1,13.580667392702162,318,654,5.762051382780177,6.483107351457199,9.516476176543234,0.0
5891,8743acca4ffffff,8743acca0ffffff,13,2.4391683941408493,318,358,5.762051382780177,5.8805329864007,7.799822329898043,2.5649493574615367
5892,8743acca4ffffff,8743acca1ffffff,17,4.108797424222984,318,655,5.762051382780177,6.484635235635252,8.321129017765339,2.833213344056216
5893,8743acca4ffffff,8743acca2ffffff,11,4.159484437106525,318,736,5.762051382780177,6.601230118728877,8.333386797702921,2.3978952727983707
5894,8743acca4ffffff,8743acca3ffffff,6,4.878398710981791,318,340,5.762051382780177,5.8289456176102075,8.492777276292857,1.791759469228055
5895,8743acca4ffffff,8743acca4ffffff,34,0.0,318,400,5.762051382780177,5.991464547107982,0.0,3.5263605246161616
5896,8743acca4ffffff,8743acca5ffffff,6,2.2632826859372415,318,342,5.762051382780177,5.834810737062605,7.725013292808253,1.791759469228055
5897,8743acca4ffffff,8743acca6ffffff,67,2.2939964674402757,318,594,5.762051382780177,6.386879319362645,7.738486583251751,4.204692619390966
5898,8743acca4ffffff,8743acca8ffffff,4,8.218876051120604,318,508,5.762051382780177,6.230481447578482,9.014310408997439,1.3862943611198906
5899,8743acca4ffffff,8743accaaffffff,1,8.724266015100133,318,490,5.762051382780177,6.194405391104672,9.073978235442544,0.0
5900,8743acca4ffffff,8743accacffffff,17,6.170028440799925,318,639,5.762051382780177,6.459904454377535,8.727620787093452,2.833213344056216
5901,8743acca4ffffff,8743accaeffffff,2,6.367525118138986,318,671,5.762051382780177,6.508769136971682,8.759123186143727,0.6931471805599453
5902,8743acca4ffffff,8743accb0ffffff,2,6.8801901853765965,318,947,5.762051382780177,6.853299093186078,8.83654690802654,0.6931471805599453
5903,8743acca4ffffff,8743accb1ffffff,1,6.258553926103864,318,637,5.762051382780177,6.456769655572163,8.741864203744301,0.0
5904,8743acca4ffffff,8743accb3ffffff,2,8.458477473436657,318,462,5.762051382780177,6.135564891081739,9.043042686323583,0.6931471805599453
5905,8743acca4ffffff,8743accb4ffffff,1,5.917648357453079,318,406,5.762051382780177,6.0063531596017325,8.68586338381174,0.0
5906,8743acca4ffffff,8743accb5ffffff,3,4.587393315585108,318,508,5.762051382780177,6.230481447578482,8.43128520159869,1.0986122886681098
5907,8743acca4ffffff,8743accb6ffffff,3,8.107455431592935,318,339,5.762051382780177,5.82600010738045,9.000662676639783,1.0986122886681098
5908,8743acca4ffffff,8743acd8bffffff,2,2.2945957268596566,318,32,5.762051382780177,3.4657359027997265,7.738747664784338,0.6931471805599453
5909,8743acca4ffffff,8743acd98ffffff,7,4.524617524735447,318,417,5.762051382780177,6.0330862217988015,8.417509316377698,1.9459101490553132
5910,8743acca4ffffff,8743acd99ffffff,16,2.2626335006402183,318,443,5.762051382780177,6.093569770045136,7.724726544876215,2.772588722239781
5911,8743acca4ffffff,8743acd9affffff,9,5.8812902742981334,318,591,5.762051382780177,6.3818160174060985,8.679701467487947,2.1972245773362196
5912,8743acca4ffffff,8743acd9bffffff,13,3.8486407743748288,318,734,5.762051382780177,6.598509028614515,8.255735117571428,2.5649493574615367
5913,8743acca5ffffff,8743acc10ffffff,2,3.851824836286555,149,8,5.003946305945459,2.0794415416798357,8.256561881948976,0.6931471805599453
5914,8743acca5ffffff,8743acc12ffffff,9,2.263931579164385,149,265,5.003946305945459,5.579729825986222,7.725299829586423,2.1972245773362196
5915,8743acca5ffffff,8743acc80ffffff,1,8.319139325411255,149,312,5.003946305945459,5.7430031878094825,9.026434279517742,0.0
5916,8743acca5ffffff,8743acc84ffffff,1,6.259512188197613,149,328,5.003946305945459,5.793013608384144,8.742017279948033,0.0
5917,8743acca5ffffff,8743acc85ffffff,1,6.422472322350158,149,556,5.003946305945459,6.320768294250582,8.76771411065101,0.0
5918,8743acca5ffffff,8743acc88ffffff,1,12.198274950348889,149,458,5.003946305945459,6.126869184114185,9.409131798656027,0.0
5919,8743acca5ffffff,8743acc8effffff,2,11.173050995471403,149,693,5.003946305945459,6.541029999189903,9.321349493770215,0.6931471805599453
5920,8743acca5ffffff,8743acc91ffffff,1,12.515904702357046,149,927,5.003946305945459,6.831953565565855,9.434835385841906,0.0
5921,8743acca5ffffff,8743acca0ffffff,11,2.2944517430232874,149,358,5.003946305945459,5.8805329864007,7.738684941043248,2.3978952727983707
5922,8743acca5ffffff,8743acca1ffffff,25,2.4395332331858617,149,655,5.003946305945459,6.484635235635252,7.799971832602182,3.2188758248682006
5923,8743acca5ffffff,8743acca2ffffff,5,4.588303912323163,149,736,5.003946305945459,6.601230118728877,8.431483638465464,1.6094379124341003
5924,8743acca5ffffff,8743acca3ffffff,1,4.1600613413137335,149,340,5.003946305945459,5.8289456176102075,8.333525450838648,0.0
5925,8743acca5ffffff,8743acca4ffffff,17,2.2632826859372415,149,400,5.003946305945459,5.991464547107982,7.725013292808253,2.833213344056216
5926,8743acca5ffffff,8743acca5ffffff,30,0.0,149,342,5.003946305945459,5.834810737062605,0.0,3.4011973816621555
5927,8743acca5ffffff,8743acca6ffffff,10,3.849715435491146,149,594,5.003946305945459,6.386879319362645,8.256014237418356,2.302585092994046
5928,8743acca5ffffff,8743acca8ffffff,3,6.368726808915692,149,508,5.003946305945459,6.230481447578482,8.759311860506136,1.0986122886681098
5929,8743acca5ffffff,8743accaaffffff,2,7.318783761294169,149,490,5.003946305945459,6.194405391104672,8.898336065712211,0.6931471805599453
5930,8743acca5ffffff,8743accacffffff,13,4.1096910778212425,149,639,5.003946305945459,6.459904454377535,8.321346438810707,2.5649493574615367
5931,8743acca5ffffff,8743accaeffffff,1,4.879128057990884,149,671,5.003946305945459,6.508769136971682,8.492926739894468,0.0
5932,8743acca5ffffff,8743accb0ffffff,1,8.109396248117722,149,947,5.003946305945459,6.853299093186078,9.000902005116592,0.0
5933,8743acca5ffffff,8743accb1ffffff,3,6.8815561484019625,149,637,5.003946305945459,6.456769655572163,8.83674539512398,1.0986122886681098
5934,8743acca5ffffff,8743accb5ffffff,2,5.9191509081417735,149,508,5.003946305945459,6.230481447578482,8.686117218793319,0.6931471805599453
5935,8743acca5ffffff,8743acd8affffff,1,4.108408219371858,149,5,5.003946305945459,1.6094379124341003,8.321034311569074,0.0
5936,8743acca5ffffff,8743acd8bffffff,2,2.439470928547091,149,32,5.003946305945459,3.4657359027997265,7.799946303167373,0.6931471805599453
5937,8743acca5ffffff,8743acd99ffffff,2,4.52591618657746,149,443,5.003946305945459,6.093569770045136,8.417796233144283,0.6931471805599453
5938,8743acca5ffffff,8743acd9bffffff,2,5.883018697841475,149,734,5.003946305945459,6.598509028614515,8.679995259459561,0.6931471805599453
5939,8743acca6ffffff,8743a1221ffffff,1,23.219061331628893,1222,324,7.108244139731541,5.780743515792329,10.05277189657608,0.0
5940,8743acca6ffffff,8743a1260ffffff,3,15.216010398884796,1222,269,7.108244139731541,5.594711379601839,9.63016918629274,1.0986122886681098
5941,8743acca6ffffff,8743a1264ffffff,1,13.75137426059609,1222,40,7.108244139731541,3.6888794541139363,9.528966761686263,0.0
5942,8743acca6ffffff,8743a1265ffffff,1,12.950225142519605,1222,224,7.108244139731541,5.4116460518550396,9.468945668252825,0.0
5943,8743acca6ffffff,8743a12e6ffffff,1,32.05282824894096,1222,43,7.108244139731541,3.7612001156935624,10.375171901360497,0.0
5944,8743acca6ffffff,8743a130cffffff,1,24.076911041051414,1222,576,7.108244139731541,6.3561076606958915,10.08905014487279,0.0
5945,8743acca6ffffff,8743a1340ffffff,2,13.49394728441328,1222,643,7.108244139731541,6.466144724237619,9.51007061913942,0.6931471805599453
5946,8743acca6ffffff,8743a1344ffffff,2,13.891081603155857,1222,418,7.108244139731541,6.035481432524756,9.539074287958133,0.6931471805599453
5947,8743acca6ffffff,8743a1349ffffff,1,9.169986090240059,1222,23,7.108244139731541,3.1354942159291497,9.123800093846427,0.0
5948,8743acca6ffffff,8743a134cffffff,1,9.710303431316099,1222,283,7.108244139731541,5.645446897643238,9.18104578825141,0.0
5949,8743acca6ffffff,8743a134dffffff,3,8.105205396211128,1222,307,7.108244139731541,5.726847747587197,9.00038514565469,1.0986122886681098
5950,8743acca6ffffff,8743a1362ffffff,1,14.687045806370246,1222,301,7.108244139731541,5.707110264748875,9.594789231480833,0.0
5951,8743acca6ffffff,8743a1363ffffff,3,12.455249092865431,1222,553,7.108244139731541,6.315358001522335,9.429977711135447,1.0986122886681098
5952,8743acca6ffffff,8743a1368ffffff,32,8.034672802565472,1222,725,7.108244139731541,6.586171654854675,8.991646008650621,3.4657359027997265
5953,8743acca6ffffff,8743a1369ffffff,31,5.879832945535659,1222,444,7.108244139731541,6.095824562432225,8.679453688264234,3.4339872044851463
5954,8743acca6ffffff,8743a136affffff,37,9.67359169682744,1222,932,7.108244139731541,6.837332814685591,9.177258315129157,3.6109179126442243
5955,8743acca6ffffff,8743a136bffffff,17,7.693098369355552,1222,578,7.108244139731541,6.359573868672378,8.948208868433987,2.833213344056216
5956,8743acca6ffffff,8743a136cffffff,2,9.044890954125508,1222,354,7.108244139731541,5.869296913133774,9.110065895369234,0.6931471805599453
5957,8743acca6ffffff,8743a136dffffff,19,6.784643064993811,1222,609,7.108244139731541,6.411818267709897,8.822564345227217,2.9444389791664403
5958,8743acca6ffffff,8743a136effffff,10,10.234541476535322,1222,628,7.108244139731541,6.4425401664681985,9.23362140109613,2.302585092994046
5959,8743acca6ffffff,8743a1371ffffff,1,16.060313218265634,1222,543,7.108244139731541,6.297109319933935,9.684168753663764,0.0
5960,8743acca6ffffff,8743a1373ffffff,1,17.624742809997358,1222,305,7.108244139731541,5.720311776607412,9.77711577204046,0.0
5961,8743acca6ffffff,8743acc10ffffff,1,7.7015402717777,1222,8,7.108244139731541,2.0794415416798357,8.949305458860621,0.0
5962,8743acca6ffffff,8743acc12ffffff,24,5.884746497816447,1222,265,7.108244139731541,5.579729825986222,8.680288859197306,3.1780538303479458
5963,8743acca6ffffff,8743acc80ffffff,13,7.316780485243354,1222,312,7.108244139731541,5.7430031878094825,8.898062348578735,2.5649493574615367
5964,8743acca6ffffff,8743acc81ffffff,11,8.723268830630582,1222,607,7.108244139731541,6.408528791059498,9.07386394191215,2.3978952727983707
5965,8743acca6ffffff,8743acc82ffffff,16,8.777686905030297,1222,621,7.108244139731541,6.431331081933479,9.080082120208933,2.772588722239781
5966,8743acca6ffffff,8743acc83ffffff,15,9.755828495488885,1222,574,7.108244139731541,6.352629396319567,9.185722677367,2.70805020110221
5967,8743acca6ffffff,8743acc84ffffff,21,4.877792590832418,1222,328,7.108244139731541,5.793013608384144,8.492653048322447,3.044522437723423
5968,8743acca6ffffff,8743acc85ffffff,23,6.366795376005079,1222,556,7.108244139731541,6.320768294250582,8.759008593842907,3.1354942159291497
5969,8743acca6ffffff,8743acc86ffffff,4,6.420584466278371,1222,205,7.108244139731541,5.3230099791384085,8.767420167834494,1.3862943611198906
5970,8743acca6ffffff,8743acc88ffffff,11,12.735730720555516,1222,458,7.108244139731541,6.126869184114185,9.452245280853793,2.3978952727983707
5971,8743acca6ffffff,8743acc89ffffff,3,14.529648169945256,1222,617,7.108244139731541,6.424869023905388,9.584015364650257,1.0986122886681098
5972,8743acca6ffffff,8743acc8affffff,11,13.524847584383162,1222,510,7.108244139731541,6.234410725718371,9.5123577697277,2.3978952727983707
5973,8743acca6ffffff,8743acc8bffffff,4,15.079497958034294,1222,418,7.108244139731541,6.035481432524756,9.62115766210657,1.3862943611198906
5974,8743acca6ffffff,8743acc8cffffff,6,10.436145547526896,1222,386,7.108244139731541,5.955837369464831,9.253126409064093,1.791759469228055
5975,8743acca6ffffff,8743acc8dffffff,6,12.328715261349814,1222,623,7.108244139731541,6.434546518787453,9.419767502732762,1.791759469228055
5976,8743acca6ffffff,8743acc8effffff,22,11.11561694435266,1222,693,7.108244139731541,6.541029999189903,9.316196289893783,3.091042453358316
5977,8743acca6ffffff,8743acc90ffffff,10,10.373122696457402,1222,353,7.108244139731541,5.8664680569332965,9.247069782145953,2.302585092994046
5978,8743acca6ffffff,8743acc91ffffff,15,10.538754530873115,1222,927,7.108244139731541,6.831953565565855,9.262909532533177,2.70805020110221
5979,8743acca6ffffff,8743acc92ffffff,1,12.511269281733298,1222,365,7.108244139731541,5.8998973535824915,9.43446498443116,0.0
5980,8743acca6ffffff,8743acc94ffffff,1,8.456525308183213,1222,22,7.108244139731541,3.091042453358316,9.042811893045682,0.0
5981,8743acca6ffffff,8743acc95ffffff,4,8.316425448959658,1222,314,7.108244139731541,5.749392985908253,9.026108044697628,1.3862943611198906
5982,8743acca6ffffff,8743acc96ffffff,2,10.694275182604997,1222,94,7.108244139731541,4.543294782270004,9.277557351209337,0.6931471805599453
5983,8743acca6ffffff,8743acc98ffffff,1,13.578785867665795,1222,461,7.108244139731541,6.133398042996649,9.516337632775246,0.0
5984,8743acca6ffffff,8743acc99ffffff,1,14.63410201235891,1222,7,7.108244139731541,1.9459101490553132,9.59117816953961,0.0
5985,8743acca6ffffff,8743acc9affffff,1,15.183858323367767,1222,284,7.108244139731541,5.648974238161206,9.628054047397981,0.0
5986,8743acca6ffffff,8743acc9cffffff,14,11.16993028993339,1222,487,7.108244139731541,6.18826412308259,9.321070173280443,2.6390573296152584
5987,8743acca6ffffff,8743acc9dffffff,24,12.194935908814386,1222,654,7.108244139731541,6.483107351457199,9.408858052995484,3.1780538303479458
5988,8743acca6ffffff,8743acc9effffff,5,12.839805489915326,1222,612,7.108244139731541,6.416732282512326,9.460383308135778,1.6094379124341003
5990,8743acca6ffffff,8743acca1ffffff,78,4.526341972502931,1222,655,7.108244139731541,6.484635235635252,8.417890285228573,4.356708826689592
5991,8743acca6ffffff,8743acca2ffffff,95,2.4388655249040663,1222,736,7.108244139731541,6.601230118728877,7.799698204024249,4.553876891600541
5992,8743acca6ffffff,8743acca3ffffff,19,4.1082919843975105,1222,340,7.108244139731541,5.8289456176102075,8.321006026080742,2.9444389791664403
5994,8743acca6ffffff,8743acca5ffffff,30,3.849715435491146,1222,342,7.108244139731541,5.834810737062605,8.256014237418356,3.4011973816621555
5996,8743acca6ffffff,8743acca8ffffff,33,8.336551830194152,1222,508,7.108244139731541,6.230481447578482,9.028524906719598,3.4965075614664802
5997,8743acca6ffffff,8743acca9ffffff,13,10.545413245666264,1222,160,7.108244139731541,5.075173815233827,9.26354110438493,2.5649493574615367
5998,8743acca6ffffff,8743accaaffffff,6,8.217864679003819,1222,490,7.108244139731541,6.194405391104672,9.014187361601696,1.791759469228055
5999,8743acca6ffffff,8743accabffffff,10,10.236860479276164,1222,256,7.108244139731541,5.545177444479562,9.233847939192316,2.302585092994046
6000,8743acca6ffffff,8743accacffffff,91,6.790486062544818,1222,639,7.108244139731541,6.459904454377535,8.82342505706944,4.51085950651685
6001,8743acca6ffffff,8743accadffffff,2,9.055278497656445,1222,26,7.108244139731541,3.258096538021482,9.111213552803193,0.6931471805599453
6002,8743acca6ffffff,8743accaeffffff,53,6.169154850495769,1222,671,7.108244139731541,6.508769136971682,8.727479213909586,3.970291913552122
6003,8743acca6ffffff,8743accb0ffffff,42,4.58619371793632,1222,947,7.108244139731541,6.853299093186078,8.431023725651432,3.7376696182833684
6004,8743acca6ffffff,8743accb1ffffff,25,4.158704888023621,1222,637,7.108244139731541,6.456769655572163,8.333199410359985,3.2188758248682006
6005,8743acca6ffffff,8743accb3ffffff,10,6.257195796617585,1222,462,7.108244139731541,6.135564891081739,8.741647211150314,2.302585092994046
6006,8743acca6ffffff,8743accb4ffffff,16,3.8476049580519494,1222,406,7.108244139731541,6.0063531596017325,8.255466013059793,2.772588722239781
6007,8743acca6ffffff,8743accb5ffffff,37,2.293396848144832,1222,508,7.108244139731541,6.230481447578482,7.738225276687845,3.6109179126442243
6008,8743acca6ffffff,8743accb6ffffff,7,5.916002817134302,1222,339,7.108244139731541,5.82600010738045,8.685585318785133,1.9459101490553132
6009,8743acca6ffffff,8743accf2ffffff,2,14.330264251580026,1222,168,7.108244139731541,5.123963979403259,9.570198741046541,0.6931471805599453
6010,8743acca6ffffff,8743acd8bffffff,4,4.588592194299932,1222,32,7.108244139731541,3.4657359027997265,8.431546452549753,1.3862943611198906
6011,8743acca6ffffff,8743acd98ffffff,16,4.107008457743415,1222,417,7.108244139731541,6.0330862217988015,8.320693629893315,2.772588722239781
6012,8743acca6ffffff,8743acd99ffffff,72,2.438803271449965,1222,443,7.108244139731541,6.093569770045136,7.799672688581828,4.276666119016055
6013,8743acca6ffffff,8743acd9affffff,31,4.523745083332106,1222,591,7.108244139731541,6.3818160174060985,8.417316519371916,3.4339872044851463
6014,8743acca6ffffff,8743acd9bffffff,86,2.262197298331915,1222,734,7.108244139731541,6.598509028614515,7.724533826248537,4.454347296253507
6015,8743acca6ffffff,8743acd9cffffff,1,6.364643775475519,1222,17,7.108244139731541,2.833213344056216,8.758670648920967,0.0
6016,8743acca6ffffff,8743acd9dffffff,1,4.8775435771169,1222,20,7.108244139731541,2.995732273553991,8.49260200699082,0.0
6017,8743acca6ffffff,8743acd9effffff,1,6.165458053744007,1222,109,7.108244139731541,4.6913478822291435,8.726879892703495,0.0
6018,8743acca8ffffff,8743a126cffffff,2,14.865010582124354,811,356,6.698268054115413,5.87493073085203,9.606832717118992,0.6931471805599453
6019,8743acca8ffffff,8743a126dffffff,1,13.758695315577814,811,166,6.698268054115413,5.111987788356544,9.52949896847894,0.0
6020,8743acca8ffffff,8743a1343ffffff,1,19.77110097465219,811,55,6.698268054115413,4.007333185232471,9.89202718136567,0.0
6021,8743acca8ffffff,8743a1349ffffff,1,13.50593185737839,811,23,6.698268054115413,3.1354942159291497,9.510958303562356,0.0
6022,8743acca8ffffff,8743a134effffff,1,17.64111887543464,811,325,6.698268054115413,5.783825182329737,9.77804444000226,0.0
6023,8743acca8ffffff,8743ac525ffffff,2,11.174461658144633,811,88,6.698268054115413,4.477336814478207,9.32147573031926,0.6931471805599453
6024,8743acca8ffffff,8743acc12ffffff,9,4.879856836439681,811,265,6.698268054115413,5.579729825986222,8.493076064672252,2.1972245773362196
6025,8743acca8ffffff,8743acc80ffffff,6,5.920365852973183,811,312,6.698268054115413,5.7430031878094825,8.686322419674285,1.791759469228055
6026,8743acca8ffffff,8743acc81ffffff,16,4.58863478468983,811,607,6.698268054115413,6.408528791059498,8.43155573228322,2.772588722239781
6027,8743acca8ffffff,8743acc82ffffff,11,8.11071634065418,811,621,6.698268054115413,6.431331081933479,9.0010647573515,2.3978952727983707
6028,8743acca8ffffff,8743acc83ffffff,16,6.882051584485963,811,574,6.698268054115413,6.352629396319567,8.836817376847392,2.772588722239781
6029,8743acca8ffffff,8743acc84ffffff,2,5.885286770470587,811,328,6.698268054115413,5.793013608384144,8.680380648379721,0.6931471805599453
6030,8743acca8ffffff,8743acc85ffffff,33,3.850866561870814,811,556,6.698268054115413,6.320768294250582,8.25631313105912,3.4965075614664802
6031,8743acca8ffffff,8743acc86ffffff,5,7.699622998222812,811,205,6.698268054115413,5.3230099791384085,8.949056513428935,1.6094379124341003
6032,8743acca8ffffff,8743acc88ffffff,27,6.422998646931735,811,458,6.698268054115413,6.126869184114185,8.76779604499951,3.295836866004329
6033,8743acca8ffffff,8743acc89ffffff,29,7.320237571061809,811,617,6.698268054115413,6.424869023905388,8.898534659750075,3.367295829986474
6034,8743acca8ffffff,8743acc8affffff,8,8.319472414610296,811,510,6.698268054115413,6.234410725718371,9.026474312805496,2.0794415416798357
6035,8743acca8ffffff,8743acc8bffffff,8,8.781134535612145,811,418,6.698268054115413,6.035481432524756,9.08047477047735,2.0794415416798357
6036,8743acca8ffffff,8743acc8cffffff,18,4.160229902638321,811,386,6.698268054115413,5.955837369464831,8.33356595923223,2.8903717578961645
6037,8743acca8ffffff,8743acc8dffffff,38,4.880099023324559,811,623,6.698268054115413,6.434546518787453,8.493125683188952,3.6375861597263857
6038,8743acca8ffffff,8743acc8effffff,24,6.259666951539311,811,693,6.698268054115413,6.541029999189903,8.742042000198415,3.1780538303479458
6039,8743acca8ffffff,8743acc90ffffff,2,11.835936447026802,811,353,6.698268054115413,5.8664680569332965,9.378980128929326,0.6931471805599453
6040,8743acca8ffffff,8743acc91ffffff,15,10.345040687499699,811,927,6.698268054115413,6.831953565565855,9.244359183234995,2.70805020110221
6041,8743acca8ffffff,8743acc92ffffff,3,14.008228009144764,811,365,6.698268054115413,5.8998973535824915,9.547471534968064,1.0986122886681098
6042,8743acca8ffffff,8743acc93ffffff,2,12.599638869002833,811,349,6.698268054115413,5.855071922202427,9.441502795543284,0.6931471805599453
6043,8743acca8ffffff,8743acc95ffffff,2,9.71791547330029,811,314,6.698268054115413,5.749392985908253,9.18182931440837,0.6931471805599453
6044,8743acca8ffffff,8743acc98ffffff,8,10.698994376163066,811,461,6.698268054115413,6.133398042996649,9.277998494857622,2.0794415416798357
6045,8743acca8ffffff,8743acc9affffff,1,12.9561205509405,811,284,6.698268054115413,5.648974238161206,9.469400765509317,0.0
6046,8743acca8ffffff,8743acc9cffffff,20,9.174867511143761,811,487,6.698268054115413,6.18826412308259,9.124332220076345,2.995732273553991
6047,8743acca8ffffff,8743acc9dffffff,15,8.460093252741023,811,654,6.698268054115413,6.483107351457199,9.043233670343616,2.70805020110221
6048,8743acca8ffffff,8743acc9effffff,15,11.467082207093746,811,612,6.698268054115413,6.416732282512326,9.347322995367326,2.70805020110221
6049,8743acca8ffffff,8743acca0ffffff,5,6.170676599329584,811,358,6.698268054115413,5.8805329864007,8.727725814075486,1.6094379124341003
6050,8743acca8ffffff,8743acca1ffffff,30,4.1100786268976215,811,655,6.698268054115413,6.484635235635252,8.321440712693482,3.4011973816621555
6051,8743acca8ffffff,8743acca2ffffff,7,6.7911232355631785,811,736,6.698268054115413,6.601230118728877,8.823518872049661,1.9459101490553132
6052,8743acca8ffffff,8743acca3ffffff,14,4.528064068766195,811,340,6.698268054115413,5.8289456176102075,8.418270589794464,2.6390573296152584
6053,8743acca8ffffff,8743acca4ffffff,2,8.218876051120604,811,400,6.698268054115413,5.991464547107982,9.014310408997439,0.6931471805599453
6054,8743acca8ffffff,8743acca5ffffff,5,6.368726808915692,811,342,6.698268054115413,5.834810737062605,8.759311860506136,1.6094379124341003
6055,8743acca8ffffff,8743acca6ffffff,8,8.336551830194152,811,594,6.698268054115413,6.386879319362645,9.028524906719598,2.0794415416798357
6056,8743acca8ffffff,8743acca8ffffff,90,0.0,811,508,6.698268054115413,6.230481447578482,0.0,4.499809670330265
6057,8743acca8ffffff,8743acca9ffffff,29,2.265004315381755,811,160,6.698268054115413,5.075173815233827,7.72577334599115,3.367295829986474
6058,8743acca8ffffff,8743accaaffffff,48,2.294617470130677,811,490,6.698268054115413,6.194405391104672,7.738757136473013,3.871201010907891
6059,8743acca8ffffff,8743accabffffff,26,2.440019595075525,811,256,6.698268054115413,5.545177444479562,7.800171097839447,3.258096538021482
6060,8743acca8ffffff,8743accacffffff,91,2.43995904833057,811,639,6.698268054115413,6.459904454377535,7.800146293656807,4.51085950651685
6061,8743acca8ffffff,8743accadffffff,4,2.295217265707317,811,26,6.698268054115413,3.258096538021482,7.739018380883823,1.3862943611198906
6062,8743acca8ffffff,8743accaeffffff,59,2.2643562259523637,811,671,6.698268054115413,6.508769136971682,7.725487299702006,4.07753744390572
6063,8743acca8ffffff,8743accb0ffffff,4,10.244353655576033,811,947,6.698268054115413,6.853299093186078,9.23457957989917,1.3862943611198906
6064,8743acca8ffffff,8743accb1ffffff,1,8.04230941680754,811,637,6.698268054115413,6.456769655572163,8.992595896487062,0.0
6065,8743acca8ffffff,8743accb3ffffff,3,9.682311056866292,811,462,6.698268054115413,6.135564891081739,9.178159173113565,1.0986122886681098
6066,8743acca8ffffff,8743accb5ffffff,2,9.053533434281745,811,508,6.698268054115413,6.230481447578482,9.111020843234273,0.6931471805599453
6067,8743acca8ffffff,8743accd2ffffff,5,12.200689169749547,811,238,6.698268054115413,5.472270673671475,9.409329677673975,1.6094379124341003
6068,8743acca8ffffff,8743accd3ffffff,1,13.53220054893016,811,40,6.698268054115413,3.6888794541139363,9.512901245218172,0.0
6069,8743acca8ffffff,8743accd4ffffff,3,8.728409203260798,811,81,6.698268054115413,4.394449154672439,9.07445297223216,1.0986122886681098
6070,8743acca8ffffff,8743accd6ffffff,21,9.76043452449987,811,520,6.698268054115413,6.253828811575473,9.18619464857589,3.044522437723423
6071,8743acca8ffffff,8743accf2ffffff,7,6.37086579351991,811,168,6.698268054115413,5.123963979403259,8.75964760889977,1.9459101490553132
6072,8743acca8ffffff,8743accf6ffffff,1,4.11135700622625,811,2,6.698268054115413,0.6931471805599453,8.321751623946627,0.0
6073,8743acca8ffffff,8743acd99ffffff,3,10.235815191678455,811,443,6.698268054115413,6.093569770045136,9.233745833780205,1.0986122886681098
6074,8743acca8ffffff,8743acd9bffffff,1,10.542602614009837,811,734,6.698268054115413,6.598509028614515,9.263274567679431,0.0
6075,8743accaaffffff,8743a130dffffff,1,28.175151691746063,156,613,5.049856007249537,6.418364935936212,10.246231214443318,0.0
6076,8743accaaffffff,8743a1368ffffff,1,15.000458032650073,156,725,5.049856007249537,6.586171654854675,9.615902677537193,0.0
6077,8743accaaffffff,8743a1371ffffff,1,22.609984730598907,156,543,5.049856007249537,6.297109319933935,10.026191117202824,0.0
6078,8743accaaffffff,8743acc12ffffff,1,6.423333199405888,156,265,5.049856007249537,5.579729825986222,8.76784812218404,0.0
6079,8743accaaffffff,8743acc80ffffff,2,3.8498305375450705,156,312,5.049856007249537,5.7430031878094825,8.256044128054427,0.6931471805599453
6080,8743accaaffffff,8743acc81ffffff,14,2.294017314559154,156,607,5.049856007249537,6.408528791059498,7.738495666936406,2.6390573296152584
6081,8743accaaffffff,8743acc82ffffff,2,5.918719666343648,156,621,5.049856007249537,6.431331081933479,8.686044373098664,0.6931471805599453
6082,8743accaaffffff,8743acc83ffffff,3,4.587434114355285,156,574,5.049856007249537,6.352629396319567,8.431294093292578,1.0986122886681098
6083,8743accaaffffff,8743acc84ffffff,2,4.5271912973569775,156,328,5.049856007249537,5.793013608384144,8.418077866640122,0.6931471805599453
6084,8743accaaffffff,8743acc85ffffff,18,2.263919859089579,156,556,5.049856007249537,6.320768294250582,7.725294654990759,2.8903717578961645
6085,8743accaaffffff,8743acc86ffffff,1,5.883829264347249,156,205,5.049856007249537,5.3230099791384085,8.680133007267955,0.0
6086,8743accaaffffff,8743acc88ffffff,2,4.87949118905472,156,458,5.049856007249537,6.126869184114185,8.49300114727679,0.6931471805599453
6087,8743accaaffffff,8743acc8cffffff,2,2.439715868564545,156,386,5.049856007249537,5.955837369464831,7.800046664013144,0.6931471805599453
6088,8743accaaffffff,8743acc8dffffff,8,4.110850582345995,156,623,5.049856007249537,6.434546518787453,8.321628469496682,2.0794415416798357
6089,8743accaaffffff,8743acc8effffff,2,4.15944886361709,156,693,5.049856007249537,6.541029999189903,8.333378247342488,0.6931471805599453
6090,8743accaaffffff,8743acc91ffffff,5,8.10846515106791,156,927,5.049856007249537,6.831953565565855,9.000787195621255,1.6094379124341003
6091,8743accaaffffff,8743acc92ffffff,3,11.832642325340807,156,365,5.049856007249537,5.8998973535824915,9.378701798455117,1.0986122886681098
6092,8743accaaffffff,8743acc98ffffff,1,8.458138476407271,156,461,5.049856007249537,6.133398042996649,9.0430026124747,0.0
6093,8743accaaffffff,8743acc9cffffff,2,6.880250041013083,156,487,5.049856007249537,6.18826412308259,8.83655560643111,0.6931471805599453
6094,8743accaaffffff,8743acc9dffffff,4,6.2583067612891625,156,654,5.049856007249537,6.483107351457199,8.741824716953785,1.3862943611198906
6095,8743accaaffffff,8743acc9effffff,2,9.172464736963068,156,612,5.049856007249537,6.416732282512326,9.124070327800165,0.6931471805599453
6096,8743accaaffffff,8743acca1ffffff,3,4.879250528108308,156,655,5.049856007249537,6.484635235635252,8.49295183525657,1.0986122886681098
6097,8743accaaffffff,8743acca2ffffff,1,6.169802490824661,156,736,5.049856007249537,6.601230118728877,8.727584171784663,0.0
6098,8743accaaffffff,8743acca3ffffff,3,4.109572694606311,156,340,5.049856007249537,5.8289456176102075,8.321317639536481,1.0986122886681098
6099,8743accaaffffff,8743acca5ffffff,2,7.318783761294169,156,342,5.049856007249537,5.834810737062605,8.898336065712211,0.6931471805599453
6100,8743accaaffffff,8743acca6ffffff,1,8.217864679003819,156,594,5.049856007249537,6.386879319362645,9.014187361601696,0.0
6101,8743accaaffffff,8743acca8ffffff,8,2.294617470130677,156,508,5.049856007249537,6.230481447578482,7.738757136473013,2.0794415416798357
6102,8743accaaffffff,8743acca9ffffff,4,3.851940160301734,156,160,5.049856007249537,5.075173815233827,8.256591813828612,1.3862943611198906
6103,8743accaaffffff,8743accaaffffff,30,0.0,156,490,5.049856007249537,6.194405391104672,0.0,3.4011973816621555
6104,8743accaaffffff,8743accabffffff,7,2.264567986616386,156,256,5.049856007249537,5.545177444479562,7.725580773198468,1.9459101490553132
6105,8743accaaffffff,8743accacffffff,4,4.16043444690549,156,639,5.049856007249537,6.459904454377535,8.333615112786577,1.3862943611198906
6106,8743accaaffffff,8743accaeffffff,10,2.439655703303287,156,671,5.049856007249537,6.508769136971682,7.80002201304758,2.302585092994046
6107,8743accaaffffff,8743accb0ffffff,1,9.051787742391918,156,947,5.049856007249537,6.853299093186078,9.11082802709342,0.0
6108,8743accaaffffff,8743accb1ffffff,1,6.789814022339303,156,637,5.049856007249537,6.456769655572163,8.823326098836759,0.0
6109,8743accaaffffff,8743accb6ffffff,1,11.313112166690342,156,339,5.049856007249537,5.82600010738045,9.333806089826941,0.0
6110,8743accaaffffff,8743acd99ffffff,1,10.435279488398685,156,443,5.049856007249537,6.093569770045136,9.253043427078412,0.0
6111,8743accaaffffff,8743acd9bffffff,2,10.234452295575416,156,734,5.049856007249537,6.598509028614515,9.233612688186449,0.6931471805599453
6112,8743accabffffff,8743acc81ffffff,3,3.8509042939930094,33,607,3.4965075614664802,6.408528791059498,8.256322926813146,1.0986122886681098
6113,8743accabffffff,8743acc83ffffff,1,5.920221125677284,33,574,3.4965075614664802,6.352629396319567,8.686297977836338,0.0
6114,8743accabffffff,8743acc85ffffff,1,4.528487845705964,33,556,3.4965075614664802,6.320768294250582,8.418364153742449,0.0
6115,8743accabffffff,8743acc88ffffff,2,4.160024261742067,33,458,3.4965075614664802,6.126869184114185,8.333516539713855,0.6931471805599453
6116,8743accabffffff,8743acc8affffff,2,6.259263198798001,33,510,3.4965075614664802,6.234410725718371,8.74197750774672,0.6931471805599453
6117,8743accabffffff,8743acc8bffffff,1,6.422828657714332,33,418,3.4965075614664802,6.035481432524756,8.767769583059545,0.0
6118,8743accabffffff,8743acc8cffffff,1,2.2944721489840574,33,386,3.4965075614664802,5.955837369464831,7.738693830740072,0.0
6119,8743accabffffff,8743acc8dffffff,6,2.4400794282490335,33,623,3.4965075614664802,6.434546518787453,7.800195609088902,1.791759469228055
6120,8743accabffffff,8743acc91ffffff,1,9.717803088809111,33,927,3.4965075614664802,6.831953565565855,9.181817750860846,0.0
6121,8743accabffffff,8743acc9cffffff,1,8.110404554882123,33,487,3.4965075614664802,6.18826412308259,9.001026320139067,0.0
6122,8743accabffffff,8743acc9dffffff,2,6.881614681121387,33,654,3.4965075614664802,6.483107351457199,8.83675389959082,0.6931471805599453
6123,8743accabffffff,8743acca1ffffff,1,6.369197697366525,33,655,3.4965075614664802,6.484635235635252,8.759385783777944,0.0
6124,8743accabffffff,8743acca9ffffff,2,2.2950722583636836,33,160,3.4965075614664802,5.075173815233827,7.738955228356996,0.6931471805599453
6125,8743accabffffff,8743accaaffffff,1,2.264567986616386,33,490,3.4965075614664802,6.194405391104672,7.725580773198468,0.0
6126,8743accabffffff,8743accabffffff,5,0.0,33,256,3.4965075614664802,5.545177444479562,0.0,1.6094379124341003
6127,8743accabffffff,8743accacffffff,1,4.879978643406095,33,639,3.4965075614664802,6.459904454377535,8.493101020422975,0.0
6128,8743accabffffff,8743accd0ffffff,1,8.728940993827468,33,91,3.4965075614664802,4.51085950651685,9.07451388979906,0.0
6129,8743accabffffff,8743accd6ffffff,1,7.320414929424345,33,520,3.4965075614664802,6.253828811575473,8.898558884645468,0.0
6130,8743accacffffff,8743a1268ffffff,1,17.497051234763376,477,24,6.1675164908883415,3.1780538303479458,9.76984479569732,0.0
6131,8743accacffffff,8743a1368ffffff,2,14.700045110891725,477,725,6.1675164908883415,6.586171654854675,9.595673866218657,0.6931471805599453
6132,8743accacffffff,8743acc12ffffff,32,2.4398977881091115,477,265,6.1675164908883415,5.579729825986222,7.800121196558095,3.4657359027997265
6133,8743accacffffff,8743acc16ffffff,3,4.879733602632978,477,14,6.1675164908883415,2.6390573296152584,8.493050815957407,1.0986122886681098
6134,8743accacffffff,8743acc80ffffff,12,6.882487250551636,477,312,6.1675164908883415,5.7430031878094825,8.836880670326028,2.4849066497880004
6135,8743accacffffff,8743acc81ffffff,7,6.260069216476467,477,607,6.1675164908883415,6.408528791059498,8.742106250863323,1.9459101490553132
6136,8743accacffffff,8743acc82ffffff,6,9.17544902571842,477,621,6.1675164908883415,6.431331081933479,9.124395592411243,1.791759469228055
6137,8743accacffffff,8743acc83ffffff,6,8.460667177066195,477,574,6.1675164908883415,6.352629396319567,9.043301499032413,1.791759469228055
6138,8743accacffffff,8743acc84ffffff,5,5.92050981787013,477,328,6.1675164908883415,5.793013608384144,8.68634673216408,1.6094379124341003
6139,8743accacffffff,8743acc85ffffff,7,4.588924915239445,477,556,6.1675164908883415,6.320768294250582,8.431618944585159,1.9459101490553132
6140,8743accacffffff,8743acc86ffffff,2,8.11102699165309,477,205,6.1675164908883415,5.3230099791384085,9.001103053198838,0.6931471805599453
6141,8743accacffffff,8743acc88ffffff,6,8.78125132248218,477,458,6.1675164908883415,6.126869184114185,9.080488068621786,1.791759469228055
6142,8743accacffffff,8743acc89ffffff,2,9.76019661939238,477,617,6.1675164908883415,6.424869023905388,9.186170276337768,0.6931471805599453
6143,8743accacffffff,8743acc8affffff,2,10.543010387175823,477,510,6.1675164908883415,6.234410725718371,9.263313241868493,0.6931471805599453
6144,8743accacffffff,8743acc8bffffff,1,11.174523589869672,477,418,6.1675164908883415,6.035481432524756,9.321481272063783,0.0
6145,8743accacffffff,8743acc8cffffff,6,6.423166827506042,477,386,6.1675164908883415,5.955837369464831,8.76782222470192,1.791759469228055
6146,8743accacffffff,8743acc8dffffff,12,7.320058071655129,477,623,6.1675164908883415,6.434546518787453,8.898510141817768,2.4849066497880004
6147,8743accacffffff,8743acc8effffff,5,8.31988331052258,477,693,6.1675164908883415,6.541029999189903,9.026523695310042,1.6094379124341003
6148,8743accacffffff,8743acc90ffffff,6,12.600263132833142,477,353,6.1675164908883415,5.8664680569332965,9.441552336552562,1.791759469228055
6149,8743accacffffff,8743acc91ffffff,7,11.467809882797958,477,927,6.1675164908883415,6.831953565565855,9.347386445611727,1.9459101490553132
6150,8743accacffffff,8743acc98ffffff,1,12.517014755719202,477,461,6.1675164908883415,6.133398042996649,9.434924066244074,0.0
6151,8743accacffffff,8743acc9cffffff,3,10.699729498174305,477,487,6.1675164908883415,6.18826412308259,9.278067195525493,1.0986122886681098
6152,8743accacffffff,8743acc9dffffff,2,10.377672135191174,477,654,6.1675164908883415,6.483107351457199,9.247508223217968,0.6931471805599453
6153,8743accacffffff,8743acc9effffff,2,12.957011926202844,477,612,6.1675164908883415,6.416732282512326,9.469469557383213,0.6931471805599453
6154,8743accacffffff,8743acca0ffffff,19,4.5276395417163675,477,358,6.1675164908883415,5.8805329864007,8.418176851454506,2.9444389791664403
6156,8743accacffffff,8743acca2ffffff,17,5.8850169909208345,477,736,6.1675164908883415,6.601230118728877,8.68033481545606,2.833213344056216
6157,8743accacffffff,8743acca3ffffff,14,3.850828381584232,477,340,6.1675164908883415,5.8289456176102075,8.256303218858061,2.6390573296152584
6158,8743accacffffff,8743acca4ffffff,12,6.170028440799925,477,400,6.1675164908883415,5.991464547107982,8.727620787093452,2.4849066497880004
6159,8743accacffffff,8743acca5ffffff,18,4.1096910778212425,477,342,6.1675164908883415,5.834810737062605,8.321346438810707,2.8903717578961645
6160,8743accacffffff,8743acca6ffffff,32,6.790486062544818,477,594,6.1675164908883415,6.386879319362645,8.82342505706944,3.4657359027997265
6161,8743accacffffff,8743acca8ffffff,63,2.43995904833057,477,508,6.1675164908883415,6.230481447578482,7.800146293656807,4.143134726391533
6162,8743accacffffff,8743acca9ffffff,19,4.110971115502568,477,160,6.1675164908883415,5.075173815233827,8.321657782670293,2.9444389791664403
6163,8743accacffffff,8743accaaffffff,14,4.16043444690549,477,490,6.1675164908883415,6.194405391104672,8.333615112786577,2.6390573296152584
6164,8743accacffffff,8743accabffffff,15,4.879978643406095,477,256,6.1675164908883415,5.545177444479562,8.493101020422975,2.70805020110221
6166,8743accacffffff,8743accadffffff,5,2.2647924351116275,477,26,6.1675164908883415,3.258096538021482,7.7256798377064895,1.6094379124341003
6167,8743accacffffff,8743accaeffffff,74,2.2947623785350157,477,671,6.1675164908883415,6.508769136971682,7.7388202584142,4.30406509320417
6168,8743accacffffff,8743accb0ffffff,1,9.682002333153278,477,947,6.1675164908883415,6.853299093186078,9.178127290565058,0.0
6169,8743accacffffff,8743accb1ffffff,3,7.69954671119766,477,637,6.1675164908883415,6.456769655572163,8.949046606775532,1.0986122886681098
6170,8743accacffffff,8743accb5ffffff,2,8.04181317612388,477,508,6.1675164908883415,6.230481447578482,8.992534198500993,0.6931471805599453
6171,8743accacffffff,8743accb6ffffff,1,11.765120941685678,477,339,6.1675164908883415,5.82600010738045,9.372979574284177,0.0
6172,8743accacffffff,8743accc6ffffff,1,12.336742146361722,477,2,6.1675164908883415,0.6931471805599453,9.420418310407225,0.0
6173,8743accacffffff,8743accd4ffffff,3,11.1212609340401,477,81,6.1675164908883415,4.394449154672439,9.316703868544062,1.0986122886681098
6174,8743accacffffff,8743accd6ffffff,3,12.20039357283044,477,520,6.1675164908883415,6.253828811575473,9.409305451479092,1.0986122886681098
6175,8743accacffffff,8743accf2ffffff,3,8.727874938381502,477,168,6.1675164908883415,5.123963979403259,9.074391767491177,1.0986122886681098
6176,8743accacffffff,8743acd98ffffff,2,10.541492051618153,477,417,6.1675164908883415,6.0330862217988015,9.263169231683333,0.6931471805599453
6177,8743accacffffff,8743acd99ffffff,11,8.335667660329277,477,443,6.1675164908883415,6.093569770045136,9.028418854395385,2.3978952727983707
6178,8743accacffffff,8743acd9affffff,2,11.31423114587692,477,591,6.1675164908883415,6.3818160174060985,9.333904986129149,0.6931471805599453
6179,8743accacffffff,8743acd9bffffff,5,9.052683360876731,477,734,6.1675164908883415,6.598509028614515,9.110926955093298,1.6094379124341003
6180,8743accadffffff,8743acc84ffffff,1,7.701694785422165,34,328,3.5263605246161616,5.793013608384144,8.949325518748562,0.0
6181,8743accadffffff,8743acca1ffffff,1,4.528936525153514,34,655,3.5263605246161616,6.484635235635252,8.418463206271518,0.0
6182,8743accadffffff,8743acca8ffffff,7,2.295217265707317,34,508,3.5263605246161616,6.230481447578482,7.739018380883823,1.9459101490553132
6183,8743accadffffff,8743acca9ffffff,2,2.4403229869357896,34,160,3.5263605246161616,5.075173815233827,7.800295379106302,0.6931471805599453
6184,8743accadffffff,8743accaaffffff,1,4.589834735837994,34,490,3.5263605246161616,6.194405391104672,8.43181714617982,0.0
6185,8743accadffffff,8743accabffffff,3,4.16101026349547,34,256,3.5263605246161616,5.545177444479562,8.333753472951372,1.0986122886681098
6186,8743accadffffff,8743accacffffff,11,2.2647924351116275,34,639,3.5263605246161616,6.459904454377535,7.7256798377064895,2.3978952727983707
6187,8743accadffffff,8743accaeffffff,6,3.851902167527884,34,671,3.5263605246161616,6.508769136971682,8.256581953057463,1.791759469228055
6188,8743accadffffff,8743accb3ffffff,1,11.549376777082013,34,462,3.5263605246161616,6.135564891081739,9.354473336810255,0.0
6189,8743accadffffff,8743accd0ffffff,1,12.20220994172939,34,91,3.5263605246161616,4.51085950651685,9.409454306091806,0.0
6190,8743accaeffffff,8743a1260ffffff,1,16.20885450329743,703,269,6.555356891810665,5.594711379601839,9.693374638952083,0.0
6191,8743accaeffffff,8743a126cffffff,3,13.755965036445705,703,356,6.555356891810665,5.87493073085203,9.529300522947677,1.0986122886681098
6192,8743accaeffffff,8743a1368ffffff,4,13.572511087739478,703,725,6.555356891810665,6.586171654854675,9.515875458325615,1.3862943611198906
6193,8743accaeffffff,8743a1369ffffff,7,11.312049537397604,703,444,6.555356891810665,6.095824562432225,9.333712164719815,1.9459101490553132
6194,8743accaeffffff,8743a136affffff,4,14.69687077888605,703,932,6.555356891810665,6.837332814685591,9.595457917302044,1.3862943611198906
6195,8743accaeffffff,8743a136dffffff,1,12.764215379890057,703,609,6.555356891810665,6.411818267709897,9.454479202223414,0.0
6196,8743accaeffffff,8743ac525ffffff,1,12.198873035235529,703,88,6.555356891810665,4.477336814478207,9.409180823719288,0.0
6197,8743accaeffffff,8743acc12ffffff,26,4.160637894410453,703,265,6.555356891810665,5.579729825986222,8.333664000384008,3.258096538021482
6198,8743accaeffffff,8743acc16ffffff,1,6.423497762605399,703,14,6.555356891810665,2.6390573296152584,8.76787373746375,0.0
6199,8743accaeffffff,8743acc80ffffff,12,4.58772487201662,703,312,6.555356891810665,5.7430031878094825,8.431357458798583,2.4849066497880004
6200,8743accaeffffff,8743acc81ffffff,23,4.159654119142503,703,607,6.555356891810665,6.408528791059498,8.333427581072854,3.1354942159291497
6201,8743accaeffffff,8743acc82ffffff,9,6.880686647183404,703,621,6.555356891810665,6.431331081933479,8.836619053089388,2.1972245773362196
6202,8743accaeffffff,8743acc83ffffff,13,6.2587100577166765,703,574,6.555356891810665,6.352629396319567,8.741889146362817,2.5649493574615367
6203,8743accaeffffff,8743acc84ffffff,8,3.8497926178942805,703,328,6.555356891810665,5.793013608384144,8.256034280870262,2.0794415416798357
6204,8743accaeffffff,8743acc85ffffff,52,2.2941625367044294,703,556,6.555356891810665,6.320768294250582,7.738558942080313,3.9512437185814275
6205,8743accaeffffff,8743acc86ffffff,5,5.918864175545863,703,205,6.555356891810665,5.3230099791384085,8.686068784294894,1.6094379124341003
6206,8743accaeffffff,8743acc88ffffff,20,7.319146892358005,703,458,6.555356891810665,6.126869184114185,8.898385674016035,2.995732273553991
6207,8743accaeffffff,8743acc89ffffff,16,8.726876227589226,703,617,6.555356891810665,6.424869023905388,9.07427734633871,2.772588722239781
6208,8743accaeffffff,8743acc8affffff,2,8.779948342859644,703,510,6.555356891810665,6.234410725718371,9.080339692511538,0.6931471805599453
6209,8743accaeffffff,8743acc8bffffff,4,9.758980951328233,703,418,6.555356891810665,6.035481432524756,9.18604572769706,1.3862943611198906
6210,8743accaeffffff,8743acc8cffffff,13,4.879371571867831,703,386,6.555356891810665,5.955837369464831,8.49297663772475,2.5649493574615367
6211,8743accaeffffff,8743acc8dffffff,32,6.369666826875994,703,623,6.555356891810665,6.434546518787453,8.759459425485504,3.4657359027997265
6212,8743accaeffffff,8743acc8effffff,9,6.422139195032191,703,693,6.555356891810665,6.541029999189903,8.767662248365365,2.1972245773362196
6213,8743accaeffffff,8743acc90ffffff,8,10.342656890160045,703,353,6.555356891810665,5.8664680569332965,9.244128749963435,2.0794415416798357
6214,8743accaeffffff,8743acc91ffffff,13,9.173047504262941,703,927,6.555356891810665,6.831953565565855,9.124133853284428,2.5649493574615367
6215,8743accaeffffff,8743acc92ffffff,5,12.596807471638103,703,365,6.555356891810665,5.8998973535824915,9.441278067610588,1.6094379124341003
6216,8743accaeffffff,8743acc93ffffff,6,11.464807086124434,703,349,6.555356891810665,5.855071922202427,9.347124588464101,1.791759469228055
6217,8743accaeffffff,8743acc98ffffff,3,10.375537745876388,703,461,6.555356891810665,6.133398042996649,9.247302550585937,1.0986122886681098
6218,8743accaeffffff,8743acc9affffff,1,12.51429334511949,703,284,6.555356891810665,5.648974238161206,9.434706643073355,0.0
6219,8743accaeffffff,8743acc9bffffff,1,12.475998251489797,703,61,6.555356891810665,4.110873864173311,9.43164208827234,0.0
6220,8743accaeffffff,8743acc9cffffff,12,8.458713748053148,703,487,6.555356891810665,6.18826412308259,9.043070616100296,2.4849066497880004
6221,8743accaeffffff,8743acc9dffffff,17,8.318321266763968,703,654,6.555356891810665,6.483107351457199,9.0263359519736,2.833213344056216
6222,8743accaeffffff,8743acc9effffff,6,10.697177608529717,703,612,6.555356891810665,6.416732282512326,9.277828688984577,1.791759469228055
6223,8743accaeffffff,8743acca0ffffff,15,4.10918558278347,703,358,6.555356891810665,5.8805329864007,8.321223460432785,2.70805020110221
6224,8743accaeffffff,8743acca1ffffff,72,2.4395948248050217,703,655,6.555356891810665,6.484635235635252,7.799997069235367,4.276666119016055
6225,8743accaeffffff,8743acca2ffffff,14,4.526767009610815,703,736,6.555356891810665,6.601230118728877,8.417984163084498,2.6390573296152584
6226,8743accaeffffff,8743acca3ffffff,41,2.263707842813833,703,340,6.555356891810665,5.8289456176102075,7.725201041877341,3.713572066704308
6227,8743accaeffffff,8743acca4ffffff,6,6.367525118138986,703,400,6.555356891810665,5.991464547107982,8.759123186143727,1.791759469228055
6228,8743accaeffffff,8743acca5ffffff,15,4.879128057990884,703,342,6.555356891810665,5.834810737062605,8.492926739894468,2.70805020110221
6229,8743accaeffffff,8743acca6ffffff,16,6.169154850495769,703,594,6.555356891810665,6.386879319362645,8.727479213909586,2.772588722239781
6231,8743accaeffffff,8743acca9ffffff,21,4.5293605413341185,703,160,6.555356891810665,5.075173815233827,8.41855680500847,3.044522437723423
6232,8743accaeffffff,8743accaaffffff,60,2.439655703303287,703,490,6.555356891810665,6.194405391104672,7.80002201304758,4.0943445622221
6233,8743accaeffffff,8743accabffffff,45,4.11046512855459,703,256,6.555356891810665,5.545177444479562,8.321534722933803,3.8066624897703196
6235,8743accaeffffff,8743accadffffff,3,3.851902167527884,703,26,6.555356891810665,3.258096538021482,8.256581953057463,1.0986122886681098
6237,8743accaeffffff,8743accb0ffffff,7,8.039930858213888,703,947,6.555356891810665,6.853299093186078,8.992300133856023,1.9459101490553132
6238,8743accaeffffff,8743accb1ffffff,6,5.883559788468575,703,637,6.555356891810665,6.456769655572163,8.680087214597238,1.791759469228055
6239,8743accaeffffff,8743accb3ffffff,3,7.69747460955413,703,462,6.555356891810665,6.135564891081739,8.948777485561545,1.0986122886681098
6240,8743accaeffffff,8743accb4ffffff,2,9.050938147730374,703,406,6.555356891810665,6.0063531596017325,9.110734173735207,0.6931471805599453
6241,8743accaeffffff,8743accb5ffffff,4,6.789177208329383,703,508,6.555356891810665,6.230481447578482,8.823232318640665,1.3862943611198906
6242,8743accaeffffff,8743accb6ffffff,1,10.241324447368198,703,339,6.555356891810665,5.82600010738045,9.234283869646921,0.0
6243,8743accaeffffff,8743accd2ffffff,1,13.529971351191898,703,238,6.555356891810665,5.472270673671475,9.512736510989352,0.0
6244,8743accaeffffff,8743accd4ffffff,1,10.441170448014455,703,81,6.555356891810665,4.394449154672439,9.25360773714837,0.0
6245,8743accaeffffff,8743accd6ffffff,5,11.119978107688063,703,520,6.555356891810665,6.253828811575473,9.316588523260846,1.6094379124341003
6246,8743accaeffffff,8743accf2ffffff,5,8.222206976968486,703,168,6.555356891810665,5.123963979403259,9.014715555147676,1.6094379124341003
6247,8743accaeffffff,8743acd8bffffff,2,7.318598986537975,703,32,6.555356891810665,3.4657359027997265,8.89831082219486,0.6931471805599453
6248,8743accaeffffff,8743acd98ffffff,2,10.233405522810623,703,417,6.555356891810665,6.0330862217988015,9.233510413634766,0.6931471805599453
6249,8743accaeffffff,8743acd99ffffff,8,8.217088799902125,703,443,6.555356891810665,6.093569770045136,9.01409295492186,2.0794415416798357
6250,8743accaeffffff,8743acd9affffff,4,10.539790558005379,703,591,6.555356891810665,6.3818160174060985,9.263007824785937,1.3862943611198906
6251,8743accaeffffff,8743acd9bffffff,6,8.334386831830143,703,734,6.555356891810665,6.598509028614515,9.028265204645468,1.791759469228055
6252,8743accb0ffffff,8743a1244ffffff,1,14.688441422727506,580,322,6.363028103540465,5.7745515455444085,9.594884244124184,0.0
6253,8743accb0ffffff,8743a1260ffffff,1,10.689169160384234,580,269,6.363028103540465,5.594711379601839,9.277079828064538,0.0
6254,8743accb0ffffff,8743a1261ffffff,2,10.36885243598423,580,264,6.363028103540465,5.575949103146316,9.246658071226882,0.6931471805599453
6255,8743accb0ffffff,8743a1262ffffff,3,12.94391814425437,580,371,6.363028103540465,5.916202062607435,9.4684585688172,1.0986122886681098
6256,8743accb0ffffff,8743a1265ffffff,3,8.45261681581245,580,224,6.363028103540465,5.4116460518550396,9.042349654314354,1.0986122886681098
6257,8743accb0ffffff,8743a126cffffff,1,10.535154544786757,580,356,6.363028103540465,5.87493073085203,9.262567911575482,0.0
6258,8743accb0ffffff,8743a126dffffff,1,11.166748832063758,580,166,6.363028103540465,5.111987788356544,9.320785334783613,0.0
6259,8743accb0ffffff,8743a126effffff,1,12.468466799969248,580,282,6.363028103540465,5.641907070938114,9.43103827913675,0.0
6260,8743accb0ffffff,8743a1271ffffff,1,15.208500515300347,580,332,6.363028103540465,5.805134968916488,9.629675545483373,0.0
6261,8743accb0ffffff,8743a1340ffffff,6,10.22991698119021,580,643,6.363028103540465,6.466144724237619,9.233169491408544,1.791759469228055
6262,8743accb0ffffff,8743a1341ffffff,3,8.030905976940812,580,292,6.363028103540465,5.676753802268282,8.991177135804827,1.0986122886681098
6263,8743accb0ffffff,8743a1342ffffff,2,11.748914199766135,580,214,6.363028103540465,5.365976015021851,9.371601217398082,0.6931471805599453
6264,8743accb0ffffff,8743a1344ffffff,2,11.30012337627126,580,418,6.363028103540465,6.035481432524756,9.33265741358852,0.6931471805599453
6265,8743accb0ffffff,8743a1345ffffff,4,9.041399026781074,580,450,6.363028103540465,6.1092475827643655,9.109679797248129,1.3862943611198906
6266,8743accb0ffffff,8743a1348ffffff,2,5.912709444721153,580,135,6.363028103540465,4.90527477843843,8.685028569127914,0.6931471805599453
6267,8743accb0ffffff,8743a1349ffffff,3,4.583792372303738,580,23,6.363028103540465,3.1354942159291497,8.430500099543886,1.0986122886681098
6268,8743accb0ffffff,8743a134affffff,2,8.100701969151517,580,79,6.363028103540465,4.3694478524670215,8.999829438236825,0.6931471805599453
6269,8743accb0ffffff,8743a134cffffff,4,5.876916736906383,580,283,6.363028103540465,5.645446897643238,8.678957681670367,1.3862943611198906
6270,8743accb0ffffff,8743a134dffffff,6,3.8455320767089334,580,307,6.363028103540465,5.726847747587197,8.254927262058013,1.791759469228055
6271,8743accb0ffffff,8743a134effffff,2,7.688951469909391,580,325,6.363028103540465,5.783825182329737,8.947669751674756,0.6931471805599453
6272,8743accb0ffffff,8743a1356ffffff,1,17.615988598680406,580,509,6.363028103540465,6.2324480165505225,9.776618976749795,0.0
6273,8743accb0ffffff,8743a135dffffff,2,9.704931065680624,580,77,6.363028103540465,4.343805421853684,9.180492427702214,0.6931471805599453
6274,8743accb0ffffff,8743a1363ffffff,3,10.529643545096022,580,553,6.363028103540465,6.315358001522335,9.262044718654286,1.0986122886681098
6275,8743accb0ffffff,8743a1368ffffff,20,6.163710589635047,580,725,6.363028103540465,6.586171654854675,8.726596470398409,2.995732273553991
6276,8743accb0ffffff,8743a1369ffffff,23,4.105997420723913,580,444,6.363028103540465,6.095824562432225,8.320447485936862,3.1354942159291497
6277,8743accb0ffffff,8743a136affffff,34,6.782024226460124,580,932,6.363028103540465,6.837332814685591,8.822178332583535,3.5263605246161616
6278,8743accb0ffffff,8743a136bffffff,13,4.5219992628453864,580,578,6.363028103540465,6.359573868672378,8.416930606498697,2.5649493574615367
6279,8743accb0ffffff,8743a136dffffff,13,6.363185685066057,580,609,6.363028103540465,6.411818267709897,8.758441566446553,2.5649493574615367
6280,8743accb0ffffff,8743a136effffff,11,8.32660362958393,580,628,6.363028103540465,6.4425401664681985,9.02733101425146,2.3978952727983707
6281,8743accb0ffffff,8743a1371ffffff,2,13.55819698820699,580,543,6.363028103540465,6.297109319933935,9.514820340582087,0.6931471805599453
6282,8743accb0ffffff,8743a1372ffffff,1,16.918065646780736,580,873,6.363028103540465,6.771935555839602,9.736196409813964,0.0
6283,8743accb0ffffff,8743a1373ffffff,1,14.680693858626581,580,305,6.363028103540465,5.720311776607412,9.594356680977143,0.0
6284,8743accb0ffffff,8743a1375ffffff,1,14.984005565629703,580,141,6.363028103540465,4.948759890378168,9.614805351164089,0.0
6285,8743accb0ffffff,8743ac535ffffff,1,15.939593398517133,580,41,6.363028103540465,3.713572066704308,9.676624178659901,0.0
6286,8743accb0ffffff,8743acc12ffffff,4,9.71813669007001,580,265,6.363028103540465,5.579729825986222,9.18185207561591,1.3862943611198906
6287,8743accb0ffffff,8743acc80ffffff,3,6.167406213165808,580,312,6.363028103540465,5.7430031878094825,8.727195771240275,1.0986122886681098
6288,8743accb0ffffff,8743acc81ffffff,5,8.333988328142494,580,607,6.363028103540465,6.408528791059498,9.028217394841082,1.6094379124341003
6289,8743accb0ffffff,8743acc82ffffff,7,6.365333800513468,580,621,6.363028103540465,6.431331081933479,8.758779041357963,1.9459101490553132
6290,8743accb0ffffff,8743acc83ffffff,8,8.215839644542445,580,574,6.363028103540465,6.352629396319567,9.013940942655266,2.0794415416798357
6291,8743accb0ffffff,8743acc84ffffff,10,4.524596445034938,580,328,6.363028103540465,5.793013608384144,8.417504658505157,2.302585092994046
6292,8743accb0ffffff,8743acc85ffffff,1,6.787867883302336,580,556,6.363028103540465,6.320768294250582,8.823039473706094,0.0
6293,8743accb0ffffff,8743acc86ffffff,3,4.10727995998826,580,205,6.363028103540465,5.3230099791384085,8.320759718674804,1.0986122886681098
6294,8743accb0ffffff,8743acc88ffffff,1,12.338499805142872,580,458,6.363028103540465,6.126869184114185,9.420560762208572,0.0
6295,8743accb0ffffff,8743acc8affffff,3,12.325676232949283,580,510,6.363028103540465,6.234410725718371,9.419520992336736,1.0986122886681098
6296,8743accb0ffffff,8743acc8bffffff,1,14.326536232910726,580,418,6.363028103540465,6.035481432524756,9.569938575329394,0.0
6297,8743accb0ffffff,8743acc8cffffff,2,10.542008130625872,580,386,6.363028103540465,5.955837369464831,9.26321818276378,0.6931471805599453
6298,8743accb0ffffff,8743acc8dffffff,1,12.770333554847483,580,623,6.363028103540465,6.434546518787453,9.454958372301574,0.0
6299,8743accb0ffffff,8743acc8effffff,3,10.234131929717135,580,693,6.363028103540465,6.541029999189903,9.233581388067725,1.0986122886681098
6300,8743accb0ffffff,8743acc90ffffff,4,6.418528740159028,580,353,6.363028103540465,5.8664680569332965,8.767099989030077,1.3862943611198906
6301,8743accb0ffffff,8743acc91ffffff,21,7.314957974398009,580,927,6.363028103540465,6.831953565565855,8.897813265152815,3.044522437723423
6302,8743accb0ffffff,8743acc92ffffff,4,8.313300420710299,580,365,6.363028103540465,5.8998973535824915,9.025732253476605,1.3862943611198906
6303,8743accb0ffffff,8743acc93ffffff,1,8.77508046233323,580,349,6.363028103540465,5.855071922202427,9.079785170364863,0.0
6304,8743accb0ffffff,8743acc94ffffff,1,4.1571437591665426,580,22,6.363028103540465,3.091042453358316,8.332824041934416,0.0
6305,8743accb0ffffff,8743acc95ffffff,4,4.876578345851415,580,314,6.363028103540465,5.749392985908253,8.492404135074857,1.3862943611198906
6306,8743accb0ffffff,8743acc96ffffff,1,6.254476443564184,580,94,6.363028103540465,4.543294782270004,8.741212590034463,0.0
6307,8743accb0ffffff,8743acc98ffffff,3,11.113051239357027,580,461,6.363028103540465,6.133398042996649,9.315965464172683,1.0986122886681098
6308,8743accb0ffffff,8743acc9cffffff,11,8.721271388270203,580,487,6.363028103540465,6.18826412308259,9.073634963290136,2.3978952727983707
6309,8743accb0ffffff,8743acc9dffffff,7,10.4337051864292,580,654,6.363028103540465,6.483107351457199,9.252892566733586,1.9459101490553132
6310,8743accb0ffffff,8743acc9effffff,11,9.753396957169796,580,612,6.363028103540465,6.416732282512326,9.185473432301633,2.3978952727983707
6311,8743accb0ffffff,8743acca0ffffff,3,5.917505588754267,580,358,6.363028103540465,5.8805329864007,8.685839261679092,1.0986122886681098
6312,8743accb0ffffff,8743acca1ffffff,5,7.697397948796884,580,655,6.363028103540465,6.484635235635252,8.948767527596775,1.6094379124341003
6313,8743accb0ffffff,8743acca2ffffff,10,3.8476436982649016,580,736,6.363028103540465,6.601230118728877,8.25547607904952,2.302585092994046
6314,8743accb0ffffff,8743acca3ffffff,6,5.881832181215362,580,340,6.363028103540465,5.8289456176102075,8.679793588402058,1.791759469228055
6315,8743accb0ffffff,8743acca4ffffff,10,6.8801901853765965,580,400,6.363028103540465,5.991464547107982,8.83654690802654,2.302585092994046
6316,8743accb0ffffff,8743acca5ffffff,4,8.109396248117722,580,342,6.363028103540465,5.834810737062605,9.000902005116592,1.3862943611198906
6317,8743accb0ffffff,8743acca6ffffff,14,4.58619371793632,580,594,6.363028103540465,6.386879319362645,8.431023725651432,2.6390573296152584
6318,8743accb0ffffff,8743acca8ffffff,2,10.244353655576033,580,508,6.363028103540465,6.230481447578482,9.23457957989917,0.6931471805599453
6319,8743accb0ffffff,8743accaaffffff,1,9.051787742391918,580,490,6.363028103540465,6.194405391104672,9.11082802709342,0.0
6320,8743accb0ffffff,8743accabffffff,2,11.316355729008299,580,256,6.363028103540465,5.545177444479562,9.334092731626326,0.6931471805599453
6321,8743accb0ffffff,8743accacffffff,6,9.682002333153278,580,639,6.363028103540465,6.459904454377535,9.178127290565058,1.791759469228055
6322,8743accb0ffffff,8743accaeffffff,6,8.039930858213888,580,671,6.363028103540465,6.508769136971682,8.992300133856023,1.791759469228055
6323,8743accb0ffffff,8743accb0ffffff,79,0.0,580,947,6.363028103540465,6.853299093186078,0.0,4.3694478524670215
6324,8743accb0ffffff,8743accb1ffffff,35,2.2619737200526124,580,637,6.363028103540465,6.456769655572163,7.724435032686131,3.5553480614894135
6325,8743accb0ffffff,8743accb3ffffff,18,2.438258783695737,580,462,6.363028103540465,6.135564891081739,7.799449494963737,2.8903717578961645
6326,8743accb0ffffff,8743accb4ffffff,16,2.4381972932839884,580,406,6.363028103540465,6.0063531596017325,7.799424285999761,2.772588722239781
6327,8743accb0ffffff,8743accb5ffffff,15,2.2927968697914887,580,508,6.363028103540465,6.230481447578482,7.737963745290677,2.70805020110221
6328,8743accb0ffffff,8743accb6ffffff,19,2.2613244242984267,580,339,6.363028103540465,5.82600010738045,7.724148070042817,2.9444389791664403
6329,8743accb0ffffff,8743acd98ffffff,2,6.419885962698796,580,417,6.363028103540465,6.0330862217988015,8.767311387583199,0.6931471805599453
6330,8743accb0ffffff,8743acd99ffffff,2,6.25759520788563,580,443,6.363028103540465,6.093569770045136,8.74171103122497,0.6931471805599453
6331,8743accb0ffffff,8743acd9affffff,12,4.876332384304281,580,591,6.363028103540465,6.3818160174060985,8.49235370682308,2.4849066497880004
6332,8743accb0ffffff,8743acd9bffffff,16,4.158127667264024,580,734,6.363028103540465,6.598509028614515,8.333060635896937,2.772588722239781
6333,8743accb0ffffff,8743acd9effffff,1,7.314404561320715,580,109,6.363028103540465,4.6913478822291435,8.897737617642038,0.0
6334,8743accb1ffffff,8743a1220ffffff,1,23.139816373220167,614,473,6.419994928147142,6.159095388491933,10.049353279866933,0.0
6335,8743accb1ffffff,8743a1226ffffff,1,25.176471112996442,614,670,6.419994928147142,6.507277712385012,10.133704870187572,0.0
6336,8743accb1ffffff,8743a1260ffffff,1,11.457249656277583,614,269,6.419994928147142,5.594711379601839,9.346465243549233,0.0
6337,8743accb1ffffff,8743a1261ffffff,2,10.690988138726068,614,264,6.419994928147142,5.575949103146316,9.277249967898493,0.6931471805599453
6338,8743accb1ffffff,8743a1262ffffff,1,13.746894788878443,614,371,6.419994928147142,5.916202062607435,9.528640985109371,0.0
6339,8743accb1ffffff,8743a1263ffffff,1,12.946181497337122,614,305,6.419994928147142,5.720311776607412,9.468633398446302,0.0
6340,8743accb1ffffff,8743a1265ffffff,3,9.16700245045807,614,224,6.419994928147142,5.4116460518550396,9.123474706238305,1.0986122886681098
6341,8743accb1ffffff,8743a1266ffffff,1,12.587684001905194,614,30,6.419994928147142,3.4011973816621555,9.440553594323664,0.0
6342,8743accb1ffffff,8743a126cffffff,2,10.370369639353198,614,356,6.419994928147142,5.87493073085203,9.246804369585403,0.6931471805599453
6343,8743accb1ffffff,8743a12e4ffffff,3,26.22634762417346,614,174,6.419994928147142,5.159055299214529,10.174557947815567,1.0986122886681098
6344,8743accb1ffffff,8743a1319ffffff,1,25.607235687712667,614,724,6.419994928147142,6.584791392385716,10.150669285282474,0.0
6345,8743accb1ffffff,8743a1344ffffff,1,13.562097096323871,614,418,6.419994928147142,6.035481432524756,9.515107934849121,0.0
6346,8743accb1ffffff,8743a134cffffff,1,8.03328752337032,614,283,6.419994928147142,5.645446897643238,8.991473602599767,0.0
6347,8743accb1ffffff,8743a134dffffff,1,5.878645800705175,614,307,6.419994928147142,5.726847747587197,8.679251801102982,0.0
6348,8743accb1ffffff,8743a1368ffffff,8,8.328772007706219,614,725,6.419994928147142,6.586171654854675,9.02759136476306,2.0794415416798357
6349,8743accb1ffffff,8743a1369ffffff,2,6.1652348216945265,614,444,6.419994928147142,6.095824562432225,8.726843691031766,0.6931471805599453
6350,8743accb1ffffff,8743a136affffff,9,9.043997946512738,614,932,6.419994928147142,6.837332814685591,9.109967170799269,2.1972245773362196
6351,8743accb1ffffff,8743a136bffffff,4,6.783972982897997,614,578,6.419994928147142,6.359573868672378,8.822465590374232,1.3862943611198906
6352,8743accb1ffffff,8743a136cffffff,2,10.227219400355251,614,354,6.419994928147142,5.869296913133774,9.232905787134788,0.6931471805599453
6353,8743accb1ffffff,8743a136dffffff,3,8.212499943370826,614,609,6.419994928147142,6.411818267709897,9.013534414086608,1.0986122886681098
6354,8743accb1ffffff,8743a1371ffffff,1,15.820170708259605,614,543,6.419994928147142,6.297109319933935,9.669104240369968,0.0
6355,8743accb1ffffff,8743ac524ffffff,1,12.735204056438835,614,68,6.419994928147142,4.219507705176107,9.452203929975195,0.0
6356,8743accb1ffffff,8743ac525ffffff,1,14.529177146992438,614,88,6.419994928147142,4.477336814478207,9.583982948299537,0.0
6357,8743accb1ffffff,8743ac526ffffff,1,13.523932039785388,614,18,6.419994928147142,2.8903717578961645,9.512290078917244,0.0
6358,8743accb1ffffff,8743acc12ffffff,6,8.11133650745097,614,265,6.419994928147142,5.579729825986222,9.001141207644519,1.791759469228055
6359,8743accb1ffffff,8743acc80ffffff,9,4.108173446825623,614,312,6.419994928147142,5.7430031878094825,8.320977179437074,2.1972245773362196
6360,8743accb1ffffff,8743acc81ffffff,9,6.16892789658138,614,607,6.419994928147142,6.408528791059498,8.727442430701714,2.1972245773362196
6361,8743accb1ffffff,8743acc82ffffff,20,4.877307409081952,614,621,6.419994928147142,6.431331081933479,8.492553596282216,2.995732273553991
6362,8743accb1ffffff,8743acc83ffffff,10,6.36653514469903,614,574,6.419994928147142,6.352629396319567,8.758967726225743,2.302585092994046
6363,8743accb1ffffff,8743acc84ffffff,20,2.262622724982325,614,328,6.419994928147142,5.793013608384144,7.724721784528068,2.995732273553991
6364,8743accb1ffffff,8743acc85ffffff,17,4.525894163249724,614,556,6.419994928147142,6.320768294250582,8.417791368158849,2.833213344056216
6365,8743accb1ffffff,8743acc86ffffff,13,2.4386234808878733,614,205,6.419994928147142,5.3230099791384085,7.799598995268536,2.5649493574615367
6366,8743accb1ffffff,8743acc88ffffff,5,10.236538534758393,614,458,6.419994928147142,6.126869184114185,9.233816492233204,1.6094379124341003
6367,8743accb1ffffff,8743acc8affffff,4,10.435787911828703,614,510,6.419994928147142,6.234410725718371,9.253092142815335,1.3862943611198906
6368,8743accb1ffffff,8743acc8bffffff,4,12.328353200046516,614,418,6.419994928147142,6.035481432524756,9.4197381373653,1.3862943611198906
6369,8743accb1ffffff,8743acc8cffffff,4,8.336152192033381,614,386,6.419994928147142,5.955837369464831,9.028476973255794,1.3862943611198906
6370,8743accb1ffffff,8743acc8dffffff,4,10.544817405275188,614,623,6.419994928147142,6.434546518787453,9.263484605819073,1.3862943611198906
6371,8743accb1ffffff,8743acc8effffff,9,8.217625454893096,614,693,6.419994928147142,6.541029999189903,9.01415825446809,2.1972245773362196
6372,8743accb1ffffff,8743acc90ffffff,2,6.255434706344566,614,353,6.419994928147142,5.8664680569332965,8.74136576611936,0.6931471805599453
6373,8743accb1ffffff,8743acc91ffffff,19,6.419389967053699,614,927,6.419994928147142,6.831953565565855,8.767234137370982,2.9444389791664403
6374,8743accb1ffffff,8743acc92ffffff,7,8.453998097904293,614,365,6.419994928147142,5.8998973535824915,9.042513036365689,1.9459101490553132
6375,8743accb1ffffff,8743acc93ffffff,1,8.314453604024328,614,349,6.419994928147142,5.855071922202427,9.02587094263751,0.0
6376,8743accb1ffffff,8743acc95ffffff,10,4.157720560936038,614,314,6.419994928147142,5.749392985908253,8.332962748482514,2.302585092994046
6377,8743accb1ffffff,8743acc96ffffff,1,6.876153526063878,614,94,6.419994928147142,4.543294782270004,8.835960113640063,0.0
6378,8743accb1ffffff,8743acc98ffffff,3,9.754853757646533,614,461,6.419994928147142,6.133398042996649,9.18562276923233,1.0986122886681098
6379,8743accb1ffffff,8743acc9affffff,1,11.168280731414319,614,284,6.419994928147142,5.648974238161206,9.320922497099543,0.0
6380,8743accb1ffffff,8743acc9bffffff,1,12.193714752886413,614,61,6.419994928147142,4.110873864173311,9.408757919879239,0.0
6381,8743accb1ffffff,8743acc9cffffff,9,7.316051072172952,614,487,6.419994928147142,6.18826412308259,8.897962666793106,2.1972245773362196
6382,8743accb1ffffff,8743acc9dffffff,16,8.722807533026616,614,654,6.419994928147142,6.483107351457199,9.07381106529762,2.772588722239781
6383,8743accb1ffffff,8743acc9effffff,7,8.776269218036775,614,612,6.419994928147142,6.416732282512326,9.079920615248831,1.9459101490553132
6384,8743accb1ffffff,8743acca0ffffff,6,4.587104405378675,614,358,6.419994928147142,5.8805329864007,8.431222234175756,1.791759469228055
6385,8743accb1ffffff,8743acca1ffffff,8,5.9190079228838455,614,655,6.419994928147142,6.484635235635252,8.68609306620213,2.0794415416798357
6386,8743accb1ffffff,8743acca2ffffff,35,2.293252236078801,614,736,6.419994928147142,6.601230118728877,7.738162246343434,3.5553480614894135
6387,8743accb1ffffff,8743acca3ffffff,9,3.8487183296134257,614,340,6.419994928147142,5.8289456176102075,8.255755263466053,2.1972245773362196
6388,8743accb1ffffff,8743acca4ffffff,2,6.258553926103864,614,400,6.419994928147142,5.991464547107982,8.741864203744301,0.6931471805599453
6389,8743accb1ffffff,8743acca5ffffff,12,6.8815561484019625,614,342,6.419994928147142,5.834810737062605,8.83674539512398,2.4849066497880004
6390,8743accb1ffffff,8743acca6ffffff,24,4.158704888023621,614,594,6.419994928147142,6.386879319362645,8.333199410359985,3.1780538303479458
6391,8743accb1ffffff,8743acca8ffffff,7,8.04230941680754,614,508,6.419994928147142,6.230481447578482,8.992595896487062,1.9459101490553132
6392,8743accb1ffffff,8743accaaffffff,11,6.789814022339303,614,490,6.419994928147142,6.194405391104672,8.823326098836759,2.3978952727983707
6393,8743accb1ffffff,8743accabffffff,1,9.05438200895569,614,256,6.419994928147142,5.545177444479562,9.11111455705389,0.0
6394,8743accb1ffffff,8743accacffffff,15,7.69954671119766,614,639,6.419994928147142,6.459904454377535,8.949046606775532,2.70805020110221
6395,8743accb1ffffff,8743accaeffffff,13,5.883559788468575,614,671,6.419994928147142,6.508769136971682,8.680087214597238,2.5649493574615367
6396,8743accb1ffffff,8743accb0ffffff,38,2.2619737200526124,614,947,6.419994928147142,6.853299093186078,7.724435032686131,3.6375861597263857
6397,8743accb1ffffff,8743accb1ffffff,58,0.0,614,637,6.419994928147142,6.456769655572163,0.0,4.060443010546419
6398,8743accb1ffffff,8743accb3ffffff,57,2.2926519441689015,614,462,6.419994928147142,6.135564891081739,7.737900561752936,4.04305126783455
6399,8743accb1ffffff,8743accb4ffffff,6,4.106892067441028,614,406,6.419994928147142,6.0063531596017325,8.320665296954756,1.791759469228055
6400,8743accb1ffffff,8743accb5ffffff,17,2.438562321279144,614,508,6.419994928147142,6.230481447578482,7.799573925672414,2.833213344056216
6401,8743accb1ffffff,8743accb6ffffff,3,4.523298144351039,614,339,6.419994928147142,5.82600010738045,8.417217737883048,1.0986122886681098
6402,8743accb1ffffff,8743acd98ffffff,4,7.315500636334397,614,417,6.419994928147142,6.0330862217988015,8.897887437504991,1.3862943611198906
6403,8743accb1ffffff,8743acd99ffffff,6,6.420748703055625,614,443,6.419994928147142,6.093569770045136,8.767445743247839,1.791759469228055
6404,8743accb1ffffff,8743acd9affffff,3,6.364389741009079,614,591,6.419994928147142,6.3818160174060985,8.758630741011503,1.0986122886681098
6405,8743accb1ffffff,8743acd9bffffff,15,4.8770627707518805,614,734,6.419994928147142,6.598509028614515,8.49250344682589,2.70805020110221
6406,8743accb1ffffff,8743acd9effffff,1,8.719649420942162,614,109,6.419994928147142,4.6913478822291435,9.073448989008597,0.0
6407,8743accb3ffffff,8743a1265ffffff,1,6.874350506289167,68,224,4.219507705176107,5.4116460518550396,8.835697903968166,0.0
6408,8743accb3ffffff,8743a134dffffff,1,4.522424838757316,68,307,4.219507705176107,5.726847747587197,8.4170246936004,0.0
6409,8743accb3ffffff,8743a1368ffffff,1,8.211488144937572,68,725,4.219507705176107,6.586171654854675,9.01341121925302,0.0
6410,8743accb3ffffff,8743ac52cffffff,1,18.430181216409053,68,185,4.219507705176107,5.220355825078324,9.82179914065613,0.0
6411,8743accb3ffffff,8743acc80ffffff,2,4.52502100353179,68,312,4.219507705176107,5.7430031878094825,8.417598466821643,0.6931471805599453
6412,8743accb3ffffff,8743acc81ffffff,1,6.788504338504249,68,607,4.219507705176107,6.408528791059498,8.82313321914067,0.0
6413,8743accb3ffffff,8743acc82ffffff,2,4.107666806930898,68,621,4.219507705176107,6.431331081933479,8.320853876992704,0.6931471805599453
6414,8743accb3ffffff,8743acc83ffffff,1,6.168052817441874,68,574,4.219507705176107,6.352629396319567,8.72730059092398,0.0
6415,8743accb3ffffff,8743acc84ffffff,2,3.847681991659851,68,328,4.219507705176107,5.793013608384144,8.255486028841563,0.6931471805599453
6416,8743accb3ffffff,8743acc86ffffff,1,2.2621861266816485,68,205,4.219507705176107,5.3230099791384085,7.724528890011715,0.0
6417,8743accb3ffffff,8743acc88ffffff,3,10.543113750119996,68,458,4.219507705176107,6.126869184114185,9.263323044821426,1.0986122886681098
6418,8743accb3ffffff,8743acc89ffffff,1,12.771658609123953,68,617,4.219507705176107,6.424869023905388,9.455062119144992,0.0
6419,8743accb3ffffff,8743acc8affffff,2,10.235172882024152,68,510,4.219507705176107,6.234410725718371,9.233683086744726,0.6931471805599453
6420,8743accb3ffffff,8743acc8bffffff,1,12.339789868713769,68,418,4.219507705176107,6.035481432524756,9.42066530422077,0.0
6421,8743accb3ffffff,8743acc8cffffff,1,9.052635838723987,68,386,4.219507705176107,5.955837369464831,9.110921706149242,0.0
6422,8743accb3ffffff,8743acc8dffffff,1,11.317415210497236,68,623,4.219507705176107,6.434546518787453,9.334186342883706,0.0
6423,8743accb3ffffff,8743acc8effffff,2,8.334869518955351,68,693,4.219507705176107,6.541029999189903,9.028323111154155,0.6931471805599453
6424,8743accb3ffffff,8743acc90ffffff,1,4.156938948360743,68,353,4.219507705176107,5.8664680569332965,8.33277478537624,0.0
6425,8743accb3ffffff,8743acc91ffffff,6,4.876699190702272,68,927,4.219507705176107,6.831953565565855,8.492428910351707,1.791759469228055
6426,8743accb3ffffff,8743acc95ffffff,2,2.438319562155678,68,314,4.219507705176107,5.749392985908253,7.799474411427361,0.6931471805599453
6427,8743accb3ffffff,8743acc96ffffff,1,4.583501581894978,68,94,4.219507705176107,4.543294782270004,8.430436672542786,0.0
6428,8743accb3ffffff,8743acc9cffffff,1,6.3658031965454605,68,487,4.219507705176107,6.18826412308259,8.758852769620262,0.0
6429,8743accb3ffffff,8743acca1ffffff,2,8.109087016853184,68,655,4.219507705176107,6.484635235635252,9.00086387662689,0.6931471805599453
6430,8743accb3ffffff,8743acca9ffffff,1,11.769115191641745,68,160,4.219507705176107,5.075173815233827,9.373318987091881,0.0
6431,8743accb3ffffff,8743accaaffffff,1,8.040426712122947,68,490,4.219507705176107,6.194405391104672,8.992361798186897,0.0
6432,8743accb3ffffff,8743accb0ffffff,8,2.438258783695737,68,947,4.219507705176107,6.853299093186078,7.799449494963737,2.0794415416798357
6433,8743accb3ffffff,8743accb1ffffff,3,2.2926519441689015,68,637,4.219507705176107,6.456769655572163,7.737900561752936,1.0986122886681098
6434,8743accb3ffffff,8743accb3ffffff,14,0.0,68,462,4.219507705176107,6.135564891081739,0.0,2.6390573296152584
6435,8743accb3ffffff,8743accb6ffffff,1,4.106385921038591,68,339,4.219507705176107,5.82600010738045,8.320542076193684,0.0
6436,8743accb3ffffff,8743accd0ffffff,1,16.677099842353844,68,91,4.219507705176107,4.51085950651685,9.721851751099443,0.0
6437,8743accb3ffffff,8743accd6ffffff,2,14.493324306945082,68,520,4.219507705176107,6.253828811575473,9.581512424673843,0.6931471805599453
6438,8743accb4ffffff,8743a1220ffffff,1,21.177637364713448,690,473,6.536691597591305,6.159095388491933,9.9607482811421,0.0
6439,8743accb4ffffff,8743a1244ffffff,1,16.609252359459585,690,322,6.536691597591305,5.7745515455444085,9.717775395716464,0.0
6440,8743accb4ffffff,8743a1262ffffff,2,14.689424464694794,690,371,6.536691597591305,5.916202062607435,9.594951163556113,0.6931471805599453
6441,8743accb4ffffff,8743a1263ffffff,1,14.506460283744193,690,305,6.536691597591305,5.720311776607412,9.58241829842491,0.0
6442,8743accb4ffffff,8743a1265ffffff,1,10.36947037696258,690,224,6.536691597591305,5.4116460518550396,9.24671765959338,0.0
6443,8743accb4ffffff,8743a1303ffffff,1,24.06410220840465,690,368,6.536691597591305,5.908082938168931,10.088518028908936,0.0
6444,8743accb4ffffff,8743a1308ffffff,1,19.741886028219295,690,246,6.536691597591305,5.5053315359323625,9.890548504338447,0.0
6445,8743accb4ffffff,8743a1309ffffff,1,17.615173752692176,690,528,6.536691597591305,6.269096283706261,9.776572722259196,0.0
6446,8743accb4ffffff,8743a130dffffff,5,18.240858463617343,690,613,6.536691597591305,6.418364935936212,9.81147414789065,1.6094379124341003
6447,8743accb4ffffff,8743a1340ffffff,3,9.668291465436978,690,643,6.536691597591305,6.466144724237619,9.176710314349931,1.0986122886681098
6448,8743accb4ffffff,8743a1341ffffff,3,7.688874213884747,690,292,6.536691597591305,5.676753802268282,8.947659705263797,1.0986122886681098
6449,8743accb4ffffff,8743a1342ffffff,2,11.530141353079872,690,214,6.536691597591305,5.365976015021851,9.352806598223419,0.6931471805599453
6450,8743accb4ffffff,8743a1343ffffff,1,9.70504150738211,690,55,6.536691597591305,4.007333185232471,9.180503806422339,0.0
6451,8743accb4ffffff,8743a1344ffffff,1,10.229195619420308,690,418,6.536691597591305,6.035481432524756,9.23309898089582,0.0
6452,8743accb4ffffff,8743a1345ffffff,5,8.030407513718407,690,450,6.536691597591305,6.1092475827643655,8.991115073488375,1.6094379124341003
6453,8743accb4ffffff,8743a1346ffffff,1,11.748371475070611,690,243,6.536691597591305,5.493061443340548,9.371555026658232,0.0
6454,8743accb4ffffff,8743a1348ffffff,2,6.8752225805401315,690,135,6.536691597591305,4.90527477843843,8.835824736621657,0.6931471805599453
6455,8743accb4ffffff,8743a1349ffffff,2,6.254877916867826,690,23,6.536691597591305,3.1354942159291497,8.741276767467571,0.6931471805599453
6456,8743accb4ffffff,8743a134affffff,1,9.165761727631558,690,79,6.536691597591305,4.3694478524670215,9.123339365219861,0.0
6457,8743accb4ffffff,8743a134cffffff,3,5.912853086258077,690,283,6.536691597591305,5.645446897643238,8.685052858416016,1.0986122886681098
6458,8743accb4ffffff,8743a134dffffff,6,4.584082339301894,690,307,6.536691597591305,5.726847747587197,8.43056334293758,1.791759469228055
6459,8743accb4ffffff,8743a134effffff,2,8.1010123310743,690,325,6.536691597591305,5.783825182329737,8.999867745740532,0.6931471805599453
6460,8743accb4ffffff,8743a1350ffffff,1,15.369293781535745,690,500,6.536691597591305,6.214608098422191,9.640191950308056,0.0
6461,8743accb4ffffff,8743a1355ffffff,1,13.486532894316197,690,434,6.536691597591305,6.073044534100405,9.509521048437648,0.0
6462,8743accb4ffffff,8743a135affffff,1,14.848595398287042,690,504,6.536691597591305,6.222576268071369,9.605727897953072,0.0
6463,8743accb4ffffff,8743a1363ffffff,1,9.04054536843312,690,553,6.536691597591305,6.315358001522335,9.109585386611828,0.0
6464,8743accb4ffffff,8743a1368ffffff,45,4.521572940009108,690,725,6.536691597591305,6.586171654854675,8.416836345389056,3.8066624897703196
6465,8743accb4ffffff,8743a1369ffffff,55,2.26111138966723,690,444,6.536691597591305,6.095824562432225,7.724053899348343,4.007333185232471
6466,8743accb4ffffff,8743a136affffff,48,5.876645628521254,690,932,6.536691597591305,6.837332814685591,8.67891155739715,3.871201010907891
6467,8743accb4ffffff,8743a136bffffff,23,3.845493411303604,690,578,6.536691597591305,6.359573868672378,8.254917209990621,3.1354942159291497
6468,8743accb4ffffff,8743a136cffffff,8,6.163059461227809,690,354,6.536691597591305,5.869296913133774,8.72649084292622,2.0794415416798357
6469,8743accb4ffffff,8743a136dffffff,11,4.105607875929796,690,609,6.536691597591305,6.411818267709897,8.32035263239074,2.3978952727983707
6470,8743accb4ffffff,8743a136effffff,16,6.781384362247536,690,628,6.536691597591305,6.4425401664681985,8.822083994958703,2.772588722239781
6471,8743accb4ffffff,8743a1370ffffff,1,14.679533359450435,690,353,6.536691597591305,5.8664680569332965,9.594277633896134,0.0
6472,8743accb4ffffff,8743a1371ffffff,2,12.448820675937576,690,543,6.536691597591305,6.297109319933935,9.429461498249971,0.6931471805599453
6473,8743accb4ffffff,8743a1372ffffff,3,16.051778297427234,690,873,6.536691597591305,6.771935555839602,9.683637216221069,1.0986122886681098
6474,8743accb4ffffff,8743a1373ffffff,1,13.883626419697988,690,305,6.536691597591305,5.720311776607412,9.538537494063712,0.0
6475,8743accb4ffffff,8743acc10ffffff,1,11.54914522982965,690,8,6.536691597591305,2.0794415416798357,9.354453289882112,0.0
6476,8743accb4ffffff,8743acc80ffffff,4,8.215065514266652,690,312,6.536691597591305,5.7430031878094825,9.013846725562319,1.3862943611198906
6477,8743accb4ffffff,8743acc81ffffff,1,10.233088541635622,690,607,6.536691597591305,6.408528791059498,9.233479441041078,0.0
6478,8743accb4ffffff,8743acc82ffffff,2,8.720733199802755,690,621,6.536691597591305,6.431331081933479,9.073573258597856,0.6931471805599453
6479,8743accb4ffffff,8743acc83ffffff,5,10.432841621746004,690,574,6.536691597591305,6.352629396319567,9.252809804412697,1.6094379124341003
6480,8743accb4ffffff,8743acc84ffffff,3,6.166758217280833,690,328,6.536691597591305,5.793013608384144,8.727090714941905,1.0986122886681098
6481,8743accb4ffffff,8743acc85ffffff,2,8.333105388933093,690,556,6.536691597591305,6.320768294250582,9.028111457562762,0.6931471805599453
6482,8743accb4ffffff,8743acc86ffffff,1,6.364862648482534,690,205,6.536691597591305,5.3230099791384085,8.758705031813257,0.0
6483,8743accb4ffffff,8743acc8affffff,3,14.524957645804726,690,510,6.536691597591305,6.234410725718371,9.58369251041112,1.0986122886681098
6484,8743accb4ffffff,8743acc8effffff,2,12.324517522334123,690,693,6.536691597591305,6.541029999189903,9.419426987671065,0.6931471805599453
6485,8743accb4ffffff,8743acc90ffffff,1,8.775194552315881,690,353,6.536691597591305,5.8664680569332965,9.079798170387088,0.0
6486,8743accb4ffffff,8743acc91ffffff,5,9.753155267681997,690,927,6.536691597591305,6.831953565565855,9.185448654503155,1.6094379124341003
6487,8743accb4ffffff,8743acc92ffffff,3,10.535534949374954,690,365,6.536691597591305,5.8998973535824915,9.262604015613208,1.0986122886681098
6488,8743accb4ffffff,8743acc93ffffff,1,11.166807119978412,690,349,6.536691597591305,5.855071922202427,9.32079055407744,0.0
6489,8743accb4ffffff,8743acc95ffffff,2,7.314775639135402,690,314,6.536691597591305,5.749392985908253,8.897788341891166,0.6931471805599453
6490,8743accb4ffffff,8743acc9cffffff,4,11.112450870750363,690,487,6.536691597591305,6.18826412308259,9.315911443833029,1.3862943611198906
6491,8743accb4ffffff,8743acc9dffffff,4,12.731866244346696,690,654,6.536691597591305,6.483107351457199,9.451941822872593,1.3862943611198906
6492,8743accb4ffffff,8743acca0ffffff,6,5.881561583701399,690,358,6.536691597591305,5.8805329864007,8.679747589514232,1.791759469228055
6493,8743accb4ffffff,8743acca1ffffff,3,8.03943396328613,690,655,6.536691597591305,6.484635235635252,8.992238336249486,1.0986122886681098
6494,8743accb4ffffff,8743acca2ffffff,12,4.524171138119558,690,736,6.536691597591305,6.601230118728877,8.417410675997754,2.4849066497880004
6495,8743accb4ffffff,8743acca3ffffff,1,6.787230304916539,690,340,6.536691597591305,5.8289456176102075,8.822945554022017,0.0
6496,8743accb4ffffff,8743acca4ffffff,8,5.917648357453079,690,400,6.536691597591305,5.991464547107982,8.68586338381174,2.0794415416798357
6497,8743accb4ffffff,8743acca5ffffff,3,7.697320393543094,690,342,6.536691597591305,5.834810737062605,8.948757453339123,1.0986122886681098
6498,8743accb4ffffff,8743acca6ffffff,28,3.8476049580519494,690,594,6.536691597591305,6.386879319362645,8.255466013059793,3.332204510175204
6499,8743accb4ffffff,8743acca8ffffff,3,11.315294373682736,690,508,6.536691597591305,6.230481447578482,9.333998946017596,1.0986122886681098
6500,8743accb4ffffff,8743accaaffffff,1,10.540900399471564,690,490,6.536691597591305,6.194405391104672,9.263113109397798,0.0
6501,8743accb4ffffff,8743accabffffff,1,12.769006021671766,690,256,6.536691597591305,5.545177444479562,9.454854420574772,0.0
6502,8743accb4ffffff,8743accacffffff,9,10.24363541514817,690,639,6.536691597591305,6.459904454377535,9.234509473426622,2.1972245773362196
6503,8743accb4ffffff,8743accaeffffff,8,9.050938147730374,690,671,6.536691597591305,6.508769136971682,9.110734173735207,2.0794415416798357
6504,8743accb4ffffff,8743accb0ffffff,58,2.4381972932839884,690,947,6.536691597591305,6.853299093186078,7.799424285999761,4.060443010546419
6505,8743accb4ffffff,8743accb1ffffff,23,4.106892067441028,690,637,6.536691597591305,6.456769655572163,8.320665296954756,3.1354942159291497
6506,8743accb4ffffff,8743accb2ffffff,2,4.1573474753847774,690,7,6.536691597591305,1.9459101490553132,8.332873032839961,0.6931471805599453
6507,8743accb4ffffff,8743accb3ffffff,4,4.876456076979726,690,462,6.536691597591305,6.135564891081739,8.492379067224475,1.3862943611198906
6508,8743accb4ffffff,8743accb4ffffff,60,0.0,690,406,6.536691597591305,6.0063531596017325,0.0,4.0943445622221
6509,8743accb4ffffff,8743accb5ffffff,42,2.26176093940099,690,508,6.536691597591305,6.230481447578482,7.724341001255748,3.7376696182833684
6510,8743accb4ffffff,8743accb6ffffff,13,2.2923413601191305,690,339,6.536691597591305,5.82600010738045,7.737765142305101,2.5649493574615367
6511,8743accb4ffffff,8743acd98ffffff,28,4.158329577648441,690,417,6.536691597591305,6.0330862217988015,8.333109181048641,3.332204510175204
6512,8743accb4ffffff,8743acd99ffffff,18,4.5864824309696495,690,443,6.536691597591305,6.093569770045136,8.431086662594108,2.8903717578961645
6513,8743accb4ffffff,8743acd9affffff,48,2.438135091020293,690,591,6.536691597591305,6.3818160174060985,7.799398784554268,3.871201010907891
6515,8743accb4ffffff,8743acd9effffff,4,4.876207268036728,690,109,6.536691597591305,4.6913478822291435,8.492328053891825,1.3862943611198906
6516,8743accb5ffffff,8743a1260ffffff,1,12.947072690916341,472,269,6.156978985585555,5.594711379601839,9.468702229095586,0.0
6517,8743accb5ffffff,8743a1262ffffff,1,15.212256681503256,472,371,6.156978985585555,5.916202062607435,9.629922476831357,0.0
6518,8743accb5ffffff,8743a1266ffffff,1,13.7477690328366,472,30,6.156978985585555,3.4011973816621555,9.528704574202514,0.0
6519,8743accb5ffffff,8743a1340ffffff,2,11.751831856957088,472,643,6.156978985585555,6.466144724237619,9.371849499637008,0.6931471805599453
6520,8743accb5ffffff,8743a1341ffffff,2,9.671097294050298,472,292,6.156978985585555,5.676753802268282,9.177000451595802,0.6931471805599453
6521,8743accb5ffffff,8743a1344ffffff,1,12.452506183479871,472,418,6.156978985585555,6.035481432524756,9.4297574834081,0.0
6522,8743accb5ffffff,8743a1346ffffff,1,13.887740561539347,472,243,6.156978985585555,5.493061443340548,9.538833759322024,0.0
6523,8743accb5ffffff,8743a134dffffff,3,5.914356512207012,472,307,6.156978985585555,5.726847747587197,8.68530704715864,1.0986122886681098
6524,8743accb5ffffff,8743a134effffff,2,9.707617833668639,472,325,6.156978985585555,5.783825182329737,9.180769206526085,0.6931471805599453
6525,8743accb5ffffff,8743a1355ffffff,1,15.528913394749392,472,434,6.156978985585555,6.073044534100405,9.650523339485162,0.0
6526,8743accb5ffffff,8743a1368ffffff,13,6.783333879410098,472,725,6.156978985585555,6.586171654854675,8.822371391975617,2.5649493574615367
6527,8743accb5ffffff,8743a1369ffffff,18,4.522872329068221,472,444,6.156978985585555,6.095824562432225,8.417123616030596,2.8903717578961645
6528,8743accb5ffffff,8743a136affffff,28,8.032789710600667,472,932,6.156978985585555,6.837332814685591,8.9914116396452,3.332204510175204
6529,8743accb5ffffff,8743a136bffffff,12,5.878375099180961,472,578,6.156978985585555,6.359573868672378,8.679205759595519,2.4849066497880004
6530,8743accb5ffffff,8743a136cffffff,3,8.327885061791005,472,354,6.156978985585555,5.869296913133774,9.027484880079168,1.0986122886681098
6531,8743accb5ffffff,8743a136dffffff,7,6.164584563534897,472,609,6.156978985585555,6.411818267709897,8.726738230817029,1.9459101490553132
6532,8743accb5ffffff,8743a136effffff,2,9.043145301648526,472,628,6.156978985585555,6.4425401664681985,9.109872899351124,0.6931471805599453
6533,8743accb5ffffff,8743a1370ffffff,1,16.92167583069538,472,353,6.156978985585555,5.8664680569332965,9.736409766678635,0.0
6534,8743accb5ffffff,8743a1372ffffff,2,18.246278699421865,472,873,6.156978985585555,6.771935555839602,9.811771235531838,0.6931471805599453
6535,8743accb5ffffff,8743a1373ffffff,1,16.056545637998564,472,305,6.156978985585555,5.720311776607412,9.683934151288803,0.0
6536,8743accb5ffffff,8743acc12ffffff,5,7.699469528779539,472,265,6.156978985585555,5.579729825986222,8.949036583746283,1.6094379124341003
6537,8743accb5ffffff,8743acc81ffffff,2,8.216852543137358,472,607,6.156978985585555,6.408528791059498,9.014064206125568,0.6931471805599453
6538,8743accb5ffffff,8743acc82ffffff,4,7.315869730361094,472,621,6.156978985585555,6.431331081933479,8.897937883030188,1.3862943611198906
6539,8743accb5ffffff,8743acc83ffffff,1,8.722270621278783,472,574,6.156978985585555,6.352629396319567,9.073749517828954,0.0
6540,8743accb5ffffff,8743acc84ffffff,5,4.1077861628166366,472,328,6.156978985585555,5.793013608384144,8.320882926355367,1.6094379124341003
6541,8743accb5ffffff,8743acc85ffffff,4,6.168280774340567,472,556,6.156978985585555,6.320768294250582,8.727337541926646,1.3862943611198906
6542,8743accb5ffffff,8743acc86ffffff,3,4.877185802167017,472,205,6.156978985585555,5.3230099791384085,8.492528667875604,1.0986122886681098
6543,8743accb5ffffff,8743acc8cffffff,1,10.235496633297533,472,386,6.156978985585555,5.955837369464831,9.233714714400627,0.0
6544,8743accb5ffffff,8743acc8effffff,1,10.434925903038085,472,693,6.156978985585555,6.541029999189903,9.25300954610091,0.0
6545,8743accb5ffffff,8743acc90ffffff,1,8.314863610011253,472,353,6.156978985585555,5.8664680569332965,9.02592024793086,0.0
6546,8743accb5ffffff,8743acc91ffffff,3,8.776384350142214,472,927,6.156978985585555,6.831953565565855,9.07993373223858,1.0986122886681098
6547,8743accb5ffffff,8743acc92ffffff,2,10.37098841723182,472,365,6.156978985585555,5.8998973535824915,9.24686402992363,0.6931471805599453
6548,8743accb5ffffff,8743acc9dffffff,3,11.114334768755722,472,654,6.156978985585555,6.483107351457199,9.316080944591228,1.0986122886681098
6549,8743accb5ffffff,8743acca0ffffff,7,3.8486797756081006,472,358,6.156978985585555,5.8805329864007,8.255745248655856,1.9459101490553132
6550,8743accb5ffffff,8743acca1ffffff,6,5.883289599516508,472,655,6.156978985585555,6.484635235635252,8.680041298646884,1.791759469228055
6551,8743accb5ffffff,8743acca2ffffff,12,2.2624101987185674,472,736,6.156978985585555,6.601230118728877,7.72462789245019,2.4849066497880004
6552,8743accb5ffffff,8743acca3ffffff,3,4.52546936551555,472,340,6.156978985585555,5.8289456176102075,8.417697525084254,1.0986122886681098
6553,8743accb5ffffff,8743acca4ffffff,5,4.587393315585108,472,400,6.156978985585555,5.991464547107982,8.43128520159869,1.6094379124341003
6554,8743accb5ffffff,8743acca5ffffff,5,5.9191509081417735,472,342,6.156978985585555,5.834810737062605,8.686117218793319,1.6094379124341003
6555,8743accb5ffffff,8743acca6ffffff,20,2.293396848144832,472,594,6.156978985585555,6.386879319362645,7.738225276687845,2.995732273553991
6556,8743accb5ffffff,8743acca8ffffff,6,9.053533434281745,472,508,6.156978985585555,6.230481447578482,9.111020843234273,1.791759469228055
6557,8743accb5ffffff,8743accaaffffff,2,8.335270386299054,472,490,6.156978985585555,6.194405391104672,9.028371199443487,0.6931471805599453
6558,8743accb5ffffff,8743accacffffff,3,8.04181317612388,472,639,6.156978985585555,6.459904454377535,8.992534198500993,1.0986122886681098
6559,8743accb5ffffff,8743accaeffffff,5,6.789177208329383,472,671,6.156978985585555,6.508769136971682,8.823232318640665,1.6094379124341003
6560,8743accb5ffffff,8743accb0ffffff,50,2.2927968697914887,472,947,6.156978985585555,6.853299093186078,7.737963745290677,3.912023005428146
6561,8743accb5ffffff,8743accb1ffffff,21,2.438562321279144,472,637,6.156978985585555,6.456769655572163,7.799573925672414,3.044522437723423
6562,8743accb5ffffff,8743accb2ffffff,1,4.584993402970086,472,7,6.156978985585555,1.9459101490553132,8.430762024901789,0.0
6563,8743accb5ffffff,8743accb3ffffff,9,4.157924661650509,472,462,6.156978985585555,6.135564891081739,8.33301182504422,2.1972245773362196
6564,8743accb5ffffff,8743accb4ffffff,23,2.26176093940099,472,406,6.156978985585555,6.0063531596017325,7.724341001255748,3.1354942159291497
6565,8743accb5ffffff,8743accb5ffffff,70,0.0,472,508,6.156978985585555,6.230481447578482,0.0,4.248495242049359
6566,8743accb5ffffff,8743accb6ffffff,16,3.846568725081762,472,339,6.156978985585555,5.82600010738045,8.25519672782297,2.772588722239781
6567,8743accb5ffffff,8743acd98ffffff,7,4.876938315055252,472,417,6.156978985585555,6.0330862217988015,8.492477933155781,1.9459101490553132
6568,8743accb5ffffff,8743acd99ffffff,11,4.158907182360791,472,443,6.156978985585555,6.093569770045136,8.333248041073892,2.3978952727983707
6569,8743accb5ffffff,8743acd9affffff,15,4.106503129735988,472,591,6.156978985585555,6.3818160174060985,8.32057061186755,2.70805020110221
6570,8743accb5ffffff,8743acd9bffffff,35,2.4385004494727376,472,734,6.156978985585555,6.598509028614515,7.799548563503769,3.5553480614894135
6571,8743accb5ffffff,8743acd9dffffff,3,6.4209111332914635,472,20,6.156978985585555,2.995732273553991,8.767471036698135,1.0986122886681098
6572,8743accb6ffffff,8743a1345ffffff,2,6.780074602482647,61,450,4.110873864173311,6.1092475827643655,8.82189086431668,0.6931471805599453
6573,8743accb6ffffff,8743a134affffff,1,6.873420367512429,61,79,4.110873864173311,4.3694478524670215,8.835562608800458,0.0
6574,8743accb6ffffff,8743a134cffffff,4,3.844456608926441,61,283,4.110873864173311,5.645446897643238,8.25464762883611,1.3862943611198906
6575,8743accb6ffffff,8743a134dffffff,4,2.2917409791827628,61,307,4.110873864173311,5.726847747587197,7.737503314934645,1.3862943611198906
6576,8743accb6ffffff,8743a134effffff,1,5.911205801524228,61,325,4.110873864173311,5.783825182329737,8.684774272834778,0.0
6577,8743accb6ffffff,8743a1368ffffff,5,4.1051022238989825,61,725,4.110873864173311,6.586171654854675,8.320229493493763,1.6094379124341003
6578,8743accb6ffffff,8743a1369ffffff,5,2.437831982417252,61,444,4.110873864173311,6.095824562432225,7.799274507945235,1.6094379124341003
6579,8743accb6ffffff,8743a136affffff,2,4.520699802161699,61,932,4.110873864173311,6.837332814685591,8.416643264557681,0.6931471805599453
6580,8743accb6ffffff,8743a136bffffff,6,2.2606748385469593,61,578,4.110873864173311,6.359573868672378,7.723860896805958,1.791759469228055
6581,8743accb6ffffff,8743a136effffff,1,6.162185523148918,61,628,4.110873864173311,6.4425401664681985,8.726349053243048,0.0
6582,8743accb6ffffff,8743acca5ffffff,1,9.715562657964014,61,342,4.110873864173311,5.834810737062605,9.181587198898592,0.0
6583,8743accb6ffffff,8743accb0ffffff,8,2.2613244242984267,61,947,4.110873864173311,6.853299093186078,7.724148070042817,2.0794415416798357
6584,8743accb6ffffff,8743accb1ffffff,2,4.523298144351039,61,637,4.110873864173311,6.456769655572163,8.417217737883048,0.6931471805599453
6585,8743accb6ffffff,8743accb4ffffff,3,2.2923413601191305,61,406,4.110873864173311,6.0063531596017325,7.737765142305101,1.0986122886681098
6586,8743accb6ffffff,8743accb5ffffff,2,3.846568725081762,61,508,4.110873864173311,6.230481447578482,8.25519672782297,0.6931471805599453
6587,8743accb6ffffff,8743accb6ffffff,2,0.0,61,339,4.110873864173311,5.82600010738045,0.0,0.6931471805599453
6588,8743accb6ffffff,8743acd93ffffff,1,7.313307638658335,61,1,4.110873864173311,0.0,8.897587659440612,0.0
6589,8743accb6ffffff,8743acd98ffffff,3,6.256636034440179,61,417,4.110873864173311,6.0330862217988015,8.741557762492752,1.0986122886681098
6590,8743accb6ffffff,8743acd9bffffff,8,4.5852827433580305,61,734,4.110873864173311,6.598509028614515,8.430825115106101,2.0794415416798357
6591,8743accd2ffffff,8743ac506ffffff,1,9.171935215139836,15,37,2.70805020110221,3.6109179126442243,9.124012602925012,0.0
6592,8743accd2ffffff,8743ac50cffffff,1,8.78051277068191,15,10,2.70805020110221,2.302585092994046,9.080403969131861,0.0
6593,8743accd2ffffff,8743ac52cffffff,2,2.440311623070184,15,185,2.70805020110221,5.220355825078324,7.8002907242973665,0.6931471805599453
6594,8743accd2ffffff,8743acc82ffffff,1,12.344114441372176,15,621,2.70805020110221,6.431331081933479,9.421015671997322,0.0
6595,8743accd2ffffff,8743acc88ffffff,1,6.371063656169401,15,458,2.70805020110221,6.126869184114185,8.759678660962683,0.0
6596,8743accd2ffffff,8743acc89ffffff,1,4.880451598687741,15,617,2.70805020110221,6.424869023905388,8.493197913362598,0.0
6597,8743accd2ffffff,8743acc8bffffff,2,4.112000652083983,15,418,2.70805020110221,6.035481432524756,8.321908126772591,0.6931471805599453
6598,8743accd2ffffff,8743acc9effffff,2,11.320582398337478,15,612,2.70805020110221,6.416732282512326,9.334466129826763,0.6931471805599453
6599,8743accd2ffffff,8743accd2ffffff,2,0.0,15,238,2.70805020110221,5.472270673671475,0.0,0.6931471805599453
6600,8743accd2ffffff,8743accd6ffffff,2,2.4402546452496794,15,520,2.70805020110221,6.253828811575473,7.800267385005127,0.6931471805599453
6601,8743accd4ffffff,8743ac525ffffff,1,4.5886684704334835,5,88,1.6094379124341003,4.477336814478207,8.431563071782247,0.0
6602,8743accd4ffffff,8743acc88ffffff,1,4.530628082565444,5,458,1.6094379124341003,6.126869184114185,8.418836554033147,0.0
6603,8743accd4ffffff,8743acc8bffffff,1,3.8520514468120473,5,418,1.6094379124341003,6.035481432524756,8.25662069694087,0.0
6604,8743accd4ffffff,8743accaeffffff,1,10.441170448014455,5,671,1.6094379124341003,6.508769136971682,9.25360773714837,0.0
6605,8743accd4ffffff,8743accd6ffffff,1,2.2946347596807963,5,520,1.6094379124341003,6.253828811575473,7.738764667991323,0.0
6606,8743accd6ffffff,8743a1261ffffff,1,16.07955233807871,550,264,6.309918278226516,5.575949103146316,9.685365891526034,0.0
6607,8743accd6ffffff,8743a126cffffff,1,13.907238112751415,550,356,6.309918278226516,5.87493073085203,9.540236613541408,0.0
6608,8743accd6ffffff,8743ac500ffffff,1,10.374548586868926,550,17,6.309918278226516,2.833213344056216,9.247207219543808,0.0
6609,8743accd6ffffff,8743ac505ffffff,3,8.317806907427084,550,17,6.309918278226516,2.833213344056216,9.026274122982784,1.0986122886681098
6610,8743accd6ffffff,8743ac520ffffff,3,4.587466014076341,550,45,6.309918278226516,3.8066624897703196,8.43130104547046,1.0986122886681098
6611,8743accd6ffffff,8743ac521ffffff,2,4.159400760570462,550,18,6.309918278226516,2.8903717578961645,8.333366685290821,0.6931471805599453
6612,8743accd6ffffff,8743ac523ffffff,2,6.258043017191686,550,8,6.309918278226516,2.0794415416798357,8.741782579754844,0.6931471805599453
6613,8743accd6ffffff,8743ac524ffffff,4,3.85101480102219,550,68,6.309918278226516,4.219507705176107,8.256351615335918,1.3862943611198906
6614,8743accd6ffffff,8743ac525ffffff,10,2.2940337107526876,550,88,6.309918278226516,4.477336814478207,7.738502811167894,2.302585092994046
6615,8743accd6ffffff,8743ac526ffffff,2,5.9197823715746605,550,18,6.309918278226516,2.8903717578961645,8.686223876506622,0.6931471805599453
6616,8743accd6ffffff,8743ac52affffff,1,8.780642167959664,550,43,6.309918278226516,3.7612001156935624,9.080418704215417,0.0
6617,8743accd6ffffff,8743ac52cffffff,16,4.880566268319862,550,185,6.309918278226516,5.220355825078324,8.493221403974557,2.772588722239781
6618,8743accd6ffffff,8743ac52dffffff,1,6.372720911872975,550,1,6.309918278226516,0.0,8.759938708620647,0.0
6619,8743accd6ffffff,8743ac52effffff,1,6.422307838509773,550,12,6.309918278226516,2.4849066497880004,8.767688503636904,0.0
6620,8743accd6ffffff,8743ac535ffffff,3,8.109462393224602,550,41,6.309918278226516,3.713572066704308,9.000910160678309,1.0986122886681098
6621,8743accd6ffffff,8743acc12ffffff,1,14.640291360939548,550,265,6.309918278226516,5.579729825986222,9.59160099133968,0.0
6622,8743accd6ffffff,8743acc80ffffff,2,10.239981716725543,550,312,6.309918278226516,5.7430031878094825,9.234152764772169,0.6931471805599453
6623,8743accd6ffffff,8743acc81ffffff,14,8.221962120791327,550,607,6.309918278226516,6.408528791059498,9.01468577846525,2.6390573296152584
6624,8743accd6ffffff,8743acc82ffffff,5,10.547023742821569,550,621,6.309918278226516,6.431331081933479,9.263693798401775,1.6094379124341003
6625,8743accd6ffffff,8743acc83ffffff,11,8.340071008378528,550,574,6.309918278226516,6.352629396319567,9.028946905378678,2.3978952727983707
6626,8743accd6ffffff,8743acc84ffffff,1,12.33102850111205,550,328,6.309918278226516,5.793013608384144,9.419955100154201,0.0
6627,8743accd6ffffff,8743acc85ffffff,16,10.439949210452559,550,556,6.309918278226516,6.320768294250582,9.253490777845041,2.772588722239781
6628,8743accd6ffffff,8743acc86ffffff,2,12.342828920186456,550,205,6.309918278226516,5.3230099791384085,9.420911534597186,0.6931471805599453
6629,8743accd6ffffff,8743acc88ffffff,44,4.111618344553731,550,458,6.309918278226516,6.126869184114185,8.321815171450764,3.784189633918261
6630,8743accd6ffffff,8743acc89ffffff,60,2.440196953438061,550,617,6.309918278226516,6.424869023905388,7.800243752692362,4.0943445622221
6631,8743accd6ffffff,8743acc8affffff,12,4.529754670433903,550,510,6.309918278226516,6.234410725718371,8.418643798516623,2.4849066497880004
6632,8743accd6ffffff,8743acc8bffffff,31,2.265201014457643,550,418,6.309918278226516,6.035481432524756,7.725860146593371,3.4339872044851463
6633,8743accd6ffffff,8743acc8cffffff,16,6.370599806828591,550,386,6.309918278226516,5.955837369464831,8.759605864102916,2.772588722239781
6634,8743accd6ffffff,8743acc8dffffff,41,4.880335501175311,550,623,6.309918278226516,6.434546518787453,8.49317412968049,3.713572066704308
6635,8743accd6ffffff,8743acc8effffff,19,6.173255294009242,550,693,6.309918278226516,6.541029999189903,8.728143554062948,2.9444389791664403
6636,8743accd6ffffff,8743acc91ffffff,3,11.319528546516164,550,927,6.309918278226516,6.831953565565855,9.33437304205552,1.0986122886681098
6637,8743accd6ffffff,8743acc92ffffff,1,14.705801887372958,550,365,6.309918278226516,5.8998973535824915,9.596065379174714,0.0
6638,8743accd6ffffff,8743acc98ffffff,8,8.044283950671751,550,461,6.309918278226516,6.133398042996649,8.992841354101538,2.0794415416798357
6639,8743accd6ffffff,8743acc9affffff,5,9.68353460558341,550,284,6.309918278226516,5.648974238161206,9.178285521571734,1.6094379124341003
6640,8743accd6ffffff,8743acc9bffffff,2,7.6999191909499896,550,61,6.309918278226516,4.110873864173311,8.949094976165144,0.6931471805599453
6641,8743accd6ffffff,8743acc9cffffff,12,9.05691872973579,550,487,6.309918278226516,6.18826412308259,9.111394651867451,2.4849066497880004
6642,8743accd6ffffff,8743acc9dffffff,14,6.7936606734198985,550,654,6.309918278226516,6.483107351457199,8.823892387651767,2.6390573296152584
6643,8743accd6ffffff,8743acc9effffff,7,10.247212690483313,550,612,6.309918278226516,6.416732282512326,9.234858597701884,1.9459101490553132
6644,8743accd6ffffff,8743acca1ffffff,2,13.52931491787793,550,655,6.309918278226516,6.484635235635252,9.512687996420787,0.6931471805599453
6645,8743accd6ffffff,8743acca3ffffff,1,12.73906683420945,550,340,6.309918278226516,5.8289456176102075,9.452507175125694,0.0
6646,8743accd6ffffff,8743acca8ffffff,9,9.76043452449987,550,508,6.309918278226516,6.230481447578482,9.18619464857589,2.1972245773362196
6647,8743accd6ffffff,8743acca9ffffff,3,8.78231982367448,550,160,6.309918278226516,5.075173815233827,9.080609727198638,1.0986122886681098
6648,8743accd6ffffff,8743accaaffffff,11,8.72740930059168,550,490,6.309918278226516,6.194405391104672,9.074338421531568,2.3978952727983707
6649,8743accd6ffffff,8743accabffffff,1,7.320414929424345,550,256,6.309918278226516,5.545177444479562,8.898558884645468,0.0
6650,8743accd6ffffff,8743accacffffff,1,12.20039357283044,550,639,6.309918278226516,6.459904454377535,9.409305451479092,0.0
6651,8743accd6ffffff,8743accadffffff,1,11.17605231832949,550,26,6.309918278226516,3.258096538021482,9.32161805526662,0.0
6652,8743accd6ffffff,8743accaeffffff,5,11.119978107688063,550,671,6.309918278226516,6.508769136971682,9.316588523260846,1.6094379124341003
6653,8743accd6ffffff,8743accd0ffffff,10,2.2658480776120604,550,91,6.309918278226516,4.51085950651685,7.726145633534134,2.302585092994046
6654,8743accd6ffffff,8743accd2ffffff,27,2.4402546452496794,550,238,6.309918278226516,5.472270673671475,7.800267385005127,3.295836866004329
6655,8743accd6ffffff,8743accd3ffffff,5,4.112890079277315,550,40,6.309918278226516,3.6888794541139363,8.322124351158168,1.6094379124341003
6656,8743accd6ffffff,8743accd4ffffff,8,2.2946347596807963,550,81,6.309918278226516,4.394449154672439,7.738764667991323,2.0794415416798357
6657,8743accd6ffffff,8743accd6ffffff,78,0.0,550,520,6.309918278226516,6.253828811575473,0.0,4.356708826689592
6658,8743accd6ffffff,8743accf2ffffff,10,4.160392184159183,550,168,6.309918278226516,5.123963979403259,8.333604956922906,2.302585092994046
6659,8743accecffffff,8743accedffffff,1,2.2693225689903023,1,4,0.0,1.3862943611198906,7.72767720125686,0.0
6660,8743accf0ffffff,8743acc11ffffff,1,9.762623939478575,4,2,1.3862943611198906,0.6931471805599453,9.186418915764838,0.0
6661,8743accf0ffffff,8743accd3ffffff,1,8.783382803577688,4,40,1.3862943611198906,3.6888794541139363,9.080730742442016,0.0
6662,8743accf0ffffff,8743accf3ffffff,1,2.440805690463283,4,2,1.3862943611198906,0.6931471805599453,7.800493081669948,0.0
6663,8743accf0ffffff,8743accf5ffffff,1,2.2959813974206313,4,3,1.3862943611198906,1.0986122886681098,7.739351104014872,0.0
6664,8743accf1ffffff,8743acc8effffff,1,9.691017081385139,1,693,0.0,6.541029999189903,9.179057844355947,0.0
6665,8743accf2ffffff,8743a126dffffff,1,13.545201670113117,59,166,4.07753744390572,5.111987788356544,9.513861467462132,0.0
6666,8743accf2ffffff,8743ac52affffff,1,12.845644873795308,59,43,4.07753744390572,3.7612001156935624,9.460837956915466,0.0
6667,8743accf2ffffff,8743ac52cffffff,1,8.782076590505303,59,185,4.07753744390572,5.220355825078324,9.080582034191666,0.0
6668,8743accf2ffffff,8743ac52effffff,1,10.543266101292886,59,12,4.07753744390572,2.4849066497880004,9.263337493648123,0.0
6669,8743accf2ffffff,8743acc80ffffff,1,9.057821155775285,59,312,4.07753744390572,5.7430031878094825,9.11149427531471,0.0
6670,8743accf2ffffff,8743acc81ffffff,1,6.794337820802825,59,607,4.07753744390572,6.408528791059498,8.823992041435213,0.0
6671,8743accf2ffffff,8743acc82ffffff,1,10.248812144813696,59,621,4.07753744390572,6.431331081933479,9.235014657063358,0.0
6672,8743accf2ffffff,8743acc88ffffff,5,3.8520147999803713,59,458,4.07753744390572,6.126869184114185,8.256611185776416,1.6094379124341003
6673,8743accf2ffffff,8743acc89ffffff,4,2.294781005182535,59,617,4.07753744390572,6.424869023905388,7.738828371872339,1.3862943611198906
6674,8743accf2ffffff,8743acc8affffff,2,5.921576434706938,59,510,4.07753744390572,6.234410725718371,8.686526841767632,0.6931471805599453
6675,8743accf2ffffff,8743acc8bffffff,1,4.5889612743068815,59,418,4.07753744390572,6.035481432524756,8.431626866048822,0.0
6676,8743accf2ffffff,8743acc8dffffff,11,2.2654269488098384,59,623,4.07753744390572,6.434546518787453,7.725959839025317,2.3978952727983707
6677,8743accf2ffffff,8743acc91ffffff,3,11.770189418068467,59,927,4.07753744390572,6.831953565565855,9.373410250209647,1.0986122886681098
6678,8743accf2ffffff,8743acc98ffffff,1,9.720261216113121,59,461,4.07753744390572,6.133398042996649,9.182070643781215,0.0
6679,8743accf2ffffff,8743acc9affffff,1,11.838356761025043,59,284,4.07753744390572,5.648974238161206,9.37918457934607,0.0
6680,8743accf2ffffff,8743acc9cffffff,2,9.685724961768312,59,487,4.07753744390572,6.18826412308259,9.17851166651462,0.6931471805599453
6681,8743accf2ffffff,8743acc9dffffff,4,7.701919833532013,59,654,4.07753744390572,6.483107351457199,8.949354735123945,1.3862943611198906
6682,8743accf2ffffff,8743acc9effffff,2,11.54971402411152,59,612,4.07753744390572,6.416732282512326,9.35450253430854,0.6931471805599453
6683,8743accf2ffffff,8743acca3ffffff,1,10.2403086288592,59,340,4.07753744390572,5.8289456176102075,9.234184686215345,0.0
6684,8743accf2ffffff,8743acca5ffffff,1,12.739592602435602,59,342,4.07753744390572,5.834810737062605,9.452548443149196,0.0
6685,8743accf2ffffff,8743acca9ffffff,1,4.880825903986905,59,160,4.07753744390572,5.075173815233827,8.493274589519606,0.0
6686,8743accf2ffffff,8743accaaffffff,1,6.173487888069334,59,490,4.07753744390572,6.194405391104672,8.728181224950857,0.0
6687,8743accf2ffffff,8743accabffffff,3,4.111741848413898,59,256,4.07753744390572,5.545177444479562,8.321845201469458,1.0986122886681098
6688,8743accf2ffffff,8743accacffffff,1,8.727874938381502,59,639,4.07753744390572,6.459904454377535,9.074391767491177,0.0
6689,8743accf2ffffff,8743accd0ffffff,1,4.881061050806695,59,91,4.07753744390572,4.51085950651685,8.493322756160806,0.0
6690,8743accf2ffffff,8743accd2ffffff,2,6.423514258744436,59,238,4.07753744390572,5.472270673671475,8.767876305153624,0.6931471805599453
6691,8743accf2ffffff,8743accd3ffffff,1,7.321677970875743,59,40,4.07753744390572,3.6888794541139363,8.89873138306693,0.0
6692,8743accf2ffffff,8743accd6ffffff,3,4.160392184159183,59,520,4.07753744390572,6.253828811575473,8.333604956922906,1.0986122886681098
6693,8743accf2ffffff,8743accf2ffffff,1,0.0,59,168,4.07753744390572,5.123963979403259,0.0,0.0
6694,8743accf3ffffff,8743a1224ffffff,1,37.36592626552283,1,845,0.0,6.739336627357174,10.528541267705819,0.0
6695,8743accf4ffffff,8743accacffffff,1,6.173717564442473,1,639,0.0,6.459904454377535,8.728218421898312,0.0
6696,8743accf5ffffff,8743ac570ffffff,1,18.435952896989015,12,1,2.4849066497880004,0.0,9.822112239258265,0.0
6697,8743accf5ffffff,8743acc0bffffff,1,6.891540670313866,12,2,2.4849066497880004,0.6931471805599453,8.838195043542692,0.0
6698,8743accf5ffffff,8743acc0effffff,1,8.326863408735415,12,1,2.4849066497880004,0.0,9.027362208711622,0.0
6699,8743accf5ffffff,8743acc1affffff,1,4.11275442124498,12,1,2.4849066497880004,0.0,8.322091375005067,0.0
6700,8743accf5ffffff,8743acc1cffffff,2,7.322968515847325,12,5,2.4849066497880004,1.6094379124341003,8.89890760702046,0.6931471805599453
6701,8743accf5ffffff,8743acc1dffffff,1,6.4269378826785735,12,3,2.4849066497880004,1.0986122886681098,8.768409063257284,0.0
6702,8743accf5ffffff,8743accacffffff,2,8.34304001010039,12,639,2.4849066497880004,6.459904454377535,9.029302791743463,0.6931471805599453
6703,8743accf5ffffff,8743accc3ffffff,1,8.733001421329506,12,1,2.4849066497880004,0.0,9.074978896780724,0.0
6704,8743accf5ffffff,8743accf0ffffff,1,2.2959813974206313,12,1,2.4849066497880004,0.0,7.739351104014872,0.0
6705,8743accf5ffffff,8743accf6ffffff,1,3.854086315577096,12,2,2.4849066497880004,0.6931471805599453,8.257148676298542,0.0
6706,8743acd8bffffff,8743acca1ffffff,1,4.8790041617329525,4,655,1.3862943611198906,6.484635235635252,8.49290135166096,0.0
6707,8743acd8bffffff,8743acca4ffffff,1,2.2945957268596566,4,400,1.3862943611198906,5.991464547107982,7.738747664784338,0.0
6708,8743acd8bffffff,8743accacffffff,2,6.368254162074748,4,639,1.3862943611198906,6.459904454377535,8.759237655694584,0.6931471805599453
6709,8743acd98ffffff,8743a1341ffffff,1,10.336435878699456,283,292,5.645446897643238,5.676753802268282,9.243527136526684,0.0
6710,8743acd98ffffff,8743a1342ffffff,1,13.995371951344065,283,214,5.645446897643238,5.365976015021851,9.546553428680616,0.0
6711,8743acd98ffffff,8743a1345ffffff,1,9.707835950035628,283,450,5.645446897643238,6.1092475827643655,9.180791672537275,0.0
6712,8743acd98ffffff,8743a1363ffffff,2,9.670474055688025,283,553,5.645446897643238,6.315358001522335,9.17693601278549,0.6931471805599453
6713,8743acd98ffffff,8743a1368ffffff,10,5.914641946671961,283,725,5.645446897643238,6.586171654854675,8.685355299124184,2.302585092994046
6714,8743acd98ffffff,8743a1369ffffff,20,4.585571259379166,283,444,5.645446897643238,6.095824562432225,8.430888021595432,2.995732273553991
6715,8743acd98ffffff,8743a136affffff,9,8.103572135323368,283,932,5.645446897643238,6.837332814685591,9.000183642563291,2.1972245773362196
6716,8743acd98ffffff,8743a136bffffff,4,6.877456966901475,283,578,5.645446897643238,6.359573868672378,8.836149627706657,1.3862943611198906
6717,8743acd98ffffff,8743a136cffffff,2,5.877831564750291,283,354,5.645446897643238,5.869296913133774,8.679113307668691,0.6931471805599453
6718,8743acd98ffffff,8743a136dffffff,11,3.8464904267790327,283,609,5.645446897643238,6.411818267709897,8.255176377543346,2.3978952727983707
6719,8743acd98ffffff,8743a136effffff,4,7.690868888714736,283,628,5.645446897643238,6.4425401664681985,8.94791906141451,1.3862943611198906
6720,8743acd98ffffff,8743a1371ffffff,1,13.48971404824928,283,543,5.645446897643238,6.297109319933935,9.509756879472524,0.0
6721,8743acd98ffffff,8743acc91ffffff,1,13.576897262125486,283,927,5.645446897643238,6.831953565565855,9.516198548337568,0.0
6722,8743acd98ffffff,8743acca0ffffff,1,6.166982354991424,283,358,5.645446897643238,5.8805329864007,8.72712705450487,0.0
6723,8743acd98ffffff,8743acca1ffffff,2,8.333501529703526,283,655,5.645446897643238,6.484635235635252,9.028158988921854,0.6931471805599453
6724,8743acd98ffffff,8743acca2ffffff,6,6.365119251343632,283,736,5.645446897643238,6.601230118728877,8.758745340205643,1.791759469228055
6725,8743acd98ffffff,8743acca4ffffff,6,4.524617524735447,283,400,5.645446897643238,5.991464547107982,8.417509316377698,1.791759469228055
6726,8743acd98ffffff,8743acca6ffffff,8,4.107008457743415,283,594,5.645446897643238,6.386879319362645,8.320693629893315,2.0794415416798357
6727,8743acd98ffffff,8743accacffffff,2,10.541492051618153,283,639,5.645446897643238,6.459904454377535,9.263169231683333,0.6931471805599453
6728,8743acd98ffffff,8743accb0ffffff,6,6.419885962698796,283,947,5.645446897643238,6.853299093186078,8.767311387583199,1.791759469228055
6729,8743acd98ffffff,8743accb3ffffff,2,8.7766070612963,283,462,5.645446897643238,6.135564891081739,9.079959105210731,0.6931471805599453
6730,8743acd98ffffff,8743accb4ffffff,8,4.158329577648441,283,406,5.645446897643238,6.0063531596017325,8.333109181048641,2.0794415416798357
6731,8743acd98ffffff,8743accb5ffffff,5,4.876938315055252,283,508,5.645446897643238,6.230481447578482,8.492477933155781,1.6094379124341003
6732,8743acd98ffffff,8743acd8bffffff,2,5.882747083798285,283,32,5.645446897643238,3.4657359027997265,8.679949097078651,0.6931471805599453
6733,8743acd98ffffff,8743acd98ffffff,48,0.0,283,417,5.645446897643238,6.0330862217988015,0.0,3.871201010907891
6734,8743acd98ffffff,8743acd99ffffff,20,2.2619840240952294,283,443,5.645446897643238,6.093569770045136,7.724439585995374,2.995732273553991
6735,8743acd98ffffff,8743acd9affffff,21,2.2930854843475856,283,591,5.645446897643238,6.3818160174060985,7.738089561313931,3.044522437723423
6736,8743acd98ffffff,8743acd9bffffff,73,2.4384378655825145,283,734,5.645446897643238,6.598509028614515,7.799522908787031,4.290459441148391
6737,8743acd98ffffff,8743acd9effffff,6,2.2613342571237354,283,109,5.645446897643238,4.6913478822291435,7.724152416370796,1.791759469228055
6738,8743acd99ffffff,8743a1340ffffff,1,13.530911896033636,404,643,6.0014148779611505,6.466144724237619,9.512806019092649,0.0
6739,8743acd99ffffff,8743a1341ffffff,1,11.827494597058916,404,292,6.0014148779611505,5.676753802268282,9.378266695879217,0.0
6740,8743acd99ffffff,8743a134affffff,1,13.752244158601208,404,79,6.0014148779611505,4.3694478524670215,9.529030014072895,0.0
6741,8743acd99ffffff,8743a134cffffff,2,10.338822458260376,404,283,6.0014148779611505,5.645446897643238,9.243757977533999,0.6931471805599453
6742,8743acd99ffffff,8743a134dffffff,1,9.170564770271541,404,307,6.0014148779611505,5.726847747587197,9.123863190853609,0.0
6743,8743acd99ffffff,8743a1363ffffff,1,11.754204546767118,404,553,6.0014148779611505,6.315358001522335,9.372051361653668,0.0
6744,8743acd99ffffff,8743a1368ffffff,13,7.693020071038979,404,725,6.0014148779611505,6.586171654854675,8.94819869197,2.5649493574615367
6745,8743acd99ffffff,8743a1369ffffff,19,5.916145369743623,404,444,6.0014148779611505,6.095824562432225,8.685609410524915,2.9444389791664403
6746,8743acd99ffffff,8743a136affffff,18,9.710412285061238,404,932,6.0014148779611505,6.837332814685591,9.18105699716233,2.8903717578961645
6747,8743acd99ffffff,8743a136bffffff,11,8.105514059966682,404,578,6.0014148779611505,6.359573868672378,9.000423222395169,2.3978952727983707
6748,8743acd99ffffff,8743a136cffffff,1,8.034173564959785,404,354,6.0014148779611505,5.869296913133774,8.991583879053406,0.0
6749,8743acd99ffffff,8743a136dffffff,7,5.879561229249301,404,609,6.0014148779611505,6.411818267709897,8.679407483489125,1.9459101490553132
6750,8743acd99ffffff,8743a136effffff,3,9.673280092872956,404,628,6.0014148779611505,6.4425401664681985,9.177226106124117,1.0986122886681098
6751,8743acd99ffffff,8743a1371ffffff,1,15.532282576262423,404,543,6.0014148779611505,6.297109319933935,9.650740263817697,0.0
6752,8743acd99ffffff,8743acc12ffffff,3,6.789847765741845,404,265,6.0014148779611505,5.579729825986222,8.82333106780198,1.0986122886681098
6753,8743acd99ffffff,8743acc16ffffff,1,5.884475291512403,404,14,6.0014148779611505,2.6390573296152584,8.680242779646866,0.0
6754,8743acd99ffffff,8743acc80ffffff,1,9.75558375669332,404,312,6.0014148779611505,5.7430031878094825,9.185697593205152,0.0
6755,8743acd99ffffff,8743acc81ffffff,2,11.11501343015616,404,607,6.0014148779611505,6.408528791059498,9.316141999044119,0.6931471805599453
6756,8743acd99ffffff,8743acc83ffffff,1,12.19463176693885,404,574,6.0014148779611505,6.352629396319567,9.408833114715208,0.0
6757,8743acd99ffffff,8743acc84ffffff,3,7.316595862282382,404,328,6.0014148779611505,5.793013608384144,8.898037118894633,1.0986122886681098
6758,8743acd99ffffff,8743acc86ffffff,1,8.77779804261655,404,205,6.0014148779611505,5.3230099791384085,9.080094780061593,0.0
6759,8743acd99ffffff,8743acc8cffffff,1,12.734789625775601,404,386,6.0014148779611505,5.955837369464831,9.452171389871076,0.0
6760,8743acd99ffffff,8743acc8effffff,2,13.524183364985722,404,693,6.0014148779611505,6.541029999189903,9.51230866110786,0.6931471805599453
6761,8743acd99ffffff,8743acc91ffffff,1,12.840138670109328,404,927,6.0014148779611505,6.831953565565855,9.460409254784672,0.0
6762,8743acd99ffffff,8743acc95ffffff,1,10.539131325823822,404,314,6.0014148779611505,5.749392985908253,9.262945281773312,0.0
6763,8743acd99ffffff,8743acc9dffffff,1,14.633739180264353,404,654,6.0014148779611505,6.483107351457199,9.591153377324838,0.0
6764,8743acd99ffffff,8743acca0ffffff,5,4.107903217118655,404,358,6.0014148779611505,5.8805329864007,8.32091141472883,1.6094379124341003
6765,8743acd99ffffff,8743acca1ffffff,6,6.1685058180279855,404,655,6.0014148779611505,6.484635235635252,8.727374019368858,1.791759469228055
6766,8743acd99ffffff,8743acca2ffffff,7,4.8776687963540315,404,736,6.0014148779611505,6.601230118728877,8.492627674001508,1.9459101490553132
6767,8743acd99ffffff,8743acca3ffffff,3,6.366322598394742,404,340,6.0014148779611505,5.8289456176102075,8.758934345985681,1.0986122886681098
6768,8743acd99ffffff,8743acca4ffffff,13,2.2626335006402183,404,400,6.0014148779611505,5.991464547107982,7.724726544876215,2.5649493574615367
6769,8743acd99ffffff,8743acca5ffffff,7,4.52591618657746,404,342,6.0014148779611505,5.834810737062605,8.417796233144283,1.9459101490553132
6770,8743acd99ffffff,8743acca6ffffff,35,2.438803271449965,404,594,6.0014148779611505,6.386879319362645,7.799672688581828,3.5553480614894135
6771,8743acd99ffffff,8743acca8ffffff,2,10.235815191678455,404,508,6.0014148779611505,6.230481447578482,9.233745833780205,0.6931471805599453
6772,8743acd99ffffff,8743acca9ffffff,1,12.340703322689896,404,160,6.0014148779611505,5.075173815233827,9.420739320566645,0.0
6773,8743acd99ffffff,8743accaaffffff,2,10.435279488398685,404,490,6.0014148779611505,6.194405391104672,9.253043427078412,0.6931471805599453
6774,8743acd99ffffff,8743accabffffff,2,12.327553928456714,404,256,6.0014148779611505,5.545177444479562,9.419673308538918,0.6931471805599453
6775,8743acd99ffffff,8743accacffffff,8,8.335667660329277,404,639,6.0014148779611505,6.459904454377535,9.028418854395385,2.0794415416798357
6776,8743acd99ffffff,8743accaeffffff,10,8.217088799902125,404,671,6.0014148779611505,6.508769136971682,9.01409295492186,2.302585092994046
6777,8743acd99ffffff,8743accb0ffffff,7,6.25759520788563,404,947,6.0014148779611505,6.853299093186078,8.74171103122497,1.9459101490553132
6778,8743acd99ffffff,8743accb1ffffff,4,6.420748703055625,404,637,6.0014148779611505,6.456769655572163,8.767445743247839,1.3862943611198906
6779,8743acd99ffffff,8743accb3ffffff,3,8.316831844011299,404,462,6.0014148779611505,6.135564891081739,9.026156904182583,1.0986122886681098
6780,8743acd99ffffff,8743accb4ffffff,8,4.5864824309696495,404,406,6.0014148779611505,6.0063531596017325,8.431086662594108,2.0794415416798357
6781,8743acd99ffffff,8743accb5ffffff,7,4.158907182360791,404,508,6.0014148779611505,6.230481447578482,8.333248041073892,1.9459101490553132
6782,8743acd99ffffff,8743acd8bffffff,4,3.8496761728080804,404,32,6.0014148779611505,3.4657359027997265,8.25600404116161,1.3862943611198906
6783,8743acd99ffffff,8743acd98ffffff,32,2.2619840240952294,404,417,6.0014148779611505,6.0330862217988015,7.724439585995374,3.4657359027997265
6784,8743acd99ffffff,8743acd99ffffff,39,0.0,404,443,6.0014148779611505,6.093569770045136,0.0,3.6635616461296463
6785,8743acd99ffffff,8743acd9affffff,24,3.847565771057745,404,591,6.0014148779611505,6.3818160174060985,8.255455830878422,3.1780538303479458
6786,8743acd99ffffff,8743acd9bffffff,73,2.2935410477307494,404,734,6.0014148779611505,6.598509028614515,7.7382881232938505,4.290459441148391
6787,8743acd99ffffff,8743acd9cffffff,1,4.106618037580434,404,17,6.0014148779611505,2.833213344056216,8.320598586584445,0.0
6788,8743acd99ffffff,8743acd9effffff,3,4.523318281218964,404,109,6.0014148779611505,4.6913478822291435,8.417222188700052,1.0986122886681098
6789,8743acd9affffff,8743a1262ffffff,1,16.61027642271456,769,371,6.645090969505644,5.916202062607435,9.717837046296243,0.0
6790,8743acd9affffff,8743a126cffffff,1,15.17976907760324,769,356,6.645090969505644,5.87493073085203,9.627784713539981,0.0
6791,8743acd9affffff,8743a126dffffff,1,15.992298500424274,769,166,6.645090969505644,5.111987788356544,9.679925069758903,0.0
6792,8743acd9affffff,8743a1309ffffff,1,17.3119860382978,769,528,6.645090969505644,6.269096283706261,9.759212136949929,0.0
6793,8743acd9affffff,8743a130dffffff,2,17.614356783880925,769,613,6.645090969505644,6.418364935936212,9.776526345119233,0.6931471805599453
6794,8743acd9affffff,8743a1340ffffff,7,9.70515076993366,769,643,6.645090969505644,6.466144724237619,9.180515063528182,1.9459101490553132
6795,8743acd9affffff,8743a1341ffffff,9,8.101321561413137,769,292,6.645090969505644,5.676753802268282,8.999905912115148,2.1972245773362196
6796,8743acd9affffff,8743a1342ffffff,1,11.821193189391911,769,214,6.645090969505644,5.365976015021851,9.377733822765927,0.0
6797,8743acd9affffff,8743a1344ffffff,8,9.667979831024061,769,418,6.645090969505644,6.035481432524756,9.176678084539088,2.0794415416798357
6798,8743acd9affffff,8743a1345ffffff,13,7.688796066882693,769,450,6.645090969505644,6.1092475827643655,8.947649542887019,2.5649493574615367
6799,8743acd9affffff,8743a1346ffffff,1,11.530024246023823,769,243,6.645090969505644,5.493061443340548,9.352796442450705,0.0
6800,8743acd9affffff,8743a1348ffffff,4,8.453761170636668,769,135,6.645090969505644,4.90527477843843,9.042485013818013,1.3862943611198906
6801,8743acd9affffff,8743a1349ffffff,1,8.314116704797636,769,23,6.645090969505644,3.1354942159291497,9.025830426982246,0.0
6802,8743acd9affffff,8743a134affffff,4,10.690635429182224,769,79,6.645090969505644,4.3694478524670215,9.27721697914495,1.3862943611198906
6803,8743acd9affffff,8743a134cffffff,8,6.875656765186333,769,283,6.645090969505644,5.645446897643238,8.835887877529888,2.0794415416798357
6804,8743acd9affffff,8743a134dffffff,4,6.255277904684117,769,307,6.645090969505644,5.726847747587197,8.741340703342754,1.3862943611198906
6805,8743acd9affffff,8743a134effffff,3,9.166341266354094,769,325,6.645090969505644,5.783825182329737,9.123402584971917,1.0986122886681098
6806,8743acd9affffff,8743a1354ffffff,2,15.369137790027647,769,303,6.645090969505644,5.713732805509369,9.64018180136088,0.6931471805599453
6807,8743acd9affffff,8743a1355ffffff,1,13.523536450873921,769,434,6.645090969505644,6.073044534100405,9.51226082962448,0.0
6808,8743acd9affffff,8743a135dffffff,1,11.456424630290673,769,77,6.645090969505644,4.343805421853684,9.346393238163142,0.0
6809,8743acd9affffff,8743a1361ffffff,5,6.780743379027013,769,77,6.645090969505644,4.343805421853684,8.82198948343047,1.6094379124341003
6810,8743acd9affffff,8743a1362ffffff,2,10.228472873852096,769,301,6.645090969505644,5.707110264748875,9.233028330135397,0.6931471805599453
6811,8743acd9affffff,8743a1363ffffff,14,8.029908014319915,769,553,6.645090969505644,6.315358001522335,8.991052878296433,2.6390573296152584
6812,8743acd9affffff,8743a1368ffffff,94,3.8454542999812347,769,725,6.645090969505644,6.586171654854675,8.254907041892816,4.543294782270004
6815,8743acd9affffff,8743a136bffffff,42,4.5843714825538875,769,578,6.645090969505644,6.359573868672378,8.430626402685267,3.7376696182833684
6816,8743acd9affffff,8743a136cffffff,14,4.521145870793403,769,354,6.645090969505644,5.869296913133774,8.4167419103436,2.6390573296152584
6817,8743acd9affffff,8743a136dffffff,98,2.2608979816617056,769,609,6.645090969505644,6.411818267709897,7.723959554713677,4.584967478670572
6818,8743acd9affffff,8743a136effffff,44,5.87637381038741,769,628,6.645090969505644,6.4425401664681985,8.678865310236896,3.784189633918261
6819,8743acd9affffff,8743a1370ffffff,5,13.882852732912026,769,353,6.645090969505644,5.8664680569332965,9.538481769961438,1.6094379124341003
6820,8743acd9affffff,8743a1371ffffff,13,11.747827333018412,769,543,6.645090969505644,6.297109319933935,9.371508713146568,2.5649493574615367
6821,8743acd9affffff,8743a1372ffffff,4,15.523791111738438,769,873,6.645090969505644,6.771935555839602,9.650193451750674,1.3862943611198906
6822,8743acd9affffff,8743acc12ffffff,4,10.242915783937436,769,265,6.645090969505644,5.579729825986222,9.234439226272096,1.3862943611198906
6823,8743acd9affffff,8743acc16ffffff,1,9.681381484622205,769,14,6.645090969505644,2.6390573296152584,9.178063171151043,0.0
6824,8743acd9affffff,8743acc81ffffff,1,12.32335567287335,769,607,6.645090969505644,6.408528791059498,9.41933271948133,0.0
6825,8743acd9affffff,8743acc82ffffff,2,11.111847322188355,769,621,6.645090969505644,6.431331081933479,9.315857134423796,0.6931471805599453
6826,8743acd9affffff,8743acc83ffffff,2,12.730924885708108,769,574,6.645090969505644,6.352629396319567,9.451867888738658,0.6931471805599453
6827,8743acd9affffff,8743acc84ffffff,5,8.214289292552625,769,328,6.645090969505644,5.793013608384144,9.01375224501294,1.6094379124341003
6828,8743acd9affffff,8743acc86ffffff,5,8.720192543803714,769,205,6.645090969505644,5.3230099791384085,9.0735112671628,1.6094379124341003
6829,8743acd9affffff,8743acc8effffff,1,14.523703342454958,769,693,6.645090969505644,6.541029999189903,9.583606157584171,0.0
6830,8743acd9affffff,8743acc90ffffff,1,11.166862179381503,769,353,6.645090969505644,5.8664680569332965,9.32079548425458,0.0
6831,8743acd9affffff,8743acc91ffffff,3,12.191290358702293,769,927,6.645090969505644,6.831953565565855,9.408559093153201,1.0986122886681098
6832,8743acd9affffff,8743acc94ffffff,1,8.775306125647154,769,22,6.645090969505644,3.091042453358316,9.079810883485163,0.0
6833,8743acd9affffff,8743acc9cffffff,2,13.52037354921653,769,487,6.645090969505644,6.18826412308259,9.512026938313609,0.6931471805599453
6834,8743acd9affffff,8743acca0ffffff,13,6.786591604160556,769,358,6.645090969505644,5.8805329864007,8.822851460160042,2.5649493574615367
6835,8743acd9affffff,8743acca1ffffff,10,9.050087055835036,769,655,6.645090969505644,6.484635235635252,9.110640146147398,2.302585092994046
6836,8743acd9affffff,8743acca2ffffff,14,6.166108830549488,769,736,6.645090969505644,6.601230118728877,8.72698542207909,2.6390573296152584
6837,8743acd9affffff,8743acca3ffffff,3,8.33222070239453,769,340,6.645090969505644,5.8289456176102075,9.028005299378234,1.0986122886681098
6838,8743acd9affffff,8743acca4ffffff,12,5.8812902742981334,769,400,6.645090969505644,5.991464547107982,8.679701467487947,2.4849066497880004
6839,8743acd9affffff,8743acca5ffffff,10,8.03893602799407,769,342,6.645090969505644,5.834810737062605,8.992176405424201,2.302585092994046
6840,8743acd9affffff,8743acca6ffffff,50,4.523745083332106,769,594,6.645090969505644,6.386879319362645,8.417316519371916,3.912023005428146
6841,8743acd9affffff,8743acca8ffffff,1,12.767676011238096,769,508,6.645090969505644,6.230481447578482,9.454750264030345,0.0
6842,8743acd9affffff,8743accacffffff,10,11.31423114587692,769,639,6.645090969505644,6.459904454377535,9.333904986129149,2.302585092994046
6843,8743acd9affffff,8743accaeffffff,6,10.539790558005379,769,671,6.645090969505644,6.508769136971682,9.263007824785937,1.791759469228055
6844,8743acd9affffff,8743accb0ffffff,35,4.876332384304281,769,947,6.645090969505644,6.853299093186078,8.49235370682308,3.5553480614894135
6845,8743acd9affffff,8743accb1ffffff,11,6.364389741009079,769,637,6.645090969505644,6.456769655572163,8.758630741011503,2.3978952727983707
6846,8743acd9affffff,8743accb3ffffff,6,7.314591168000019,769,462,6.645090969505644,6.135564891081739,8.897763126046629,1.791759469228055
6847,8743acd9affffff,8743accb4ffffff,24,2.438135091020293,769,406,6.645090969505644,6.0063531596017325,7.799398784554268,3.1780538303479458
6848,8743acd9affffff,8743accb5ffffff,18,4.106503129735988,769,508,6.645090969505644,6.230481447578482,8.32057061186755,2.8903717578961645
6849,8743acd9affffff,8743accb6ffffff,9,4.157550096883432,769,339,6.645090969505644,5.82600010738045,8.332921758100056,2.1972245773362196
6850,8743acd9affffff,8743acd98ffffff,52,2.2930854843475856,769,417,6.645090969505644,6.0330862217988015,7.738089561313931,3.9512437185814275
6851,8743acd9affffff,8743acd99ffffff,28,3.847565771057745,769,443,6.645090969505644,6.093569770045136,8.255455830878422,3.332204510175204
6854,8743acd9affffff,8743acd9cffffff,3,4.158530392682232,769,17,6.645090969505644,2.833213344056216,8.3331574605087,1.0986122886681098
6855,8743acd9affffff,8743acd9dffffff,2,4.586770319013898,769,20,6.645090969505644,2.995732273553991,8.431149415752454,0.6931471805599453
6856,8743acd9affffff,8743acd9effffff,16,2.438072177016435,769,109,6.645090969505644,4.6913478822291435,7.799372990650727,2.772588722239781
6857,8743acd9bffffff,8743a1260ffffff,2,14.692739740761398,883,269,6.78332520060396,5.594711379601839,9.595176814083892,0.6931471805599453
6858,8743acd9bffffff,8743a1262ffffff,4,16.903846320666396,883,371,6.78332520060396,5.916202062607435,9.735355624338547,1.3862943611198906
6859,8743acd9bffffff,8743a1265ffffff,1,12.509352301902933,883,224,6.78332520060396,5.4116460518550396,9.434311764687362,0.0
6860,8743acd9bffffff,8743a126cffffff,2,14.676147973180697,883,356,6.78332520060396,5.87493073085203,9.594047003537666,0.6931471805599453
6861,8743acd9bffffff,8743a1309ffffff,1,19.328157754530196,883,528,6.78332520060396,6.269096283706261,9.869369999319838,0.0
6862,8743acd9bffffff,8743a130cffffff,1,21.89907466601379,883,576,6.78332520060396,6.3561076606958915,9.994245325205803,0.0
6863,8743acd9bffffff,8743a130dffffff,1,19.746687283634444,883,613,6.78332520060396,6.418364935936212,9.890791663909766,0.0
6864,8743acd9bffffff,8743a1340ffffff,17,11.533252216171803,883,643,6.78332520060396,6.466144724237619,9.353076341126478,2.833213344056216
6865,8743acd9bffffff,8743a1341ffffff,6,9.707727482007206,883,292,6.78332520060396,5.676753802268282,9.18078050038081,1.791759469228055
6866,8743acd9bffffff,8743a1342ffffff,8,13.527188773264431,883,214,6.78332520060396,5.365976015021851,9.512530844743655,2.0794415416798357
6867,8743acd9bffffff,8743a1344ffffff,6,11.751288525271077,883,418,6.78332520060396,6.035481432524756,9.371803268715636,1.791759469228055
6868,8743acd9bffffff,8743a1345ffffff,12,9.670786239222114,883,450,6.78332520060396,6.1092475827643655,9.17696829106013,2.4849066497880004
6869,8743acd9bffffff,8743a1346ffffff,6,13.490065437637739,883,243,6.78332520060396,5.493061443340548,9.509782925893123,1.791759469228055
6870,8743acd9bffffff,8743a1348ffffff,3,9.168163963779033,883,135,6.78332520060396,4.90527477843843,9.12360139029584,1.0986122886681098
6871,8743acd9bffffff,8743a134affffff,1,11.45870311087046,883,79,6.78332520060396,4.3694478524670215,9.346592083377343,0.0
6872,8743acd9bffffff,8743a134cffffff,9,8.103263754540208,883,283,6.78332520060396,5.645446897643238,9.000145591615611,2.1972245773362196
6873,8743acd9bffffff,8743a134dffffff,13,6.877023722540792,883,307,6.78332520060396,5.726847747587197,8.836086640032613,2.5649493574615367
6874,8743acd9bffffff,8743a134effffff,7,10.335969394794397,883,325,6.78332520060396,5.783825182329737,9.243482009820598,1.9459101490553132
6875,8743acd9bffffff,8743a135affffff,1,17.12263218446076,883,504,6.78332520060396,6.222576268071369,9.748214787500205,0.0
6876,8743acd9bffffff,8743a135dffffff,2,12.588930818519705,883,77,6.78332520060396,4.343805421853684,9.440652632068547,0.6931471805599453
6877,8743acd9bffffff,8743a1361ffffff,5,9.042291164027201,883,77,6.78332520060396,4.343805421853684,9.109778453947147,1.6094379124341003
6878,8743acd9bffffff,8743a1362ffffff,5,12.45156391408234,883,301,6.78332520060396,5.707110264748875,9.42968181756485,1.6094379124341003
6879,8743acd9bffffff,8743a1363ffffff,15,10.231507770421883,883,553,6.78332520060396,6.315358001522335,9.233324967752724,2.70805020110221
6883,8743acd9bffffff,8743a136bffffff,56,5.914499609682072,883,578,6.78332520060396,6.359573868672378,8.685331237711477,4.02535169073515
6884,8743acd9bffffff,8743a136cffffff,6,6.782693655793594,883,354,6.78332520060396,5.869296913133774,8.822277019582089,1.791759469228055
6885,8743acd9bffffff,8743a136dffffff,61,4.522445766661895,883,609,6.78332520060396,6.411818267709897,8.417029320151501,4.110873864173311
6886,8743acd9bffffff,8743a136effffff,44,8.032290860442163,883,628,6.78332520060396,6.4425401664681985,8.991349543714772,3.784189633918261
6887,8743acd9bffffff,8743a1370ffffff,6,16.05554638075523,883,353,6.78332520060396,5.8664680569332965,9.683871919590453,1.791759469228055
6888,8743acd9bffffff,8743a1371ffffff,10,13.886967925119125,883,543,6.78332520060396,6.297109319933935,9.538778127358231,2.302585092994046
6889,8743acd9bffffff,8743a1372ffffff,8,17.619550716313174,883,873,6.78332520060396,6.771935555839602,9.776821154184097,2.0794415416798357
6890,8743acd9bffffff,8743a1373ffffff,6,15.528329830156622,883,305,6.78332520060396,5.720311776607412,9.65048576196992,1.791759469228055
6891,8743acd9bffffff,8743acc10ffffff,1,9.684184275022908,883,8,6.78332520060396,2.0794415416798357,9.178352602508092,0.0
6892,8743acd9bffffff,8743acc12ffffff,10,8.041315893865828,883,265,6.78332520060396,5.579729825986222,8.992472367196308,2.302585092994046
6893,8743acd9bffffff,8743acc80ffffff,17,8.721731240638285,883,312,6.78332520060396,5.7430031878094825,9.073687683530766,2.833213344056216
6894,8743acd9bffffff,8743acc81ffffff,4,10.434061091377973,883,607,6.78332520060396,6.408528791059498,9.252926673962584,1.3862943611198906
6895,8743acd9bffffff,8743acc82ffffff,5,9.754370179833831,883,621,6.78332520060396,6.431331081933479,9.1855732000393,1.6094379124341003
6896,8743acd9bffffff,8743acc83ffffff,7,11.113732827791479,883,574,6.78332520060396,6.352629396319567,9.316026789023615,1.9459101490553132
6897,8743acd9bffffff,8743acc84ffffff,22,6.365592971878937,883,328,6.78332520060396,5.793013608384144,8.75881975020207,3.091042453358316
6898,8743acd9bffffff,8743acc85ffffff,5,8.216077538585528,883,556,6.78332520060396,6.320768294250582,9.013969894248541,1.6094379124341003
6899,8743acd9bffffff,8743acc86ffffff,12,7.315686251639754,883,205,6.78332520060396,5.3230099791384085,8.897912806593324,2.4849066497880004
6900,8743acd9bffffff,8743acc8affffff,1,15.076765764525076,883,510,6.78332520060396,6.234410725718371,9.620976471734219,0.0
6901,8743acd9bffffff,8743acc8effffff,5,12.733328631811128,883,693,6.78332520060396,6.541029999189903,9.45205666767377,1.6094379124341003
6902,8743acd9bffffff,8743acc90ffffff,7,10.537333976029657,883,353,6.78332520060396,5.8664680569332965,9.262774742811127,1.9459101490553132
6903,8743acd9bffffff,8743acc91ffffff,8,11.168396824503887,883,927,6.78332520060396,6.831953565565855,9.320932891008429,2.0794415416798357
6904,8743acd9bffffff,8743acc93ffffff,4,12.838082945682789,883,349,6.78332520060396,5.855071922202427,9.460249153017507,1.3862943611198906
6905,8743acd9bffffff,8743acc94ffffff,3,8.315271426430565,883,22,6.78332520060396,3.091042453358316,9.025969287506175,1.0986122886681098
6906,8743acd9bffffff,8743acc95ffffff,1,8.776496964534713,883,314,6.78332520060396,5.749392985908253,9.079946562219083,0.0
6907,8743acd9bffffff,8743acc96ffffff,1,10.3716046174418,883,94,6.78332520060396,4.543294782270004,9.246923438195378,0.0
6908,8743acd9bffffff,8743acc98ffffff,2,14.631916528398413,883,461,6.78332520060396,6.133398042996649,9.591028826736542,0.6931471805599453
6909,8743acd9bffffff,8743acc9cffffff,3,12.193113842924832,883,487,6.78332520060396,6.18826412308259,9.408708642402928,1.0986122886681098
6910,8743acd9bffffff,8743acc9dffffff,6,13.522611402991426,883,654,6.78332520060396,6.483107351457199,9.512192429533808,1.791759469228055
6911,8743acd9bffffff,8743acc9effffff,1,13.576901774386947,883,612,6.78332520060396,6.416732282512326,9.516198880661538,0.0
6912,8743acd9bffffff,8743acca0ffffff,32,4.5250438191603655,883,358,6.78332520060396,5.8805329864007,8.41760350779937,3.4657359027997265
6913,8743acd9bffffff,8743acca1ffffff,48,6.788539270834845,883,655,6.78332520060396,6.484635235635252,8.823138364176152,3.871201010907891
6914,8743acd9bffffff,8743acca2ffffff,68,4.107397832971219,883,736,6.78332520060396,6.601230118728877,8.32078840982856,4.219507705176107
6915,8743acd9bffffff,8743acca3ffffff,5,6.167632260221626,883,340,6.78332520060396,5.8289456176102075,8.727232416510747,1.6094379124341003
6916,8743acd9bffffff,8743acca4ffffff,55,3.8486407743748288,883,400,6.78332520060396,5.991464547107982,8.255735117571428,4.007333185232471
6917,8743acd9bffffff,8743acca5ffffff,12,5.883018697841475,883,342,6.78332520060396,5.834810737062605,8.679995259459561,2.4849066497880004
6919,8743acd9bffffff,8743acca8ffffff,9,10.542602614009837,883,508,6.78332520060396,6.230481447578482,9.263274567679431,2.1972245773362196
6920,8743acd9bffffff,8743acca9ffffff,1,12.771134928421802,883,160,6.78332520060396,5.075173815233827,9.455021118171432,0.0
6921,8743acd9bffffff,8743accaaffffff,2,10.234452295575416,883,490,6.78332520060396,6.194405391104672,9.233612688186449,0.6931471805599453
6922,8743acd9bffffff,8743accabffffff,1,12.338955624898665,883,256,6.78332520060396,5.545177444479562,9.420597701415527,0.0
6923,8743acd9bffffff,8743accacffffff,50,9.052683360876731,883,639,6.78332520060396,6.459904454377535,9.110926955093298,3.912023005428146
6924,8743acd9bffffff,8743accadffffff,1,11.317475795988361,883,26,6.78332520060396,3.258096538021482,9.334191695693958,0.0
6925,8743acd9bffffff,8743accaeffffff,35,8.334386831830143,883,671,6.78332520060396,6.508769136971682,9.028265204645468,3.5553480614894135
6927,8743acd9bffffff,8743accb1ffffff,53,4.8770627707518805,883,637,6.78332520060396,6.456769655572163,8.49250344682589,3.970291913552122
6928,8743acd9bffffff,8743accb3ffffff,14,6.4197224366074375,883,462,6.78332520060396,6.135564891081739,8.767285919419665,2.6390573296152584
6931,8743acd9bffffff,8743accb6ffffff,31,4.5852827433580305,883,339,6.78332520060396,5.82600010738045,8.430825115106101,3.4339872044851463
6932,8743acd9bffffff,8743acd8affffff,2,4.587681400516531,883,5,6.78332520060396,1.6094379124341003,8.431347985206852,0.6931471805599453
6933,8743acd9bffffff,8743acd8bffffff,1,5.919293131104384,883,32,6.78332520060396,3.4657359027997265,8.68614124204146,0.0
6938,8743acd9bffffff,8743acd9cffffff,3,4.876812435296774,883,17,6.78332520060396,2.833213344056216,8.492452126887928,1.0986122886681098
6939,8743acd9bffffff,8743acd9dffffff,5,4.159108380962011,883,20,6.78332520060396,2.995732273553991,8.3332964060318,1.6094379124341003
6940,8743acd9bffffff,8743acd9effffff,5,4.106113147327103,883,109,6.78332520060396,4.6913478822291435,8.32047566344975,1.6094379124341003
6941,8743acd9effffff,8743a1341ffffff,1,9.166919158154528,46,292,3.828641396489095,5.676753802268282,9.12346562108782,0.0
6942,8743acd9effffff,8743a1345ffffff,1,8.101629659743727,46,450,3.828641396489095,6.1092475827643655,8.99994393732441,0.0
6943,8743acd9effffff,8743a1368ffffff,1,4.58465980172602,46,725,3.828641396489095,6.586171654854675,8.430689278748664,0.0
6944,8743acd9effffff,8743a1369ffffff,3,4.1577516235371315,46,444,3.828641396489095,6.095824562432225,8.332970217723265,1.0986122886681098
6945,8743acd9effffff,8743a136affffff,3,6.876089714177416,46,932,3.828641396489095,6.837332814685591,8.835950834774575,1.0986122886681098
6946,8743acd9effffff,8743a136cffffff,1,3.8454147427731775,46,354,3.828641396489095,5.869296913133774,8.25489675776921,0.0
6947,8743acd9effffff,8743a136dffffff,1,2.292629777748368,46,609,3.828641396489095,6.411818267709897,7.737890897458534,0.0
6948,8743acd9effffff,8743a136effffff,1,5.913138089889723,46,628,3.828641396489095,6.4425401664681985,8.685101049799906,0.0
6949,8743acd9effffff,8743acca4ffffff,1,6.785951781859183,46,400,3.828641396489095,5.991464547107982,8.822757192193356,0.0
6950,8743acd9effffff,8743acca6ffffff,1,6.165458053744007,46,594,3.828641396489095,6.386879319362645,8.726879892703495,0.0
6951,8743acd9effffff,8743acd98ffffff,4,2.2613342571237354,46,417,3.828641396489095,6.0330862217988015,7.724152416370796,1.3862943611198906
6952,8743acd9effffff,8743acd9affffff,20,2.438072177016435,46,591,3.828641396489095,6.3818160174060985,7.799372990650727,2.995732273553991
6953,8743acd9effffff,8743acd9bffffff,6,4.106113147327103,46,734,3.828641396489095,6.598509028614515,8.32047566344975,1.791759469228055
6954,8743acd9effffff,8743acd9effffff,2,0.0,46,109,3.828641396489095,4.6913478822291435,0.0,0.6931471805599453
6955,8743ae514ffffff,8743ae501ffffff,1,7.94882313986454,13,1,2.5649493574615367,0.0,8.980904960843,0.0
6956,8743ae514ffffff,8743ae505ffffff,2,7.593195869197407,13,2,2.5649493574615367,0.6931471805599453,8.93513953308454,0.6931471805599453
6957,8743ae514ffffff,8743ae506ffffff,1,3.795529394800883,13,1,2.5649493574615367,0.0,8.241842611228579,0.0
6958,8743ae514ffffff,8743ae50cffffff,1,10.133377897741205,13,1,2.5649493574615367,0.0,9.223688675427553,0.0
6959,8743ae514ffffff,8743ae512ffffff,1,4.115317354068793,13,1,2.5649493574615367,0.0,8.32271419652513,0.0
6960,8743ae514ffffff,8743ae514ffffff,2,0.0,13,2,2.5649493574615367,0.6931471805599453,0.0,0.6931471805599453
6961,8743ae514ffffff,8743ae516ffffff,1,2.260446331266503,13,1,2.5649493574615367,0.0,7.72375985716007,0.0
6962,8743ae514ffffff,8743ae520ffffff,1,9.047977850979445,13,1,2.5649493574615367,0.0,9.11040708567209,0.0
6963,8743ae514ffffff,8743ae526ffffff,1,8.354728948758611,13,1,2.5649493574615367,0.0,9.030702684232505,0.0
6964,8743ae514ffffff,8743ae535ffffff,1,6.184826670055788,13,1,2.5649493574615367,0.0,8.730015933139521,0.0
6965,8743ae514ffffff,8743ae5a1ffffff,1,6.1815324642653335,13,1,2.5649493574615367,0.0,8.729483250374965,0.0
6966,8743ae522ffffff,8743a1309ffffff,1,110.61764864055965,34,528,3.5263605246161616,6.269096283706261,11.613843967243348,0.0
6967,8743ae522ffffff,8743a130bffffff,1,108.42019813606888,34,487,3.5263605246161616,6.18826412308259,11.593778903630126,0.0
6968,8743ae522ffffff,8743a130cffffff,1,112.15982336782021,34,576,3.5263605246161616,6.3561076606958915,11.627689043252708,0.0
6969,8743ae522ffffff,8743a132affffff,1,114.06153856364982,34,372,3.5263605246161616,5.918893854273146,11.644502160851163,0.0
6970,8743ae522ffffff,8743a1340ffffff,4,114.13726304148781,34,643,3.5263605246161616,6.466144724237619,11.645165826185243,1.3862943611198906
6971,8743ae522ffffff,8743a1341ffffff,1,114.66246836429916,34,292,3.5263605246161616,5.676753802268282,11.649756755126623,0.0
6972,8743ae522ffffff,8743a1343ffffff,1,112.41707315478726,34,55,3.5263605246161616,4.007333185232471,11.629979996707945,0.0
6973,8743ae522ffffff,8743a1346ffffff,1,113.65466439297877,34,243,3.5263605246161616,5.493061443340548,11.640928668716017,0.0
6974,8743ae522ffffff,8743a134effffff,2,112.97568668749017,34,325,3.5263605246161616,5.783825182329737,11.634936763909039,0.6931471805599453
6975,8743ae522ffffff,8743a1350ffffff,2,109.20717026597727,34,500,3.5263605246161616,6.214608098422191,11.601011158779624,0.6931471805599453
6976,8743ae522ffffff,8743a1368ffffff,2,119.16014806553677,34,725,3.5263605246161616,6.586171654854675,11.6882320414362,0.6931471805599453
6977,8743ae522ffffff,8743a1369ffffff,1,119.74378134477877,34,444,3.5263605246161616,6.095824562432225,11.693117934739233,0.0
6978,8743ae522ffffff,8743a136affffff,2,116.91019249773879,34,932,3.5263605246161616,6.837332814685591,11.669169887083466,0.6931471805599453
6979,8743ae522ffffff,8743a136bffffff,1,117.48579396955779,34,578,3.5263605246161616,6.359573868672378,11.67408121450148,0.0
6980,8743ae522ffffff,8743a1370ffffff,1,115.02485796978537,34,353,3.5263605246161616,5.8664680569332965,11.652912233981162,0.0
6981,8743ae522ffffff,8743a1371ffffff,6,115.43264015378591,34,543,3.5263605246161616,6.297109319933935,11.656451099707198,1.791759469228055
6982,8743ae522ffffff,8743a1372ffffff,2,112.81926989829888,34,873,3.5263605246161616,6.771935555839602,11.633551299582356,0.6931471805599453
6983,8743ae522ffffff,8743accb4ffffff,2,120.36722228495142,34,406,3.5263605246161616,6.0063531596017325,11.698310842509645,0.6931471805599453
6984,8743ae522ffffff,8743accb6ffffff,1,118.10202373358591,34,339,3.5263605246161616,5.82600010738045,11.679312605021,0.0
6985,8743ae522ffffff,8743acd99ffffff,1,124.90237064822182,34,443,3.5263605246161616,6.093569770045136,11.735295682524727,0.0
6986,8743ae528ffffff,8743aec9cffffff,1,14.241043678330263,1,1,0.0,0.0,9.563953691405102,0.0
6987,8743aecdbffffff,8743a135affffff,1,101.95847782424077,1,504,0.0,6.222576268071369,11.532330737098365,0.0
