,origin,destination,flow,cost,O,D,log_O,log_D,log_cost,log_flow
3,87309824cffffff,873098244ffffff,3,5.763181987316227,268,3,5.5909869805108565,1.0986122886681098,8.659418529715412,1.0986122886681098
5,87309824cffffff,873098246ffffff,1,6.795415253644988,268,5,5.5909869805108565,1.6094379124341003,8.824150583580368,0.0
7,87309824cffffff,87309824affffff,37,3.4759376951214995,268,37,5.5909869805108565,3.6109179126442243,8.153907212699051,3.6109179126442243
10,87309824cffffff,87309825cffffff,17,5.966630810107756,268,76,5.5909869805108565,4.330733340286331,8.694105278392971,2.833213344056216
11,87309824cffffff,87309825dffffff,33,4.325230193911747,268,59,5.5909869805108565,4.07753744390572,8.37245181681986,3.4965075614664802
12,87309824cffffff,873098260ffffff,1,7.320610198214589,268,1,5.5909869805108565,0.0,8.898585555198656,0.0
13,87309824cffffff,873098261ffffff,5,5.943354015128175,268,5,5.5909869805108565,1.6094379124341003,8.690197143023823,1.6094379124341003
14,87309824cffffff,873098262ffffff,1,7.331029928148762,268,1,5.5909869805108565,0.0,8.900007690804616,0.0
15,87309824cffffff,873098263ffffff,6,5.440448228132898,268,7,5.5909869805108565,1.9459101490553132,8.601800522826938,1.791759469228055
16,87309824cffffff,873098266ffffff,1,9.06126345173338,268,2,5.5909869805108565,0.6931471805599453,9.111874196944575,0.0
17,87309824cffffff,873098268ffffff,35,3.473820768833299,268,36,5.5909869805108565,3.58351893845611,8.153298179354579,3.5553480614894135
18,87309824cffffff,873098269ffffff,25,4.3231173348101555,268,28,5.5909869805108565,3.332204510175204,8.37196331410096,3.2188758248682006
20,87309824cffffff,87309826bffffff,2,2.16182292693198,268,2,5.5909869805108565,0.6931471805599453,7.679169558030534,0.6931471805599453
21,87309824cffffff,87309826cffffff,2,5.225570763230872,268,3,5.5909869805108565,1.0986122886681098,8.561510656196303,0.6931471805599453
23,87309824cffffff,873098273ffffff,1,9.060004812583992,268,2,5.5909869805108565,0.6931471805599453,9.111735299353581,0.0
24,87309824cffffff,873098276ffffff,1,12.411024488662324,268,2,5.5909869805108565,0.6931471805599453,9.426420998549109,0.0
25,87309824cffffff,873099500ffffff,26,11.33114927778144,268,26,5.5909869805108565,3.258096538021482,9.335399033982371,3.258096538021482
26,87309824cffffff,873099506ffffff,1,9.064376149452443,268,45,5.5909869805108565,3.8066624897703196,9.112217617027733,0.0
27,87309824cffffff,873099589ffffff,1,17.105028889934914,268,1,5.5909869805108565,0.0,9.74718624701659,0.0
28,87309824cffffff,873099592ffffff,1,17.758873738992087,268,6,5.5909869805108565,1.791759469228055,9.784696907229904,0.0
29,87309824cffffff,87309959bffffff,12,19.447837749460845,268,53,5.5909869805108565,3.970291913552122,9.875542591449362,2.4849066497880004
30,87309824cffffff,8730995aeffffff,1,9.920056318468863,268,6,5.5909869805108565,1.791759469228055,9.20241467832655,0.0
31,87309824cffffff,8730995b2ffffff,54,12.946770140303189,268,97,5.5909869805108565,4.574710978503383,9.468678862363317,3.9889840465642745
32,87309824cffffff,8730995b6ffffff,1,11.763032745644544,268,34,5.5909869805108565,3.5263605246161616,9.372802083216811,0.0
33,87309825dffffff,873098242ffffff,1,3.667141177007778,170,2,5.135798437050262,0.6931471805599453,8.207440321460046,0.0
34,87309825dffffff,873098243ffffff,1,1.9826448610738363,170,1,5.135798437050262,0.0,7.592691270347261,0.0
35,87309825dffffff,873098246ffffff,3,5.441859445066338,170,5,5.135798437050262,1.6094379124341003,8.602059835037457,1.0986122886681098
36,87309825dffffff,873098248ffffff,1,3.9614571049307727,170,13,5.135798437050262,2.5649493574615367,8.284619592872879,0.0
38,87309825dffffff,87309824effffff,27,2.1628790520464958,170,27,5.135798437050262,3.295836866004329,7.679657747483204,3.295836866004329
39,87309825dffffff,873098258ffffff,76,2.163406656841998,170,110,5.135798437050262,4.700480365792417,7.679901541370023,4.330733340286331
41,87309825dffffff,87309825bffffff,7,3.47790964755309,170,7,5.135798437050262,1.9459101490553132,8.154474204005005,1.9459101490553132
42,87309825dffffff,87309825cffffff,39,2.265808343435688,170,76,5.135798437050262,4.330733340286331,7.726128104999687,3.6635616461296463
44,87309825dffffff,873098263ffffff,1,7.101650609360302,170,7,5.135798437050262,1.9459101490553132,8.868223318622885,0.0
45,87309825dffffff,8730982cbffffff,1,12.95396996998771,170,20,5.135798437050262,2.995732273553991,9.469234774968646,0.0
46,87309825dffffff,8730982ecffffff,1,7.924373036993827,170,21,5.135798437050262,3.044522437723423,8.977824668551728,0.0
47,87309825dffffff,873099586ffffff,2,9.035656467603141,170,16,5.135798437050262,2.772588722239781,9.109044525192811,0.6931471805599453
48,87309825dffffff,8730995a0ffffff,1,5.44648998265121,170,7,5.135798437050262,1.9459101490553132,8.602910227927907,0.0
49,87309825dffffff,8730995a2ffffff,3,5.9522752550630535,170,17,5.135798437050262,2.833213344056216,8.691696810126281,1.0986122886681098
52,87309825dffffff,8730995b4ffffff,1,5.443187813998982,170,56,5.135798437050262,4.02535169073515,8.60230386244133,0.0
53,87309825dffffff,8730995b5ffffff,3,5.233457804796254,170,12,5.135798437050262,2.4849066497880004,8.563018546746168,1.0986122886681098
54,87309825dffffff,87309b8c3ffffff,1,47.25027432019031,170,74,5.135798437050262,4.30406509320417,10.76323490229769,0.0
55,87309825dffffff,87309b962ffffff,1,18.402014024100612,170,9,5.135798437050262,2.1972245773362196,9.820269735840037,0.0
56,8730982c3ffffff,873098200ffffff,1,15.857584078095407,263,1,5.572154032177765,0.0,9.67146621491693,0.0
57,8730982c3ffffff,87309820bffffff,1,10.467486569206919,263,4,5.572154032177765,1.3862943611198906,9.256124744152427,0.0
58,8730982c3ffffff,873098211ffffff,3,14.646753678585613,263,6,5.572154032177765,1.791759469228055,9.592042270168827,1.0986122886681098
59,8730982c3ffffff,87309821bffffff,11,9.251888627067466,263,12,5.572154032177765,2.4849066497880004,9.132691065763263,2.3978952727983707
68,8730982c3ffffff,8730982c9ffffff,7,6.801794398726858,263,14,5.572154032177765,2.6390573296152584,8.825088747740319,1.9459101490553132
70,8730982c3ffffff,8730982cbffffff,16,5.769547293449326,263,20,5.572154032177765,2.995732273553991,8.660522206555031,2.772588722239781
72,8730982c3ffffff,8730982cdffffff,84,6.08519058319674,263,88,5.572154032177765,4.477336814478207,8.71377764498415,4.430816798843313
74,8730982c3ffffff,8730982d0ffffff,2,6.085180273354111,263,18,5.572154032177765,2.8903717578961645,8.713775951009698,0.6931471805599453
75,8730982c3ffffff,8730982d1ffffff,37,3.9654175651919803,263,65,5.572154032177765,4.174387269895637,8.285618589768493,3.6109179126442243
76,8730982c3ffffff,8730982d3ffffff,1,5.975419885559825,263,100,5.572154032177765,4.605170185988092,8.695576986318931,0.0
77,8730982c3ffffff,8730982d5ffffff,6,4.533146372537927,263,8,5.572154032177765,2.0794415416798357,8.41939211385867,1.791759469228055
78,8730982c3ffffff,8730982d8ffffff,1,3.483671628553893,263,2,5.572154032177765,0.6931471805599453,8.156129094523935,0.0
80,8730982c3ffffff,8730982dcffffff,10,2.1665984691891342,263,11,5.572154032177765,2.3978952727983707,7.681375137467837,2.302585092994046
82,8730982c3ffffff,8730982deffffff,30,4.333722048865058,263,47,5.572154032177765,3.8501476017100584,8.374412769250133,3.4011973816621555
86,8730982c3ffffff,8730982e5ffffff,1,8.665372101067328,263,6,5.572154032177765,1.791759469228055,9.067205539419508,0.0
87,8730982c3ffffff,8730982e6ffffff,5,7.934582662377706,263,6,5.572154032177765,1.791759469228055,8.97911205967588,1.6094379124341003
88,8730982c3ffffff,8730982eaffffff,1,4.331620367101302,263,42,5.572154032177765,3.7376696182833684,8.373927803569979,0.0
89,8730982c3ffffff,8730982ebffffff,1,5.973251434864971,263,61,5.572154032177765,4.110873864173311,8.69521408608337,0.0
90,8730982c3ffffff,8730982f0ffffff,1,7.33547278354898,263,16,5.572154032177765,2.772588722239781,8.90061345890834,0.0
91,8730982c3ffffff,8730982f1ffffff,12,5.445008849793421,263,21,5.572154032177765,3.044522437723423,8.602638298240358,2.4849066497880004
92,8730982c3ffffff,8730982f3ffffff,2,5.7660353531445105,263,2,5.572154032177765,0.6931471805599453,8.659913423845367,0.6931471805599453
93,8730982c3ffffff,8730982f4ffffff,2,9.067899022286385,263,3,5.572154032177765,1.0986122886681098,9.112606149003222,0.6931471805599453
94,8730982c3ffffff,8730982f5ffffff,4,7.327836728501669,263,7,5.572154032177765,1.9459101490553132,8.899572082218524,1.3862943611198906
95,8730982c3ffffff,8730994ddffffff,1,41.93682120913063,263,3,5.572154032177765,1.0986122886681098,10.64394335291882,0.0
96,8730982c3ffffff,873099582ffffff,1,13.60606603010948,263,10,5.572154032177765,2.302585092994046,9.518344497836502,0.0
97,8730982c3ffffff,873099586ffffff,1,12.754326051263819,263,16,5.572154032177765,2.772588722239781,9.453704192872777,0.0
98,8730982c3ffffff,873099595ffffff,1,11.337701112711233,263,128,5.572154032177765,4.852030263919617,9.335977030396212,0.0
99,8730982c3ffffff,87309959affffff,1,15.16953404674654,263,39,5.572154032177765,3.6635616461296463,9.627110275859152,0.0
100,8730982c3ffffff,87309b161ffffff,1,43.44167906139581,263,25,5.572154032177765,3.2188758248682006,10.6791976253902,0.0
101,8730982c3ffffff,87309b826ffffff,1,18.432682641082227,263,1,5.572154032177765,0.0,9.821934848450233,0.0
102,8730982c3ffffff,87309b82bffffff,1,20.996071833719366,263,4,5.572154032177765,1.3862943611198906,9.952138270493835,0.0
103,8730982c3ffffff,87309b951ffffff,1,14.251853704800226,263,8,5.572154032177765,2.0794415416798357,9.564712425633424,0.0
104,8730982c3ffffff,87309b962ffffff,3,7.9461646522423335,263,9,5.572154032177765,2.1972245773362196,8.980570496517839,1.0986122886681098
105,8730982c3ffffff,87309b964ffffff,1,5.449646851990939,263,7,5.572154032177765,1.9459101490553132,8.603489569053078,0.0
106,8730982c3ffffff,87309b966ffffff,4,5.9585376423173475,263,11,5.572154032177765,2.3978952727983707,8.69274818025777,1.3862943611198906
107,8730982c3ffffff,87309b96effffff,1,10.903929649615103,263,52,5.572154032177765,3.9512437185814275,9.296970227410437,0.0
108,8730982c3ffffff,87309b974ffffff,1,6.969457722386417,263,2,5.572154032177765,0.6931471805599453,8.849436171955098,0.0
109,8730982c3ffffff,87309b976ffffff,3,8.892948492029365,263,21,5.572154032177765,3.044522437723423,9.093126379737182,1.0986122886681098
110,8730982c3ffffff,87309baaeffffff,1,52.23114330068013,263,1,5.572154032177765,0.0,10.863453356404598,0.0
111,8730982c3ffffff,87309bae1ffffff,1,60.57446629831848,263,1,5.572154032177765,0.0,11.01164524352251,0.0
112,8730982d1ffffff,87309820cffffff,1,15.586263572845784,123,2,4.812184355372417,0.6931471805599453,9.654209422132814,0.0
113,8730982d1ffffff,873098213ffffff,1,13.149635853997832,123,64,4.812184355372417,4.1588830833596715,9.484225390353082,0.0
114,8730982d1ffffff,873098273ffffff,1,17.14928231863984,123,2,4.812184355372417,0.6931471805599453,9.749769914186864,0.0
115,8730982d1ffffff,87309828affffff,2,9.06484573725016,123,3,4.812184355372417,1.0986122886681098,9.112269415831008,0.6931471805599453
116,8730982d1ffffff,87309828bffffff,1,6.799052725379505,123,14,4.812184355372417,2.6390573296152584,8.824685644866419,0.0
117,8730982d1ffffff,87309828dffffff,1,7.334778375208084,123,4,4.812184355372417,1.3862943611198906,8.900518802903083,0.0
118,8730982d1ffffff,8730982c0ffffff,2,4.332736371566714,123,2,4.812184355372417,0.6931471805599453,8.3741853522736,0.6931471805599453
122,8730982d1ffffff,8730982cbffffff,1,9.069289401435183,123,20,4.812184355372417,2.995732273553991,9.112759450145372,0.0
127,8730982d1ffffff,8730982d4ffffff,56,3.6682836007098287,123,71,4.812184355372417,4.2626798770413155,8.207751717827543,4.02535169073515
129,8730982d1ffffff,8730982d6ffffff,2,4.532980417259593,123,4,4.812184355372417,1.3862943611198906,8.419355511971158,0.6931471805599453
136,8730982d1ffffff,8730982e2ffffff,1,6.962672667123126,123,1,4.812184355372417,0.0,8.848462296211167,0.0
137,8730982d1ffffff,8730982e5ffffff,2,10.893730321794658,123,6,4.812184355372417,1.791759469228055,9.29603449459827,0.6931471805599453
138,8730982d1ffffff,8730982eaffffff,2,8.064489291803131,123,42,4.812184355372417,3.7376696182833684,8.995349657262523,0.6931471805599453
139,8730982d1ffffff,8730982f0ffffff,1,5.9522572855093445,123,16,4.812184355372417,2.772588722239781,8.6916937916902,0.0
140,8730982d1ffffff,8730982f1ffffff,8,5.237229617986517,123,21,4.812184355372417,3.044522437723423,8.563738861064945,2.0794415416798357
142,8730982d1ffffff,873098358ffffff,3,23.171700772858973,123,5,4.812184355372417,1.6094379124341003,10.050730173985146,1.0986122886681098
143,8730982d1ffffff,873099405ffffff,2,36.02922380941474,123,2,4.812184355372417,0.6931471805599453,10.492113415474574,0.6931471805599453
144,8730982d1ffffff,873099534ffffff,1,28.407512386714355,123,2,4.812184355372417,0.6931471805599453,10.254444111165219,0.0
145,8730982d1ffffff,87309b852ffffff,1,27.92498834541831,123,1,4.812184355372417,0.0,10.237313016164029,0.0
146,8730982d1ffffff,87309b8caffffff,1,38.2406670995105,123,32,4.812184355372417,3.4657359027997265,10.551680961913569,0.0
147,8730982d1ffffff,87309b922ffffff,1,9.910371283430553,123,20,4.812184355372417,2.995732273553991,9.201437991457688,0.0
148,8730982d1ffffff,87309b924ffffff,2,8.283064930039174,123,4,4.812184355372417,1.3862943611198906,9.022089060490453,0.6931471805599453
149,8730982d1ffffff,87309b925ffffff,6,6.085537480034547,123,55,4.812184355372417,4.007333185232471,8.71383464072678,1.791759469228055
151,8730982d1ffffff,87309b929ffffff,3,5.242320452206518,123,73,4.812184355372417,4.290459441148391,8.564710250713654,1.0986122886681098
152,8730982d1ffffff,87309b92bffffff,1,6.971128752578194,123,92,4.812184355372417,4.5217885770490405,8.849675873563228,0.0
155,8730982d1ffffff,87309b935ffffff,1,11.899087792751441,123,8,4.812184355372417,2.0794415416798357,9.384301056614545,0.0
156,8730982d1ffffff,87309b954ffffff,1,10.9980934084206,123,4,4.812184355372417,1.3862943611198906,9.305568130967696,0.0
157,8730982d1ffffff,87309b960ffffff,1,9.402495071562324,123,5,4.812184355372417,1.6094379124341003,9.14883671527526,0.0
158,8730982d1ffffff,87309b966ffffff,1,7.341929175912163,123,11,4.812184355372417,2.3978952727983707,8.901493112288954,0.0
159,8730982d1ffffff,87309b96cffffff,1,13.722566360229328,123,4,4.812184355372417,1.3862943611198906,9.526869806293867,0.0
160,8730982d1ffffff,87309b972ffffff,1,9.04883534553727,123,72,4.812184355372417,4.276666119016055,9.110501842665176,0.0
161,8730982d1ffffff,87309b974ffffff,1,5.958773196951348,123,2,4.812184355372417,0.6931471805599453,8.692787705132522,0.0
162,8730982d1ffffff,87309bb00ffffff,8,38.27676833590309,123,10,4.812184355372417,2.302585092994046,10.552624545432337,2.0794415416798357
163,8730982d1ffffff,87309bb02ffffff,2,38.197752953749074,123,2,4.812184355372417,0.6931471805599453,10.550558148871986,0.6931471805599453
164,8730982d1ffffff,87309bb85ffffff,2,39.63139730923281,123,2,4.812184355372417,0.6931471805599453,10.587402176639348,0.6931471805599453
165,8730982d1ffffff,87309bba3ffffff,1,37.65634671520165,123,2,4.812184355372417,0.6931471805599453,10.536283346070157,0.0
166,8730982e9ffffff,873098209ffffff,20,9.24923739561008,223,20,5.407171771460119,2.995732273553991,9.132404494567425,2.995732273553991
167,8730982e9ffffff,87309820bffffff,3,9.066539011480307,223,4,5.407171771460119,1.3862943611198906,9.112456173489164,1.0986122886681098
168,8730982e9ffffff,873098250ffffff,1,5.9493783499702495,223,1,5.407171771460119,0.0,8.691210084748324,0.0
169,8730982e9ffffff,873098252ffffff,4,5.443974087919449,223,5,5.407171771460119,1.6094379124341003,8.602448276479603,1.3862943611198906
171,8730982e9ffffff,873098258ffffff,34,4.328394903332406,223,110,5.407171771460119,4.700480365792417,8.373183066042445,3.5263605246161616
173,8730982e9ffffff,87309825cffffff,18,5.443146853008279,223,76,5.407171771460119,4.330733340286331,8.60229633861111,2.8903717578961645
175,8730982e9ffffff,873098266ffffff,1,13.87077834975332,223,2,5.407171771460119,0.6931471805599453,9.53761172064536,0.0
176,8730982e9ffffff,8730982e6ffffff,1,10.178257580224415,223,6,5.407171771460119,1.791759469228055,9.228107358194007,0.0
179,8730982e9ffffff,8730982eaffffff,7,3.9637437237284003,223,42,5.407171771460119,3.7376696182833684,8.285196497359209,1.9459101490553132
180,8730982e9ffffff,8730982ebffffff,52,2.164987632533914,223,61,5.407171771460119,4.110873864173311,7.680631717726498,3.9512437185814275
181,8730982e9ffffff,8730982ecffffff,10,3.6682421465337582,223,21,5.407171771460119,3.044522437723423,8.20774042014256,2.302585092994046
183,8730982e9ffffff,8730995b4ffffff,52,2.2666750985375823,223,56,5.407171771460119,4.02535169073515,7.726510399972661,3.9512437185814275
184,8730982e9ffffff,8730995b6ffffff,20,1.984573364134148,223,34,5.407171771460119,3.5263605246161616,7.593662999842915,2.995732273553991
185,8730982f1ffffff,873098202ffffff,2,9.907565571488465,544,3,6.298949246855942,1.0986122886681098,9.20115487128618,0.6931471805599453
186,8730982f1ffffff,873098204ffffff,3,12.916158905853958,544,3,6.298949246855942,1.0986122886681098,9.466311854227566,1.0986122886681098
187,8730982f1ffffff,873098205ffffff,66,12.314126658368636,544,66,6.298949246855942,4.189654742026425,9.41858359538755,4.189654742026425
188,8730982f1ffffff,87309820cffffff,1,10.431102888115998,544,2,6.298949246855942,0.6931471805599453,9.25264314685898,0.0
189,8730982f1ffffff,873098210ffffff,11,10.87609561969395,544,12,6.298949246855942,2.4849066497880004,9.29441453805401,2.3978952727983707
190,8730982f1ffffff,873098211ffffff,3,9.243690954588168,544,6,6.298949246855942,1.791759469228055,9.131804714878294,1.0986122886681098
191,8730982f1ffffff,873098212ffffff,4,10.991931998021679,544,4,6.298949246855942,1.3862943611198906,9.305007799625198,1.3862943611198906
192,8730982f1ffffff,873098213ffffff,63,9.060397604174637,544,64,6.298949246855942,4.1588830833596715,9.111778648086457,4.143134726391533
193,8730982f1ffffff,873098215ffffff,1,11.185573544737911,544,2,6.298949246855942,0.6931471805599453,9.322469547510499,0.0
198,8730982f1ffffff,87309821effffff,11,7.321416596412562,544,11,6.298949246855942,2.3978952727983707,8.898695688594353,2.3978952727983707
199,8730982f1ffffff,873098276ffffff,1,12.943110776564918,544,2,6.298949246855942,0.6931471805599453,9.468396197401711,0.0
200,8730982f1ffffff,873098281ffffff,7,10.504475817626068,544,7,6.298949246855942,1.9459101490553132,9.259651906648967,1.9459101490553132
201,8730982f1ffffff,873098283ffffff,3,12.165138226652404,544,5,6.298949246855942,1.6094379124341003,9.406411816533385,1.0986122886681098
202,8730982f1ffffff,873098285ffffff,14,11.324659402228692,544,14,6.298949246855942,2.6390573296152584,9.334826174018561,2.6390573296152584
203,8730982f1ffffff,873098288ffffff,6,7.928199709154394,544,6,6.298949246855942,1.791759469228055,8.978307390135734,1.791759469228055
205,8730982f1ffffff,87309828affffff,1,9.905032540042944,544,3,6.298949246855942,1.0986122886681098,9.200899198024976,0.0
206,8730982f1ffffff,87309828bffffff,4,8.06457782862468,544,14,6.298949246855942,2.6390573296152584,8.995360634443498,1.3862943611198906
207,8730982f1ffffff,87309828dffffff,2,6.082582578103756,544,4,6.298949246855942,1.3862943611198906,8.713349041246293,0.6931471805599453
208,8730982f1ffffff,87309828effffff,5,10.014742139326785,544,5,6.298949246855942,1.6094379124341003,9.211913348132954,1.6094379124341003
209,8730982f1ffffff,873098298ffffff,3,13.856238316202251,544,3,6.298949246855942,1.0986122886681098,9.53656299720458,1.0986122886681098
210,8730982f1ffffff,87309829dffffff,1,11.893005132969165,544,1,6.298949246855942,0.0,9.383789781825985,0.0
211,8730982f1ffffff,8730982a8ffffff,3,7.950980653161183,544,3,6.298949246855942,1.0986122886681098,8.981176315380884,1.0986122886681098
212,8730982f1ffffff,8730982a9ffffff,24,5.762038972904587,544,24,6.298949246855942,3.1780538303479458,8.659220214020877,3.1780538303479458
214,8730982f1ffffff,8730982acffffff,72,9.386245837648811,544,72,6.298949246855942,4.276666119016055,9.147107221154476,4.276666119016055
215,8730982f1ffffff,8730982aeffffff,13,10.172759990774226,544,13,6.298949246855942,2.5649493574615367,9.227567134655683,2.5649493574615367
216,8730982f1ffffff,8730982c1ffffff,1,5.765555249444051,544,4,6.298949246855942,1.3862943611198906,8.659830170725453,0.0
217,8730982f1ffffff,8730982c4ffffff,36,2.265766811894252,544,36,6.298949246855942,3.58351893845611,7.726109783238157,3.58351893845611
219,8730982f1ffffff,8730982d0ffffff,4,5.44913508193783,544,18,6.298949246855942,2.8903717578961645,8.603395673026796,1.3862943611198906
220,8730982f1ffffff,8730982d1ffffff,11,5.237229617986517,544,65,6.298949246855942,4.174387269895637,8.563738861064945,2.3978952727983707
221,8730982f1ffffff,8730982d2ffffff,1,7.527514388967052,544,19,6.298949246855942,2.9444389791664403,8.926453009027401,0.0
222,8730982f1ffffff,8730982d3ffffff,5,6.964639230745602,544,100,6.298949246855942,4.605170185988092,8.848744659568375,1.6094379124341003
225,8730982f1ffffff,8730982d6ffffff,2,6.498508830171307,544,4,6.298949246855942,1.3862943611198906,8.779481888439552,0.6931471805599453
226,8730982f1ffffff,8730982daffffff,1,9.040048284500378,544,7,6.298949246855942,1.9459101490553132,9.109530407338124,0.0
227,8730982f1ffffff,8730982dcffffff,1,5.95322609524386,544,11,6.298949246855942,2.3978952727983707,8.69185651452687,0.0
228,8730982f1ffffff,8730982deffffff,2,7.115250764421573,544,47,6.298949246855942,3.8501476017100584,8.870136287684442,0.6931471805599453
232,8730982f1ffffff,8730982e5ffffff,3,6.493783617033283,544,6,6.298949246855942,1.791759469228055,8.77875461323538,1.0986122886681098
234,8730982f1ffffff,8730982eaffffff,32,6.798131191897297,544,42,6.298949246855942,3.7376696182833684,8.824550117103984,3.4657359027997265
235,8730982f1ffffff,8730982ebffffff,1,9.064727714354925,544,61,6.298949246855942,4.110873864173311,9.112256397336441,0.0
242,8730982f1ffffff,8730982f6ffffff,25,4.5307002565282515,544,25,6.298949246855942,3.2188758248682006,8.418852480624375,3.2188758248682006
243,8730982f1ffffff,873098358ffffff,2,18.370885289604704,544,5,6.298949246855942,1.6094379124341003,9.8185768016642,0.6931471805599453
244,8730982f1ffffff,87309835bffffff,2,17.135525877953842,544,2,6.298949246855942,0.6931471805599453,9.748967480706018,0.6931471805599453
245,8730982f1ffffff,87309864dffffff,1,20.38469712010565,544,6,6.298949246855942,1.791759469228055,9.922588812368192,0.0
246,8730982f1ffffff,873099481ffffff,1,31.411383732784685,544,57,6.298949246855942,4.04305126783455,10.35495748054089,0.0
247,8730982f1ffffff,87309949bffffff,21,34.52386963741592,544,43,6.298949246855942,3.7612001156935624,10.44943520238089,3.044522437723423
248,8730982f1ffffff,87309949cffffff,7,30.912914864933285,544,11,6.298949246855942,2.3978952727983707,10.338961680776055,1.9459101490553132
249,8730982f1ffffff,87309949effffff,27,30.89007647523728,544,218,6.298949246855942,5.384495062789089,10.33822263396963,3.295836866004329
250,8730982f1ffffff,8730994a1ffffff,2,28.862813902130426,544,107,6.298949246855942,4.672828834461906,10.270343975437548,0.6931471805599453
251,8730982f1ffffff,8730994a2ffffff,1,26.123007133800808,544,91,6.298949246855942,4.51085950651685,10.170609984097108,0.0
252,8730982f1ffffff,8730994a3ffffff,5,28.220488922726805,544,57,6.298949246855942,4.04305126783455,10.247838985273901,1.6094379124341003
253,8730982f1ffffff,873099593ffffff,7,16.715159576987748,544,9,6.298949246855942,2.1972245773362196,9.724131169884274,1.9459101490553132
254,8730982f1ffffff,87309b825ffffff,1,19.150954934337932,544,8,6.298949246855942,2.0794415416798357,9.860160074742454,0.0
255,8730982f1ffffff,87309b82affffff,1,24.7136910889487,544,12,6.298949246855942,2.4849066497880004,10.115153126733095,0.0
256,8730982f1ffffff,87309b91cffffff,2,18.42225237702143,544,30,6.298949246855942,3.4011973816621555,9.821368861922373,0.6931471805599453
257,8730982f1ffffff,87309b925ffffff,1,8.665727041046932,544,55,6.298949246855942,4.007333185232471,9.067246494585891,0.0
258,8730982f1ffffff,87309b92affffff,1,12.353597311911805,544,31,6.298949246855942,3.4339872044851463,9.42178352476421,0.0
259,8730982f1ffffff,87309ba88ffffff,4,63.44742450565691,544,4,6.298949246855942,1.3862943611198906,11.05798264234815,1.3862943611198906
260,8730982f1ffffff,87309baaaffffff,7,59.4556314143757,544,7,6.298949246855942,1.9459101490553132,10.993002441976776,1.9459101490553132
261,8730982f1ffffff,87309baf0ffffff,1,63.62493507575912,544,4,6.298949246855942,1.3862943611198906,11.060776450416878,0.0
262,8730982f1ffffff,87309bbadffffff,1,44.48682528258082,544,2,6.298949246855942,0.6931471805599453,10.702970841566504,0.0
263,873099411ffffff,87309824cffffff,1,22.015230362371355,147,1,4.990432586778736,0.0,9.999535204085458,0.0
264,873099411ffffff,8730982ddffffff,1,27.227642401582987,147,9,4.990432586778736,2.1972245773362196,10.212024727707437,0.0
265,873099411ffffff,873099400ffffff,3,4.331760200644788,147,3,4.990432586778736,1.0986122886681098,8.373960077638591,1.0986122886681098
266,873099411ffffff,873099402ffffff,2,2.1661450048457302,147,109,4.990432586778736,4.6913478822291435,7.681165914316445,0.6931471805599453
267,873099411ffffff,873099406ffffff,1,3.484428988392513,147,93,4.990432586778736,4.532599493153256,8.156346411283971,0.0
268,873099411ffffff,873099408ffffff,2,8.292909836755321,147,5,4.990432586778736,1.6094379124341003,9.023276769847229,0.6931471805599453
273,873099411ffffff,873099414ffffff,4,3.678185023625476,147,5,4.990432586778736,1.6094379124341003,8.210446545665537,1.3862943611198906
275,873099411ffffff,873099416ffffff,89,4.540668704395317,147,89,4.990432586778736,4.48863636973214,8.421049779537432,4.48863636973214
276,873099411ffffff,873099418ffffff,11,3.6799604057178272,147,25,4.990432586778736,3.2188758248682006,8.210928976928296,2.3978952727983707
277,873099411ffffff,873099419ffffff,2,5.783056482185397,147,28,4.990432586778736,3.332204510175204,8.662860529037358,0.6931471805599453
278,873099411ffffff,87309941affffff,1,3.9807966849770366,147,5,4.990432586778736,1.6094379124341003,8.289488424801535,0.0
279,873099411ffffff,87309941bffffff,1,5.46428068386202,147,31,4.990432586778736,3.4339872044851463,8.60617075955927,0.0
280,873099411ffffff,87309941cffffff,1,2.2707401708797277,147,51,4.990432586778736,3.9318256327243257,7.728301411892707,0.0
281,873099411ffffff,87309941effffff,9,1.9900367274075152,147,30,4.990432586778736,3.4011973816621555,7.596410750608028,2.1972245773362196
282,873099411ffffff,873099422ffffff,1,6.966738985235987,147,16,4.990432586778736,2.772588722239781,8.849046058765861,0.0
283,873099411ffffff,87309942cffffff,1,10.825423877842956,147,1,4.990432586778736,0.0,9.289745080279976,0.0
284,873099411ffffff,873099462ffffff,1,17.934972646750566,147,3,4.990432586778736,1.0986122886681098,9.79456362026342,0.0
285,873099411ffffff,8730994a0ffffff,1,7.9355102239443545,147,38,4.990432586778736,3.6375861597263857,8.979228939229744,0.0
286,873099411ffffff,8730994a1ffffff,1,5.976830533853862,147,107,4.990432586778736,4.672828834461906,8.695812994140601,0.0
287,873099411ffffff,8730994e4ffffff,4,7.979274069667827,147,8,4.990432586778736,2.0794415416798357,8.984728034423997,1.3862943611198906
288,873099411ffffff,8730994f5ffffff,2,7.356199071134016,147,12,4.990432586778736,2.4849066497880004,8.903434578303987,0.6931471805599453
289,873099411ffffff,873099582ffffff,1,14.692016385403788,147,10,4.990432586778736,2.302585092994046,9.595127584059684,0.0
290,873099411ffffff,873099586ffffff,1,15.941283397942513,147,16,4.990432586778736,2.772588722239781,9.676730191642214,0.0
291,873099411ffffff,87309b912ffffff,1,46.55646130573008,147,1,4.990432586778736,0.0,10.748442555698192,0.0
292,873099411ffffff,87309b91cffffff,1,40.46611001973135,147,30,4.990432586778736,3.4011973816621555,10.608244824885949,0.0
293,873099411ffffff,87309b95cffffff,1,25.760777179331978,147,41,4.990432586778736,3.713572066704308,10.156647167719496,0.0
294,873099411ffffff,87309bb12ffffff,1,26.732117244035344,147,54,4.990432586778736,3.9889840465642745,10.193658422013005,0.0
295,873099411ffffff,87309bba5ffffff,2,27.318414801449897,147,68,4.990432586778736,4.219507705176107,10.215352893303404,0.6931471805599453
296,873099412ffffff,873098215ffffff,1,39.15370616263392,207,2,5.332718793265369,0.6931471805599453,10.575275902690883,0.0
297,873099412ffffff,8730982ebffffff,1,20.944485761496892,207,61,5.332718793265369,4.110873864173311,9.949678425353635,0.0
298,873099412ffffff,873099406ffffff,92,6.498546103670877,207,93,5.332718793265369,4.532599493153256,8.779487623241005,4.5217885770490405
299,873099412ffffff,873099410ffffff,52,2.1667113024259814,207,64,5.332718793265369,4.1588830833596715,7.681427190604899,3.9512437185814275
300,873099412ffffff,873099411ffffff,45,3.9675079742772,207,101,5.332718793265369,4.61512051684126,8.286145477922183,3.8066624897703196
302,873099412ffffff,873099413ffffff,3,2.270669709369249,207,9,5.332718793265369,2.1972245773362196,7.728270394875822,1.0986122886681098
303,873099412ffffff,873099415ffffff,3,4.332893439255586,207,7,5.332718793265369,1.9459101490553132,8.374221594635657,1.0986122886681098
305,873099412ffffff,873099484ffffff,1,6.503305822954328,207,51,5.332718793265369,3.9318256327243257,8.780219670871642,0.0
307,873099412ffffff,8730994a3ffffff,2,4.335008871115788,207,57,5.332718793265369,4.04305126783455,8.374709589038927,0.6931471805599453
308,873099412ffffff,8730994a4ffffff,2,4.540525037364296,207,27,5.332718793265369,3.295836866004329,8.421018145943542,0.6931471805599453
310,873099412ffffff,8730994acffffff,1,1.990118997349148,207,3,5.332718793265369,1.0986122886681098,7.5964520699070865,0.0
311,873099412ffffff,8730994adffffff,1,3.679629211238039,207,6,5.332718793265369,1.791759469228055,8.210838997862021,0.0
312,873099412ffffff,87309958affffff,1,5.779069420115638,207,23,5.332718793265369,3.1354942159291497,8.662170971994929,0.0
314,873099412ffffff,87309959dffffff,1,7.972899115083461,207,13,5.332718793265369,2.5649493574615367,8.983928876128568,0.0
315,873099412ffffff,87309b88cffffff,1,45.12246663613685,207,1,5.332718793265369,0.0,10.717157714695219,0.0
316,873099418ffffff,873099410ffffff,8,5.782061514956688,212,64,5.356586274672012,4.1588830833596715,8.662688495306673,2.0794415416798357
317,873099418ffffff,873099411ffffff,8,3.6799604057178272,212,101,5.356586274672012,4.61512051684126,8.210928976928296,2.0794415416798357
318,873099418ffffff,873099412ffffff,3,6.812820867760291,212,37,5.356586274672012,3.6109179126442243,8.826708309023033,1.0986122886681098
320,873099418ffffff,873099415ffffff,1,5.462503750738261,212,7,5.356586274672012,1.9459101490553132,8.605845575518895,0.0
322,873099418ffffff,873099419ffffff,23,2.271480391120834,212,28,5.356586274672012,3.332204510175204,7.728627197244696,3.1354942159291497
325,873099418ffffff,87309941cffffff,4,1.99035698567896,212,51,5.356586274672012,3.9318256327243257,7.596571587680005,1.3862943611198906
326,873099418ffffff,87309941dffffff,1,2.1665997912592534,212,2,5.356586274672012,0.6931471805599453,7.681375747391555,0.0
328,873099418ffffff,8730994a1ffffff,1,8.294136550523739,212,107,5.356586274672012,4.672828834461906,9.02342466427612,0.0
329,873099418ffffff,8730994a5ffffff,3,9.083219292652203,212,18,5.356586274672012,2.8903717578961645,9.114294043472622,1.0986122886681098
331,873099418ffffff,8730994a9ffffff,62,4.334788882794124,212,65,5.356586274672012,4.174387269895637,8.374658852541616,4.127134385045092
334,873099418ffffff,8730994aeffffff,3,7.937156490114229,212,7,5.356586274672012,1.9459101490553132,8.979436347196843,1.0986122886681098
335,873099418ffffff,8730994e0ffffff,1,5.785536135643602,212,63,5.356586274672012,4.143134726391533,8.663289142087367,0.0
336,873099418ffffff,8730994e4ffffff,1,4.5432299509310266,212,8,5.356586274672012,2.0794415416798357,8.42161356451913,0.0
337,873099418ffffff,8730994e5ffffff,5,6.815248149485674,212,72,5.356586274672012,4.276666119016055,8.827064474754545,1.6094379124341003
339,873099418ffffff,8730994f4ffffff,81,3.48782255069705,212,97,5.356586274672012,4.574710978503383,8.157319580247936,4.394449154672439
340,873099418ffffff,8730994f5ffffff,4,3.9828834938016797,212,12,5.356586274672012,2.4849066497880004,8.290012374753214,1.3862943611198906
341,873099418ffffff,8730994f6ffffff,1,5.456008575144584,212,13,5.356586274672012,2.5649493574615367,8.604656038587706,0.0
342,873099418ffffff,873099590ffffff,1,21.47135271531522,212,4,5.356586274672012,1.3862943611198906,9.974521466392975,0.0
343,873099418ffffff,8730995a2ffffff,1,20.409350475645233,212,17,5.356586274672012,2.833213344056216,9.923797427417615,0.0
344,873099422ffffff,8730982cbffffff,2,24.34805530157236,133,20,4.890349128221754,2.995732273553991,10.100248331108121,0.6931471805599453
345,873099422ffffff,8730982cdffffff,1,23.26903078820616,133,88,4.890349128221754,4.477336814478207,10.054921579381245,0.0
346,873099422ffffff,873099401ffffff,2,5.459305728235232,133,23,4.890349128221754,3.1354942159291497,8.605260061353611,0.6931471805599453
347,873099422ffffff,873099402ffffff,91,5.242150267678501,133,109,4.890349128221754,4.6913478822291435,8.564677792790949,4.51085950651685
351,873099422ffffff,87309940effffff,10,7.349033336455372,133,12,4.890349128221754,2.4849066497880004,8.902460127768757,2.302585092994046
352,873099422ffffff,873099411ffffff,2,6.966738985235987,133,101,4.890349128221754,4.61512051684126,8.849046058765861,0.6931471805599453
353,873099422ffffff,87309941cffffff,22,7.124270128504111,133,51,4.890349128221754,3.9318256327243257,8.871402917190688,3.091042453358316
360,873099422ffffff,87309949bffffff,1,23.23741452762218,133,43,4.890349128221754,3.7612001156935624,10.053561986935637,0.0
361,873099422ffffff,8730994f4ffffff,1,12.356532259352491,133,97,4.890349128221754,4.574710978503383,9.422021055685697,0.0
362,873099422ffffff,873099583ffffff,1,13.97187398233991,133,32,4.890349128221754,3.4657359027997265,9.544873156385226,0.0
363,873099434ffffff,87309825cffffff,1,17.310415075469855,243,76,5.493061443340548,4.330733340286331,9.759121393845154,0.0
364,873099434ffffff,87309825dffffff,23,15.16435849941472,243,59,5.493061443340548,4.07753744390572,9.626769059765104,3.1354942159291497
365,873099434ffffff,873098269ffffff,1,15.126815828335523,243,28,5.493061443340548,3.332204510175204,9.624290436039935,0.0
366,873099434ffffff,873099424ffffff,1,5.970117365537019,243,2,5.493061443340548,0.6931471805599453,8.694689352280298,0.0
367,873099434ffffff,873099426ffffff,64,3.9641553452681846,243,64,5.493061443340548,4.1588830833596715,8.28530031243594,4.1588830833596715
368,873099434ffffff,873099430ffffff,5,1.9871438716616932,243,5,5.493061443340548,1.6094379124341003,7.594956754649087,1.6094379124341003
369,873099434ffffff,873099432ffffff,11,3.4820234912862427,243,24,5.493061443340548,3.1780538303479458,8.155656014898595,2.3978952727983707
372,873099434ffffff,873099436ffffff,5,2.164704977057962,243,6,5.493061443340548,1.791759469228055,7.680501211939578,1.6094379124341003
373,873099434ffffff,873099481ffffff,1,15.621170209758597,243,57,5.493061443340548,4.04305126783455,9.656446351627377,0.0
374,873099434ffffff,87309950affffff,1,6.490937427136998,243,1,5.493061443340548,0.0,8.778316290131007,0.0
375,873099434ffffff,873099511ffffff,2,5.957092480887891,243,2,5.493061443340548,0.6931471805599453,8.692505655289029,0.6931471805599453
376,873099434ffffff,873099513ffffff,1,5.452550067760924,243,1,5.493061443340548,0.0,8.604022064175819,0.0
378,873099434ffffff,873099519ffffff,4,4.3278215068788315,243,4,5.493061443340548,1.3862943611198906,8.373050614639698,1.3862943611198906
381,873099434ffffff,87309951cffffff,16,5.236157536127173,243,16,5.493061443340548,2.772588722239781,8.563534175195617,2.772588722239781
382,873099434ffffff,87309951dffffff,1,5.443457056272082,243,1,5.493061443340548,0.0,8.602353316212,0.0
384,873099434ffffff,873099531ffffff,1,10.979216239217449,243,2,5.493061443340548,0.6931471805599453,9.3038504087874,0.0
385,873099434ffffff,873099532ffffff,1,11.2086423206776,243,2,5.493061443340548,0.6931471805599453,9.324529608391916,0.0
386,873099434ffffff,873099536ffffff,1,13.164638757327623,243,1,5.493061443340548,0.0,9.485365590109831,0.0
387,873099434ffffff,87309958dffffff,34,4.329939029091792,243,36,5.493061443340548,3.58351893845611,8.373539663325598,3.5263605246161616
388,873099434ffffff,8730995a9ffffff,2,2.268586372844281,243,6,5.493061443340548,1.791759469228055,7.727352879266307,0.6931471805599453
389,873099434ffffff,8730995acffffff,3,5.773628451584717,243,10,5.493061443340548,2.302585092994046,8.661229195932329,1.0986122886681098
390,873099434ffffff,8730995adffffff,64,3.6738910160724343,243,95,5.493061443340548,4.553876891600541,8.20927875571671,4.1588830833596715
391,873099484ffffff,873099410ffffff,2,8.67001712538031,101,64,4.61512051684126,4.1588830833596715,9.067741378393121,0.6931471805599453
392,873099484ffffff,873099412ffffff,1,6.503305822954328,101,37,4.61512051684126,3.6109179126442243,8.780219670871642,0.0
394,873099484ffffff,873099481ffffff,20,3.680739944775468,101,57,4.61512051684126,4.04305126783455,8.211140730503327,2.995732273553991
395,873099484ffffff,873099482ffffff,1,3.490350734923546,101,5,4.61512051684126,1.6094379124341003,8.15804397038371,0.0
396,873099484ffffff,873099483ffffff,7,3.9833770257095695,101,7,4.61512051684126,1.9459101490553132,8.290136249194145,1.9459101490553132
398,873099484ffffff,873099485ffffff,37,2.271267499059281,101,48,4.61512051684126,3.871201010907891,7.728533510172562,3.6109179126442243
400,873099484ffffff,87309948dffffff,1,7.98061649827093,101,7,4.61512051684126,1.9459101490553132,8.984896238635216,0.0
401,873099484ffffff,87309948effffff,15,5.466052381642268,101,17,4.61512051684126,2.833213344056216,8.606494880272596,2.70805020110221
405,873099484ffffff,8730994a4ffffff,2,5.248694633104933,101,27,4.61512051684126,3.295836866004329,8.565925188771143,0.6931471805599453
407,873099484ffffff,8730994aeffffff,1,3.9693195152468173,101,7,4.61512051684126,1.9459101490553132,8.286601852872629,0.0
408,873099484ffffff,8730994b0ffffff,2,4.541717136092231,101,5,4.61512051684126,1.6094379124341003,8.421280600138843,0.6931471805599453
410,873099484ffffff,873099583ffffff,1,9.945780857634608,101,32,4.61512051684126,3.4657359027997265,9.205004245908883,0.0
411,873099484ffffff,87309958affffff,5,7.12993327927187,101,23,4.61512051684126,3.1354942159291497,8.872197399550913,1.6094379124341003
412,873099484ffffff,87309958bffffff,3,6.974348814598382,101,5,4.61512051684126,1.6094379124341003,8.850137614700563,1.0986122886681098
413,873099484ffffff,87309b909ffffff,2,23.290058529304055,101,93,4.61512051684126,4.532599493153256,10.055824811794219,0.6931471805599453
414,873099484ffffff,87309b941ffffff,1,12.770231287484997,101,17,4.61512051684126,2.833213344056216,9.454950364698334,0.0
415,873099485ffffff,8730982ccffffff,1,22.05128758986887,294,14,5.683579767338681,2.6390573296152584,10.001171621066076,0.0
416,873099485ffffff,8730982f1ffffff,1,29.791828058918238,294,21,5.683579767338681,3.044522437723423,10.302022974364208,0.0
417,873099485ffffff,8730982f4ffffff,1,33.44912635273094,294,3,5.683579767338681,1.0986122886681098,10.417810842910404,0.0
418,873099485ffffff,8730982f5ffffff,2,31.402389570129777,294,7,5.683579767338681,1.9459101490553132,10.354671114163674,0.6931471805599453
419,873099485ffffff,873099412ffffff,9,5.455894690074345,294,37,5.683579767338681,3.6109179126442243,8.604635168864478,2.1972245773362196
420,873099485ffffff,873099413ffffff,1,6.503197461876164,294,9,5.683579767338681,2.1972245773362196,8.78020301083385,0.0
421,873099485ffffff,873099480ffffff,96,2.16878943900435,294,98,5.683579767338681,4.584967478670572,7.682385409109638,4.564348191467836
423,873099485ffffff,873099484ffffff,22,2.271267499059281,294,51,5.683579767338681,3.9318256327243257,7.728533510172562,3.091042453358316
425,873099485ffffff,87309948affffff,3,5.977113557309429,294,5,5.683579767338681,1.6094379124341003,8.695860338533224,1.0986122886681098
426,873099485ffffff,87309948cffffff,23,3.681443774718985,294,26,5.683579767338681,3.258096538021482,8.211331879983696,3.1354942159291497
427,873099485ffffff,87309948dffffff,4,5.7850194215273305,294,7,5.683579767338681,1.9459101490553132,8.66319984217188,1.3862943611198906
428,873099485ffffff,87309948effffff,1,3.984018888079701,294,17,5.683579767338681,2.833213344056216,8.290297331007237,0.0
429,873099485ffffff,8730994a0ffffff,36,3.981124986239445,294,38,5.683579767338681,3.6375861597263857,8.289570871936538,3.58351893845611
430,873099485ffffff,8730994a1ffffff,81,3.4883779644781105,294,107,5.683579767338681,4.672828834461906,8.15747876563707,4.394449154672439
431,873099485ffffff,8730994a2ffffff,3,3.6796659430014076,294,91,5.683579767338681,4.51085950651685,8.21084897756331,1.0986122886681098
433,873099485ffffff,8730994a5ffffff,4,5.249145123791715,294,18,5.683579767338681,2.8903717578961645,8.566010997830613,1.3862943611198906
434,873099485ffffff,8730994a8ffffff,1,3.9694302484592408,294,90,5.683579767338681,4.499809670330265,8.286629742735858,0.0
436,873099485ffffff,8730994abffffff,1,4.543350218155247,294,7,5.683579767338681,1.9459101490553132,8.421640030088447,0.0
438,873099485ffffff,8730994d2ffffff,1,10.938865257588978,294,2,5.683579767338681,0.6931471805599453,9.300168759409171,0.0
439,873099485ffffff,8730994f6ffffff,1,6.815431879241588,294,13,5.683579767338681,2.5649493574615367,8.827091429066616,0.0
440,873099485ffffff,87309958affffff,1,7.959356116892313,294,23,5.683579767338681,3.1354942159291497,8.982229016140755,0.0
441,873099485ffffff,87309959dffffff,1,9.281975025336687,294,13,5.683579767338681,2.5649493574615367,9.135937359030773,0.0
442,873099489ffffff,8730982d8ffffff,1,31.067892759426524,44,2,3.784189633918261,0.6931471805599453,10.3439623647848,0.0
443,873099489ffffff,8730982d9ffffff,1,28.897619452017835,44,1,3.784189633918261,0.0,10.271549103133136,0.0
444,873099489ffffff,873099410ffffff,1,11.016565430054023,44,64,3.784189633918261,4.1588830833596715,9.307246135437243,0.0
445,873099489ffffff,873099419ffffff,1,9.654424744054008,44,28,3.784189633918261,3.332204510175204,9.175275186029014,0.0
446,873099489ffffff,873099481ffffff,2,5.7865065806921185,44,57,3.784189633918261,4.04305126783455,8.663456835446476,0.6931471805599453
454,873099489ffffff,873099496ffffff,1,15.03228331778204,44,56,3.784189633918261,4.02535169073515,9.618021909840321,0.0
455,873099489ffffff,8730994a0ffffff,1,10.931754382474988,44,38,3.784189633918261,3.6375861597263857,9.299518551479666,0.0
456,873099489ffffff,8730994a8ffffff,1,5.9768671980106935,44,90,3.784189633918261,4.499809670330265,8.695819127476797,0.0
459,873099489ffffff,8730994aeffffff,2,7.359462778212957,44,7,3.784189633918261,1.9459101490553132,8.903878087220804,0.6931471805599453
460,873099489ffffff,8730994c3ffffff,1,9.093708407140566,44,4,3.784189633918261,1.3862943611198906,9.11544802965108,0.0
461,873099489ffffff,8730994c6ffffff,3,6.096569964379799,44,92,3.784189633918261,4.5217885770490405,8.715645604297276,1.0986122886681098
462,873099489ffffff,8730994ceffffff,4,11.367807958583933,44,101,3.784189633918261,4.61512051684126,9.338628740314697,1.3862943611198906
463,873099489ffffff,8730994d0ffffff,4,3.684995917694767,44,12,3.784189633918261,2.4849066497880004,8.212296030712814,1.3862943611198906
465,873099489ffffff,8730994d5ffffff,5,4.546315181148294,44,9,3.784189633918261,2.1972245773362196,8.422292267707835,1.6094379124341003
467,873099489ffffff,8730994f0ffffff,3,4.337817112849961,44,6,3.784189633918261,1.791759469228055,8.375357035301818,1.0986122886681098
469,873099489ffffff,8730994f3ffffff,1,3.9710756626960935,44,2,3.784189633918261,0.6931471805599453,8.287044074000777,0.0
470,873099489ffffff,8730994f4ffffff,7,5.459118941236797,44,97,3.784189633918261,4.574710978503383,8.605225852610983,1.9459101490553132
472,873099489ffffff,8730995a0ffffff,1,24.422512674822052,44,7,3.784189633918261,1.9459101490553132,10.103301581497922,0.0
473,873099489ffffff,87309b924ffffff,1,42.06954459467426,44,4,3.784189633918261,1.3862943611198906,10.647103121465703,0.0
474,873099489ffffff,87309bb05ffffff,1,8.705799042372082,44,1,3.784189633918261,0.0,9.071859498554467,0.0
475,873099489ffffff,87309bb20ffffff,1,5.463764293099494,44,2,3.784189633918261,0.6931471805599453,8.606076269415086,0.0
476,873099489ffffff,87309bb24ffffff,1,4.339933121738659,44,1,3.784189633918261,0.0,8.375844608993093,0.0
481,873099493ffffff,873099494ffffff,8,3.984344060411229,490,17,6.194405391104672,2.833213344056216,8.290378926370913,2.0794415416798357
483,873099493ffffff,873099498ffffff,4,4.54493991762896,490,12,6.194405391104672,2.4849066497880004,8.421989787789505,1.3862943611198906
484,873099493ffffff,873099499ffffff,38,6.817818751328966,490,38,6.194405391104672,3.6375861597263857,8.827441532218575,3.6375861597263857
486,873099493ffffff,87309949dffffff,1,6.096628982386036,490,2,6.194405391104672,0.6931471805599453,8.71565528318919,0.0
487,873099493ffffff,87309949effffff,33,2.272333490762839,490,218,6.194405391104672,5.384495062789089,7.729002531419911,3.4965075614664802
488,873099493ffffff,8730994a2ffffff,78,8.904968813078867,490,91,6.194405391104672,4.51085950651685,9.09447698408783,4.356708826689592
489,873099493ffffff,8730994b1ffffff,1,6.982527712935622,490,5,6.194405391104672,1.6094379124341003,8.851309471082711,0.0
490,873099493ffffff,87309b840ffffff,70,8.686756694420001,490,72,6.194405391104672,4.276666119016055,9.069670036995664,4.248495242049359
491,873099493ffffff,87309b841ffffff,17,7.5498325465252165,490,114,6.194405391104672,4.736198448394496,8.929413107226607,2.833213344056216
492,873099493ffffff,87309b842ffffff,4,10.859761087647573,490,9,6.194405391104672,2.1972245773362196,9.29291167276782,1.3862943611198906
493,873099493ffffff,87309b843ffffff,7,9.67287569682742,490,66,6.194405391104672,4.189654742026425,9.177184304099159,1.9459101490553132
494,873099493ffffff,87309b845ffffff,84,6.514278075122303,490,172,6.194405391104672,5.147494476813453,8.781905170938536,4.430816798843313
495,873099493ffffff,87309b848ffffff,1,8.708222267839329,490,7,6.194405391104672,1.9459101490553132,9.072137773992896,0.0
496,873099493ffffff,87309b849ffffff,1,9.081801698638289,490,4,6.194405391104672,1.3862943611198906,9.114137981120136,0.0
497,873099493ffffff,87309b84affffff,38,10.4896672006537,490,79,6.194405391104672,4.3694478524670215,9.258241302861883,3.6375861597263857
498,873099493ffffff,87309b84cffffff,11,6.990994957080415,490,33,6.194405391104672,3.4965075614664802,8.852521196093752,2.3978952727983707
499,873099493ffffff,87309b84effffff,18,8.91793226310387,490,43,6.194405391104672,3.7612001156935624,9.09593151696351,2.8903717578961645
500,873099493ffffff,87309b858ffffff,2,13.00807008510644,490,57,6.194405391104672,4.04305126783455,9.47340209201932,0.6931471805599453
501,873099493ffffff,87309b85cffffff,7,11.814607936885015,490,9,6.194405391104672,2.1972245773362196,9.37717664296379,1.9459101490553132
502,873099493ffffff,87309b85dffffff,1,10.937970119310318,490,45,6.194405391104672,3.8066624897703196,9.300086932541905,0.0
503,873099493ffffff,87309b861ffffff,3,3.972325817458449,490,7,6.194405391104672,1.9459101490553132,8.287358760370193,1.0986122886681098
504,873099493ffffff,87309b863ffffff,1,5.985682507351334,490,24,6.194405391104672,3.1780538303479458,8.697292699178679,0.0
505,873099493ffffff,87309b865ffffff,2,4.543846058159466,490,6,6.194405391104672,1.791759469228055,8.421749135445982,0.6931471805599453
513,873099493ffffff,87309b870ffffff,1,11.91842454508979,490,1,6.194405391104672,0.0,9.385924663035356,0.0
514,873099493ffffff,87309b949ffffff,1,5.4653276220827705,490,101,6.194405391104672,4.61512051684126,8.606362302870126,0.0
515,873099493ffffff,87309b94bffffff,4,5.783479140275124,490,18,6.194405391104672,2.8903717578961645,8.66293359932105,1.3862943611198906
516,873099493ffffff,87309b964ffffff,1,18.247920482987606,490,7,6.194405391104672,1.9459101490553132,9.811861205643995,0.0
517,873099493ffffff,87309bb30ffffff,3,7.364895664855277,490,8,6.194405391104672,2.0794415416798357,8.904615932481029,1.0986122886681098
518,873099493ffffff,87309bb34ffffff,2,5.469956826514021,490,8,6.194405391104672,2.0794415416798357,8.607208802699116,0.6931471805599453
519,873099493ffffff,87309bb35ffffff,6,7.367624041584161,490,20,6.194405391104672,2.995732273553991,8.904986270546255,1.791759469228055
520,873099493ffffff,87309bb36ffffff,42,5.981944016765979,490,86,6.194405391104672,4.454347296253507,8.696668036295607,3.7376696182833684
522,873099494ffffff,873099486ffffff,10,3.9704109022955394,303,11,5.713732805509369,2.3978952727983707,8.286876701551243,2.302585092994046
523,873099494ffffff,87309948bffffff,2,12.456550034184142,303,3,5.713732805509369,1.0986122886681098,9.430082146537952,0.6931471805599453
526,873099494ffffff,873099492ffffff,1,3.492176331815371,303,3,5.713732805509369,1.0986122886681098,8.158566725014326,0.0
527,873099494ffffff,873099493ffffff,75,3.984344060411229,303,76,5.713732805509369,4.330733340286331,8.290378926370913,4.31748811353631
530,873099494ffffff,873099496ffffff,39,2.1699142084340735,303,56,5.713732805509369,4.02535169073515,7.682903652024267,3.6635616461296463
531,873099494ffffff,8730994b0ffffff,2,3.4900596887832736,303,5,5.713732805509369,1.6094379124341003,8.157960604862986,0.6931471805599453
532,873099494ffffff,8730994b2ffffff,63,1.9910864584996522,303,68,5.713732805509369,4.219507705176107,7.596937840063938,4.143134726391533
534,873099494ffffff,87309b84cffffff,1,10.517359804254001,303,33,5.713732805509369,3.4965075614664802,9.260877561992983,0.0
535,873099494ffffff,87309b84effffff,5,12.178641671461849,303,43,5.713732805509369,3.7612001156935624,9.40752112141092,1.6094379124341003
536,873099494ffffff,87309b86cffffff,4,5.2561325655522095,303,59,5.713732805509369,4.07753744390572,8.567341017460267,1.3862943611198906
537,873099494ffffff,87309b949ffffff,100,2.2711174444399793,303,101,5.713732805509369,4.61512051684126,7.728467470600113,4.605170185988092
538,873099494ffffff,87309b94dffffff,1,3.6789927372507583,303,62,5.713732805509369,4.127134385045092,8.210666057587865,0.0
539,8730994a0ffffff,873098229ffffff,1,31.243685017905612,205,3,5.3230099791384085,1.0986122886681098,10.34960456127238,0.0
540,8730994a0ffffff,873099410ffffff,1,5.976814153660192,205,64,5.3230099791384085,4.1588830833596715,8.695810253979932,0.0
541,8730994a0ffffff,873099411ffffff,1,7.9355102239443545,205,101,5.3230099791384085,4.61512051684126,8.979228939229744,0.0
542,8730994a0ffffff,873099412ffffff,24,3.9680022496671543,205,37,5.3230099791384085,3.6109179126442243,8.286270019592468,3.1780538303479458
543,8730994a0ffffff,873099415ffffff,2,8.06725047106045,205,7,5.3230099791384085,1.9459101490553132,8.995691943592272,0.6931471805599453
544,8730994a0ffffff,873099481ffffff,32,5.972772690008991,205,57,5.3230099791384085,4.04305126783455,8.69513394817082,3.4657359027997265
545,8730994a0ffffff,873099484ffffff,20,3.488233237547983,205,51,5.3230099791384085,3.9318256327243257,8.157437288349984,2.995732273553991
546,8730994a0ffffff,873099485ffffff,3,3.981124986239445,205,48,5.3230099791384085,3.871201010907891,8.289570871936538,1.0986122886681098
548,8730994a0ffffff,8730994a1ffffff,22,2.2705976241968027,205,107,5.3230099791384085,4.672828834461906,7.728238662130571,3.091042453358316
549,8730994a0ffffff,8730994a2ffffff,5,2.167804455429569,205,91,5.3230099791384085,4.51085950651685,7.68193135251173,1.6094379124341003
550,8730994a0ffffff,8730994a3ffffff,48,1.9902007580707801,205,57,5.3230099791384085,4.04305126783455,7.596493131763826,3.871201010907891
553,8730994a0ffffff,8730994a6ffffff,33,2.2703254251571985,205,36,5.3230099791384085,3.58351893845611,7.728118827813779,3.4965075614664802
554,8730994a0ffffff,8730994adffffff,1,6.812607357466386,205,6,5.3230099791384085,1.791759469228055,8.826676973646997,0.0
555,8730994a0ffffff,8730994b1ffffff,2,4.33613681424212,205,5,5.3230099791384085,1.6094379124341003,8.374969689162599,0.6931471805599453
556,8730994a0ffffff,8730994b3ffffff,1,6.504996766778287,205,4,5.3230099791384085,1.3862943611198906,8.780479610073181,0.0
557,8730994a0ffffff,8730994b5ffffff,1,3.9684935384172286,205,9,5.3230099791384085,2.1972245773362196,8.286393793356117,0.0
558,8730994a0ffffff,873099535ffffff,1,22.55797894987418,205,1,5.3230099791384085,0.0,10.023888445273673,0.0
559,8730994a0ffffff,873099586ffffff,3,10.91325070528475,205,16,5.3230099791384085,2.772588722239781,9.297824618463176,1.0986122886681098
560,8730994a0ffffff,87309958affffff,2,3.978231130652868,205,23,5.3230099791384085,3.1354942159291497,8.288843896363147,0.6931471805599453
561,8730994a0ffffff,87309958bffffff,1,3.486115577050399,205,5,5.3230099791384085,1.6094379124341003,8.156830191251228,0.0
562,8730994a0ffffff,8730995b3ffffff,1,12.745421089063544,205,70,5.3230099791384085,4.248495242049359,9.453005812286285,0.0
563,8730994b4ffffff,873099436ffffff,1,12.999329691305105,39,6,3.6635616461296463,1.791759469228055,9.472729996991715,0.0
564,8730994b4ffffff,873099480ffffff,1,7.358291278644857,39,98,3.6635616461296463,4.584967478670572,8.903718913424006,0.0
565,8730994b4ffffff,873099489ffffff,1,15.199299206606263,39,3,3.6635616461296463,1.0986122886681098,9.629070391285776,0.0
566,8730994b4ffffff,8730994a6ffffff,1,3.968380782570009,39,36,3.6635616461296463,3.58351893845611,8.286365387352276,0.0
568,8730994b4ffffff,8730994b6ffffff,3,2.1684020456264697,39,17,3.6635616461296463,2.833213344056216,7.682206853551404,1.0986122886681098
569,8730994b4ffffff,87309958dffffff,1,10.834095639271274,39,36,3.6635616461296463,3.58351893845611,9.290545740813947,0.0
570,8730994b4ffffff,873099593ffffff,1,5.457503926329385,39,9,3.6635616461296463,2.1972245773362196,8.604930025025622,0.0
572,8730994b4ffffff,873099599ffffff,1,4.335222100274623,39,2,3.6635616461296463,0.6931471805599453,8.37475876419572,0.0
576,8730994b4ffffff,87309959dffffff,1,5.454201479705918,39,13,3.6635616461296463,2.5649493574615367,8.604324832453274,0.0
577,8730994b4ffffff,8730995a9ffffff,1,13.923702556112339,39,6,3.6635616461296463,1.791759469228055,9.541419704144536,0.0
578,8730994b4ffffff,87309b94cffffff,24,5.980071326720868,39,42,3.6635616461296463,3.7376696182833684,8.696354982524504,3.1780538303479458
579,8730994b4ffffff,87309b960ffffff,2,10.196540372560207,39,5,3.6635616461296463,1.6094379124341003,9.229901830248373,0.6931471805599453
580,8730994b4ffffff,87309b969ffffff,1,2.2699771611072026,39,36,3.6635616461296463,3.58351893845611,7.727965485299023,0.0
583,8730994b6ffffff,87309959affffff,24,3.4877972431451623,113,39,4.727387818712341,3.6635616461296463,8.157312326326789,3.1780538303479458
584,8730994b6ffffff,87309959bffffff,32,4.3362768641183145,113,53,4.727387818712341,3.970291913552122,8.37500197950092,3.4657359027997265
585,8730994b6ffffff,87309b940ffffff,9,8.293107934224741,113,22,4.727387818712341,3.091042453358316,9.023300654252486,2.1972245773362196
586,8730994b6ffffff,87309b944ffffff,2,9.079048785565217,113,15,4.727387818712341,2.70805020110221,9.113834844440511,0.6931471805599453
587,8730994b6ffffff,87309b948ffffff,2,4.338384531183313,113,31,4.727387818712341,3.4339872044851463,8.375487803946621,0.6931471805599453
588,8730994b6ffffff,87309b94affffff,13,6.50836639440338,113,26,4.727387818712341,3.258096538021482,8.780997402417297,2.5649493574615367
589,8730994b6ffffff,87309b94bffffff,1,5.460371236782022,113,18,4.727387818712341,2.8903717578961645,8.60545517947578,0.0
590,8730994b6ffffff,87309b94cffffff,7,3.969467146949527,113,42,4.727387818712341,3.7376696182833684,8.28663903601556,1.9459101490553132
591,8730994b6ffffff,87309b94dffffff,9,2.168928962552573,113,62,4.727387818712341,4.127134385045092,7.682449709847778,2.1972245773362196
592,8730994b6ffffff,87309b95effffff,1,11.96452297899002,113,5,4.727387818712341,1.6094379124341003,9.389784708454542,0.0
595,8730994b6ffffff,87309b96affffff,1,4.540074553775804,113,5,4.727387818712341,1.6094379124341003,8.420918948883417,0.0
597,8730994b6ffffff,87309b96cffffff,2,5.4582104395313955,113,4,4.727387818712341,1.3862943611198906,8.605059450137752,0.6931471805599453
598,8730994b6ffffff,87309b96dffffff,8,3.978554406609068,113,66,4.727387818712341,4.189654742026425,8.288925133872278,2.0794415416798357
599,8730994b6ffffff,87309b96effffff,2,5.777522115674903,113,52,4.727387818712341,3.9512437185814275,8.661903239642731,0.6931471805599453
600,8730994c6ffffff,873099402ffffff,13,11.948650519597079,601,109,6.398594934535208,4.6913478822291435,9.388457311710004,2.5649493574615367
601,8730994c6ffffff,873099408ffffff,2,10.464325762732638,601,5,6.398594934535208,1.6094379124341003,9.255822763180381,0.6931471805599453
602,8730994c6ffffff,87309940bffffff,2,8.898397210452316,601,3,6.398594934535208,1.0986122886681098,9.093738824263847,0.6931471805599453
603,8730994c6ffffff,873099411ffffff,29,11.246154056008791,601,101,6.398594934535208,4.61512051684126,9.327870402830332,3.367295829986474
605,8730994c6ffffff,873099419ffffff,1,7.137126095983524,601,28,6.398594934535208,3.332204510175204,8.873205569344274,0.0
606,8730994c6ffffff,87309941bffffff,3,5.977579556941341,601,31,6.398594934535208,3.4339872044851463,8.69593828644536,1.0986122886681098
607,8730994c6ffffff,87309941cffffff,3,9.959016700763366,601,51,6.398594934535208,3.9318256327243257,9.20633402736071,1.0986122886681098
608,8730994c6ffffff,87309941effffff,12,9.293891514297693,601,30,6.398594934535208,3.4011973816621555,9.137220228683205,2.4849066497880004
609,8730994c6ffffff,873099422ffffff,14,16.919053031797056,601,16,6.398594934535208,2.772588722239781,9.736254767422269,2.6390573296152584
610,8730994c6ffffff,873099489ffffff,1,6.096569964379799,601,3,6.398594934535208,1.0986122886681098,8.715645604297276,0.0
611,8730994c6ffffff,87309948affffff,1,10.035844044058349,601,5,6.398594934535208,1.6094379124341003,9.2140180055899,0.0
612,8730994c6ffffff,87309948cffffff,2,9.090747929937304,601,26,6.398594934535208,3.258096538021482,9.115122460208136,0.6931471805599453
613,8730994c6ffffff,87309948effffff,1,10.53312939968001,601,17,6.398594934535208,2.833213344056216,9.262375683970166,0.0
614,8730994c6ffffff,87309949bffffff,1,13.879903059786136,601,43,6.398594934535208,3.7612001156935624,9.538269293888606,0.0
615,8730994c6ffffff,8730994a3ffffff,1,13.755690430778554,601,57,6.398594934535208,4.04305126783455,9.529280561538515,0.0
616,8730994c6ffffff,8730994a5ffffff,1,14.726359216808316,601,18,6.398594934535208,2.8903717578961645,9.59746221414515,0.0
617,8730994c6ffffff,8730994a9ffffff,2,7.366730477386537,601,65,6.398594934535208,4.174387269895637,8.904864997106808,0.6931471805599453
618,8730994c6ffffff,8730994aaffffff,1,10.213756113654638,601,7,6.398594934535208,1.9459101490553132,9.231588631651444,0.0
619,8730994c6ffffff,8730994abffffff,4,7.984440594964708,601,7,6.398594934535208,1.9459101490553132,8.98537523695589,1.3862943611198906
622,8730994c6ffffff,8730994c2ffffff,11,1.9939728929225442,601,18,6.398594934535208,2.8903717578961645,7.598385741724156,2.3978952727983707
627,8730994c6ffffff,8730994c8ffffff,63,7.990174833222417,601,63,6.398594934535208,4.143134726391533,8.98609306590154,4.143134726391533
629,8730994c6ffffff,8730994ceffffff,96,5.791478282765531,601,101,6.398594934535208,4.61512051684126,8.66431550710063,4.564348191467836
630,8730994c6ffffff,8730994d1ffffff,1,3.4923480526746893,601,8,6.398594934535208,2.0794415416798357,8.158615882749961,0.0
631,8730994c6ffffff,8730994d4ffffff,1,3.971183254475611,601,2,6.398594934535208,0.6931471805599453,8.287071160675731,0.0
632,8730994c6ffffff,8730994d5ffffff,1,2.169098861794995,601,9,6.398594934535208,2.1972245773362196,7.682528003927625,0.0
633,8730994c6ffffff,8730994d8ffffff,1,5.984088257337307,601,3,6.398594934535208,1.0986122886681098,8.69702636430562,0.0
634,8730994c6ffffff,8730994dcffffff,4,3.988668977954932,601,5,6.398594934535208,1.6094379124341003,8.291463543523733,1.3862943611198906
635,8730994c6ffffff,8730994e0ffffff,61,5.457655213546551,601,63,6.398594934535208,4.143134726391533,8.604957740517397,4.110873864173311
636,8730994c6ffffff,8730994e1ffffff,27,6.504115434734583,601,30,6.398594934535208,3.4011973816621555,8.780344136328676,3.295836866004329
637,8730994c6ffffff,8730994e2ffffff,41,3.4902284285343925,601,42,6.398594934535208,3.7376696182833684,8.158008938517604,3.713572066704308
638,8730994c6ffffff,8730994e3ffffff,69,4.336607456042134,601,69,6.398594934535208,4.23410650459726,8.375078197675544,4.23410650459726
639,8730994c6ffffff,8730994e4ffffff,3,6.978337068994866,601,8,6.398594934535208,2.0794415416798357,8.85070921545723,1.0986122886681098
640,8730994c6ffffff,8730994e5ffffff,62,7.535188218155371,601,72,6.398594934535208,4.276666119016055,8.927471791814181,4.127134385045092
641,8730994c6ffffff,8730994e8ffffff,25,7.940862792450276,601,28,6.398594934535208,3.332204510175204,8.979903135345824,3.2188758248682006
643,8730994c6ffffff,8730994ecffffff,11,8.0717247674146,601,32,6.398594934535208,3.4657359027997265,8.996246345839056,2.3978952727983707
649,8730994c6ffffff,8730994f4ffffff,5,5.469611182216017,601,97,6.398594934535208,4.574710978503383,8.607145622669007,1.6094379124341003
651,8730994c6ffffff,8730994f6ffffff,7,5.788007155367932,601,13,6.398594934535208,2.5649493574615367,8.663716080106559,1.9459101490553132
652,8730994c6ffffff,873099591ffffff,1,24.615727342341795,601,85,6.398594934535208,4.442651256490317,10.111181464109304,0.0
653,8730994c6ffffff,873099599ffffff,1,18.85126674282994,601,2,6.398594934535208,0.6931471805599453,9.844388437255526,0.0
654,8730994c6ffffff,8730995a3ffffff,1,25.46236025105479,601,8,6.398594934535208,2.0794415416798357,10.144995844983693,0.0
655,8730994c6ffffff,87309bb11ffffff,1,18.272327835702807,601,2,6.398594934535208,0.6931471805599453,9.813197780333248,0.0
656,8730994c6ffffff,87309bb13ffffff,1,20.436461676393467,601,2,6.398594934535208,0.6931471805599453,9.925124852476674,0.0
657,8730994c6ffffff,87309bb16ffffff,2,20.980065588704008,601,11,6.398594934535208,2.3978952727983707,9.95137567135181,0.6931471805599453
658,8730994c6ffffff,87309bb50ffffff,2,16.233055528840936,601,2,6.398594934535208,0.6931471805599453,9.694866507842617,0.6931471805599453
659,8730994c6ffffff,87309bb54ffffff,6,14.302805560830935,601,7,6.398594934535208,1.9459101490553132,9.568280903978549,1.791759469228055
660,8730994c6ffffff,87309bb55ffffff,1,14.98843275893048,601,13,6.398594934535208,2.5649493574615367,9.61510074908181,0.0
661,8730994c6ffffff,87309bb73ffffff,2,13.009956923934537,601,7,6.398594934535208,1.9459101490553132,9.473547121755896,0.6931471805599453
662,8730994e4ffffff,873098248ffffff,3,27.26494897237265,634,13,6.452048954437226,2.5649493574615367,10.21339391226969,1.0986122886681098
663,8730994e4ffffff,873098268ffffff,1,31.003411765588325,634,36,6.452048954437226,3.58351893845611,10.34188478836044,0.0
664,8730994e4ffffff,8730982deffffff,4,38.58277643846043,634,47,6.452048954437226,3.8501476017100584,10.560587167580572,1.3862943611198906
665,8730994e4ffffff,8730982e9ffffff,7,31.054960261864874,634,7,6.452048954437226,1.9459101490553132,10.343546025844116,1.9459101490553132
666,8730994e4ffffff,873099402ffffff,2,7.360951267598353,634,109,6.452048954437226,4.6913478822291435,8.904080294465597,0.6931471805599453
667,8730994e4ffffff,873099403ffffff,9,5.464635080524929,634,11,6.452048954437226,2.3978952727983707,8.606235602555168,2.1972245773362196
668,8730994e4ffffff,873099408ffffff,1,3.485988693737773,634,5,6.452048954437226,1.6094379124341003,8.156793804266544,0.0
669,8730994e4ffffff,873099409ffffff,1,4.3325162991249,634,2,6.452048954437226,0.6931471805599453,8.37413456975918,0.0
672,8730994e4ffffff,87309940effffff,2,3.981270833915229,634,12,6.452048954437226,2.4849066497880004,8.289607496855513,0.6931471805599453
673,8730994e4ffffff,873099411ffffff,11,7.979274069667827,634,101,6.452048954437226,4.61512051684126,8.984728034423997,2.3978952727983707
674,8730994e4ffffff,873099413ffffff,4,9.085381109322071,634,9,6.452048954437226,2.1972245773362196,9.114531990115248,1.3862943611198906
675,8730994e4ffffff,873099418ffffff,14,4.5432299509310266,634,25,6.452048954437226,3.2188758248682006,8.42161356451913,2.6390573296152584
677,8730994e4ffffff,87309941affffff,1,6.092859231286007,634,5,6.452048954437226,1.6094379124341003,8.715036859719618,0.0
679,8730994e4ffffff,87309941cffffff,17,5.784050248521876,634,51,6.452048954437226,3.9318256327243257,8.663032325592107,2.833213344056216
680,8730994e4ffffff,87309941dffffff,1,3.6813624324615732,634,2,6.452048954437226,0.6931471805599453,8.211309790534191,0.0
681,8730994e4ffffff,87309941effffff,9,6.814440643821683,634,30,6.452048954437226,3.4011973816621555,8.826945999974615,2.1972245773362196
682,8730994e4ffffff,873099425ffffff,1,12.963004799872989,634,1,6.452048954437226,0.0,9.469931934507667,0.0
683,8730994e4ffffff,873099450ffffff,1,6.092808282600275,634,1,6.452048954437226,0.0,8.715028499024568,0.0
684,8730994e4ffffff,873099452ffffff,38,4.544304505505198,634,38,6.452048954437226,3.6375861597263857,8.421850002278253,3.6375861597263857
685,8730994e4ffffff,873099462ffffff,2,12.321610223759674,634,3,6.452048954437226,1.0986122886681098,9.419191083458145,0.6931471805599453
686,8730994e4ffffff,873099480ffffff,1,15.877161412788505,634,98,6.452048954437226,4.584967478670572,9.672699948046997,0.0
687,8730994e4ffffff,873099481ffffff,1,13.870231255593373,634,57,6.452048954437226,4.04305126783455,9.537572280500415,0.0
688,8730994e4ffffff,873099482ffffff,1,17.832927973240427,634,5,6.452048954437226,1.6094379124341003,9.788857987953936,0.0
689,8730994e4ffffff,873099485ffffff,8,13.984980183162426,634,48,6.452048954437226,3.871201010907891,9.545810691357504,2.0794415416798357
690,8730994e4ffffff,873099486ffffff,1,17.94708246357799,634,11,6.452048954437226,2.3978952727983707,9.795238561668448,0.0
691,8730994e4ffffff,873099488ffffff,1,12.335245613346299,634,1,6.452048954437226,0.0,9.420297005895621,0.0
692,8730994e4ffffff,873099489ffffff,1,10.840569861290899,634,3,6.452048954437226,1.0986122886681098,9.291143085660364,0.0
693,8730994e4ffffff,87309948affffff,1,14.484773552094032,634,5,6.452048954437226,1.6094379124341003,9.580922312442976,0.0
694,8730994e4ffffff,87309948bffffff,1,13.010272075935882,634,3,6.452048954437226,1.0986122886681098,9.47357134350887,0.0
695,8730994e4ffffff,87309948cffffff,1,11.958205238417229,634,26,6.452048954437226,3.258096538021482,9.38925657365926,0.0
696,8730994e4ffffff,87309948dffffff,2,10.19480453903648,634,7,6.452048954437226,1.9459101490553132,9.229731594954904,0.6931471805599453
697,8730994e4ffffff,873099490ffffff,2,21.799002932909225,634,3,6.452048954437226,1.0986122886681098,9.989665383314291,0.6931471805599453
698,8730994e4ffffff,873099491ffffff,1,19.83365140004829,634,2,6.452048954437226,0.6931471805599453,9.895185757802725,0.0
699,8730994e4ffffff,873099494ffffff,3,21.912503968467945,634,17,6.452048954437226,2.833213344056216,9.994858345337608,1.0986122886681098
700,8730994e4ffffff,873099496ffffff,2,23.81869684045094,634,56,6.452048954437226,4.02535169073515,10.078268115727164,0.6931471805599453
701,8730994e4ffffff,873099498ffffff,6,18.266456759169174,634,12,6.452048954437226,2.4849066497880004,9.812876436571791,1.791759469228055
702,8730994e4ffffff,87309949cffffff,1,17.9406148485909,634,11,6.452048954437226,2.3978952727983707,9.794878145418577,0.0
703,8730994e4ffffff,8730994a9ffffff,1,7.937587824414131,634,65,6.452048954437226,4.174387269895637,8.979490682555713,0.0
704,8730994e4ffffff,8730994aaffffff,6,11.907127892548228,634,7,6.452048954437226,1.9459101490553132,9.38497646213075,1.791759469228055
705,8730994e4ffffff,8730994abffffff,2,9.914379493420066,634,7,6.452048954437226,1.9459101490553132,9.2018423148982,0.6931471805599453
706,8730994e4ffffff,8730994adffffff,2,8.29537296187064,634,6,6.452048954437226,1.791759469228055,9.023573705729916,0.6931471805599453
707,8730994e4ffffff,8730994aeffffff,1,12.185758266832671,634,7,6.452048954437226,1.9459101490553132,9.408105253296728,0.0
708,8730994e4ffffff,8730994b5ffffff,1,18.816015803199857,634,9,6.452048954437226,2.1972245773362196,9.842516835380602,0.0
709,8730994e4ffffff,8730994c0ffffff,20,7.137894475945532,634,20,6.452048954437226,2.995732273553991,8.873313208043662,2.995732273553991
710,8730994e4ffffff,8730994c1ffffff,7,7.971218371350695,634,8,6.452048954437226,2.0794415416798357,8.983718073249381,1.9459101490553132
711,8730994e4ffffff,8730994c2ffffff,6,8.693838797665288,634,18,6.452048954437226,2.8903717578961645,9.070484886957555,1.791759469228055
712,8730994e4ffffff,8730994c3ffffff,3,9.07076022367587,634,4,6.452048954437226,1.3862943611198906,9.11292159524742,1.0986122886681098
713,8730994e4ffffff,8730994c4ffffff,21,5.251840095887016,634,21,6.452048954437226,3.044522437723423,8.566524179958947,3.044522437723423
715,8730994e4ffffff,8730994c6ffffff,88,6.978337068994866,634,92,6.452048954437226,4.5217885770490405,8.85070921545723,4.477336814478207
716,8730994e4ffffff,8730994ccffffff,1,9.299096734952187,634,8,6.452048954437226,2.0794415416798357,9.137780080695013,0.0
717,8730994e4ffffff,8730994ceffffff,1,9.96583063247007,634,101,6.452048954437226,4.61512051684126,9.207017921993746,0.0
718,8730994e4ffffff,8730994d0ffffff,8,10.91681162174703,634,12,6.452048954437226,2.4849066497880004,9.298150828277029,2.0794415416798357
719,8730994e4ffffff,8730994d1ffffff,7,10.470685121669556,634,8,6.452048954437226,2.0794415416798357,9.256430238542322,1.9459101490553132
720,8730994e4ffffff,8730994d2ffffff,1,12.98286480636312,634,2,6.452048954437226,0.6931471805599453,9.47146269681452,0.0
721,8730994e4ffffff,8730994d3ffffff,1,12.37391093446094,634,1,6.452048954437226,0.0,9.423426390195713,0.0
722,8730994e4ffffff,8730994d4ffffff,1,9.654332878090539,634,2,6.452048954437226,0.6931471805599453,9.17526567154333,0.0
723,8730994e4ffffff,8730994d5ffffff,3,8.900929261123304,634,9,6.452048954437226,2.1972245773362196,9.094023303141542,1.0986122886681098
724,8730994e4ffffff,8730994d6ffffff,1,11.792171844899507,634,1,6.452048954437226,0.0,9.37527598575515,0.0
725,8730994e4ffffff,8730994d8ffffff,2,12.37984553451912,634,3,6.452048954437226,1.0986122886681098,9.423905842332779,0.6931471805599453
726,8730994e4ffffff,8730994d9ffffff,3,12.994457801655619,634,4,6.452048954437226,1.3862943611198906,9.472355175516672,1.0986122886681098
727,8730994e4ffffff,8730994daffffff,2,13.941757157646114,634,3,6.452048954437226,1.0986122886681098,9.542715452249695,0.6931471805599453
728,8730994e4ffffff,8730994dbffffff,3,14.285306679549292,634,3,6.452048954437226,1.0986122886681098,9.56705678262361,1.0986122886681098
729,8730994e4ffffff,8730994ddffffff,1,11.02623860165886,634,3,6.452048954437226,1.0986122886681098,9.30812372747315,0.0
730,8730994e4ffffff,8730994deffffff,3,12.166115976404928,634,3,6.452048954437226,1.0986122886681098,9.406492179788122,1.0986122886681098
738,8730994e4ffffff,8730994e8ffffff,3,7.368040941172759,634,28,6.452048954437226,3.332204510175204,8.90504284661705,1.0986122886681098
740,8730994e4ffffff,8730994ecffffff,20,5.787519326539021,634,32,6.452048954437226,3.4657359027997265,8.663631808422108,2.995732273553991
742,8730994e4ffffff,8730994f0ffffff,3,6.5027527484409395,634,6,6.452048954437226,1.791759469228055,8.780134635197689,1.0986122886681098
743,8730994e4ffffff,8730994f1ffffff,4,5.4560813577593015,634,4,6.452048954437226,1.3862943611198906,8.604669375955305,1.3862943611198906
744,8730994e4ffffff,8730994f2ffffff,3,8.671396649028,634,4,6.452048954437226,1.3862943611198906,9.06790046168186,1.0986122886681098
745,8730994e4ffffff,8730994f4ffffff,3,5.97799718313513,634,97,6.452048954437226,4.574710978503383,8.696008137754372,1.0986122886681098
747,8730994e4ffffff,8730994f6ffffff,4,8.07025741605525,634,13,6.452048954437226,2.5649493574615367,8.996064562763888,1.3862943611198906
748,8730994e4ffffff,873099515ffffff,1,22.035394227865474,634,25,6.452048954437226,3.2188758248682006,10.000450648606181,0.0
749,8730994e4ffffff,873099582ffffff,2,22.64493391694317,634,10,6.452048954437226,2.302585092994046,10.027735596780138,0.6931471805599453
750,8730994e4ffffff,87309958bffffff,1,14.701606964179204,634,5,6.452048954437226,1.6094379124341003,9.595780101545136,0.0
751,8730994e4ffffff,873099598ffffff,1,20.436011533968138,634,24,6.452048954437226,3.1780538303479458,9.925102826875365,0.0
752,8730994e4ffffff,87309959cffffff,1,21.47718142955389,634,70,6.452048954437226,4.248495242049359,9.97479288161006,0.0
753,8730994e4ffffff,8730995b1ffffff,3,25.28756236053038,634,7,6.452048954437226,1.9459101490553132,10.138107491884917,1.0986122886681098
754,8730994e4ffffff,87309b160ffffff,2,46.472845261579494,634,16,6.452048954437226,2.772588722239781,10.746644965838353,0.6931471805599453
755,8730994e4ffffff,87309b162ffffff,2,48.649864163456655,634,15,6.452048954437226,2.70805020110221,10.792424850322922,0.6931471805599453
756,8730994e4ffffff,87309b164ffffff,1,45.61907329862157,634,105,6.452048954437226,4.653960350157523,10.728103102558297,0.0
757,8730994e4ffffff,87309b166ffffff,1,47.797196963730464,634,82,6.452048954437226,4.406719247264253,10.774743197344065,0.0
758,8730994e4ffffff,87309b32cffffff,3,50.58720341718587,634,3,6.452048954437226,1.0986122886681098,10.83147369404788,1.0986122886681098
759,8730994e4ffffff,87309b82affffff,2,39.70755733434671,634,12,6.452048954437226,2.4849066497880004,10.589321993431266,0.6931471805599453
760,8730994e4ffffff,87309b841ffffff,1,28.475072793748947,634,114,6.452048954437226,4.736198448394496,10.256819462539816,0.0
761,8730994e4ffffff,87309b845ffffff,1,28.0938758068042,634,172,6.452048954437226,5.147494476813453,10.243342483063284,0.0
762,8730994e4ffffff,87309b849ffffff,1,26.03957701263757,634,4,6.452048954437226,1.3862943611198906,10.167411254780445,0.0
763,8730994e4ffffff,87309b84cffffff,8,26.834634311719068,634,33,6.452048954437226,3.4965075614664802,10.197485921809454,2.0794415416798357
764,8730994e4ffffff,87309b84dffffff,1,25.292152873484596,634,2,6.452048954437226,0.6931471805599453,10.138289000675023,0.0
765,8730994e4ffffff,87309b858ffffff,4,33.30651505446845,634,57,6.452048954437226,4.04305126783455,10.413538327818607,1.3862943611198906
766,8730994e4ffffff,87309b85affffff,2,35.46880362145735,634,18,6.452048954437226,2.8903717578961645,10.476437011283702,0.6931471805599453
767,8730994e4ffffff,87309b85cffffff,1,32.75152779172063,634,9,6.452048954437226,2.1972245773362196,10.396735422564849,0.0
768,8730994e4ffffff,87309b861ffffff,1,25.808040580052342,634,7,6.452048954437226,1.9459101490553132,10.158480119609983,0.0
769,8730994e4ffffff,87309b868ffffff,2,24.22560361652493,634,14,6.452048954437226,2.6390573296152584,10.095206631328633,0.6931471805599453
770,8730994e4ffffff,87309b86affffff,4,26.34621184933843,634,9,6.452048954437226,2.1972245773362196,10.179117736201686,1.3862943611198906
771,8730994e4ffffff,87309b86cffffff,1,23.925216674017037,634,59,6.452048954437226,4.07753744390572,10.082730068696575,0.0
772,8730994e4ffffff,87309b86effffff,38,26.002145146845344,634,50,6.452048954437226,3.912023005428146,10.165972776874039,3.6375861597263857
773,8730994e4ffffff,87309b8c9ffffff,1,41.26439818706129,634,34,6.452048954437226,3.5263605246161616,10.627779611490983,0.0
774,8730994e4ffffff,87309b904ffffff,1,47.305979679803464,634,10,6.452048954437226,2.302585092994046,10.764413125534709,0.0
775,8730994e4ffffff,87309b941ffffff,1,28.752792202247775,634,17,6.452048954437226,2.833213344056216,10.266524940213982,0.0
776,8730994e4ffffff,87309b948ffffff,1,26.144349671126783,634,31,6.452048954437226,3.4339872044851463,10.171426620834835,0.0
777,8730994e4ffffff,87309b94effffff,1,28.295962130817223,634,54,6.452048954437226,3.9889840465642745,10.250509732668617,0.0
778,8730994e4ffffff,87309b961ffffff,2,28.59483398070809,634,46,6.452048954437226,3.828641396489095,10.26101632118756,0.6931471805599453
779,8730994e4ffffff,87309b968ffffff,1,25.53987236220156,634,83,6.452048954437226,4.418840607796598,10.148035285706476,0.0
780,8730994e4ffffff,87309b969ffffff,1,23.293301654711975,634,36,6.452048954437226,3.58351893845611,10.055964045467645,0.0
781,8730994e4ffffff,87309b96bffffff,2,24.88327231160638,634,5,6.452048954437226,1.6094379124341003,10.121991248815926,0.6931471805599453
782,8730994e4ffffff,87309b96dffffff,3,24.066598711742724,634,66,6.452048954437226,4.189654742026425,10.088621763097652,1.0986122886681098
783,8730994e4ffffff,87309b96effffff,3,27.789930066918043,634,52,6.452048954437226,3.9512437185814275,10.232464989859787,1.0986122886681098
784,8730994e4ffffff,87309ba03ffffff,1,33.0863499479649,634,1,6.452048954437226,0.0,10.406906311518346,0.0
785,8730994e4ffffff,87309ba06ffffff,1,31.46927569573357,634,1,6.452048954437226,0.0,10.356798750609007,0.0
786,8730994e4ffffff,87309ba15ffffff,8,33.34580877032715,634,8,6.452048954437226,2.0794415416798357,10.414717357719619,2.0794415416798357
787,8730994e4ffffff,87309ba2cffffff,1,26.31017874334431,634,1,6.452048954437226,0.0,10.1777491751343,0.0
788,8730994e4ffffff,87309ba32ffffff,1,32.20608730549841,634,1,6.452048954437226,0.0,10.379941809968694,0.0
789,8730994e4ffffff,87309ba33ffffff,3,31.758265908602237,634,5,6.452048954437226,1.6094379124341003,10.365939801384949,1.0986122886681098
790,8730994e4ffffff,87309ba36ffffff,2,30.763230207850537,634,2,6.452048954437226,0.6931471805599453,10.334107937176205,0.6931471805599453
791,8730994e4ffffff,87309bad1ffffff,17,47.21717895081674,634,19,6.452048954437226,2.9444389791664403,10.762534244686545,2.833213344056216
792,8730994e4ffffff,87309bad3ffffff,10,48.88237937477518,634,11,6.452048954437226,2.3978952727983707,10.797192727600839,2.302585092994046
793,8730994e4ffffff,87309bb01ffffff,1,19.81702694988694,634,1,6.452048954437226,0.0,9.894347254487077,0.0
794,8730994e4ffffff,87309bb03ffffff,2,21.852210479242732,634,2,6.452048954437226,0.6931471805599453,9.99210312241864,0.6931471805599453
795,8730994e4ffffff,87309bb0bffffff,2,22.634853563528726,634,2,6.452048954437226,0.6931471805599453,10.027290369056507,0.6931471805599453
796,8730994e4ffffff,87309bb0cffffff,3,19.348226195377748,634,4,6.452048954437226,1.3862943611198906,9.870407707755351,1.0986122886681098
797,8730994e4ffffff,87309bb0effffff,2,21.28972309123403,634,2,6.452048954437226,0.6931471805599453,9.966026721201514,0.6931471805599453
798,8730994e4ffffff,87309bb15ffffff,1,23.603010799376833,634,3,6.452048954437226,1.0986122886681098,10.069171925700122,0.0
799,8730994e4ffffff,87309bb18ffffff,1,25.28730015672856,634,1,6.452048954437226,0.0,10.138097123357143,0.0
800,8730994e4ffffff,87309bb19ffffff,3,24.77337911401629,634,5,6.452048954437226,1.6094379124341003,10.117565297895915,1.0986122886681098
801,8730994e4ffffff,87309bb1bffffff,2,26.74173987476662,634,2,6.452048954437226,0.6931471805599453,10.194018308935949,0.6931471805599453
802,8730994e4ffffff,87309bb1dffffff,1,23.272614403281832,634,1,6.452048954437226,0.0,10.055075568827839,0.0
803,8730994e4ffffff,87309bb20ffffff,1,16.095002429095025,634,2,6.452048954437226,0.6931471805599453,9.686326223812415,0.0
804,8730994e4ffffff,87309bb23ffffff,2,17.193650578925435,634,2,6.452048954437226,0.6931471805599453,9.752353601573844,0.6931471805599453
805,8730994e4ffffff,87309bb29ffffff,3,15.649948393797564,634,3,6.452048954437226,1.0986122886681098,9.658286794374835,1.0986122886681098
806,8730994e4ffffff,87309bb2affffff,1,17.814844731190508,634,1,6.452048954437226,0.0,9.787843493766228,0.0
807,8730994e4ffffff,87309bb2bffffff,1,17.46173941721903,634,1,6.452048954437226,0.0,9.767824713834525,0.0
808,8730994e4ffffff,87309bb2dffffff,3,13.9651526292551,634,3,6.452048954437226,1.0986122886681098,9.544392011976873,1.0986122886681098
809,8730994e4ffffff,87309bb2effffff,1,16.382188702400306,634,1,6.452048954437226,0.0,9.704011008937432,0.0
810,8730994e4ffffff,87309bb32ffffff,2,23.866707314761918,634,15,6.452048954437226,2.70805020110221,10.080281665903886,0.6931471805599453
811,8730994e4ffffff,87309bb54ffffff,1,21.037946883382826,634,7,6.452048954437226,1.9459101490553132,9.954130612527791,0.0
812,8730994e4ffffff,87309bb55ffffff,10,21.44223763279419,634,13,6.452048954437226,2.5649493574615367,9.973164612776294,2.302585092994046
813,8730994e4ffffff,87309bb63ffffff,1,17.951510415195084,634,1,6.452048954437226,0.0,9.795485240137213,0.0
815,8730994e4ffffff,87309bb71ffffff,3,18.156904984509335,634,3,6.452048954437226,1.0986122886681098,9.80686128121118,1.0986122886681098
816,8730994e4ffffff,87309bb73ffffff,5,19.529679060017436,634,7,6.452048954437226,1.9459101490553132,9.879741793364438,1.6094379124341003
817,8730994e4ffffff,87309bb74ffffff,5,15.770813294627464,634,5,6.452048954437226,1.6094379124341003,9.665979657153386,1.6094379124341003
818,8730994e4ffffff,87309bb75ffffff,2,16.213306460654326,634,2,6.452048954437226,0.6931471805599453,9.693649246359183,0.6931471805599453
819,8730994e4ffffff,87309bb76ffffff,21,17.4013943574614,634,21,6.452048954437226,3.044522437723423,9.764363082486335,3.044522437723423
820,8730994e4ffffff,87309bb93ffffff,1,41.89741925823218,634,54,6.452048954437226,3.9889840465642745,10.643003378664728,0.0
821,8730994e4ffffff,87309bba0ffffff,1,31.254614712215673,634,18,6.452048954437226,2.8903717578961645,10.349954309816585,0.0
822,8730994e4ffffff,87309bba2ffffff,3,33.42610364833347,634,4,6.452048954437226,1.3862943611198906,10.417122336364706,1.0986122886681098
823,8730994e4ffffff,87309bba3ffffff,1,32.2232985096892,634,2,6.452048954437226,0.6931471805599453,10.380476059058092,0.0
824,8730994e4ffffff,87309bbaaffffff,2,32.30576660060426,634,4,6.452048954437226,1.3862943611198906,10.383031979549074,0.6931471805599453
825,8730994e4ffffff,87309bbb5ffffff,1,34.73632085031556,634,26,6.452048954437226,3.258096538021482,10.455569916795735,0.0
826,8730994f0ffffff,873099413ffffff,1,7.357287302911406,144,9,4.969813299576001,2.1972245773362196,8.903582481234507,0.0
827,8730994f0ffffff,873099419ffffff,1,5.456045280521528,144,28,4.969813299576001,3.332204510175204,8.60466276484679,0.0
828,8730994f0ffffff,87309941affffff,3,3.983689626530552,144,5,4.969813299576001,1.6094379124341003,8.290214702753333,1.0986122886681098
829,8730994f0ffffff,87309941bffffff,27,3.4889538472174175,144,31,4.969813299576001,3.4339872044851463,8.157643790816028,3.295836866004329
830,8730994f0ffffff,87309941cffffff,4,7.133785792279862,144,51,4.969813299576001,3.9318256327243257,8.87273750735513,1.3862943611198906
832,8730994f0ffffff,8730994a3ffffff,1,10.209827102508795,144,57,4.969813299576001,4.04305126783455,9.231203916938261,0.0
833,8730994f0ffffff,8730994a8ffffff,88,5.7855258784738615,144,90,4.969813299576001,4.499809670330265,8.663287369493437,4.477336814478207
837,8730994f0ffffff,8730994adffffff,1,5.466768366747579,144,6,4.969813299576001,1.791759469228055,8.606625835342243,0.0
838,8730994f0ffffff,8730994c2ffffff,1,5.471387909871285,144,18,4.969813299576001,2.8903717578961645,8.60747034675167,0.0
839,8730994f0ffffff,8730994c6ffffff,1,3.6842523679614914,144,92,4.969813299576001,4.5217885770490405,8.212094287478294,0.0
840,8730994f0ffffff,8730994e0ffffff,1,5.979122295373478,144,63,4.969813299576001,4.143134726391533,8.696196297466916,0.0
841,8730994f0ffffff,8730994e2ffffff,1,3.9698640420542803,144,42,4.969813299576001,3.7376696182833684,8.286738992835302,0.0
842,8730994f0ffffff,8730994e5ffffff,5,8.070201822097383,144,72,4.969813299576001,4.276666119016055,8.996057674847115,1.6094379124341003
845,8730994f0ffffff,8730994f3ffffff,1,1.9929296780185504,144,2,4.969813299576001,0.6931471805599453,7.597862683108798,0.0
847,8730994f0ffffff,8730994f5ffffff,6,2.168114280266755,144,12,4.969813299576001,2.4849066497880004,7.682074197436492,1.791759469228055
849,8730994f0ffffff,87309958affffff,1,14.719255141598842,144,23,4.969813299576001,3.1354942159291497,9.596979725121704,0.0
850,8730994f0ffffff,87309bb35ffffff,1,13.019796883181137,144,20,4.969813299576001,2.995732273553991,9.47430311843504,0.0
851,873099504ffffff,873098240ffffff,2,14.991409295809673,106,2,4.663439094112067,0.6931471805599453,9.615299305053357,0.6931471805599453
852,873099504ffffff,873098248ffffff,1,10.009264915702456,106,13,4.663439094112067,2.5649493574615367,9.211366337064211,0.0
853,873099504ffffff,873098249ffffff,1,7.921661449088599,106,2,4.663439094112067,0.6931471805599453,8.977482469910745,0.0
854,873099504ffffff,87309826affffff,1,11.328792167440536,106,1,4.663439094112067,0.0,9.33519101029163,0.0
856,873099504ffffff,873099502ffffff,50,3.4755250119078758,106,54,4.663439094112067,3.9889840465642745,8.153788514078956,3.912023005428146
859,873099504ffffff,873099506ffffff,44,2.1616765161028564,106,45,4.663439094112067,3.8066624897703196,7.679101861418336,3.784189633918261
860,873099504ffffff,873099516ffffff,1,8.05290961050329,106,3,4.663439094112067,1.0986122886681098,8.993912918416127,0.0
861,873099504ffffff,873099530ffffff,1,4.532332718211138,106,4,4.663439094112067,1.3862943611198906,8.419212647367305,0.0
863,873099504ffffff,873099532ffffff,1,6.0803363902629854,106,2,4.663439094112067,0.6931471805599453,8.7129797518376,0.0
865,873099504ffffff,873099586ffffff,1,17.30822272200348,106,16,4.663439094112067,2.772588722239781,9.758994743753833,0.0
866,873099504ffffff,87309b941ffffff,3,29.9818052569786,106,17,4.663439094112067,2.833213344056216,10.308379338225684,1.0986122886681098
867,873099510ffffff,873098269ffffff,2,7.931381796595155,68,28,4.219507705176107,3.332204510175204,8.978708622192235,0.6931471805599453
868,873099510ffffff,87309942affffff,1,16.733968743408948,68,2,4.219507705176107,0.6931471805599453,9.725255745905944,0.0
869,873099510ffffff,873099502ffffff,3,3.961903235348234,68,54,4.219507705176107,3.9889840465642745,8.284732175871955,1.0986122886681098
872,873099510ffffff,873099512ffffff,1,2.16326428046938,68,2,4.219507705176107,0.6931471805599453,7.679835758419675,0.0
874,873099510ffffff,873099515ffffff,24,2.1627353297632177,68,25,4.219507705176107,3.2188758248682006,7.679591326461989,3.1780538303479458
876,873099510ffffff,87309951bffffff,1,7.345264389727227,68,1,4.219507705176107,0.0,8.90194721671034,0.0
879,873099510ffffff,873099531ffffff,1,5.438701156388609,68,2,4.219507705176107,0.6931471805599453,8.601479403853647,0.0
880,873099510ffffff,8730995a3ffffff,1,6.491378473202821,68,8,4.219507705176107,2.0794415416798357,8.778384225333658,0.0
881,873099510ffffff,8730995acffffff,5,3.4784872063653363,68,10,4.219507705176107,2.302585092994046,8.15464020741806,1.6094379124341003
882,873099510ffffff,8730995adffffff,29,3.9700301852212645,68,95,4.219507705176107,4.553876891600541,8.28678083251794,3.367295829986474
883,873099582ffffff,8730982c5ffffff,12,13.71920987640274,244,18,5.497168225293202,2.8903717578961645,9.52662519827678,2.4849066497880004
884,873099582ffffff,8730982c9ffffff,1,6.804271631382624,244,14,5.497168225293202,2.6390573296152584,8.825452830730164,0.0
885,873099582ffffff,8730982cdffffff,1,7.963904209931851,244,88,5.497168225293202,4.477336814478207,8.982800195897926,0.0
886,873099582ffffff,8730982d2ffffff,16,21.027214090692365,244,19,5.497168225293202,2.9444389791664403,9.953620343107424,2.772588722239781
887,873099582ffffff,8730994a5ffffff,2,9.413707190157737,244,18,5.497168225293202,2.8903717578961645,9.150028340252634,0.6931471805599453
889,873099582ffffff,873099581ffffff,5,3.965634946822043,244,7,5.497168225293202,1.9459101490553132,8.285673393800053,1.6094379124341003
892,873099582ffffff,873099584ffffff,19,3.4824328660183115,244,65,5.497168225293202,4.174387269895637,8.155773542293169,2.9444389791664403
894,873099582ffffff,87309958affffff,9,5.775580156497683,244,23,5.497168225293202,3.1354942159291497,8.661567118135581,2.1972245773362196
895,873099582ffffff,87309958effffff,1,4.537550328159631,244,5,5.497168225293202,1.6094379124341003,8.420362929066734,0.0
896,873099582ffffff,873099591ffffff,50,2.1663970522565323,244,85,5.497168225293202,4.442651256490317,7.681282211451305,3.912023005428146
897,873099582ffffff,873099592ffffff,1,5.975585333213995,244,6,5.497168225293202,1.791759469228055,8.695604669341092,0.0
898,873099582ffffff,873099595ffffff,70,2.2683649173982494,244,128,5.497168225293202,4.852030263919617,7.727255299260686,4.248495242049359
899,873099582ffffff,873099596ffffff,38,6.08740671312565,244,40,5.497168225293202,3.6888794541139363,8.71414170301407,3.6375861597263857
903,873099582ffffff,8730995a2ffffff,6,5.23900195615308,244,17,5.497168225293202,2.833213344056216,8.564077150626675,1.791759469228055
904,873099582ffffff,8730995a3ffffff,2,5.4479478997881,244,8,5.497168225293202,2.0794415416798357,8.60317782311109,0.6931471805599453
905,873099582ffffff,8730995b0ffffff,1,5.45146020826103,244,21,5.497168225293202,3.044522437723423,8.603822200160302,0.0
906,873099582ffffff,8730995b1ffffff,1,3.972604791469846,244,7,5.497168225293202,1.9459101490553132,8.287428969618325,0.0
907,873099582ffffff,8730995b3ffffff,1,3.672882805457652,244,70,5.497168225293202,4.248495242049359,8.209004366915098,0.0
908,873099582ffffff,8730995b5ffffff,2,5.9578218809412835,244,12,5.497168225293202,2.4849066497880004,8.692628069536905,0.6931471805599453
909,873099582ffffff,87309b929ffffff,1,17.934420961925916,244,73,5.497168225293202,4.290459441148391,9.794532861222903,0.0
910,873099582ffffff,87309b94affffff,1,14.34317311785903,244,26,5.497168225293202,3.258096538021482,9.571099084220716,0.0
911,873099582ffffff,87309b964ffffff,2,10.021756860266123,244,7,5.497168225293202,1.9459101490553132,9.212613472551057,0.6931471805599453
912,873099582ffffff,87309b966ffffff,1,11.899816329111747,244,11,5.497168225293202,2.3978952727983707,9.384362275831831,0.0
913,873099582ffffff,87309b970ffffff,1,15.88025048102232,244,44,5.497168225293202,3.784189633918261,9.672894477357168,0.0
914,873099583ffffff,8730982abffffff,1,27.092772151334714,104,1,4.6443908991413725,0.0,10.2070591705436,0.0
915,873099583ffffff,873099530ffffff,2,15.802115050084671,104,4,4.6443908991413725,1.3862943611198906,9.667962354651202,0.6931471805599453
916,873099583ffffff,873099580ffffff,6,1.9869856476064227,104,13,4.6443908991413725,2.5649493574615367,7.594877167676587,1.791759469228055
919,873099583ffffff,873099584ffffff,3,3.9732478060248626,104,65,4.6443908991413725,4.174387269895637,8.287590777993238,1.0986122886681098
920,873099583ffffff,873099586ffffff,3,3.6735892727552306,104,16,4.6443908991413725,2.772588722239781,8.209196642885459,1.0986122886681098
921,873099583ffffff,873099588ffffff,1,4.538096096241334,104,3,4.6443908991413725,1.0986122886681098,8.420483173468607,0.0
922,873099583ffffff,87309958affffff,1,3.675369359736722,104,23,4.6443908991413725,3.1354942159291497,8.209680957137593,0.0
923,873099583ffffff,873099591ffffff,9,3.966236439803427,104,85,4.6443908991413725,4.442651256490317,8.285825020402811,2.1972245773362196
925,873099583ffffff,87309959affffff,1,5.452627878605371,104,39,4.6443908991413725,3.6635616461296463,8.604036331999234,0.0
926,873099583ffffff,87309959cffffff,62,2.166362170569612,104,70,4.6443908991413725,4.248495242049359,7.681266117506923,4.127134385045092
928,873099583ffffff,8730995a0ffffff,2,7.11707615503053,104,7,4.6443908991413725,1.9459101490553132,8.870392764949479,0.6931471805599453
929,873099583ffffff,8730995a2ffffff,3,5.958786484423434,104,17,4.6443908991413725,2.833213344056216,8.692789934656505,1.0986122886681098
930,873099583ffffff,8730995a3ffffff,3,5.239452841978678,104,8,4.6443908991413725,2.0794415416798357,8.564163193806014,1.0986122886681098
931,873099583ffffff,8730995b4ffffff,3,9.080457514615862,104,56,4.6443908991413725,4.02535169073515,9.113989977944328,1.0986122886681098
932,873099583ffffff,8730995b5ffffff,2,7.337755808180728,104,12,4.6443908991413725,2.4849066497880004,8.900924598818142,0.6931471805599453
933,873099583ffffff,8730995b6ffffff,2,9.405169423522224,104,34,4.6443908991413725,3.5263605246161616,9.149121074624533,0.6931471805599453
934,873099585ffffff,873098248ffffff,7,9.034553103848449,52,13,3.9512437185814275,2.5649493574615367,9.108922419066086,1.9459101490553132
935,873099585ffffff,873098249ffffff,1,8.664131951057513,52,2,3.9512437185814275,0.6931471805599453,9.067062430084253,0.0
936,873099585ffffff,87309825cffffff,1,10.895464445566448,52,76,3.9512437185814275,4.330733340286331,9.296193652808178,0.0
937,873099585ffffff,87309825dffffff,2,9.259449397923886,52,59,3.9512437185814275,4.07753744390572,9.133507857555921,0.6931471805599453
938,873099585ffffff,873099401ffffff,1,16.94619771411225,52,23,3.9512437185814275,3.1354942159291497,9.7378577725396,0.0
939,873099585ffffff,873099510ffffff,1,7.519050361252771,52,2,3.9512437185814275,0.6931471805599453,8.925328113896564,0.0
940,873099585ffffff,873099516ffffff,2,6.958803866688178,52,3,3.9512437185814275,1.0986122886681098,8.847906572857863,0.6931471805599453
941,873099585ffffff,873099583ffffff,16,3.482577791945895,52,32,3.9512437185814275,3.4657359027997265,8.15581514576838,2.772588722239781
944,873099585ffffff,8730995a0ffffff,2,3.970996752806699,52,7,3.9512437185814275,1.9459101490553132,8.287024207643757,0.6931471805599453
946,873099585ffffff,8730995a2ffffff,4,3.672146341838261,52,17,3.9512437185814275,2.833213344056216,8.208803887617385,1.3862943611198906
948,873099585ffffff,8730995a6ffffff,2,5.450047147151046,52,70,3.9512437185814275,4.248495242049359,8.603563006293257,0.6931471805599453
949,873099585ffffff,8730995a8ffffff,2,3.9644300297821973,52,2,3.9512437185814275,0.6931471805599453,8.285369584627368,0.6931471805599453
950,873099585ffffff,8730995a9ffffff,2,6.085901974720039,52,6,3.9512437185814275,1.791759469228055,8.713894524326145,0.6931471805599453
951,873099585ffffff,8730995aaffffff,3,2.2682417998658195,52,3,3.9512437185814275,1.0986122886681098,7.727201045812379,1.0986122886681098
952,873099585ffffff,8730995abffffff,1,4.536755974464044,52,2,3.9512437185814275,0.6931471805599453,8.42018789008697,0.0
953,873099585ffffff,8730995acffffff,2,4.329099191859987,52,10,3.9512437185814275,2.302585092994046,8.373345728784955,0.6931471805599453
954,873099585ffffff,8730995adffffff,2,5.971180881690084,52,95,3.9512437185814275,4.553876891600541,8.694867446494118,0.6931471805599453
956,873099585ffffff,8730995b3ffffff,1,6.085921808482166,52,70,3.9512437185814275,4.248495242049359,8.713897782753815,0.0
957,873099590ffffff,8730982c1ffffff,3,9.40256071658357,32,4,3.4657359027997265,1.3862943611198906,9.148843696168175,1.0986122886681098
958,873099590ffffff,8730982c3ffffff,3,10.187811204006046,32,17,3.4657359027997265,2.833213344056216,9.229045456408763,1.0986122886681098
959,873099590ffffff,8730982c8ffffff,2,5.771563001049173,32,5,3.4657359027997265,1.6094379124341003,8.660871455166351,0.6931471805599453
960,873099590ffffff,8730982c9ffffff,3,3.672543018313866,32,14,3.4657359027997265,2.6390573296152584,8.208911875435176,1.0986122886681098
961,873099590ffffff,8730982ccffffff,5,7.34330243530437,32,14,3.4657359027997265,2.6390573296152584,8.90168011273023,1.6094379124341003
964,873099590ffffff,873099592ffffff,1,2.166958361823169,32,6,3.4657359027997265,1.791759469228055,7.6815411565739815,0.0
966,873099590ffffff,873099594ffffff,2,1.986744319729123,32,31,3.4657359027997265,3.4339872044851463,7.594755767139036,0.6931471805599453
967,873099590ffffff,873099595ffffff,10,2.16643155898086,32,128,3.4657359027997265,4.852030263919617,7.681298132138107,2.302585092994046
968,873099590ffffff,873099596ffffff,1,2.2682878577539594,32,40,3.4657359027997265,3.6888794541139363,7.7272213422042135,0.0
969,873099590ffffff,873099598ffffff,1,5.775063221977046,32,24,3.4657359027997265,3.1780538303479458,8.661477626145905,0.0
970,873099590ffffff,87309959effffff,1,3.6743254774344147,32,4,3.4657359027997265,1.3862943611198906,8.20939697301354,0.0
971,873099595ffffff,87309825affffff,1,7.94102846851538,60,2,4.0943445622221,0.6931471805599453,8.9799239962372,0.0
972,873099595ffffff,8730982c8ffffff,1,6.803447460800144,60,5,4.0943445622221,1.6094379124341003,8.82533171572729,0.0
973,873099595ffffff,8730982ccffffff,7,7.962616186555469,60,14,4.0943445622221,2.6390573296152584,8.982638470471192,1.9459101490553132
974,873099595ffffff,873099582ffffff,1,2.2683649173982494,60,10,4.0943445622221,2.302585092994046,7.727255299260686,0.0
975,873099595ffffff,87309958affffff,1,7.968406192242864,60,23,4.0943445622221,3.1354942159291497,8.983365263643838,0.0
978,873099595ffffff,873099594ffffff,17,2.2680907188247916,60,31,4.0943445622221,3.4339872044851463,7.727134465833736,2.833213344056216
980,873099595ffffff,8730995b3ffffff,26,1.9863425043776741,60,70,4.0943445622221,4.248495242049359,7.594553600308172,3.258096538021482
981,873099595ffffff,8730995b6ffffff,6,5.450387009505674,60,34,4.0943445622221,3.5263605246161616,8.603625352435387,1.791759469228055
983,87309959bffffff,8730994b0ffffff,1,3.487942876792698,28,5,3.332204510175204,1.6094379124341003,8.157354068680347,0.0
984,87309959bffffff,8730994b3ffffff,1,5.2496411034372805,28,4,3.332204510175204,1.3862943611198906,8.56610546307068,0.0
985,87309959bffffff,8730994b4ffffff,1,2.167874818491845,28,66,3.332204510175204,4.189654742026425,7.681963795234135,0.0
987,87309959bffffff,873099598ffffff,19,1.9888348504267563,28,24,3.332204510175204,3.1780538303479458,7.595806924539401,2.9444389791664403
991,87309959bffffff,87309b94dffffff,2,6.505205826670886,28,62,3.332204510175204,4.127134385045092,8.780511742971683,0.6931471805599453
992,87309959bffffff,87309b96bffffff,3,5.978967598744229,28,5,3.332204510175204,1.6094379124341003,8.696170428659803,1.0986122886681098
993,87309959bffffff,87309b975ffffff,1,15.014837424061238,28,66,3.332204510175204,4.189654742026425,9.616860751360454,0.0
994,8730995a3ffffff,873098248ffffff,1,7.110134863389958,165,13,5.10594547390058,2.5649493574615367,8.869417125164224,0.0
995,8730995a3ffffff,8730982e8ffffff,11,11.33474594104782,165,13,5.10594547390058,2.5649493574615367,9.335716369426342,2.3978952727983707
996,8730995a3ffffff,873099420ffffff,1,15.007417840211115,165,2,5.10594547390058,0.6931471805599453,9.6163665120239,0.0
997,8730995a3ffffff,873099580ffffff,1,3.481446875474417,165,13,5.10594547390058,2.5649493574615367,8.155490450828179,0.0
998,8730995a3ffffff,873099581ffffff,2,3.97244359407486,165,7,5.10594547390058,1.9459101490553132,8.287388401752828,0.6931471805599453
999,8730995a3ffffff,873099583ffffff,6,5.239452841978678,165,32,5.10594547390058,3.4657359027997265,8.564163193806014,1.791759469228055
1002,8730995a3ffffff,873099586ffffff,1,4.330226328174656,165,16,5.10594547390058,2.772588722239781,8.373605997566777,0.0
1003,8730995a3ffffff,873099598ffffff,2,8.674860290724279,165,24,5.10594547390058,3.1780538303479458,9.068299768857715,0.6931471805599453
1005,8730995a3ffffff,8730995a1ffffff,1,2.164321266478382,165,2,5.10594547390058,0.6931471805599453,7.680324020410824,0.0
1008,8730995a3ffffff,8730995a6ffffff,67,3.6710718966427907,165,70,5.10594547390058,4.248495242049359,8.20851133124445,4.204692619390966
1009,8730995a3ffffff,8730995aeffffff,4,2.267770407145406,165,6,5.10594547390058,1.791759469228055,7.726993292857735,1.3862943611198906
1010,8730995a3ffffff,8730995b0ffffff,20,6.0848136994506,165,21,5.10594547390058,3.044522437723423,8.713715718659198,2.995732273553991
1011,8730995a3ffffff,8730995b1ffffff,2,3.964204895951136,165,7,5.10594547390058,1.9459101490553132,8.285312808887914,0.6931471805599453
1012,8730995a3ffffff,8730995b2ffffff,6,7.928896499828347,165,97,5.10594547390058,4.574710978503383,8.978395262819678,1.791759469228055
1013,8730995a3ffffff,8730995b3ffffff,37,5.972248065514747,165,70,5.10594547390058,4.248495242049359,8.695046123012512,3.6109179126442243
1014,8730995a3ffffff,8730995b5ffffff,3,4.5347211692687575,165,12,5.10594547390058,2.4849066497880004,8.41973937289843,1.0986122886681098
1015,8730995b3ffffff,873098229ffffff,2,19.051227519627158,137,3,4.919980925828125,1.0986122886681098,9.854939303883203,0.6931471805599453
1016,8730995b3ffffff,873098241ffffff,4,12.119983787576741,137,7,4.919980925828125,1.9459101490553132,9.402693426921292,1.3862943611198906
1017,8730995b3ffffff,87309825affffff,1,5.954685964137706,137,2,4.919980925828125,0.6931471805599453,8.69210166644636,0.0
1018,8730995b3ffffff,87309828bffffff,1,21.02138765442229,137,14,4.919980925828125,2.6390573296152584,9.95334322762914,0.0
1019,8730995b3ffffff,8730982c5ffffff,6,10.184604914855138,137,18,4.919980925828125,2.8903717578961645,9.228730719617419,1.791759469228055
1020,8730995b3ffffff,8730982cdffffff,1,4.534962977764968,137,88,4.919980925828125,4.477336814478207,8.419792683505886,0.0
1021,8730995b3ffffff,8730982e8ffffff,1,7.340418132378493,137,13,4.919980925828125,2.5649493574615367,8.901287308992792,0.0
1022,8730995b3ffffff,8730982ecffffff,10,9.074028922153687,137,21,4.919980925828125,3.044522437723423,9.113281846142154,2.302585092994046
1023,8730995b3ffffff,873099580ffffff,6,4.536060326662888,137,13,4.919980925828125,2.5649493574615367,8.420034576173071,1.791759469228055
1024,8730995b3ffffff,873099582ffffff,5,3.672882805457652,137,10,4.919980925828125,2.302585092994046,8.209004366915098,1.6094379124341003
1025,8730995b3ffffff,873099584ffffff,42,3.9648062484572573,137,65,4.919980925828125,4.174387269895637,8.285464454749034,3.7376696182833684
1027,8730995b3ffffff,873099594ffffff,12,2.1659389170666503,137,31,4.919980925828125,3.4339872044851463,7.681070813352574,2.4849066497880004
1029,8730995b3ffffff,8730995a6ffffff,1,5.446334201347999,137,70,4.919980925828125,4.248495242049359,8.602881630623244,0.0
1032,8730995b3ffffff,8730995b2ffffff,37,2.267618919877164,137,97,4.919980925828125,4.574710978503383,7.72692651998136,3.6109179126442243
1034,8730995b3ffffff,8730995b5ffffff,2,3.4811567665959986,137,12,4.919980925828125,2.4849066497880004,8.155407141312377,0.6931471805599453
1035,8730995b3ffffff,8730995b6ffffff,4,3.6711006923850467,137,34,4.919980925828125,3.5263605246161616,8.208519173037901,1.3862943611198906
1036,8730995b3ffffff,87309b924ffffff,1,22.63954836904324,137,4,4.919980925828125,1.3862943611198906,10.027497753271282,0.0
1037,8730995b3ffffff,87309b941ffffff,1,12.35933745281535,137,17,4.919980925828125,2.833213344056216,9.422248032646703,0.0
1038,87309b831ffffff,873098203ffffff,1,32.9548493235875,1079,1,6.983789965258135,0.0,10.402924045377071,0.0
1039,87309b831ffffff,87309820dffffff,1,35.1341426333027,1079,1,6.983789965258135,0.0,10.466957123196902,0.0
1040,87309b831ffffff,873098210ffffff,1,31.804178097088794,1079,12,6.983789965258135,2.4849066497880004,10.36738438875416,0.0
1041,87309b831ffffff,87309821affffff,4,27.825744688474938,1079,4,6.983789965258135,1.3862943611198906,10.233752876369417,1.3862943611198906
1042,87309b831ffffff,87309821bffffff,1,27.766876406272566,1079,12,6.983789965258135,2.4849066497880004,10.231635106590797,0.0
1043,87309b831ffffff,873098242ffffff,1,35.56296379751421,1079,2,6.983789965258135,0.6931471805599453,10.479088151287362,0.0
1044,87309b831ffffff,873098246ffffff,1,36.834578754646714,1079,5,6.983789965258135,1.6094379124341003,10.514219471078365,0.0
1045,87309b831ffffff,873098265ffffff,3,44.33139956742502,1079,3,6.983789965258135,1.0986122886681098,10.699471055925056,1.0986122886681098
1046,87309b831ffffff,87309826cffffff,1,43.97818134805649,1079,3,6.983789965258135,1.0986122886681098,10.691471649748523,0.0
1047,87309b831ffffff,87309826effffff,2,41.866313824953856,1079,2,6.983789965258135,0.6931471805599453,10.64226070183106,0.6931471805599453
1048,87309b831ffffff,87309828dffffff,1,22.837430671193875,1079,4,6.983789965258135,1.3862943611198906,10.03619995174181,0.0
1049,87309b831ffffff,873098299ffffff,2,18.878348689997104,1079,3,6.983789965258135,1.0986122886681098,9.845823941752595,0.6931471805599453
1050,87309b831ffffff,8730982cdffffff,1,25.736629647982035,1079,88,6.983789965258135,4.477336814478207,10.155709388641746,0.0
1051,87309b831ffffff,8730982d0ffffff,4,19.115452557857825,1079,18,6.983789965258135,2.8903717578961645,9.858304633714628,1.3862943611198906
1052,87309b831ffffff,8730982d1ffffff,1,19.331892500788694,1079,65,6.983789965258135,4.174387269895637,9.869563198917142,0.0
1053,87309b831ffffff,8730982d2ffffff,2,17.378971156740036,1079,19,6.983789965258135,2.9444389791664403,9.76307373925184,0.6931471805599453
1054,87309b831ffffff,8730982d3ffffff,6,17.44858606543206,1079,100,6.983789965258135,4.605170185988092,9.767071206170543,1.791759469228055
1055,87309b831ffffff,8730982d5ffffff,2,20.93196264424016,1079,8,6.983789965258135,2.0794415416798357,9.949080355553692,0.6931471805599453
1056,87309b831ffffff,8730982e8ffffff,1,28.04683604686095,1079,13,6.983789965258135,2.5649493574615367,10.241666761695448,0.0
1057,87309b831ffffff,8730982f0ffffff,2,24.30106556423213,1079,16,6.983789965258135,2.772588722239781,10.098316628359417,0.6931471805599453
1058,87309b831ffffff,8730982f5ffffff,1,26.068904441478587,1079,7,6.983789965258135,1.9459101490553132,10.168536841461627,0.0
1059,87309b831ffffff,873098354ffffff,1,45.09471911310225,1079,1,6.983789965258135,0.0,10.716542601098723,0.0
1060,87309b831ffffff,87309864bffffff,1,14.692653801284624,1079,4,6.983789965258135,1.3862943611198906,9.595170965353098,0.0
1061,87309b831ffffff,87309864dffffff,1,16.35931884904677,1079,6,6.983789965258135,1.791759469228055,9.702614099517355,0.0
1062,87309b831ffffff,873099402ffffff,1,41.6195712545625,1079,109,6.983789965258135,4.6913478822291435,10.636349825335472,0.0
1063,87309b831ffffff,873099491ffffff,1,26.567503316027313,1079,2,6.983789965258135,0.6931471805599453,10.187481707322611,0.0
1064,87309b831ffffff,873099494ffffff,1,24.02432813922012,1079,17,6.983789965258135,2.833213344056216,10.086863891985391,0.0
1065,87309b831ffffff,873099496ffffff,2,22.21430886969934,1079,56,6.983789965258135,4.02535169073515,10.008536918928511,0.6931471805599453
1066,87309b831ffffff,87309949effffff,1,27.12085619881276,1079,218,6.983789965258135,5.384495062789089,10.208095183621179,0.0
1067,87309b831ffffff,8730994eeffffff,1,48.76400648081157,1079,2,6.983789965258135,0.6931471805599453,10.79476825430494,0.0
1068,87309b831ffffff,873099512ffffff,1,38.259231805794506,1079,2,6.983789965258135,0.6931471805599453,10.552166301674125,0.0
1069,87309b831ffffff,87309951effffff,1,41.29601793308922,1079,1,6.983789965258135,0.0,10.628545571332271,0.0
1070,87309b831ffffff,873099584ffffff,1,31.775102142570535,1079,65,6.983789965258135,4.174387269895637,10.366469781296258,0.0
1071,87309b831ffffff,873099585ffffff,2,33.28156020742142,1079,2,6.983789965258135,0.6931471805599453,10.412788821285774,0.6931471805599453
1072,87309b831ffffff,873099588ffffff,2,34.064460987155186,1079,3,6.983789965258135,1.0986122886681098,10.436039275690847,0.6931471805599453
1073,87309b831ffffff,87309958dffffff,1,36.156216098412436,1079,36,6.983789965258135,3.58351893845611,10.495631823113492,0.0
1074,87309b831ffffff,873099590ffffff,1,25.290767514994805,1079,4,6.983789965258135,1.3862943611198906,10.138234227099044,0.0
1075,87309b831ffffff,873099592ffffff,1,23.129940488487666,1079,6,6.983789965258135,1.791759469228055,10.048926415379725,0.0
1076,87309b831ffffff,87309959affffff,1,26.00685842110857,1079,39,6.983789965258135,3.6635616461296463,10.16615401830192,0.0
1077,87309b831ffffff,8730995a5ffffff,1,36.85668720730222,1079,1,6.983789965258135,0.0,10.514819483929749,0.0
1078,87309b831ffffff,8730995a9ffffff,1,38.655672879588636,1079,6,6.983789965258135,1.791759469228055,10.562474688003208,0.0
1079,87309b831ffffff,8730995b6ffffff,1,27.88208240057152,1079,34,6.983789965258135,3.5263605246161616,10.235775418324591,0.0
1080,87309b831ffffff,87309b800ffffff,80,3.677641402196977,1079,80,6.983789965258135,4.382026634673881,8.210298778812113,4.382026634673881
1081,87309b831ffffff,87309b802ffffff,85,3.9838462028901187,1079,85,6.983789965258135,4.442651256490317,8.290253996474558,4.442651256490317
1083,87309b831ffffff,87309b805ffffff,24,4.541148845938912,1079,29,6.983789965258135,3.367295829986474,8.421155493141075,3.1780538303479458
1085,87309b831ffffff,87309b80affffff,1,9.099864449242531,1079,1,6.983789965258135,0.0,9.116124682415514,0.0
1086,87309b831ffffff,87309b80dffffff,1,10.203875251278928,1079,4,6.983789965258135,1.3862943611198906,9.230620850894748,0.0
1094,87309b831ffffff,87309b818ffffff,53,7.970590054684864,1079,53,6.983789965258135,3.970291913552122,8.98363925686507,3.970291913552122
1095,87309b831ffffff,87309b819ffffff,3,9.291161019717258,1079,3,6.983789965258135,1.0986122886681098,9.13692642259479,1.0986122886681098
1096,87309b831ffffff,87309b81affffff,56,9.07848533573293,1079,56,6.983789965258135,4.02535169073515,9.113772788902224,4.02535169073515
1097,87309b831ffffff,87309b81bffffff,4,9.965048610799974,1079,4,6.983789965258135,1.3862943611198906,9.20693945649351,1.3862943611198906
1099,87309b831ffffff,87309b81dffffff,25,7.3553914573725505,1079,25,6.983789965258135,3.2188758248682006,8.90332480037307,3.2188758248682006
1101,87309b831ffffff,87309b820ffffff,14,4.343955991999236,1079,15,6.983789965258135,2.70805020110221,8.376770909224549,2.6390573296152584
1103,87309b831ffffff,87309b823ffffff,2,3.972564900772937,1079,2,6.983789965258135,0.6931471805599453,8.287418930648869,0.6931471805599453
1104,87309b831ffffff,87309b824ffffff,11,5.466207726971181,1079,11,6.983789965258135,2.3978952727983707,8.606523294692481,2.3978952727983707
1105,87309b831ffffff,87309b825ffffff,6,6.515148663544469,1079,8,6.983789965258135,2.0794415416798357,8.782038784615828,1.791759469228055
1107,87309b831ffffff,87309b828ffffff,1,8.297233684474454,1079,7,6.983789965258135,1.9459101490553132,9.023797962038156,0.0
1108,87309b831ffffff,87309b829ffffff,1,10.528618891222086,1079,5,6.983789965258135,1.6094379124341003,9.261947411806583,0.0
1109,87309b831ffffff,87309b82affffff,2,6.812141009911876,1079,12,6.983789965258135,2.4849066497880004,8.826608527743085,0.6931471805599453
1110,87309b831ffffff,87309b82bffffff,1,9.083410966622845,1079,4,6.983789965258135,1.3862943611198906,9.114315142913572,0.0
1111,87309b831ffffff,87309b82effffff,1,6.09550359975045,1079,1,6.983789965258135,0.0,8.715470705461959,0.0
1119,87309b831ffffff,87309b874ffffff,1,12.77427562250626,1079,3,6.983789965258135,1.0986122886681098,9.455266989986425,0.0
1120,87309b831ffffff,87309b876ffffff,1,11.354958189618655,1079,6,6.983789965258135,1.791759469228055,9.337497835798365,0.0
1121,87309b831ffffff,87309b880ffffff,2,15.12055216696368,1079,2,6.983789965258135,0.6931471805599453,9.623876301009918,0.6931471805599453
1122,87309b831ffffff,87309b881ffffff,2,14.391252412036906,1079,2,6.983789965258135,0.6931471805599453,9.57444531383378,0.6931471805599453
1123,87309b831ffffff,87309b882ffffff,1,17.241481457949117,1079,1,6.983789965258135,0.0,9.755131469935815,0.0
1124,87309b831ffffff,87309b884ffffff,1,13.978956277277137,1079,1,6.983789965258135,0.0,9.545379888263392,0.0
1125,87309b831ffffff,87309b885ffffff,29,13.018608122080364,1079,29,6.983789965258135,3.367295829986474,9.474211817159093,3.367295829986474
1126,87309b831ffffff,87309b88affffff,1,17.50140822015765,1079,1,6.983789965258135,0.0,9.7700937630243,0.0
1127,87309b831ffffff,87309b88dffffff,1,13.966040347674275,1079,1,6.983789965258135,0.0,9.544455572087614,0.0
1130,87309b831ffffff,87309b8a2ffffff,1,13.044410377641585,1079,1,6.983789965258135,0.0,9.4761916556917,0.0
1132,87309b831ffffff,87309b8a4ffffff,73,10.217359550100666,1079,73,6.983789965258135,4.290459441148391,9.231941337185214,4.290459441148391
1134,87309b831ffffff,87309b8a6ffffff,12,12.363603739901938,1079,12,6.983789965258135,2.4849066497880004,9.422593132527481,2.4849066497880004
1135,87309b831ffffff,87309b8a8ffffff,89,10.4945078059215,1079,89,6.983789965258135,4.48863636973214,9.258702616593625,4.48863636973214
1137,87309b831ffffff,87309b8abffffff,17,12.190305991052739,1079,17,6.983789965258135,2.833213344056216,9.408478353000193,2.833213344056216
1140,87309b831ffffff,87309b8aeffffff,39,10.94628078050643,1079,39,6.983789965258135,3.6635616461296463,9.300846373858153,3.6635616461296463
1141,87309b831ffffff,87309b8c0ffffff,1,17.175378587836473,1079,15,6.983789965258135,2.70805020110221,9.751290380992256,0.0
1142,87309b831ffffff,87309b8d2ffffff,1,19.553628100441838,1079,37,6.983789965258135,3.6109179126442243,9.880967268877438,0.0
1143,87309b831ffffff,87309b8d9ffffff,1,23.14084154823169,1079,14,6.983789965258135,2.6390573296152584,10.049397580477905,0.0
1144,87309b831ffffff,87309b8e6ffffff,2,11.24802787644373,1079,3,6.983789965258135,1.0986122886681098,9.328036992916143,0.6931471805599453
1145,87309b831ffffff,87309b8f0ffffff,2,13.001788163515501,1079,6,6.983789965258135,1.791759469228055,9.472919087563966,0.6931471805599453
1146,87309b831ffffff,87309b8f4ffffff,6,11.03376279600687,1079,6,6.983789965258135,1.791759469228055,9.308805822855533,1.791759469228055
1147,87309b831ffffff,87309b8f5ffffff,7,11.960231592266343,1079,7,6.983789965258135,1.9459101490553132,9.389425998144967,1.9459101490553132
1148,87309b831ffffff,87309b8f6ffffff,13,12.39587344011482,1079,13,6.983789965258135,2.5649493574615367,9.425199577873784,2.5649493574615367
1149,87309b831ffffff,87309b900ffffff,1,11.011059383017114,1079,44,6.983789965258135,3.784189633918261,9.306746258821253,0.0
1150,87309b831ffffff,87309b901ffffff,4,10.504576724566553,1079,5,6.983789965258135,1.6094379124341003,9.259661511778486,1.3862943611198906
1151,87309b831ffffff,87309b902ffffff,2,9.946938616550323,1079,3,6.983789965258135,1.0986122886681098,9.205120634473047,0.6931471805599453
1152,87309b831ffffff,87309b903ffffff,2,9.063101718519825,1079,10,6.983789965258135,2.302585092994046,9.112077024899929,0.6931471805599453
1153,87309b831ffffff,87309b908ffffff,3,8.910916317082723,1079,3,6.983789965258135,1.0986122886681098,9.095144572208564,1.0986122886681098
1154,87309b831ffffff,87309b909ffffff,1,9.66842371830475,1079,93,6.983789965258135,4.532599493153256,9.176723991873645,0.0
1155,87309b831ffffff,87309b90affffff,6,6.985774379071117,1079,7,6.983789965258135,1.9459101490553132,8.851774266499813,1.791759469228055
1156,87309b831ffffff,87309b90bffffff,2,7.54797723385194,1079,2,6.983789965258135,0.6931471805599453,8.929167367351786,0.6931471805599453
1157,87309b831ffffff,87309b90cffffff,8,10.475491766458235,1079,8,6.983789965258135,2.0794415416798357,9.256889146723088,2.0794415416798357
1158,87309b831ffffff,87309b90effffff,6,8.696330216491855,1079,6,6.983789965258135,1.791759469228055,9.070771385880327,1.791759469228055
1159,87309b831ffffff,87309b913ffffff,1,9.087701413219019,1079,3,6.983789965258135,1.0986122886681098,9.11478731813444,0.0
1161,87309b831ffffff,87309b919ffffff,12,5.254833728512275,1079,104,6.983789965258135,4.6443908991413725,8.56709392505833,2.4849066497880004
1164,87309b831ffffff,87309b91cffffff,25,7.958999651627313,1079,30,6.983789965258135,3.4011973816621555,8.982184235073015,3.2188758248682006
1165,87309b831ffffff,87309b91dffffff,2,7.136307318414597,1079,3,6.983789965258135,1.0986122886681098,8.873090857931167,0.6931471805599453
1166,87309b831ffffff,87309b91effffff,29,7.346464067630028,1079,31,6.983789965258135,3.4339872044851463,8.902110507859886,3.367295829986474
1167,87309b831ffffff,87309b921ffffff,3,15.74922926356581,1079,7,6.983789965258135,1.9459101490553132,9.664610200564713,1.0986122886681098
1168,87309b831ffffff,87309b926ffffff,1,16.905976222657305,1079,1,6.983789965258135,0.0,9.735481609975139,0.0
1169,87309b831ffffff,87309b928ffffff,2,13.963095718252687,1079,8,6.983789965258135,2.0794415416798357,9.544244722845711,0.6931471805599453
1170,87309b831ffffff,87309b929ffffff,2,14.35826044824435,1079,73,6.983789965258135,4.290459441148391,9.572150340457364,0.6931471805599453
1171,87309b831ffffff,87309b92affffff,1,12.163791177233616,1079,31,6.983789965258135,3.4339872044851463,9.406301089203755,0.0
1172,87309b831ffffff,87309b92bffffff,5,12.379392741368612,1079,92,6.983789965258135,4.5217885770490405,9.423869269593927,1.6094379124341003
1173,87309b831ffffff,87309b92cffffff,1,15.638542448736334,1079,1,6.983789965258135,0.0,9.657557758475473,0.0
1174,87309b831ffffff,87309b92dffffff,1,15.854651855075604,1079,6,6.983789965258135,1.791759469228055,9.671281299660933,0.0
1175,87309b831ffffff,87309b92effffff,1,13.930594320808835,1079,13,6.983789965258135,2.5649493574615367,9.541914512544055,0.0
1176,87309b831ffffff,87309b931ffffff,1,13.920643468585816,1079,5,6.983789965258135,1.6094379124341003,9.541199992191224,0.0
1177,87309b831ffffff,87309b936ffffff,1,16.604663430059922,1079,10,6.983789965258135,2.302585092994046,9.717499086644755,0.0
1178,87309b831ffffff,87309b940ffffff,1,16.159325792581,1079,22,6.983789965258135,3.091042453358316,9.69031449230386,0.0
1179,87309b831ffffff,87309b941ffffff,1,17.953148609381245,1079,17,6.983789965258135,2.833213344056216,9.795576487512033,0.0
1180,87309b831ffffff,87309b942ffffff,1,14.053913351610754,1079,2,6.983789965258135,0.6931471805599453,9.55072731837042,0.0
1181,87309b831ffffff,87309b945ffffff,1,18.27922995387845,1079,17,6.983789965258135,2.833213344056216,9.81357542446285,0.0
1182,87309b831ffffff,87309b946ffffff,1,14.499717370178338,1079,137,6.983789965258135,4.919980925828125,9.58195340099028,0.0
1183,87309b831ffffff,87309b94effffff,1,17.844221612347024,1079,54,6.983789965258135,3.9889840465642745,9.789491054583323,0.0
1184,87309b831ffffff,87309b952ffffff,1,8.082095781661872,1079,5,6.983789965258135,1.6094379124341003,8.997530219430043,0.0
1185,87309b831ffffff,87309b954ffffff,2,10.85596178390707,1079,4,6.983789965258135,1.3862943611198906,9.292561792276045,0.6931471805599453
1186,87309b831ffffff,87309b955ffffff,2,12.350249875142726,1079,25,6.983789965258135,3.2188758248682006,9.421512541400295,0.6931471805599453
1187,87309b831ffffff,87309b956ffffff,4,8.685817365555454,1079,54,6.983789965258135,3.9889840465642745,9.069561910159033,1.3862943611198906
1188,87309b831ffffff,87309b960ffffff,1,19.53129036049023,1079,5,6.983789965258135,1.6094379124341003,9.879824290957304,0.0
1189,87309b831ffffff,87309b961ffffff,1,20.969854344383364,1079,46,6.983789965258135,3.828641396489095,9.950888864333749,0.0
1190,87309b831ffffff,87309b962ffffff,2,17.36324620529016,1079,9,6.983789965258135,2.1972245773362196,9.76216855538428,0.6931471805599453
1192,87309b831ffffff,87309b96affffff,1,20.030411402318023,1079,5,6.983789965258135,1.6094379124341003,9.905056890596635,0.0
1193,87309b831ffffff,87309b970ffffff,1,13.953701268669931,1079,44,6.983789965258135,3.784189633918261,9.543571738981706,0.0
1194,87309b831ffffff,87309b971ffffff,1,15.194676516303826,1079,42,6.983789965258135,3.7376696182833684,9.628766226656865,0.0
1195,87309b831ffffff,87309b973ffffff,1,13.025581605106577,1079,113,6.983789965258135,4.727387818712341,9.474747287664826,0.0
1196,87309b831ffffff,87309b975ffffff,2,16.106303535083047,1079,66,6.983789965258135,4.189654742026425,9.687028083830421,0.6931471805599453
1197,87309b831ffffff,87309b984ffffff,1,13.616724888084644,1079,1,6.983789965258135,0.0,9.519127523759588,0.0
1198,87309b831ffffff,87309b985ffffff,6,11.34797396908292,1079,6,6.983789965258135,1.791759469228055,9.336882619623552,1.791759469228055
1199,87309b831ffffff,87309b988ffffff,17,7.946529502095011,1079,18,6.983789965258135,2.8903717578961645,8.980616404900749,2.833213344056216
1200,87309b831ffffff,87309b989ffffff,79,5.988687809576647,1079,79,6.983789965258135,4.3694478524670215,8.697794571149712,4.3694478524670215
1201,87309b831ffffff,87309b98affffff,1,9.92957110815821,1079,1,6.983789965258135,0.0,9.203373268795074,0.0
1203,87309b831ffffff,87309b98cffffff,1,8.296168257433512,1079,1,6.983789965258135,0.0,9.023669561768475,0.0
1205,87309b831ffffff,87309b990ffffff,2,18.286270076277063,1079,2,6.983789965258135,0.6931471805599453,9.813960472523549,0.6931471805599453
1206,87309b831ffffff,87309b99cffffff,1,13.996417737845373,1079,1,6.983789965258135,0.0,9.546628144288142,0.0
1207,87309b831ffffff,87309b9a8ffffff,70,7.968969663641568,1079,79,6.983789965258135,4.3694478524670215,8.983435965458519,4.248495242049359
1209,87309b831ffffff,87309b9abffffff,2,6.809626685558549,1079,3,6.983789965258135,1.0986122886681098,8.826239419220675,0.6931471805599453
1210,87309b831ffffff,87309b9acffffff,5,9.40991503038929,1079,7,6.983789965258135,1.9459101490553132,9.149625468063304,1.6094379124341003
1211,87309b831ffffff,87309b9adffffff,3,7.349911531166323,1079,30,6.983789965258135,3.4011973816621555,8.902579602363064,1.0986122886681098
1212,87309b831ffffff,87309ba80ffffff,1,41.966242418150316,1079,1,6.983789965258135,0.0,10.644644650527178,0.0
1213,87309b831ffffff,87309bb09ffffff,1,43.00689316256148,1079,1,6.983789965258135,0.0,10.669138939750306,0.0
1214,87309b831ffffff,87309bb28ffffff,1,39.970802307842185,1079,1,6.983789965258135,0.0,10.595929542203468,0.0
1215,87309b831ffffff,87309bba8ffffff,1,32.56507935723753,1079,1,6.983789965258135,0.0,10.391026515133747,0.0
1216,87309b831ffffff,87309bbaaffffff,1,31.960837281148798,1079,4,6.983789965258135,1.3862943611198906,10.372297885122421,0.0
1217,87309b831ffffff,87309bd6dffffff,1,17.856922552575448,1079,2,6.983789965258135,0.6931471805599453,9.790202529220151,0.0
1218,87309b835ffffff,873098649ffffff,1,12.736623721922607,211,3,5.351858133476067,1.0986122886681098,9.45231539068676,0.0
1219,87309b835ffffff,873099593ffffff,1,24.22691508569934,211,9,5.351858133476067,2.1972245773362196,10.095260763294437,0.0
1221,87309b835ffffff,87309b805ffffff,5,5.777858315344799,211,29,5.351858133476067,3.367295829986474,8.66196141885938,1.6094379124341003
1222,87309b835ffffff,87309b816ffffff,1,7.55413942043037,211,1,5.351858133476067,0.0,8.929983328597501,0.0
1227,87309b835ffffff,87309b82affffff,1,7.972877769582231,211,12,5.351858133476067,2.4849066497880004,8.983926199203578,0.0
1230,87309b835ffffff,87309b833ffffff,2,3.4949252898121848,211,2,5.351858133476067,0.6931471805599453,8.159353366356058,0.6931471805599453
1233,87309b835ffffff,87309b836ffffff,36,3.9723160603440695,211,36,5.351858133476067,3.58351893845611,8.28735630471294,3.58351893845611
1234,87309b835ffffff,87309b902ffffff,1,7.956102119453254,211,3,5.351858133476067,1.0986122886681098,8.981820157209125,0.0
1235,87309b835ffffff,87309b903ffffff,8,7.133734468840928,211,10,5.351858133476067,2.302585092994046,8.872730313919332,2.0794415416798357
1236,87309b835ffffff,87309b913ffffff,1,7.347757064935458,211,3,5.351858133476067,1.0986122886681098,8.902286471095211,0.0
1237,87309b835ffffff,87309b918ffffff,21,3.9794998183925383,211,21,5.351858133476067,3.044522437723423,8.289162672904348,3.044522437723423
1238,87309b835ffffff,87309b919ffffff,92,3.492812475163784,211,104,5.351858133476067,4.6443908991413725,8.15874881872243,4.5217885770490405
1241,87309b835ffffff,87309b91cffffff,2,5.968163154530244,211,30,5.351858133476067,3.4011973816621555,8.694362021440636,0.6931471805599453
1242,87309b835ffffff,87309b91dffffff,1,5.252984697741571,211,3,5.351858133476067,1.0986122886681098,8.566742057744397,0.0
1243,87309b835ffffff,87309b91effffff,2,5.4559712416170925,211,31,5.351858133476067,3.4339872044851463,8.604649197173645,0.6931471805599453
1244,87309b835ffffff,87309b988ffffff,1,8.085354231039492,211,18,5.351858133476067,2.8903717578961645,8.997933257185709,0.0
1245,87309b835ffffff,87309b98dffffff,1,5.987558553905765,211,2,5.351858133476067,0.6931471805599453,8.697606020064693,0.0
1246,87309b835ffffff,87309b9a0ffffff,4,12.43361639778758,211,4,5.351858133476067,1.3862943611198906,9.428239507172018,1.3862943611198906
1247,87309b835ffffff,87309b9a8ffffff,9,6.80820821295122,211,79,5.351858133476067,4.3694478524670215,8.826031124094776,2.1972245773362196
1249,87309b835ffffff,87309b9acffffff,1,7.967032997859837,211,7,5.351858133476067,1.9459101490553132,8.98319294055353,0.0
1250,87309b835ffffff,87309b9adffffff,17,5.774333679389936,211,30,5.351858133476067,3.4011973816621555,8.661351313701736,2.833213344056216
1251,87309b835ffffff,87309b9aeffffff,3,9.077049491788689,211,5,5.351858133476067,1.6094379124341003,9.113614634839916,1.0986122886681098
1252,87309b85dffffff,873098241ffffff,3,40.14219893462668,1002,7,6.90975328164481,1.9459101490553132,10.60020831361004,1.0986122886681098
1253,87309b85dffffff,873098252ffffff,1,36.94380366413579,1002,5,6.90975328164481,1.6094379124341003,10.517180284934321,0.0
1254,87309b85dffffff,87309825dffffff,1,36.741166435005994,1002,59,6.90975328164481,4.07753744390572,10.51168032368841,0.0
1255,87309b85dffffff,873098272ffffff,1,42.05572120947729,1002,1,6.90975328164481,0.0,10.646774491141414,0.0
1256,87309b85dffffff,8730982c9ffffff,3,27.199265079187235,1002,14,6.90975328164481,2.6390573296152584,10.210981997794955,1.0986122886681098
1257,87309b85dffffff,8730982ddffffff,5,27.87238615355024,1002,9,6.90975328164481,2.1972245773362196,10.235427611249628,1.6094379124341003
1258,87309b85dffffff,8730982ebffffff,6,31.085797863274607,1002,61,6.90975328164481,4.110873864173311,10.344538502035112,1.791759469228055
1259,87309b85dffffff,873099401ffffff,20,33.402443386871404,1002,23,6.90975328164481,3.1354942159291497,10.416414269066136,2.995732273553991
1260,87309b85dffffff,873099403ffffff,2,31.24031440789605,1002,11,6.90975328164481,2.3978952727983707,10.349496677585034,0.6931471805599453
1261,87309b85dffffff,873099404ffffff,1,33.25059186836256,1002,1,6.90975328164481,0.0,10.411857920678221,0.0
1262,87309b85dffffff,873099409ffffff,1,35.4528083956897,1002,2,6.90975328164481,0.6931471805599453,10.475985956251847,0.0
1263,87309b85dffffff,87309940bffffff,1,33.29904517603273,1002,3,6.90975328164481,1.0986122886681098,10.413314032605234,0.0
1264,87309b85dffffff,87309940dffffff,1,36.117333352880024,1002,1,6.90975328164481,0.0,10.494555864519507,0.0
1265,87309b85dffffff,873099411ffffff,1,27.900308768078276,1002,101,6.90975328164481,4.61512051684126,10.23642887595937,0.0
1266,87309b85dffffff,873099414ffffff,1,28.06961131518659,1002,5,6.90975328164481,1.6094379124341003,10.242478447358422,0.0
1267,87309b85dffffff,873099420ffffff,1,36.50165370742503,1002,2,6.90975328164481,0.6931471805599453,10.505140241240767,0.0
1268,87309b85dffffff,873099422ffffff,1,34.38381765622777,1002,16,6.90975328164481,2.772588722239781,10.445370398736467,0.0
1269,87309b85dffffff,873099424ffffff,1,37.68726290858682,1002,2,6.90975328164481,0.6931471805599453,10.537103996278567,0.0
1270,87309b85dffffff,87309942affffff,1,35.56446222371835,1002,2,6.90975328164481,0.6931471805599453,10.47913028367302,0.0
1271,87309b85dffffff,87309942bffffff,1,36.87711977768447,1002,1,6.90975328164481,0.0,10.515373694203989,0.0
1272,87309b85dffffff,87309942effffff,3,36.50504804720711,1002,3,6.90975328164481,1.0986122886681098,10.50523322576735,1.0986122886681098
1273,87309b85dffffff,873099432ffffff,12,29.36080320329621,1002,24,6.90975328164481,3.1780538303479458,10.287449897848507,2.4849066497880004
1274,87309b85dffffff,873099490ffffff,1,12.393448129682522,1002,3,6.90975328164481,1.0986122886681098,9.425003919854246,0.0
1275,87309b85dffffff,873099492ffffff,2,10.489227084580644,1002,3,6.90975328164481,1.0986122886681098,9.258199348875829,0.6931471805599453
1276,87309b85dffffff,873099493ffffff,1,10.937970119310318,1002,76,6.90975328164481,4.330733340286331,9.300086932541905,0.0
1277,87309b85dffffff,873099494ffffff,3,13.981403416396018,1002,17,6.90975328164481,2.833213344056216,9.545554919208701,1.0986122886681098
1278,87309b85dffffff,873099498ffffff,2,13.032885267444858,1002,12,6.90975328164481,2.4849066497880004,9.475307804294495,0.6931471805599453
1279,87309b85dffffff,87309949affffff,10,10.862055162417006,1002,107,6.90975328164481,4.672828834461906,9.29312287643034,2.302585092994046
1280,87309b85dffffff,87309949bffffff,20,12.356834114119286,1002,43,6.90975328164481,3.7612001156935624,9.422045482171006,2.995732273553991
1281,87309b85dffffff,87309949cffffff,2,13.962863442512218,1002,11,6.90975328164481,2.3978952727983707,9.54422808892419,0.6931471805599453
1282,87309b85dffffff,87309949effffff,80,11.81448354611184,1002,218,6.90975328164481,5.384495062789089,9.377166115242439,4.382026634673881
1283,87309b85dffffff,8730994a2ffffff,4,19.826743735466735,1002,91,6.90975328164481,4.51085950651685,9.894837434680644,1.3862943611198906
1284,87309b85dffffff,8730994a4ffffff,23,23.26996692523495,1002,27,6.90975328164481,3.295836866004329,10.054961807871175,3.1354942159291497
1285,87309b85dffffff,8730994a5ffffff,6,23.91162513387155,1002,18,6.90975328164481,2.8903717578961645,10.08216184672474,1.791759469228055
1286,87309b85dffffff,8730994a6ffffff,2,21.29239720459716,1002,36,6.90975328164481,3.58351893845611,9.966152313246063,0.6931471805599453
1287,87309b85dffffff,8730994b1ffffff,2,17.827945910685646,1002,5,6.90975328164481,1.6094379124341003,9.788578590247322,0.6931471805599453
1288,87309b85dffffff,8730994b2ffffff,4,15.661315278975067,1002,68,6.90975328164481,4.219507705176107,9.659012805294397,1.3862943611198906
1289,87309b85dffffff,8730994b3ffffff,1,15.873247593137526,1002,4,6.90975328164481,1.3862943611198906,9.672453426929808,0.0
1290,87309b85dffffff,8730994b5ffffff,6,19.35503658124869,1002,9,6.90975328164481,2.1972245773362196,9.87075961782921,1.791759469228055
1291,87309b85dffffff,8730994b6ffffff,4,17.40633146875861,1002,17,6.90975328164481,2.833213344056216,9.76464674523938,1.3862943611198906
1292,87309b85dffffff,8730994c1ffffff,1,29.779629424166096,1002,8,6.90975328164481,2.0794415416798357,10.301613441816055,0.0
1293,87309b85dffffff,8730994caffffff,1,29.880889321041085,1002,1,6.90975328164481,0.0,10.305007867536997,0.0
1294,87309b85dffffff,8730994ddffffff,1,27.819389986555954,1002,3,6.90975328164481,1.0986122886681098,10.233524483587518,0.0
1295,87309b85dffffff,8730994e1ffffff,3,32.316788019860944,1002,30,6.90975328164481,3.4011973816621555,10.38337307031336,1.0986122886681098
1296,87309b85dffffff,8730994ecffffff,1,34.08383519816074,1002,32,6.90975328164481,3.4657359027997265,10.436607848759841,0.0
1297,87309b85dffffff,8730994eeffffff,1,32.0006299563596,1002,2,6.90975328164481,0.6931471805599453,10.3735421166209,0.0
1298,87309b85dffffff,8730994f2ffffff,1,22.557521045243686,1002,4,6.90975328164481,1.3862943611198906,10.023868146957918,0.0
1299,87309b85dffffff,873099502ffffff,1,39.0559223727056,1002,54,6.90975328164481,3.9889840465642745,10.572775409024949,0.0
1300,87309b85dffffff,873099510ffffff,1,36.75295162442877,1002,2,6.90975328164481,0.6931471805599453,10.512001026055689,0.0
1301,87309b85dffffff,873099534ffffff,1,43.487238636166836,1002,2,6.90975328164481,0.6931471805599453,10.680245804338474,0.0
1302,87309b85dffffff,873099583ffffff,3,26.10534173066686,1002,32,6.90975328164481,3.4657359027997265,10.169933541982836,1.0986122886681098
1303,87309b85dffffff,87309958affffff,2,24.76137716470693,1002,23,6.90975328164481,3.1354942159291497,10.11708073045768,0.6931471805599453
1304,87309b85dffffff,87309958effffff,3,26.31805711856812,1002,5,6.90975328164481,1.6094379124341003,10.178048561034958,1.0986122886681098
1305,87309b85dffffff,873099591ffffff,3,24.440811210996397,1002,85,6.90975328164481,4.442651256490317,10.10405051900921,1.0986122886681098
1306,87309b85dffffff,873099595ffffff,45,26.269157934502157,1002,128,6.90975328164481,4.852030263919617,10.176188894633427,3.8066624897703196
1307,87309b85dffffff,873099596ffffff,1,25.264757869224663,1002,40,6.90975328164481,3.6888794541139363,10.13720531407899,0.0
1308,87309b85dffffff,87309959bffffff,1,20.95940598197199,1002,53,6.90975328164481,3.970291913552122,9.950390507616287,0.0
1309,87309b85dffffff,87309959cffffff,1,24.33748315020834,1002,70,6.90975328164481,4.248495242049359,10.099814045380546,0.0
1310,87309b85dffffff,87309959dffffff,10,24.445231883092852,1002,13,6.90975328164481,2.5649493574615367,10.104231367815123,2.302585092994046
1311,87309b85dffffff,87309959effffff,2,22.638578895565477,1002,4,6.90975328164481,1.3862943611198906,10.027454932124943,0.6931471805599453
1312,87309b85dffffff,8730995a3ffffff,1,31.279005874812587,1002,8,6.90975328164481,2.0794415416798357,10.35073438247293,0.0
1313,87309b85dffffff,8730995aeffffff,1,31.410532129932303,1002,6,6.90975328164481,1.791759469228055,10.354930369755426,0.0
1314,87309b85dffffff,87309b160ffffff,1,16.441700978062322,1002,16,6.90975328164481,2.772588722239781,9.707636948185026,0.0
1315,87309b85dffffff,87309b161ffffff,1,15.915532473837047,1002,25,6.90975328164481,3.2188758248682006,9.675113626242108,0.0
1316,87309b85dffffff,87309b166ffffff,8,17.254483779920935,1002,82,6.90975328164481,4.406719247264253,9.755885272225187,2.0794415416798357
1317,87309b85dffffff,87309b82bffffff,1,13.094660880422415,1002,4,6.90975328164481,1.3862943611198906,9.480036223818198,0.0
1318,87309b85dffffff,87309b830ffffff,1,23.938008633253062,1002,5,6.90975328164481,1.6094379124341003,10.083264567780553,0.0
1323,87309b85dffffff,87309b844ffffff,25,5.984599290688034,1002,47,6.90975328164481,3.8501476017100584,8.697111745090806,3.2188758248682006
1324,87309b85dffffff,87309b845ffffff,17,5.264019768795466,1002,172,6.90975328164481,5.147494476813453,8.568840179318,2.833213344056216
1326,87309b85dffffff,87309b849ffffff,2,6.101808062617492,1002,4,6.90975328164481,1.3862943611198906,8.716504282372325,0.6931471805599453
1328,87309b85dffffff,87309b84bffffff,50,4.5484039337635025,1002,50,6.90975328164481,3.912023005428146,8.422751499794819,3.912023005428146
1332,87309b85dffffff,87309b854ffffff,10,7.985153932066795,1002,10,6.90975328164481,2.302585092994046,8.985464562677421,2.302585092994046
1335,87309b85dffffff,87309b85affffff,12,4.348505037125347,1002,18,6.90975328164481,2.8903717578961645,8.37781733303989,2.4849066497880004
1336,87309b85dffffff,87309b85bffffff,14,3.5006411083123807,1002,14,6.90975328164481,2.6390573296152584,8.160987025673087,2.6390573296152584
1340,87309b85dffffff,87309b860ffffff,3,9.081805160147509,1002,3,6.90975328164481,1.0986122886681098,9.114138362225953,1.0986122886681098
1341,87309b85dffffff,87309b861ffffff,3,8.710017108948877,1002,7,6.90975328164481,1.9459101490553132,9.072343837879513,1.0986122886681098
1342,87309b85dffffff,87309b863ffffff,4,7.150241916866557,1002,24,6.90975328164481,3.1780538303479458,8.875041315271533,1.3862943611198906
1343,87309b85dffffff,87309b868ffffff,9,7.553936042368304,1002,14,6.90975328164481,2.6390573296152584,8.92995640906787,2.1972245773362196
1344,87309b85dffffff,87309b869ffffff,28,8.690697664387333,1002,121,6.90975328164481,4.795790545596741,9.070123557566967,3.332204510175204
1347,87309b85dffffff,87309b86cffffff,50,8.920453423193992,1002,59,6.90975328164481,4.07753744390572,9.096214152120758,3.912023005428146
1348,87309b85dffffff,87309b86dffffff,11,9.675391206308204,1002,81,6.90975328164481,4.394449154672439,9.17744430149429,2.3978952727983707
1349,87309b85dffffff,87309b86effffff,11,6.994934283982398,1002,50,6.90975328164481,3.912023005428146,8.85308444272422,2.3978952727983707
1350,87309b85dffffff,87309b871ffffff,1,7.36532272802288,1002,2,6.90975328164481,0.6931471805599453,8.904673909244112,0.0
1351,87309b85dffffff,87309b873ffffff,1,7.367745138517178,1002,1,6.90975328164481,0.0,8.905002704542248,0.0
1352,87309b85dffffff,87309b8c1ffffff,4,12.370294059706543,1002,162,6.90975328164481,5.087596335232384,9.423134072664116,1.3862943611198906
1353,87309b85dffffff,87309b8c5ffffff,3,11.986844128420055,1002,14,6.90975328164481,2.6390573296152584,9.391648426051393,1.0986122886681098
1354,87309b85dffffff,87309b8c6ffffff,2,15.92349683446879,1002,15,6.90975328164481,2.70805020110221,9.675613883989477,0.6931471805599453
1355,87309b85dffffff,87309b8c9ffffff,1,10.956504172592904,1002,34,6.90975328164481,3.5263605246161616,9.301779813090784,0.0
1356,87309b85dffffff,87309b8caffffff,1,13.98821665631152,1002,32,6.90975328164481,3.4657359027997265,9.546042072976165,0.0
1357,87309b85dffffff,87309b8ccffffff,2,10.875200743955272,1002,13,6.90975328164481,2.5649493574615367,9.294332263099058,0.6931471805599453
1358,87309b85dffffff,87309b8cdffffff,4,9.688271111533595,1002,4,6.90975328164481,1.3862943611198906,9.178774481367627,1.3862943611198906
1359,87309b85dffffff,87309b8ceffffff,6,13.0518148836632,1002,17,6.90975328164481,2.833213344056216,9.476759089388525,1.791759469228055
1360,87309b85dffffff,87309b8e1ffffff,1,10.045954886682013,1002,6,6.90975328164481,1.791759469228055,9.215024871224506,0.0
1361,87309b85dffffff,87309b8e8ffffff,1,8.091483132996547,1002,4,6.90975328164481,1.3862943611198906,8.998690901522236,0.0
1362,87309b85dffffff,87309b8e9ffffff,5,6.523545502817398,1002,7,6.90975328164481,1.9459101490553132,8.783326575024262,1.6094379124341003
1363,87309b85dffffff,87309b8eaffffff,1,10.222939922600613,1002,5,6.90975328164481,1.6094379124341003,9.232487300485088,0.0
1364,87309b85dffffff,87309b8ebffffff,1,8.699110844276516,1002,4,6.90975328164481,1.3862943611198906,9.071091045282952,0.0
1365,87309b85dffffff,87309b8edffffff,1,5.992339421100909,1002,3,6.90975328164481,1.0986122886681098,8.698404035113533,0.0
1366,87309b85dffffff,87309b8eeffffff,2,9.936219903401755,1002,4,6.90975328164481,1.3862943611198906,9.204042572744152,0.6931471805599453
1367,87309b85dffffff,87309b942ffffff,1,17.166207656983477,1002,2,6.90975328164481,0.6931471805599453,9.7507563114862,0.0
1368,87309b85dffffff,87309b94dffffff,1,15.776776521608529,1002,62,6.90975328164481,4.127134385045092,9.666357679630813,0.0
1369,87309b85dffffff,87309b95dffffff,2,13.95392958356179,1002,28,6.90975328164481,3.332204510175204,9.543588099992933,0.6931471805599453
1370,87309b85dffffff,87309b962ffffff,1,21.91167682690167,1002,9,6.90975328164481,2.1972245773362196,9.994820598878695,0.0
1371,87309b85dffffff,87309b969ffffff,1,19.198482645066818,1002,36,6.90975328164481,3.58351893845611,9.862638612083398,0.0
1372,87309b85dffffff,87309b96dffffff,1,21.025514003965835,1002,66,6.90975328164481,4.189654742026425,9.953539491949684,0.0
1373,87309b85dffffff,87309b971ffffff,1,21.122762004431625,1002,42,6.90975328164481,3.7376696182833684,9.958153847167617,0.0
1374,87309b85dffffff,87309b976ffffff,1,23.989581798089798,1002,21,6.90975328164481,3.044522437723423,10.08541660723162,0.0
1375,87309b85dffffff,87309b98dffffff,1,27.157307892767783,1002,2,6.90975328164481,0.6931471805599453,10.209438278287331,0.0
1376,87309b85dffffff,87309b9abffffff,1,28.38535370641402,1002,3,6.90975328164481,1.0986122886681098,10.253663805375314,0.0
1377,87309b85dffffff,87309ba13ffffff,1,21.933160683940333,1002,1,6.90975328164481,0.0,9.99580054908617,0.0
1378,87309b85dffffff,87309ba24ffffff,1,19.25715473940405,1002,1,6.90975328164481,0.0,9.865689872839297,0.0
1379,87309b85dffffff,87309ba33ffffff,2,18.450529833689057,1002,5,6.90975328164481,1.6094379124341003,9.822902563846306,0.6931471805599453
1380,87309b85dffffff,87309bab0ffffff,1,20.16923219926448,1002,1,6.90975328164481,0.0,9.911963142992281,0.0
1381,87309b85dffffff,87309bac6ffffff,2,32.92749042368292,1002,2,6.90975328164481,0.6931471805599453,10.402093532342194,0.6931471805599453
1382,87309b85dffffff,87309bad3ffffff,1,35.38705396428831,1002,11,6.90975328164481,2.3978952727983707,10.474129583533964,0.0
1383,87309b85dffffff,87309bad5ffffff,2,33.1097535464718,1002,2,6.90975328164481,0.6931471805599453,10.407613389160954,0.6931471805599453
1384,87309b85dffffff,87309bad8ffffff,1,38.60439848095683,1002,1,6.90975328164481,0.0,10.561147402693448,0.0
1385,87309b85dffffff,87309badcffffff,1,36.69915617576468,1002,10,6.90975328164481,2.302585092994046,10.510536289504035,0.0
1386,87309b85dffffff,87309bae2ffffff,1,31.082379455127736,1002,1,6.90975328164481,0.0,10.344428532647932,0.0
1387,87309b85dffffff,87309baf5ffffff,42,29.223265199881755,1002,42,6.90975328164481,3.7376696182833684,10.282754643162994,3.7376696182833684
1388,87309b85dffffff,87309bb00ffffff,2,14.398380034848637,1002,10,6.90975328164481,2.302585092994046,9.574940431501767,0.6931471805599453
1389,87309b85dffffff,87309bb10ffffff,2,9.097902561592571,1002,2,6.90975328164481,0.6931471805599453,9.115909087605273,0.6931471805599453
1390,87309b85dffffff,87309bb12ffffff,52,7.9909466677534,1002,54,6.90975328164481,3.9889840465642745,8.986189647102094,3.9512437185814275
1391,87309b85dffffff,87309bb13ffffff,1,10.223596985862393,1002,2,6.90975328164481,0.6931471805599453,9.232551565548642,0.0
1392,87309b85dffffff,87309bb14ffffff,22,8.30698968474327,1002,22,6.90975328164481,3.091042453358316,9.024972943389944,3.091042453358316
1393,87309b85dffffff,87309bb15ffffff,1,10.541901778257644,1002,3,6.90975328164481,1.0986122886681098,9.263208095234363,0.0
1394,87309b85dffffff,87309bb16ffffff,9,6.823016676159767,1002,11,6.90975328164481,2.3978952727983707,8.82820353291996,2.1972245773362196
1395,87309b85dffffff,87309bb19ffffff,1,16.991298140655026,1002,5,6.90975328164481,1.6094379124341003,9.74051546983024,0.0
1396,87309b85dffffff,87309bb1cffffff,1,13.648491637201133,1002,1,6.90975328164481,0.0,9.521457557223691,0.0
1397,87309b85dffffff,87309bb22ffffff,63,13.891178873532356,1002,63,6.90975328164481,4.143134726391533,9.539081289791174,4.143134726391533
1398,87309b85dffffff,87309bb30ffffff,5,9.931411327182643,1002,8,6.90975328164481,2.0794415416798357,9.203558560106254,1.6094379124341003
1399,87309b85dffffff,87309bb32ffffff,12,7.950849253590064,1002,15,6.90975328164481,2.70805020110221,8.98115979111322,2.4849066497880004
1400,87309b85dffffff,87309bb33ffffff,3,10.044735955000883,1002,3,6.90975328164481,1.0986122886681098,9.214903540369198,1.0986122886681098
1401,87309b85dffffff,87309bb34ffffff,6,10.21428700829457,1002,8,6.90975328164481,2.0794415416798357,9.231640603606362,1.791759469228055
1402,87309b85dffffff,87309bb35ffffff,11,11.978145311126479,1002,20,6.90975328164481,2.995732273553991,9.390922526146653,2.3978952727983707
1403,87309b85dffffff,87309bb55ffffff,2,26.38496144006861,1002,13,6.90975328164481,2.5649493574615367,10.18058738406422,0.6931471805599453
1404,87309b85dffffff,87309bb5bffffff,2,31.737247158384033,1002,2,6.90975328164481,0.6931471805599453,10.36527776755179,0.6931471805599453
1405,87309b85dffffff,87309bb8cffffff,1,12.84179838743073,1002,1,6.90975328164481,0.0,9.460538496444157,0.0
1406,87309b85dffffff,87309bb91ffffff,1,12.418994261143855,1002,1,6.90975328164481,0.0,9.42706289342165,0.0
1407,87309b85dffffff,87309bb98ffffff,14,15.010832093885684,1002,16,6.90975328164481,2.772588722239781,9.61659397539924,2.6390573296152584
1408,87309b85dffffff,87309bb9cffffff,6,13.030029801605016,1002,7,6.90975328164481,1.9459101490553132,9.475088700119883,1.791759469228055
1409,87309b85dffffff,87309bba0ffffff,17,5.476347101992823,1002,18,6.90975328164481,2.8903717578961645,8.608376157249412,2.833213344056216
1410,87309b85dffffff,87309bba1ffffff,1,7.374873748251429,1002,1,6.90975328164481,0.0,8.905969648529668,0.0
1412,87309b85dffffff,87309bba5ffffff,65,5.791893703147999,1002,68,6.90975328164481,4.219507705176107,8.664387221739254,4.174387269895637
1414,87309b85dffffff,87309bbaaffffff,1,10.957324420996704,1002,4,6.90975328164481,1.3862943611198906,9.30185466751855,0.0
1415,87309b85dffffff,87309bbadffffff,1,11.587280310035455,1002,2,6.90975328164481,0.6931471805599453,9.357749548278713,0.0
1416,87309b85dffffff,87309bbb4ffffff,3,5.47593643201177,1002,17,6.90975328164481,2.833213344056216,8.608301178364673,1.0986122886681098
1417,87309b85dffffff,87309bbb5ffffff,2,5.2691143170754575,1002,26,6.90975328164481,3.258096538021482,8.569807333344817,0.6931471805599453
1418,87309b85dffffff,87309bbb6ffffff,4,7.562162359659804,1002,4,6.90975328164481,1.3862943611198906,8.93104468325218,1.3862943611198906
1419,87309b85dffffff,87309bd6dffffff,1,36.84893268994997,1002,2,6.90975328164481,0.6931471805599453,10.514609071020155,0.0
1420,87309b86affffff,873099484ffffff,2,12.993667195560699,513,51,6.240275845170769,3.9318256327243257,9.472294336556086,0.6931471805599453
1421,87309b86affffff,873099496ffffff,10,7.144073051803683,513,56,6.240275845170769,4.02535169073515,8.87417831449696,2.302585092994046
1423,87309b86affffff,87309949effffff,38,6.514175693518756,513,218,6.240275845170769,5.384495062789089,8.78188945673466,3.6375861597263857
1425,87309b86affffff,87309b841ffffff,87,2.1724451712629307,513,114,6.240275845170769,4.736198448394496,7.684068824098671,4.465908118654584
1426,87309b86affffff,87309b842ffffff,5,5.9890127992701805,513,9,6.240275845170769,2.1972245773362196,8.697848827880197,1.6094379124341003
1427,87309b86affffff,87309b843ffffff,56,4.345416456500916,513,66,6.240275845170769,4.189654742026425,8.377106981467241,4.02535169073515
1428,87309b86affffff,87309b844ffffff,22,4.545576658544252,513,47,6.240275845170769,3.8501476017100584,8.422129846025527,3.091042453358316
1430,87309b86affffff,87309b848ffffff,6,3.990295861128569,513,7,6.240275845170769,1.9459101490553132,8.291871234380407,1.791759469228055
1433,87309b86affffff,87309b84dffffff,1,3.684734731235906,513,2,6.240275845170769,0.6931471805599453,8.212225169073557,0.0
1434,87309b86affffff,87309b84effffff,16,3.4975406422285915,513,43,6.240275845170769,3.7612001156935624,8.160101201162519,2.772588722239781
1435,87309b86affffff,87309b858ffffff,3,7.55599913025163,513,57,6.240275845170769,4.04305126783455,8.93022944992896,1.0986122886681098
1436,87309b86affffff,87309b859ffffff,20,6.997197466590297,513,20,6.240275845170769,2.995732273553991,8.85340789010459,2.995732273553991
1437,87309b86affffff,87309b85dffffff,26,5.471302910920292,513,45,6.240275845170769,3.8066624897703196,8.607454814298102,3.258096538021482
1438,87309b86affffff,87309b863ffffff,19,3.682953514377134,513,24,6.240275845170769,3.1780538303479458,8.211741779048337,2.9444389791664403
1440,87309b86affffff,87309b869ffffff,93,3.9737543788539775,513,121,6.240275845170769,4.795790545596741,8.287718233695983,4.532599493153256
1443,87309b86affffff,87309b86cffffff,2,3.495424272693946,513,59,6.240275845170769,4.07753744390572,8.159496088878193,0.6931471805599453
1444,87309b86affffff,87309b86dffffff,70,4.343310745396553,513,81,6.240275845170769,4.394449154672439,8.37662239344678,4.248495242049359
1446,87309b86affffff,87309bb12ffffff,1,9.308662042706247,513,54,6.240275845170769,3.9889840465642745,9.138808069151038,0.0
1447,87309b86affffff,87309bb32ffffff,1,5.789433996820114,513,15,6.240275845170769,2.70805020110221,8.663962524030865,0.0
1448,87309b86affffff,87309bb36ffffff,17,4.546673053878272,513,86,6.240275845170769,4.454347296253507,8.422370964396807,2.833213344056216
1449,87309b86affffff,87309bba4ffffff,17,7.153589257917297,513,17,6.240275845170769,2.833213344056216,8.875509284041879,2.833213344056216
1450,87309b86affffff,87309bba5ffffff,1,7.983487132264698,513,68,6.240275845170769,4.219507705176107,8.985255829690256,0.0
1451,87309b86cffffff,8730982ddffffff,2,22.044492559489395,329,9,5.796057750765372,2.1972245773362196,10.000863440907791,0.6931471805599453
1456,87309b86cffffff,873099494ffffff,2,5.2561325655522095,329,17,5.796057750765372,2.833213344056216,8.567341017460267,0.6931471805599453
1457,87309b86cffffff,873099495ffffff,5,5.463561535853192,329,6,5.796057750765372,1.791759469228055,8.606039166075044,1.6094379124341003
1459,87309b86cffffff,87309949affffff,97,4.545335722841915,329,107,5.796057750765372,4.672828834461906,8.422076851848901,4.574710978503383
1460,87309b86cffffff,87309949cffffff,1,5.984601825426138,329,11,5.796057750765372,2.3978952727983707,8.697112168563452,0.0
1461,87309b86cffffff,87309949effffff,39,3.9724401330294383,329,218,5.796057750765372,5.384495062789089,8.287387530708141,3.6635616461296463
1462,87309b86cffffff,8730994b3ffffff,1,6.984498713797962,329,4,5.796057750765372,1.3862943611198906,8.851591666965975,0.0
1463,87309b86cffffff,87309b80dffffff,1,13.998118215133857,329,4,5.796057750765372,1.3862943611198906,9.546749621980485,0.0
1464,87309b86cffffff,87309b840ffffff,1,6.515857279782988,329,72,5.796057750765372,4.276666119016055,8.782147526412203,0.0
1465,87309b86cffffff,87309b841ffffff,2,5.468198238768716,329,114,5.796057750765372,4.736198448394496,8.606887310407652,0.6931471805599453
1466,87309b86cffffff,87309b843ffffff,2,7.5518964824807036,329,66,5.796057750765372,4.189654742026425,8.929686408735707,0.6931471805599453
1467,87309b86cffffff,87309b845ffffff,70,4.343378660485289,329,172,5.796057750765372,5.147494476813453,8.37663802643481,4.248495242049359
1468,87309b86cffffff,87309b846ffffff,2,8.083463008730897,329,2,5.796057750765372,0.6931471805599453,8.997699351590317,0.6931471805599453
1469,87309b86cffffff,87309b84affffff,41,8.71060865772086,329,79,5.796057750765372,4.3694478524670215,9.072411743691202,3.713572066704308
1470,87309b86cffffff,87309b84cffffff,13,5.261227238701791,329,33,5.796057750765372,3.4965075614664802,8.568309645521808,2.5649493574615367
1471,87309b86cffffff,87309b84effffff,3,6.992964914922538,329,43,5.796057750765372,3.7612001156935624,8.852802901156998,1.0986122886681098
1472,87309b86cffffff,87309b85dffffff,12,8.920453423193992,329,45,5.796057750765372,3.8066624897703196,9.096214152120758,2.4849066497880004
1473,87309b86cffffff,87309b865ffffff,4,3.681510522161247,329,6,5.796057750765372,1.791759469228055,8.211350005674522,1.3862943611198906
1481,87309b86cffffff,87309b94bffffff,4,5.4660347873930215,329,18,5.796057750765372,2.8903717578961645,8.60649166203426,1.3862943611198906
1482,87309b86cffffff,87309bb36ffffff,27,5.470664999220406,329,86,5.796057750765372,4.454347296253507,8.607338236525607,3.295836866004329
1483,87309b86effffff,873099484ffffff,6,11.802242546795378,36,51,3.58351893845611,3.9318256327243257,9.376129564806625,1.791759469228055
1487,87309b86effffff,87309b841ffffff,5,3.496409089816369,36,114,3.58351893845611,4.736198448394496,8.159777713297274,1.6094379124341003
1488,87309b86effffff,87309b843ffffff,1,5.46972866720891,36,66,3.58351893845611,4.189654742026425,8.607167098099715,0.0
1494,87309b86effffff,87309b864ffffff,2,5.466741653264263,36,13,3.58351893845611,2.5649493574615367,8.606620949702108,0.6931471805599453
1496,87309b86effffff,87309b868ffffff,3,2.272728583875815,36,14,3.58351893845611,2.6390573296152584,7.729176310931818,1.0986122886681098
1497,87309b86effffff,87309b86affffff,5,1.9940621579487974,36,9,3.58351893845611,2.1972245773362196,7.598430485705164,1.6094379124341003
1498,87309b86effffff,87309b86bffffff,1,3.6836600559621377,36,1,3.58351893845611,0.0,8.211933549611532,0.0
1499,87309b86effffff,87309b86cffffff,2,2.1714261293609254,36,59,3.58351893845611,4.07753744390572,7.683599853965784,0.6931471805599453
1502,87309b86effffff,87309b948ffffff,1,7.969010234691821,36,31,3.58351893845611,3.4339872044851463,8.983441055935485,0.0
1503,87309b86effffff,87309b94affffff,1,7.3581586877519625,36,26,3.58351893845611,3.258096538021482,8.903700896459828,0.0
1504,87309b86effffff,87309b94bffffff,9,5.977843426438378,36,18,3.58351893845611,2.8903717578961645,8.695982421289036,2.1972245773362196
1505,87309b8ceffffff,873099432ffffff,1,41.96613771467593,475,24,6.163314804034641,3.1780538303479458,10.644642155638332,0.0
1506,87309b8ceffffff,8730994b2ffffff,1,27.3560562630673,475,68,6.163314804034641,4.219507705176107,10.216729773223825,0.0
1507,87309b8ceffffff,8730994d9ffffff,1,39.73721525148477,475,4,6.163314804034641,1.3862943611198906,10.590068604465307,0.0
1508,87309b8ceffffff,873099595ffffff,1,36.81539138970156,475,128,6.163314804034641,4.852030263919617,10.513698443186195,0.0
1509,87309b8ceffffff,8730995a1ffffff,1,44.548284274373856,475,2,6.163314804034641,0.6931471805599453,10.70435136709928,0.0
1510,87309b8ceffffff,8730995b1ffffff,1,40.2961730905211,475,7,6.163314804034641,1.9459101490553132,10.60403659883719,0.0
1511,87309b8ceffffff,87309b12dffffff,6,8.101157372315505,475,6,6.163314804034641,1.791759469228055,8.9998856474589,1.791759469228055
1512,87309b8ceffffff,87309b144ffffff,8,9.110374900161926,475,8,6.163314804034641,2.0794415416798357,9.117278900947854,2.0794415416798357
1513,87309b8ceffffff,87309b145ffffff,6,10.00087424452066,475,6,6.163314804034641,1.791759469228055,9.21052777886648,1.791759469228055
1514,87309b8ceffffff,87309b160ffffff,13,5.9983515852166525,475,16,6.163314804034641,2.772588722239781,8.699406673239745,2.5649493574615367
1515,87309b8ceffffff,87309b161ffffff,23,7.380736442724201,475,25,6.163314804034641,3.2188758248682006,8.906764180260119,3.1354942159291497
1516,87309b8ceffffff,87309b162ffffff,13,7.170539262366499,475,15,6.163314804034641,2.70805020110221,8.877875591496734,2.5649493574615367
1517,87309b8ceffffff,87309b163ffffff,12,7.9992507553759795,475,12,6.163314804034641,2.4849066497880004,8.987228164592745,2.4849066497880004
1518,87309b8ceffffff,87309b164ffffff,5,3.998176735465971,475,105,6.163314804034641,4.653960350157523,8.293843802785473,1.6094379124341003
1519,87309b8ceffffff,87309b165ffffff,19,5.4805871319628885,475,19,6.163314804034641,2.9444389791664403,8.609149960630491,2.9444389791664403
1520,87309b8ceffffff,87309b166ffffff,3,5.277483319906097,475,82,6.163314804034641,4.406719247264253,8.571394085418333,1.0986122886681098
1521,87309b8ceffffff,87309b16affffff,1,11.287708153783251,475,1,6.163314804034641,0.0,9.331558226662622,0.0
1522,87309b8ceffffff,87309b16cffffff,24,9.129115359075845,475,24,6.163314804034641,3.1780538303479458,9.119333608676316,3.1780538303479458
1523,87309b8ceffffff,87309b16effffff,7,9.323673005664542,475,7,6.163314804034641,1.9459101490553132,9.140419177480505,1.9459101490553132
1524,87309b8ceffffff,87309b171ffffff,11,8.738015511686745,475,11,6.163314804034641,2.3978952727983707,9.075552820621592,2.3978952727983707
1525,87309b8ceffffff,87309b174ffffff,10,7.574510711665473,475,10,6.163314804034641,2.302585092994046,8.932676048786808,2.302585092994046
1526,87309b8ceffffff,87309b175ffffff,19,7.0151951030938395,475,19,6.163314804034641,2.9444389791664403,8.855976341974076,2.9444389791664403
1527,87309b8ceffffff,87309b856ffffff,1,10.539686528023552,475,23,6.163314804034641,3.1354942159291497,9.262997955460236,0.0
1528,87309b8ceffffff,87309b85affffff,1,8.70330984653785,475,18,6.163314804034641,2.8903717578961645,9.071573566639726,0.0
1529,87309b8ceffffff,87309b864ffffff,1,21.328556894799053,475,13,6.163314804034641,2.5649493574615367,9.967849037447417,0.0
1530,87309b8ceffffff,87309b8c0ffffff,14,3.6869646148634296,475,15,6.163314804034641,2.70805020110221,8.212829989962188,2.6390573296152584
1531,87309b8ceffffff,87309b8c1ffffff,62,1.9980018857368387,475,162,6.163314804034641,5.087596335232384,7.600403277840044,4.127134385045092
1532,87309b8ceffffff,87309b8c2ffffff,2,4.54964660297604,475,2,6.163314804034641,0.6931471805599453,8.423024612392433,0.6931471805599453
1533,87309b8ceffffff,87309b8c3ffffff,73,2.2749620986573413,475,74,6.163314804034641,4.30406509320417,7.730158142496555,4.290459441148391
1534,87309b8ceffffff,87309b8c4ffffff,1,5.475948708700691,475,1,6.163314804034641,0.0,8.608303419886976,0.0
1535,87309b8ceffffff,87309b8c6ffffff,2,5.791282230335242,475,15,6.163314804034641,2.70805020110221,8.664281660491529,0.6931471805599453
1536,87309b8ceffffff,87309b8c8ffffff,1,2.275239163556289,475,19,6.163314804034641,2.9444389791664403,7.73027987037427,0.0
1537,87309b8ceffffff,87309b8ceffffff,11,0.0,475,17,6.163314804034641,2.833213344056216,0.0,2.3978952727983707
1538,87309b8ceffffff,87309b8d1ffffff,1,6.106211661890103,475,27,6.163314804034641,3.295836866004329,8.717225591520531,0.0
1539,87309b8ceffffff,87309b8d8ffffff,25,4.35479972354453,475,25,6.163314804034641,3.2188758248682006,8.379263505848149,3.2188758248682006
1540,87309b8ceffffff,87309b8d9ffffff,13,3.50654052189816,475,14,6.163314804034641,2.6390573296152584,8.162670364838794,2.5649493574615367
1541,87309b8ceffffff,87309b8daffffff,16,6.532984667787536,475,16,6.163314804034641,2.772588722239781,8.78477224563049,2.772588722239781
1542,87309b8ceffffff,87309b8dbffffff,23,5.4850994179286365,475,23,6.163314804034641,3.1354942159291497,8.609972793449392,3.1354942159291497
1543,87309b8ceffffff,87309b8dcffffff,8,3.9797193586141417,475,8,6.163314804034641,2.0794415416798357,8.289217825316756,2.0794415416798357
1544,87309b8ceffffff,87309b8ddffffff,17,2.177138060907775,475,17,6.163314804034641,2.833213344056216,7.686225690330462,2.833213344056216
1545,87309b8ceffffff,87309b8e6ffffff,1,9.30903135539103,475,3,6.163314804034641,1.0986122886681098,9.138847738191439,0.0
1546,87309b8ceffffff,87309b8e8ffffff,1,5.480472998176199,475,4,6.163314804034641,1.3862943611198906,8.609129139110708,0.0
1547,87309b8ceffffff,87309b8edffffff,1,7.566300733190656,475,3,6.163314804034641,1.0986122886681098,8.931591708628556,0.0
1548,87309b8ceffffff,87309b8f0ffffff,2,9.436411357216109,475,6,6.163314804034641,1.791759469228055,9.152437000900306,0.6931471805599453
1549,87309b8ceffffff,87309b8f2ffffff,2,10.219827204973592,475,2,6.163314804034641,0.6931471805599453,9.232182800303535,0.6931471805599453
1550,87309b8ceffffff,87309b8f3ffffff,2,7.988988604982784,475,13,6.163314804034641,2.5649493574615367,8.985944612599452,0.6931471805599453
1551,87309b8ceffffff,87309b946ffffff,1,26.31101883668742,475,137,6.163314804034641,4.919980925828125,10.177781103765847,0.0
1552,87309b8ceffffff,87309bb92ffffff,4,7.379285459276272,475,4,6.163314804034641,1.3862943611198906,8.906567596965198,1.3862943611198906
1553,87309b8ceffffff,87309bb93ffffff,2,9.446705080536033,475,54,6.163314804034641,3.9889840465642745,9.153527142374761,0.6931471805599453
1554,87309b8ceffffff,87309bbb1ffffff,1,10.052686336240395,475,1,6.163314804034641,0.0,9.215694645858594,0.0
1555,87309b8ddffffff,873098202ffffff,1,52.42298399567851,1160,3,7.05617528410041,1.0986122886681098,10.86711947543313,0.0
1556,87309b8ddffffff,8730982c8ffffff,2,38.28166926375406,1160,5,7.05617528410041,1.6094379124341003,10.552752573118994,0.6931471805599453
1557,87309b8ddffffff,8730982e3ffffff,2,43.890563337851646,1160,2,7.05617528410041,0.6931471805599453,10.689477401502277,0.6931471805599453
1558,87309b8ddffffff,873099496ffffff,1,26.034060051045813,1160,56,7.05617528410041,4.02535169073515,10.167199372144976,0.0
1559,87309b8ddffffff,87309949dffffff,1,30.432140612271755,1160,2,7.05617528410041,0.6931471805599453,10.323287445329896,0.0
1560,87309b8ddffffff,8730994acffffff,1,38.728499997747264,1160,3,7.05617528410041,1.0986122886681098,10.564356862478324,0.0
1561,87309b8ddffffff,8730994adffffff,1,39.95780805226353,1160,6,7.05617528410041,1.791759469228055,10.595604403795678,0.0
1562,87309b8ddffffff,8730994ccffffff,7,46.09033841397485,1160,8,7.05617528410041,2.0794415416798357,10.738380324433193,1.9459101490553132
1563,87309b8ddffffff,873099530ffffff,1,55.413935290311336,1160,4,7.05617528410041,1.3862943611198906,10.922604426480323,0.0
1564,87309b8ddffffff,873099583ffffff,1,39.66918159056236,1160,32,7.05617528410041,3.4657359027997265,10.58835509102657,0.0
1565,87309b8ddffffff,873099595ffffff,1,38.723456940101116,1160,128,7.05617528410041,4.852030263919617,10.564226641690318,0.0
1566,87309b8ddffffff,873099598ffffff,1,36.240949165790276,1160,24,7.05617528410041,3.1780538303479458,10.497972543638546,0.0
1567,87309b8ddffffff,87309959bffffff,1,34.874040472405,1160,53,7.05617528410041,3.970291913552122,10.459526679622062,0.0
1568,87309b8ddffffff,87309959cffffff,6,37.66278397207116,1160,70,7.05617528410041,4.248495242049359,10.536454274382741,1.791759469228055
1569,87309b8ddffffff,8730995abffffff,1,44.455476666837754,1160,2,7.05617528410041,0.6931471805599453,10.702265937118348,0.0
1570,87309b8ddffffff,87309b121ffffff,27,10.055163069921566,1160,27,7.05617528410041,3.295836866004329,9.215940966320142,3.295836866004329
1571,87309b8ddffffff,87309b125ffffff,1,10.546882763033405,1160,1,7.05617528410041,0.0,9.263680432795692,0.0
1573,87309b8ddffffff,87309b12cffffff,86,7.96109320602171,1160,86,7.05617528410041,4.454347296253507,8.982447209849658,4.454347296253507
1577,87309b8ddffffff,87309b14cffffff,13,12.854306316931215,1160,13,7.05617528410041,2.5649493574615367,9.461511948037735,2.5649493574615367
1578,87309b8ddffffff,87309b14dffffff,11,14.60813154871892,1160,11,7.05617528410041,2.3978952727983707,9.589402060727398,2.3978952727983707
1583,87309b8ddffffff,87309b164ffffff,99,3.6891167181249,1160,105,7.05617528410041,4.653960350157523,8.213413367462483,4.59511985013459
1585,87309b8ddffffff,87309b166ffffff,70,3.998980239075694,1160,82,7.05617528410041,4.406719247264253,8.294044699858748,4.248495242049359
1586,87309b8ddffffff,87309b168ffffff,23,11.07270466728339,1160,23,7.05617528410041,3.1354942159291497,9.31232862800827,3.1354942159291497
1587,87309b8ddffffff,87309b169ffffff,2,13.12361521321929,1160,2,7.05617528410041,0.6931471805599453,9.482244769942016,0.6931471805599453
1589,87309b8ddffffff,87309b16bffffff,38,12.805561865295832,1160,38,7.05617528410041,3.6375861597263857,9.457712964276016,3.6375861597263857
1591,87309b8ddffffff,87309b16dffffff,9,11.594054116692119,1160,9,7.05617528410041,2.1972245773362196,9.358333916922563,2.1972245773362196
1596,87309b8ddffffff,87309b809ffffff,2,13.979902448917883,1160,2,7.05617528410041,0.6931471805599453,9.545447566559712,0.6931471805599453
1597,87309b8ddffffff,87309b80dffffff,1,15.806072400746428,1160,4,7.05617528410041,1.3862943611198906,9.668212739163383,0.0
1598,87309b8ddffffff,87309b820ffffff,1,22.914369875900267,1160,15,7.05617528410041,2.70805020110221,10.039563138026146,0.0
1599,87309b8ddffffff,87309b829ffffff,1,19.234711332589566,1160,5,7.05617528410041,1.6094379124341003,9.864523795661412,0.0
1600,87309b8ddffffff,87309b841ffffff,1,18.30651400079836,1160,114,7.05617528410041,4.736198448394496,9.815066855692455,0.0
1601,87309b8ddffffff,87309b84effffff,1,17.402416884121454,1160,43,7.05617528410041,3.7612001156935624,9.764421838574693,0.0
1602,87309b8ddffffff,87309b850ffffff,3,12.417977737641097,1160,4,7.05617528410041,1.3862943611198906,9.426981044341634,1.0986122886681098
1603,87309b8ddffffff,87309b851ffffff,5,13.029615399494574,1160,5,7.05617528410041,1.6094379124341003,9.47505689843528,1.6094379124341003
1605,87309b8ddffffff,87309b853ffffff,1,10.959370927494982,1160,1,7.05617528410041,0.0,9.302041403678862,0.0
1606,87309b8ddffffff,87309b856ffffff,22,12.205600824153244,1160,23,7.05617528410041,3.1354942159291497,9.409732135566045,3.091042453358316
1607,87309b8ddffffff,87309b858ffffff,48,13.054963180472246,1160,57,7.05617528410041,4.04305126783455,9.477000257076769,3.871201010907891
1608,87309b8ddffffff,87309b85affffff,3,10.880447907445628,1160,18,7.05617528410041,2.8903717578961645,9.294814591284071,1.0986122886681098
1610,87309b8ddffffff,87309b85cffffff,1,13.988372750362545,1160,9,7.05617528410041,2.1972245773362196,9.546053231083443,0.0
1611,87309b8ddffffff,87309b85dffffff,6,15.228952944570972,1160,45,7.05617528410041,3.8066624897703196,9.631019356230526,1.791759469228055
1612,87309b8ddffffff,87309b85effffff,2,11.836301369749826,1160,2,7.05617528410041,0.6931471805599453,9.379010957606969,0.6931471805599453
1613,87309b8ddffffff,87309b864ffffff,1,23.315962456122573,1160,13,7.05617528410041,2.5649493574615367,10.056936377097273,0.0
1614,87309b8ddffffff,87309b86effffff,1,21.511174199929524,1160,50,7.05617528410041,3.912023005428146,9.976374295718513,0.0
1615,87309b8ddffffff,87309b871ffffff,1,17.863209628399513,1160,2,7.05617528410041,0.6931471805599453,9.790554528135397,0.0
1616,87309b8ddffffff,87309b872ffffff,1,15.691799494817138,1160,1,7.05617528410041,0.0,9.660957255229713,0.0
1617,87309b8ddffffff,87309b874ffffff,2,19.180160335171898,1160,3,7.05617528410041,1.0986122886681098,9.861683843748944,0.6931471805599453
1619,87309b8ddffffff,87309b8c1ffffff,96,3.5054087074541496,1160,162,7.05617528410041,5.087596335232384,8.16234763240466,4.564348191467836
1622,87309b8ddffffff,87309b8c5ffffff,11,5.273783815093671,1160,14,7.05617528410041,2.6390573296152584,8.570692974583814,2.3978952727983707
1623,87309b8ddffffff,87309b8c6ffffff,11,5.476653317268711,1160,15,7.05617528410041,2.70805020110221,8.608432061451008,2.3978952727983707
1624,87309b8ddffffff,87309b8c8ffffff,18,3.979840482474986,1160,19,7.05617528410041,2.9444389791664403,8.289248252485118,2.8903717578961645
1625,87309b8ddffffff,87309b8c9ffffff,32,6.106962688190536,1160,34,7.05617528410041,3.5263605246161616,8.71734855764117,3.4657359027997265
1626,87309b8ddffffff,87309b8caffffff,30,2.2754337346132822,1160,32,7.05617528410041,3.4657359027997265,7.730365345901049,3.4011973816621555
1627,87309b8ddffffff,87309b8cbffffff,36,4.551144393276384,1160,36,7.05617528410041,3.58351893845611,8.423353696145863,3.58351893845611
1628,87309b8ddffffff,87309b8ccffffff,11,4.3537522006157,1160,13,7.05617528410041,2.5649493574615367,8.379022987694306,2.3978952727983707
1630,87309b8ddffffff,87309b8d0ffffff,1,6.824634363080016,1160,1,7.05617528410041,0.0,8.828440562705289,0.0
1631,87309b8ddffffff,87309b8d1ffffff,26,4.55003457808781,1160,27,7.05617528410041,3.295836866004329,8.423109865897645,3.258096538021482
1632,87309b8ddffffff,87309b8d2ffffff,36,8.3122777526473,1160,37,7.05617528410041,3.6109179126442243,9.025609244815497,3.58351893845611
1633,87309b8ddffffff,87309b8d3ffffff,73,6.10694184640075,1160,73,7.05617528410041,4.290459441148391,8.717345145402687,4.290459441148391
1634,87309b8ddffffff,87309b8d6ffffff,1,9.09895510708189,1160,1,7.05617528410041,0.0,9.116024759205068,0.0
1642,87309b8ddffffff,87309b8e1ffffff,5,8.726700235674114,1160,6,7.05617528410041,1.791759469228055,9.07425718178952,1.6094379124341003
1643,87309b8ddffffff,87309b8e5ffffff,1,10.542474555929948,1160,1,7.05617528410041,0.0,9.26326242203413,0.0
1644,87309b8ddffffff,87309b8e8ffffff,2,7.568358270408924,1160,4,7.05617528410041,1.3862943611198906,8.931863570104785,0.6931471805599453
1645,87309b8ddffffff,87309b8e9ffffff,2,8.705407441753577,1160,7,7.05617528410041,1.9459101490553132,9.071814521126683,0.6931471805599453
1646,87309b8ddffffff,87309b8eaffffff,4,5.481999204946909,1160,5,7.05617528410041,1.6094379124341003,8.60940753040074,1.3862943611198906
1647,87309b8ddffffff,87309b8ebffffff,3,6.529842100294455,1160,4,7.05617528410041,1.3862943611198906,8.784291172653486,1.0986122886681098
1648,87309b8ddffffff,87309b8edffffff,1,9.693515158473,1160,3,7.05617528410041,1.0986122886681098,9.179315556985598,0.0
1649,87309b8ddffffff,87309b8eeffffff,2,7.008703212721725,1160,4,7.05617528410041,1.3862943611198906,8.855050641432188,0.6931471805599453
1650,87309b8ddffffff,87309b8f0ffffff,2,9.118026361504304,1160,6,7.05617528410041,1.791759469228055,9.118118318762287,0.6931471805599453
1652,87309b8ddffffff,87309b8f3ffffff,11,7.372873037422805,1160,13,7.05617528410041,2.5649493574615367,8.905698361046571,2.3978952727983707
1653,87309b8ddffffff,87309b941ffffff,2,27.984060918048126,1160,17,7.05617528410041,2.833213344056216,10.239426108133815,0.6931471805599453
1654,87309b8ddffffff,87309b943ffffff,1,26.156516780373806,1160,3,7.05617528410041,1.0986122886681098,10.171891876767901,0.0
1655,87309b8ddffffff,87309b955ffffff,1,26.317990252482186,1160,25,7.05617528410041,3.2188758248682006,10.178046020435932,0.0
1656,87309b8ddffffff,87309b962ffffff,1,31.371438259513145,1160,9,7.05617528410041,2.1972245773362196,10.353685024001432,0.0
1657,87309b8ddffffff,87309b964ffffff,1,34.82462231045258,1160,7,7.05617528410041,1.9459101490553132,10.458108668135226,0.0
1658,87309b8ddffffff,87309b965ffffff,1,34.81802308171714,1160,5,7.05617528410041,1.6094379124341003,10.457919156688423,0.0
1659,87309b8ddffffff,87309b96dffffff,1,33.70801803249077,1160,66,7.05617528410041,4.189654742026425,10.425520677945942,0.0
1660,87309b8ddffffff,87309b975ffffff,2,31.566310752767237,1160,66,7.05617528410041,4.189654742026425,10.35987739429264,0.6931471805599453
1661,87309b8ddffffff,87309ba8effffff,4,26.267821125841692,1160,4,7.05617528410041,1.3862943611198906,10.17613800637162,1.3862943611198906
1662,87309b8ddffffff,87309ba95ffffff,1,20.18182057174444,1160,1,7.05617528410041,0.0,9.912587054791953,0.0
1663,87309b8ddffffff,87309baa2ffffff,7,19.581077114697692,1160,7,7.05617528410041,1.9459101490553132,9.882369993946181,1.9459101490553132
1664,87309b8ddffffff,87309baa4ffffff,1,19.268186234763533,1160,1,7.05617528410041,0.0,9.866262530872893,0.0
1665,87309b8ddffffff,87309baa5ffffff,1,21.53790962370522,1160,1,7.05617528410041,0.0,9.977616328431193,0.0
1666,87309b8ddffffff,87309baa6ffffff,1,18.226560048714337,1160,1,7.05617528410041,0.0,9.810690016077261,0.0
1668,87309b8ddffffff,87309bab2ffffff,3,16.49094311401468,1160,3,7.05617528410041,1.0986122886681098,9.710627244512976,1.0986122886681098
1669,87309b8ddffffff,87309bab3ffffff,19,18.463424049846505,1160,19,7.05617528410041,2.9444389791664403,9.823601135348616,2.9444389791664403
1670,87309b8ddffffff,87309bab4ffffff,8,15.239332202706326,1160,8,7.05617528410041,2.0794415416798357,9.631700627080905,2.0794415416798357
1671,87309b8ddffffff,87309bab5ffffff,1,17.396334022878158,1160,1,7.05617528410041,0.0,9.764072256387717,0.0
1672,87309b8ddffffff,87309bab6ffffff,17,14.767173526145942,1160,17,7.05617528410041,2.833213344056216,9.600229706818912,2.833213344056216
1673,87309b8ddffffff,87309bad0ffffff,1,34.17393548273435,1160,1,7.05617528410041,0.0,10.439247773740606,0.0
1674,87309b8ddffffff,87309bad1ffffff,2,36.31368316438342,1160,19,7.05617528410041,2.9444389791664403,10.499977433353536,0.6931471805599453
1675,87309b8ddffffff,87309bb82ffffff,1,12.800007145804978,1160,1,7.05617528410041,0.0,9.457279130078357,0.0
1676,87309b8ddffffff,87309bb90ffffff,5,9.103394361237825,1160,5,7.05617528410041,1.6094379124341003,9.116512472787106,1.6094379124341003
1678,87309b8ddffffff,87309bb93ffffff,51,10.229328421877565,1160,54,7.05617528410041,3.9889840465642745,9.233111962230705,3.9318256327243257
1679,87309b8ddffffff,87309bb95ffffff,1,10.549491290229478,1160,1,7.05617528410041,0.0,9.263927705614229,0.0
1680,87309b8ddffffff,87309bb96ffffff,1,6.827131445707197,1160,1,7.05617528410041,0.0,8.828806334711341,0.0
1681,87309b8ddffffff,87309bb98ffffff,2,14.737315050277186,1160,16,7.05617528410041,2.772588722239781,9.598205847830531,0.6931471805599453
1682,87309b8ddffffff,87309bb99ffffff,32,17.00097666372538,1160,32,7.05617528410041,3.4657359027997265,9.741084890615804,3.4657359027997265
1683,87309b8ddffffff,87309bb9cffffff,1,13.656745656811605,1160,7,7.05617528410041,1.9459101490553132,9.522062087061183,0.0
1684,87309b8ddffffff,87309bb9dffffff,17,15.933832973451075,1160,17,7.05617528410041,2.833213344056216,9.676262745055121,2.833213344056216
1685,87309b8ddffffff,87309bb9effffff,1,12.478983024156312,1160,1,7.05617528410041,0.0,9.431881281678608,0.0
1686,87309b8ddffffff,87309bba2ffffff,1,13.907178180244598,1160,4,7.05617528410041,1.3862943611198906,9.540232304394882,0.0
1687,87309b8ddffffff,87309bba6ffffff,7,14.080967158488962,1160,7,7.05617528410041,1.9459101490553132,9.55265033291395,1.9459101490553132
1688,87309b8ddffffff,87309bbb2ffffff,2,7.959206188328039,1160,2,7.05617528410041,0.6931471805599453,8.982210181559237,0.6931471805599453
1689,87309b8ddffffff,87309bbb4ffffff,13,10.22926685870621,1160,17,7.05617528410041,2.833213344056216,9.233105944500476,2.5649493574615367
1690,87309b8ddffffff,87309bbb5ffffff,23,11.99354606585396,1160,26,7.05617528410041,3.258096538021482,9.392207330944032,3.1354942159291497
1692,87309b920ffffff,873098283ffffff,1,7.326800662552804,474,5,6.161207321695077,1.6094379124341003,8.899430703821427,0.0
1693,87309b920ffffff,87309828bffffff,8,3.484062544341002,474,14,6.161207321695077,2.6390573296152584,8.156241269759839,2.0794415416798357
1694,87309b920ffffff,873098299ffffff,1,3.667585118142076,474,3,6.161207321695077,1.0986122886681098,8.207561340322405,0.0
1695,87309b920ffffff,87309829affffff,2,6.798537557910055,474,2,6.161207321695077,0.6931471805599453,8.824609882661974,0.6931471805599453
1696,87309b920ffffff,87309829bffffff,1,4.532638789300072,474,1,6.161207321695077,0.0,8.419280160778767,0.0
1700,87309b920ffffff,87309959affffff,1,24.94938878490824,474,39,6.161207321695077,3.6635616461296463,10.12464468361971,0.0
1701,87309b920ffffff,87309959bffffff,1,27.219168229715326,474,53,6.161207321695077,3.970291913552122,10.211713456557973,0.0
1702,87309b920ffffff,87309b80dffffff,1,22.455176792100005,474,4,6.161207321695077,1.3862943611198906,10.019320990833137,0.0
1703,87309b920ffffff,87309b829ffffff,1,20.1224383803339,474,5,6.161207321695077,1.6094379124341003,9.909640503267784,0.0
1704,87309b920ffffff,87309b900ffffff,40,5.244196780698879,474,44,6.161207321695077,3.784189633918261,8.565068037895713,3.6888794541139363
1706,87309b920ffffff,87309b905ffffff,25,3.9721022672740456,474,26,6.161207321695077,3.258096538021482,8.287302496050657,3.2188758248682006
1707,87309b920ffffff,87309b906ffffff,71,5.456765305813649,474,72,6.161207321695077,4.276666119016055,8.604794700309613,4.2626798770413155
1708,87309b920ffffff,87309b90affffff,1,9.935687487020344,474,7,6.161207321695077,1.9459101490553132,9.20398899330745,0.0
1709,87309b920ffffff,87309b910ffffff,3,9.658492404094963,474,3,6.161207321695077,1.0986122886681098,9.175696379666023,1.0986122886681098
1715,87309b920ffffff,87309b925ffffff,48,2.167741992545358,474,55,6.161207321695077,4.007333185232471,7.681902551490247,3.871201010907891
1718,87309b920ffffff,87309b929ffffff,65,7.959995065677629,474,73,6.161207321695077,4.290459441148391,8.982309279276507,4.174387269895637
1719,87309b920ffffff,87309b92affffff,27,5.448520316641747,474,31,6.161207321695077,3.4339872044851463,8.603282868488623,3.295836866004329
1720,87309b920ffffff,87309b92bffffff,84,7.34054108199411,474,92,6.161207321695077,4.5217885770490405,8.90130405624569,4.430816798843313
1725,87309b920ffffff,87309b933ffffff,6,6.506365542482004,474,6,6.161207321695077,1.791759469228055,8.78068997472395,1.791759469228055
1726,87309b920ffffff,87309b934ffffff,58,6.086238054381186,474,58,6.161207321695077,4.060443010546419,8.713949736383906,4.060443010546419
1729,87309b920ffffff,87309b976ffffff,17,9.40068559737922,474,21,6.161207321695077,3.044522437723423,9.148644271052518,2.833213344056216
1730,87309b920ffffff,87309b9a9ffffff,4,13.957376600026661,474,4,6.161207321695077,1.3862943611198906,9.543835080157857,1.3862943611198906
1731,87309b920ffffff,87309b9acffffff,1,12.986185595591559,474,7,6.161207321695077,1.9459101490553132,9.471718426882818,0.0
1732,87309b920ffffff,87309b9aeffffff,2,15.083790114351697,474,5,6.161207321695077,1.6094379124341003,9.62144223796317,0.6931471805599453
1733,87309b920ffffff,87309baabffffff,5,58.6516274631771,474,5,6.161207321695077,1.6094379124341003,10.979387652109327,1.6094379124341003
1734,87309b926ffffff,873098649ffffff,2,8.676317948726828,154,3,5.0369526024136295,1.0986122886681098,9.068467767824343,0.6931471805599453
1735,87309b926ffffff,87309864dffffff,4,8.072645604230832,154,6,5.0369526024136295,1.791759469228055,8.996360406992869,1.3862943611198906
1736,87309b926ffffff,87309b900ffffff,1,5.958269013333871,154,44,5.0369526024136295,3.784189633918261,8.692703103767935,0.0
1737,87309b926ffffff,87309b904ffffff,9,3.9714550540967006,154,10,5.0369526024136295,2.302585092994046,8.287139584085493,2.1972245773362196
1738,87309b926ffffff,87309b906ffffff,1,5.243740648717619,154,72,5.0369526024136295,4.276666119016055,8.564981072270873,0.0
1739,87309b926ffffff,87309b920ffffff,27,2.2664594295177163,154,27,5.0369526024136295,3.295836866004329,7.726415289665042,3.295836866004329
1740,87309b926ffffff,87309b921ffffff,4,4.533198406927639,154,7,5.0369526024136295,1.9459101490553132,8.419403589908816,1.3862943611198906
1741,87309b926ffffff,87309b922ffffff,19,1.98536538637809,154,20,5.0369526024136295,2.995732273553991,7.594061808739119,2.9444389791664403
1742,87309b926ffffff,87309b923ffffff,31,3.668662208489144,154,31,5.0369526024136295,3.4339872044851463,8.207854895528945,3.4339872044851463
1743,87309b926ffffff,87309b928ffffff,6,7.958693613292543,154,8,5.0369526024136295,2.0794415416798357,8.982145787305244,1.791759469228055
1744,87309b926ffffff,87309b92effffff,7,5.766933983438382,154,13,5.0369526024136295,2.5649493574615367,8.66006923358694,1.9459101490553132
1745,87309b926ffffff,87309b930ffffff,15,4.337113969285937,154,15,5.0369526024136295,2.70805020110221,8.375194963352897,2.70805020110221
1746,87309b926ffffff,87309b931ffffff,4,3.486026103796298,154,5,5.0369526024136295,1.6094379124341003,8.15680453268041,1.3862943611198906
1747,87309b926ffffff,87309b932ffffff,8,6.506454864846185,154,8,5.0369526024136295,2.0794415416798357,8.780703700977773,2.0794415416798357
1748,87309b926ffffff,87309b935ffffff,7,2.1682955764247773,154,8,5.0369526024136295,2.0794415416798357,7.682157774675212,1.9459101490553132
1749,87309b926ffffff,87309b936ffffff,9,5.978559713402074,154,10,5.0369526024136295,2.302585092994046,8.69610221771272,2.1972245773362196
1750,87309b94dffffff,8730994b4ffffff,65,4.337331008179044,94,66,4.543294782270004,4.189654742026425,8.375244992804756,4.174387269895637
1752,87309b94dffffff,87309959affffff,1,5.457266025680426,94,39,4.543294782270004,3.6635616461296463,8.604886440586261,0.0
1753,87309b94dffffff,87309959bffffff,3,6.505205826670886,94,53,4.543294782270004,3.970291913552122,8.780511742971683,1.0986122886681098
1754,87309b94dffffff,87309b948ffffff,2,2.169455568630739,94,31,4.543294782270004,3.4339872044851463,7.68269236396147,0.6931471805599453
1755,87309b94dffffff,87309b94affffff,6,4.339437431850806,94,26,4.543294782270004,3.258096538021482,8.375730412764439,1.791759469228055
1756,87309b94dffffff,87309b94dffffff,11,0.0,94,62,4.543294782270004,4.127134385045092,0.0,2.3978952727983707
1759,87309b94dffffff,87309b96affffff,3,3.677210746230663,94,5,4.543294782270004,1.6094379124341003,8.210181702661032,1.0986122886681098
1761,87309b94dffffff,87309b96dffffff,2,5.248737482357302,94,66,4.543294782270004,4.189654742026425,8.565933350974946,0.6931471805599453
1762,87309b94dffffff,87309b972ffffff,1,13.618095098282424,94,72,4.543294782270004,4.276666119016055,9.51922813831001,0.0
1763,87309b953ffffff,87309b829ffffff,1,3.9827308998582716,195,5,5.272999558563747,1.6094379124341003,8.289974071206911,0.0
1764,87309b953ffffff,87309b82cffffff,7,2.1711301381653607,195,7,5.272999558563747,1.9459101490553132,7.683463595541312,1.9459101490553132
1765,87309b953ffffff,87309b866ffffff,1,7.975491280372303,195,1,5.272999558563747,0.0,8.984253904575821,0.0
1766,87309b953ffffff,87309b940ffffff,1,6.510241260445106,195,22,5.272999558563747,3.091042453358316,8.781285386834673,0.0
1768,87309b953ffffff,87309b946ffffff,95,5.461723545667279,195,137,5.272999558563747,4.919980925828125,8.605702762258444,4.553876891600541
1769,87309b953ffffff,87309b950ffffff,24,1.9902792790557837,195,24,5.272999558563747,3.1780538303479458,7.596532564973425,3.1780538303479458
1773,87309b953ffffff,87309b954ffffff,1,3.9798344529487086,195,4,5.272999558563747,1.3862943611198906,8.289246737847474,0.0
1775,87309b953ffffff,87309b958ffffff,4,4.541092934666863,195,21,5.272999558563747,3.044522437723423,8.421143183633381,1.3862943611198906
1776,87309b953ffffff,87309b95cffffff,37,3.9710250899972825,195,41,5.272999558563747,3.713572066704308,8.287031341861448,3.6109179126442243
1777,87309b953ffffff,87309b95dffffff,24,6.094055434697743,195,28,5.272999558563747,3.332204510175204,8.715233136984388,3.1780538303479458
1779,87309b95dffffff,8730982ccffffff,1,16.17144294248295,106,14,4.663439094112067,2.6390573296152584,9.691064019853975,0.0
1780,87309b95dffffff,873099496ffffff,1,6.813119407155952,106,56,4.663439094112067,4.02535169073515,8.82675212186484,0.0
1781,87309b95dffffff,87309958effffff,1,17.345376845777672,106,5,4.663439094112067,1.6094379124341003,9.761138936234843,0.0
1782,87309b95dffffff,8730995b3ffffff,2,15.838563278658432,106,70,4.663439094112067,4.248495242049359,9.67026609419657,0.6931471805599453
1783,87309b95dffffff,87309b828ffffff,6,8.080398485324663,106,7,4.663439094112067,1.9459101490553132,8.997320216405463,1.791759469228055
1784,87309b95dffffff,87309b82affffff,5,10.208549945920836,106,12,4.663439094112067,2.4849066497880004,9.231078830453658,1.6094379124341003
1785,87309b95dffffff,87309b82bffffff,1,8.685313802087144,106,4,4.663439094112067,1.3862943611198906,9.06950393978356,0.0
1786,87309b95dffffff,87309b864ffffff,9,3.6790206058816555,106,13,4.663439094112067,2.5649493574615367,8.210673630571662,2.1972245773362196
1787,87309b95dffffff,87309b876ffffff,5,7.547884870760031,106,6,4.663439094112067,1.791759469228055,8.929155132097382,1.6094379124341003
1788,87309b95dffffff,87309b940ffffff,7,3.9803214775670956,106,22,4.663439094112067,3.091042453358316,8.289369072708345,1.9459101490553132
1789,87309b95dffffff,87309b941ffffff,8,3.4906051837101693,106,17,4.663439094112067,2.833213344056216,8.158116847483237,2.0794415416798357
1792,87309b95dffffff,87309b944ffffff,4,5.969396320776969,106,15,4.663439094112067,2.70805020110221,8.694568589573013,1.3862943611198906
1793,87309b95dffffff,87309b945ffffff,4,5.2510766361890715,106,17,4.663439094112067,2.833213344056216,8.566378827126789,1.3862943611198906
1794,87309b95dffffff,87309b946ffffff,1,5.459253162548323,106,137,4.663439094112067,4.919980925828125,8.605250434431138,0.0
1795,87309b95dffffff,87309b948ffffff,1,3.970664584450684,106,31,4.663439094112067,3.4339872044851463,8.286940576597038,0.0
1797,87309b95dffffff,87309b94cffffff,1,4.339504297385561,106,42,4.663439094112067,3.7376696182833684,8.375745817898315,0.0
1800,87309b95dffffff,87309b952ffffff,1,8.295182174906794,106,5,4.663439094112067,1.6094379124341003,9.023550709035039,0.0
1801,87309b95dffffff,87309b955ffffff,2,5.777963813004084,106,25,4.663439094112067,3.2188758248682006,8.661979674488878,0.6931471805599453
1802,87309b95dffffff,87309b958ffffff,17,2.1705407694059557,106,21,4.663439094112067,3.044522437723423,7.683192226565364,2.833213344056216
1803,87309b95dffffff,87309b959ffffff,3,1.9912466475671564,106,3,4.663439094112067,1.0986122886681098,7.597018249539414,1.0986122886681098
1804,87309b95dffffff,87309b95affffff,18,4.341606868783351,106,18,4.663439094112067,2.8903717578961645,8.37623010777982,2.8903717578961645
1807,87309b95dffffff,87309b95effffff,3,3.9711441648588064,106,5,4.663439094112067,1.6094379124341003,8.287061319788078,1.0986122886681098
1808,87309b95dffffff,87309b960ffffff,1,9.058729355354592,106,5,4.663439094112067,1.6094379124341003,9.111594526113416,0.0
1809,87309b95dffffff,87309b963ffffff,1,7.132234515839201,106,2,4.663439094112067,0.6931471805599453,8.872520059326142,0.0
1810,87309b95dffffff,87309b964ffffff,1,11.006388921302248,106,7,4.663439094112067,1.9459101490553132,9.306322046395913,0.0
1811,87309b95dffffff,87309b970ffffff,1,9.09069786393615,106,44,4.663439094112067,3.784189633918261,9.115116953440966,0.0
1812,87309b95dffffff,87309bbb4ffffff,1,18.163610290242904,106,17,4.663439094112067,2.833213344056216,9.807230490543684,0.0
1813,87309b961ffffff,873098254ffffff,1,18.073517383470158,288,1,5.662960480135946,0.0,9.802258345894291,0.0
1814,87309b961ffffff,8730982c3ffffff,14,9.080041788123784,288,17,5.662960480135946,2.833213344056216,9.11394419938872,2.6390573296152584
1815,87309b961ffffff,8730982d3ffffff,1,12.429432953177193,288,100,5.662960480135946,4.605170185988092,9.427903015207669,0.0
1816,87309b961ffffff,8730982dbffffff,1,6.805215323953281,288,15,5.662960480135946,2.70805020110221,8.825591491932318,0.0
1817,87309b961ffffff,8730982ddffffff,1,7.344768848496809,288,9,5.662960480135946,2.1972245773362196,8.901879759575909,0.0
1819,87309b961ffffff,87309b830ffffff,1,22.54573352888729,288,5,5.662960480135946,1.6094379124341003,10.023345479843586,0.0
1820,87309b961ffffff,87309b840ffffff,1,18.135040077282678,288,72,5.662960480135946,4.276666119016055,9.805656402004216,0.0
1821,87309b961ffffff,87309b944ffffff,3,4.33654795019152,288,15,5.662960480135946,2.70805020110221,8.375064478993208,1.0986122886681098
1822,87309b961ffffff,87309b94cffffff,1,5.966986068903718,288,42,5.662960480135946,3.7376696182833684,8.694164807581897,0.0
1827,87309b961ffffff,87309b964ffffff,1,3.6732768362784283,288,7,5.662960480135946,1.9459101490553132,8.209111613039397,0.0
1829,87309b961ffffff,87309b968ffffff,82,3.675060518185815,288,83,5.662960480135946,4.418840607796598,8.209596946393876,4.406719247264253
1830,87309b961ffffff,87309b96cffffff,1,2.2689565246610424,288,4,5.662960480135946,1.3862943611198906,7.727515958160344,0.0
1831,87309b961ffffff,87309b96effffff,28,1.9882715497155543,288,52,5.662960480135946,3.9512437185814275,7.595523795284579,3.332204510175204
1832,87309b961ffffff,87309b970ffffff,29,7.936085205208166,288,44,5.662960480135946,3.784189633918261,8.9793013842239,3.367295829986474
1833,87309b961ffffff,87309b971ffffff,16,5.978865280251272,288,42,5.662960480135946,3.7376696182833684,8.696153318304834,2.772588722239781
1835,87309b961ffffff,87309b973ffffff,100,8.072412743749625,288,113,5.662960480135946,4.727387818712341,8.996331564528042,4.605170185988092
1836,87309b961ffffff,87309b975ffffff,7,6.0892559584318455,288,66,5.662960480135946,4.189654742026425,8.71444538911989,1.9459101490553132
1837,87309b96bffffff,8730982daffffff,2,13.729405956879436,195,7,5.272999558563747,1.9459101490553132,9.527368065468357,0.6931471805599453
1838,87309b96bffffff,873099411ffffff,1,17.941830277760918,195,101,5.272999558563747,4.61512051684126,9.794945886701253,0.0
1839,87309b96bffffff,87309959affffff,7,4.336345762262727,195,39,5.272999558563747,3.6635616461296463,8.375017864490362,1.9459101490553132
1840,87309b96bffffff,87309959bffffff,2,5.978967598744229,195,53,5.272999558563747,3.970291913552122,8.696170428659803,0.6931471805599453
1841,87309b96bffffff,87309959effffff,1,5.4556923178752,195,4,5.272999558563747,1.3862943611198906,8.60459808257946,0.0
1842,87309b96bffffff,87309b850ffffff,1,17.82688447841384,195,4,5.272999558563747,1.3862943611198906,9.78851905426162,0.0
1843,87309b96bffffff,87309b900ffffff,2,21.789312220924174,195,44,5.272999558563747,3.784189633918261,9.989220756469521,0.6931471805599453
1844,87309b96bffffff,87309b905ffffff,1,20.419152966610117,195,26,5.272999558563747,3.258096538021482,9.924277582709703,0.0
1845,87309b96bffffff,87309b940ffffff,4,6.091843518403039,195,22,5.272999558563747,3.091042453358316,8.71487016772652,1.3862943611198906
1846,87309b96bffffff,87309b944ffffff,5,6.808874231562129,195,15,5.272999558563747,2.70805020110221,8.826128930773626,1.6094379124341003
1847,87309b96bffffff,87309b948ffffff,2,3.4897674314261016,195,31,5.272999558563747,3.4339872044851463,8.157876885414678,0.6931471805599453
1848,87309b96bffffff,87309b94affffff,1,5.460328196785929,195,26,5.272999558563747,3.258096538021482,8.605447298640762,0.0
1849,87309b96bffffff,87309b94cffffff,3,2.1689629038120857,195,42,5.272999558563747,3.7376696182833684,7.682465351370912,1.0986122886681098
1850,87309b96bffffff,87309b94dffffff,36,1.9900410505409443,195,62,5.272999558563747,4.127134385045092,7.596412921903352,3.58351893845611
1851,87309b96bffffff,87309b94effffff,11,4.338452074801196,195,54,5.272999558563747,3.9889840465642745,8.375503369078436,2.3978952727983707
1852,87309b96bffffff,87309b951ffffff,7,9.91838334887583,195,8,5.272999558563747,2.0794415416798357,9.202246035935046,1.9459101490553132
1853,87309b96bffffff,87309b953ffffff,4,11.96446807486221,195,5,5.272999558563747,1.6094379124341003,9.3897801199168,1.3862943611198906
1854,87309b96bffffff,87309b95cffffff,3,8.075546320155992,195,41,5.272999558563747,3.713572066704308,8.996719624514236,1.0986122886681098
1855,87309b96bffffff,87309b95dffffff,2,6.508467201197647,195,28,5.272999558563747,3.332204510175204,8.781012888719282,0.6931471805599453
1856,87309b96bffffff,87309b961ffffff,1,5.457137010222407,195,46,5.272999558563747,3.828641396489095,8.604862803595653,0.0
1857,87309b96bffffff,87309b963ffffff,1,5.776516268053079,195,2,5.272999558563747,0.6931471805599453,8.661729157904515,0.0
1859,87309b96bffffff,87309b969ffffff,30,2.1684363255196013,195,36,5.272999558563747,3.58351893845611,7.682222654966529,3.4011973816621555
1863,87309b96bffffff,87309b96dffffff,47,3.4876513074379645,195,66,5.272999558563747,4.189654742026425,8.157270495647232,3.8501476017100584
1864,87309b96bffffff,87309b96effffff,18,3.6761356598170782,195,52,5.272999558563747,3.9512437185814275,8.209889374778186,2.8903717578961645
1865,87309b96bffffff,87309b970ffffff,1,11.346743935250188,195,44,5.272999558563747,3.784189633918261,9.336774230927078,0.0
1866,87309b96bffffff,87309b971ffffff,1,9.07794741204354,195,42,5.272999558563747,3.7376696182833684,9.113713541091906,0.0
1867,87309b96bffffff,87309b975ffffff,1,10.195791965200202,195,66,5.272999558563747,4.189654742026425,9.229828436587042,0.0
1868,87309b96effffff,8730982daffffff,3,10.191833132868112,174,7,5.159055299214529,1.9459101490553132,9.229440118276843,1.0986122886681098
1869,87309b96effffff,873099411ffffff,3,20.45765063777343,174,101,5.159055299214529,4.61512051684126,9.92616108609777,1.0986122886681098
1870,87309b96effffff,873099415ffffff,1,20.05041773391272,174,7,5.159055299214529,1.9459101490553132,9.90605514015572,0.0
1871,87309b96effffff,8730994a5ffffff,1,14.371298967601875,174,18,5.159055299214529,2.8903717578961645,9.573057950104571,0.0
1872,87309b96effffff,8730994b5ffffff,1,9.079359256693516,174,9,5.159055299214529,2.1972245773362196,9.113869036527781,0.0
1873,87309b96effffff,8730994b6ffffff,9,5.777522115674903,174,17,5.159055299214529,2.833213344056216,8.661903239642731,2.1972245773362196
1874,87309b96effffff,873099583ffffff,1,10.191500243983889,174,32,5.159055299214529,3.4657359027997265,9.229407458630998,0.0
1875,87309b96effffff,873099586ffffff,4,9.647566148386417,174,16,5.159055299214529,2.772588722239781,9.17456459763365,1.3862943611198906
1876,87309b96effffff,873099590ffffff,2,5.454076338701498,174,4,5.159055299214529,1.3862943611198906,8.604301892431671,0.6931471805599453
1877,87309b96effffff,873099592ffffff,2,3.4863739724803837,174,6,5.159055299214529,1.791759469228055,8.156904288553479,0.6931471805599453
1878,87309b96effffff,87309959affffff,3,6.090363997760469,174,39,5.159055299214529,3.6635616461296463,8.714627308985337,1.0986122886681098
1879,87309b96effffff,87309959bffffff,1,8.291290625952488,174,53,5.159055299214529,3.970291913552122,9.023081521898595,0.0
1880,87309b96effffff,8730995b3ffffff,2,8.89113696800641,174,70,5.159055299214529,4.248495242049359,9.092922678474947,0.6931471805599453
1882,87309b96effffff,87309b943ffffff,2,5.458710734319013,174,3,5.159055299214529,1.0986122886681098,8.60515108827306,0.6931471805599453
1883,87309b96effffff,87309b945ffffff,12,2.168503758419282,174,17,5.159055299214529,2.833213344056216,7.682253737626525,2.4849066497880004
1884,87309b96effffff,87309b948ffffff,22,5.969157502856916,174,31,5.159055299214529,3.4339872044851463,8.694528588426731,3.091042453358316
1885,87309b96effffff,87309b94affffff,3,7.133009486282316,174,26,5.159055299214529,3.258096538021482,8.87262869564634,1.0986122886681098
1886,87309b96effffff,87309b94cffffff,6,3.9787145191881637,174,42,5.159055299214529,3.7376696182833684,8.288965366858651,1.791759469228055
1887,87309b96effffff,87309b94dffffff,2,5.458916656011958,174,62,5.159055299214529,4.127134385045092,8.605188804155773,0.6931471805599453
1888,87309b96effffff,87309b94effffff,41,5.249681021363584,174,54,5.159055299214529,3.9889840465642745,8.56611306552794,3.713572066704308
1889,87309b96effffff,87309b961ffffff,42,1.9882715497155543,174,46,5.159055299214529,3.828641396489095,7.595523795284579,3.7376696182833684
1890,87309b96effffff,87309b962ffffff,1,4.538030415900667,174,9,5.159055299214529,2.1972245773362196,8.4204687034476,0.0
1891,87309b96effffff,87309b965ffffff,4,3.975819303245305,174,5,5.159055299214529,1.6094379124341003,8.288237608733002,1.3862943611198906
1893,87309b96effffff,87309b969ffffff,2,4.539131293945087,174,36,5.159055299214529,3.58351893845611,8.4207112099884,0.6931471805599453
1897,87309b96effffff,87309b96dffffff,4,3.968037045612371,174,66,5.159055299214529,4.189654742026425,8.28627878647908,1.3862943611198906
1899,87309b972ffffff,8730982d3ffffff,7,7.9480834896819665,200,100,5.298317366548036,4.605170185988092,8.980811916685896,1.9459101490553132
1900,87309b972ffffff,8730982deffffff,1,7.124762011517849,200,47,5.298317366548036,3.8501476017100584,8.871471948403178,0.0
1901,87309b972ffffff,87309b832ffffff,1,15.19855920600874,200,11,5.298317366548036,2.3978952727983707,9.629021706809183,0.0
1902,87309b972ffffff,87309b909ffffff,90,2.1696515441001587,200,93,5.298317366548036,4.532599493153256,7.682782652205674,4.499809670330265
1903,87309b972ffffff,87309b90dffffff,9,2.2687140878570125,200,10,5.298317366548036,2.302585092994046,7.727409150056871,2.1972245773362196
1904,87309b972ffffff,87309b944ffffff,1,6.090728877645721,200,15,5.298317366548036,2.70805020110221,8.714687208370345,0.0
1905,87309b972ffffff,87309b946ffffff,8,4.538260358364109,200,137,5.298317366548036,4.919980925828125,8.420519361103146,2.0794415416798357
1907,87309b972ffffff,87309b955ffffff,2,3.6747409748784823,200,25,5.298317366548036,3.2188758248682006,8.209510017140458,0.6931471805599453
1908,87309b972ffffff,87309b956ffffff,5,3.4900145295826412,200,54,5.298317366548036,3.9889840465642745,8.157947669108017,1.6094379124341003
1910,87309b972ffffff,87309b971ffffff,23,3.968877980324552,200,42,5.298317366548036,3.7376696182833684,8.286490637774271,3.1354942159291497
1914,87309b972ffffff,87309b975ffffff,53,4.3377290647494995,200,66,5.298317366548036,4.189654742026425,8.375336741984176,3.970291913552122
1916,87309b974ffffff,8730982c2ffffff,4,7.120394499429045,158,4,5.062595033026967,1.3862943611198906,8.870858841889993,1.3862943611198906
1917,87309b974ffffff,8730982d0ffffff,7,7.334993597988806,158,18,5.062595033026967,2.8903717578961645,8.900548141251733,1.9459101490553132
1918,87309b974ffffff,8730982d3ffffff,1,5.4499765787234224,158,100,5.062595033026967,4.605170185988092,8.603550060361494,0.0
1919,87309b974ffffff,8730982d4ffffff,15,9.261265523226383,158,71,5.062595033026967,4.2626798770413155,9.133703954652493,2.70805020110221
1922,87309b974ffffff,8730982deffffff,2,3.9732394687059247,158,47,5.062595033026967,3.8501476017100584,8.287588680155334,0.6931471805599453
1923,87309b974ffffff,8730982f0ffffff,12,11.911030482460692,158,16,5.062595033026967,2.772588722239781,9.385304133331415,2.4849066497880004
1924,87309b974ffffff,87309864bffffff,3,20.05134024033326,158,4,5.062595033026967,1.3862943611198906,9.906101146139564,1.0986122886681098
1925,87309b974ffffff,87309b90dffffff,1,4.33779277817886,158,10,5.062595033026967,2.302585092994046,8.375351426690367,0.0
1927,87309b974ffffff,87309b92bffffff,1,3.968041268135995,158,92,5.062595033026967,4.5217885770490405,8.28627985034453,0.0
1929,87309b974ffffff,87309b966ffffff,4,3.967565982404913,158,11,5.062595033026967,2.3978952727983707,8.286160094927904,1.3862943611198906
1930,87309b974ffffff,87309b970ffffff,11,1.9877057593794931,158,44,5.062595033026967,3.784189633918261,7.595239333963705,2.3978952727983707
1931,87309b974ffffff,87309b972ffffff,70,3.487900395934003,158,72,5.062595033026967,4.276666119016055,8.157341892752331,4.248495242049359
1932,87309b974ffffff,87309b973ffffff,12,3.976135547129502,158,113,5.062595033026967,4.727387818712341,8.288317127385122,2.4849066497880004
1936,87309b974ffffff,87309ba2effffff,14,45.677046656199856,158,16,5.062595033026967,2.772588722239781,10.729373081948866,2.6390573296152584
1937,87309b974ffffff,87309bb1affffff,1,36.42313518517837,158,1,5.062595033026967,0.0,10.50298688843916,0.0
1938,87309b976ffffff,873098283ffffff,1,16.38098718630103,257,5,5.54907608489522,1.6094379124341003,9.70393766789364,0.0
1939,87309b976ffffff,8730982d0ffffff,1,7.945187218703304,257,18,5.54907608489522,2.8903717578961645,8.980447497474188,0.0
1940,87309b976ffffff,8730982d1ffffff,16,7.122189876893942,257,65,5.54907608489522,4.174387269895637,8.871110920494319,2.772588722239781
1941,87309b976ffffff,8730982d3ffffff,79,5.9599765037790595,257,100,5.54907608489522,4.605170185988092,8.69298958955456,4.3694478524670215
1942,87309b976ffffff,8730982daffffff,1,3.48676935480904,257,7,5.54907608489522,1.9459101490553132,8.157017657501049,0.0
1943,87309b976ffffff,8730982dbffffff,14,4.336743379564103,257,15,5.54907608489522,2.70805020110221,8.375109533243306,2.6390573296152584
1944,87309b976ffffff,8730982deffffff,8,5.244168971469388,257,47,5.54907608489522,3.8501476017100584,8.565062736034912,2.0794415416798357
1945,87309b976ffffff,87309b825ffffff,1,6.97988067139126,257,8,5.54907608489522,2.0794415416798357,8.850930358483993,0.0
1946,87309b976ffffff,87309b830ffffff,3,13.95385210312245,257,5,5.54907608489522,1.6094379124341003,9.543582547786167,1.0986122886681098
1947,87309b976ffffff,87309b832ffffff,10,16.110649332255367,257,11,5.54907608489522,2.3978952727983707,9.68729785033814,2.302585092994046
1948,87309b976ffffff,87309b834ffffff,1,13.022809144231283,257,1,5.54907608489522,0.0,9.474534433975803,0.0
1949,87309b976ffffff,87309b901ffffff,1,6.089601308580941,257,5,5.54907608489522,1.6094379124341003,8.714502092870967,0.0
1952,87309b976ffffff,87309b913ffffff,1,13.87346424527477,257,3,5.54907608489522,1.0986122886681098,9.537805324915967,0.0
1953,87309b976ffffff,87309b929ffffff,2,1.9873829041979156,257,73,5.54907608489522,4.290459441148391,7.595076976415459,0.6931471805599453
1954,87309b976ffffff,87309b92bffffff,1,2.2682416348375627,257,92,5.54907608489522,4.5217885770490405,7.727200973088413,0.0
1955,87309b976ffffff,87309b92dffffff,5,3.9740417356269866,257,6,5.54907608489522,1.791759469228055,8.287790526562114,1.6094379124341003
1956,87309b976ffffff,87309b946ffffff,31,5.773972203545999,257,137,5.54907608489522,4.919980925828125,8.661288722139622,3.4339872044851463
1957,87309b976ffffff,87309b94affffff,1,13.071710625962021,257,26,5.54907608489522,3.258096538021482,9.478282178073394,0.0
1958,87309b976ffffff,87309b952ffffff,3,7.13170196793744,257,5,5.54907608489522,1.6094379124341003,8.872445399257018,1.0986122886681098
1959,87309b976ffffff,87309b953ffffff,1,7.956772514838676,257,5,5.54907608489522,1.6094379124341003,8.981904404858097,0.0
1961,87309b976ffffff,87309b955ffffff,18,5.455319691082964,257,25,5.54907608489522,3.2188758248682006,8.604529792213414,2.8903717578961645
1962,87309b976ffffff,87309b956ffffff,45,5.249260349347214,257,54,5.54907608489522,3.9889840465642745,8.56603294470796,3.8066624897703196
1963,87309b976ffffff,87309b95effffff,1,9.27737450146319,257,5,5.54907608489522,1.6094379124341003,9.135441648957423,0.0
1964,87309b976ffffff,87309b966ffffff,1,5.978806387139411,257,11,5.54907608489522,2.3978952727983707,8.696143469688,0.0
1972,87309b976ffffff,87309b9adffffff,10,14.048486235163713,257,30,5.54907608489522,3.4011973816621555,9.550341107201044,2.302585092994046
1973,87309b976ffffff,87309bb11ffffff,1,32.87559066051648,257,2,5.54907608489522,0.6931471805599453,10.40051615342031,0.0
1974,87309bac5ffffff,873099482ffffff,3,40.40910120160762,515,5,6.244166900663736,1.6094379124341003,10.606835062439778,1.0986122886681098
1975,87309bac5ffffff,873099495ffffff,1,41.75037241174613,515,6,6.244166900663736,1.791759469228055,10.639487601876356,0.0
1976,87309bac5ffffff,8730994a5ffffff,1,46.87955328652537,515,18,6.244166900663736,2.8903717578961645,10.755358226368223,0.0
1977,87309bac5ffffff,8730994acffffff,1,43.9170927264122,515,3,6.244166900663736,1.0986122886681098,10.690081649156962,0.0
1978,87309bac5ffffff,8730994b6ffffff,1,47.08834461548544,515,17,6.244166900663736,2.833213344056216,10.75980202544029,0.0
1979,87309bac5ffffff,8730994daffffff,1,28.68176780931126,515,3,6.244166900663736,1.0986122886681098,10.264051796657904,0.0
1980,87309bac5ffffff,8730994dcffffff,1,32.0155670220302,515,5,6.244166900663736,1.6094379124341003,10.374008767249837,0.0
1981,87309bac5ffffff,873099583ffffff,3,53.06951911357192,515,32,6.244166900663736,3.4657359027997265,10.879376857450602,1.0986122886681098
1982,87309bac5ffffff,873099591ffffff,22,53.59254779295015,515,85,6.244166900663736,4.442651256490317,10.889183962815803,3.091042453358316
1983,87309bac5ffffff,8730995a0ffffff,1,59.86880883728029,515,7,6.244166900663736,1.9459101490553132,10.999927630950884,0.0
1984,87309bac5ffffff,87309b80cffffff,2,47.99005317479973,515,2,6.244166900663736,0.6931471805599453,10.778769880325171,0.6931471805599453
1985,87309bac5ffffff,87309b829ffffff,1,47.538794726703394,515,5,6.244166900663736,1.6094379124341003,10.769322422997908,0.0
1986,87309bac5ffffff,87309b82affffff,1,49.67985098046609,515,12,6.244166900663736,2.4849066497880004,10.813374845697092,0.0
1987,87309bac5ffffff,87309b841ffffff,1,36.55020471383056,515,114,6.244166900663736,4.736198448394496,10.50646942534145,0.0
1988,87309bac5ffffff,87309b862ffffff,1,42.018495799278234,515,1,6.244166900663736,0.0,10.645888975261753,0.0
1989,87309bac5ffffff,87309b8e4ffffff,1,45.15973227508845,515,1,6.244166900663736,0.0,10.717983233258098,0.0
1990,87309bac5ffffff,87309b92affffff,2,61.995384491703135,515,31,6.244166900663736,3.4339872044851463,11.034831347676914,0.6931471805599453
1991,87309bac5ffffff,87309b92effffff,5,63.80623705459811,515,13,6.244166900663736,2.5649493574615367,11.063621896357443,1.6094379124341003
1992,87309bac5ffffff,87309b969ffffff,1,49.05051925675372,515,36,6.244166900663736,3.58351893845611,10.800626438147958,0.0
1994,87309bac5ffffff,87309ba04ffffff,1,15.272124190994244,515,1,6.244166900663736,0.0,9.633849973945377,0.0
1995,87309bac5ffffff,87309ba05ffffff,42,14.027629517463046,515,42,6.244166900663736,3.7376696182833684,9.548855486034693,3.7376696182833684
1996,87309bac5ffffff,87309ba08ffffff,52,9.126831479507464,515,52,6.244166900663736,3.9512437185814275,9.119083429441982,3.9512437185814275
1997,87309bac5ffffff,87309ba09ffffff,33,8.74748881414273,515,33,6.244166900663736,3.4965075614664802,9.07663625748098,3.4965075614664802
2000,87309bac5ffffff,87309ba0cffffff,18,11.090106033177959,515,18,6.244166900663736,2.8903717578961645,9.313898807849183,2.8903717578961645
2002,87309bac5ffffff,87309ba18ffffff,1,9.15621156121494,515,1,6.244166900663736,0.0,9.122296996610086,0.0
2004,87309bac5ffffff,87309ba1bffffff,5,7.40263979271053,515,5,6.244166900663736,1.6094379124341003,8.909727022146676,1.6094379124341003
2006,87309bac5ffffff,87309ba20ffffff,3,18.029012282950053,515,3,6.244166900663736,1.0986122886681098,9.799792997447828,1.0986122886681098
2008,87309bac5ffffff,87309ba25ffffff,3,19.018624732321683,515,3,6.244166900663736,1.0986122886681098,9.853226605742893,1.0986122886681098
2009,87309bac5ffffff,87309ba2affffff,2,13.064675406723634,515,2,6.244166900663736,0.6931471805599453,9.477743872502463,0.6931471805599453
2010,87309bac5ffffff,87309ba2effffff,2,15.045804647280011,515,16,6.244166900663736,2.772588722239781,9.618920931839485,0.6931471805599453
2011,87309bac5ffffff,87309ba50ffffff,41,7.576150090095742,515,41,6.244166900663736,3.713572066704308,8.932892430379205,3.713572066704308
2013,87309bac5ffffff,87309ba53ffffff,22,6.5342127755844,515,22,6.244166900663736,3.091042453358316,8.784960184913801,3.091042453358316
2014,87309bac5ffffff,87309ba54ffffff,24,8.951525111384637,515,24,6.244166900663736,3.1780538303479458,9.099690906826446,3.1780538303479458
2016,87309bac5ffffff,87309ba73ffffff,1,10.973266262519548,515,1,6.244166900663736,0.0,9.30330838035716,0.0
2019,87309bac5ffffff,87309bac2ffffff,1,4.358786442022278,515,1,6.244166900663736,0.0,8.38017835395591,0.0
2020,87309bac5ffffff,87309bac3ffffff,51,3.5142642845418544,515,51,6.244166900663736,3.9318256327243257,8.16486998905469,3.9318256327243257
2024,87309bac5ffffff,87309badcffffff,9,5.493602392237408,515,10,6.244166900663736,2.302585092994046,8.611521506119185,2.1972245773362196
2025,87309bac5ffffff,87309baddffffff,2,5.29307699497384,515,2,6.244166900663736,0.6931471805599453,8.574343926499541,0.6931471805599453
2026,87309bac5ffffff,87309badeffffff,1,7.584402467611363,515,1,6.244166900663736,0.0,8.933980951365239,0.0
2035,87309bac5ffffff,87309baeaffffff,95,2.2814087973389734,515,95,6.244166900663736,4.553876891600541,7.732986654316578,4.553876891600541
2038,87309bac5ffffff,87309baf0ffffff,3,6.842611005967118,515,4,6.244166900663736,1.3862943611198906,8.831070796162292,1.0986122886681098
2039,87309bac5ffffff,87309baf3ffffff,48,6.11685802840595,515,48,6.244166900663736,3.871201010907891,8.718967318885197,3.871201010907891
2040,87309bac5ffffff,87309bb0cffffff,1,24.989053581207266,515,4,6.244166900663736,1.3862943611198906,10.126233167932632,0.0
2041,87309bac5ffffff,87309bb15ffffff,1,28.004800964114526,515,3,6.244166900663736,1.0986122886681098,10.240166944988895,0.0
2042,87309bac5ffffff,87309bb19ffffff,1,21.23542604761333,515,5,6.244166900663736,1.6094379124341003,9.963473196019422,0.0
2043,87309bac5ffffff,87309bb35ffffff,2,32.483179902878184,515,20,6.244166900663736,2.995732273553991,10.388508477586639,0.6931471805599453
