,origin,destination,flow,cost,O,D,log_O,log_D,log_cost,log_flow
4,87309a080ffffff,87309a085ffffff,11,2.0740038591844216,232,11,5.44673737166631,2.3978952727983707,7.637718292510983,2.3978952727983707
6,87309a080ffffff,87309a088ffffff,9,5.783525690716394,232,10,5.44673737166631,2.302585092994046,8.662941646761942,2.1972245773362196
7,87309a080ffffff,87309a08affffff,1,6.040472704493474,232,3,5.44673737166631,1.0986122886681098,8.70640308645558,0.0
10,87309a080ffffff,87309a090ffffff,1,5.306968157016909,232,93,5.44673737166631,4.532599493153256,8.576964396379264,0.0
11,87309a080ffffff,87309a091ffffff,10,4.150005085337035,232,41,5.44673737166631,3.713572066704308,8.331105773139505,2.302585092994046
12,87309a080ffffff,87309a094ffffff,26,5.317055519854195,232,73,5.44673737166631,4.290459441148391,8.578863011736095,3.258096538021482
13,87309a080ffffff,87309a095ffffff,26,3.4557942377178117,232,59,5.44673737166631,4.07753744390572,8.148096917675177,3.258096538021482
14,87309a080ffffff,87309a096ffffff,5,6.9137872242764145,232,14,5.44673737166631,2.6390573296152584,8.841417473455731,1.6094379124341003
15,87309a080ffffff,87309a099ffffff,1,6.937814991922546,232,3,5.44673737166631,1.0986122886681098,8.844886288477896,0.0
16,87309a080ffffff,87309a09cffffff,2,3.868866795099174,232,33,5.44673737166631,3.4965075614664802,8.260975365560435,0.6931471805599453
17,87309a080ffffff,87309a0a4ffffff,1,8.267356656273385,232,6,5.44673737166631,1.791759469228055,9.020191056817755,0.0
18,87309a080ffffff,87309a0aaffffff,76,3.4535955536795018,232,91,5.44673737166631,4.51085950651685,8.147460668185902,4.330733340286331
21,87309a080ffffff,87309a0b3ffffff,1,4.167181868418216,232,15,5.44673737166631,2.70805020110221,8.335235216938592,0.0
22,87309a080ffffff,87309a0b6ffffff,1,7.784851955650959,232,25,5.44673737166631,3.2188758248682006,8.960063513816879,0.0
23,87309a080ffffff,87309a18effffff,1,12.82607041807798,232,5,5.44673737166631,1.6094379124341003,9.459313093117009,0.0
24,87309a080ffffff,87309a42cffffff,43,19.36388470352258,232,61,5.44673737166631,4.110873864173311,9.871216638072237,3.7612001156935624
25,87309a080ffffff,87309a42dffffff,10,17.465540567958683,232,22,5.44673737166631,3.091042453358316,9.768042362223285,2.302585092994046
26,87309a080ffffff,87309a546ffffff,1,16.684486079507398,232,47,5.44673737166631,3.8501476017100584,9.722294523485571,0.0
27,87309a080ffffff,87309a549ffffff,2,7.300559285119235,232,16,5.44673737166631,2.772588722239781,8.895843205028365,0.6931471805599453
28,87309a080ffffff,87309a54cffffff,2,10.422880261469967,232,57,5.44673737166631,4.04305126783455,9.25185463192654,0.6931471805599453
29,87309a080ffffff,87309a55cffffff,1,14.610363335525076,232,124,5.44673737166631,4.820281565605037,9.589554815622161,0.0
30,87309a080ffffff,8741966a3ffffff,1,50.42940575113624,232,10,5.44673737166631,2.302585092994046,10.828349560867002,0.0
31,87309a099ffffff,87309a082ffffff,3,6.041348916855834,92,21,4.5217885770490405,3.044522437723423,8.706548108848553,1.0986122886681098
32,87309a099ffffff,87309a083ffffff,3,4.625221980524123,92,8,4.5217885770490405,2.0794415416798357,8.439495827053896,1.0986122886681098
34,87309a099ffffff,87309a08dffffff,30,6.221913399578437,92,53,4.5217885770490405,3.970291913552122,8.735993468287017,3.4011973816621555
35,87309a099ffffff,87309a08effffff,8,3.868647345149667,92,15,4.5217885770490405,2.70805020110221,8.260918656587343,2.0794415416798357
41,87309a099ffffff,87309a09cffffff,13,3.8817388847425494,92,33,4.5217885770490405,3.4965075614664802,8.264296081717942,2.5649493574615367
44,87309a099ffffff,87309a0a9ffffff,1,9.766450725653945,92,2,4.5217885770490405,0.6931471805599453,9.186810782192053,0.0
45,87309a099ffffff,87309a548ffffff,2,13.559969011548088,92,44,4.5217885770490405,3.784189633918261,9.51495101996979,0.6931471805599453
46,87309a099ffffff,87309a54affffff,1,13.931556192087747,92,12,4.5217885770490405,2.4849066497880004,9.541983552601733,0.0
47,87309a099ffffff,87309a54cffffff,10,15.413985707265269,92,57,4.5217885770490405,4.04305126783455,9.643095413123277,2.302585092994046
48,87309a099ffffff,87309a54dffffff,1,13.501315181701184,92,34,4.5217885770490405,3.5263605246161616,9.510616444663773,0.0
49,87309a099ffffff,87309a554ffffff,1,23.756133481791533,92,8,4.5217885770490405,2.0794415416798357,10.07563812149268,0.0
50,87309a099ffffff,87309a55dffffff,1,16.001069223975254,92,47,4.5217885770490405,3.8501476017100584,9.680473319358422,0.0
51,87309a099ffffff,87309a55effffff,13,18.767665530884788,92,45,4.5217885770490405,3.8066624897703196,9.839944031202554,2.5649493574615367
52,87309a099ffffff,87309a564ffffff,1,25.40216032249206,92,6,4.5217885770490405,1.791759469228055,10.142628867412192,0.0
53,87309a099ffffff,87309a726ffffff,2,2.312627750438999,92,27,4.5217885770490405,3.295836866004329,7.746572026376866,0.6931471805599453
54,87309a099ffffff,87309a734ffffff,1,4.151268574430414,92,18,4.5217885770490405,2.8903717578961645,8.331410108310163,0.0
55,87309a099ffffff,87309a735ffffff,1,3.8699061649082895,92,77,4.5217885770490405,4.343805421853684,8.261243909753821,0.0
56,87309a0a3ffffff,87309a016ffffff,28,5.7565293019230355,147,30,4.990432586778736,3.4011973816621555,8.658263721030224,3.332204510175204
58,87309a0a3ffffff,87309a0a1ffffff,18,2.0731262074533623,147,76,4.990432586778736,4.330733340286331,7.637295239133502,2.8903717578961645
64,87309a0a3ffffff,87309a0aeffffff,23,2.08234437183114,147,105,4.990432586778736,4.653960350157523,7.641729752527247,3.1354942159291497
66,87309a0a3ffffff,87309a18affffff,62,6.936532233561269,147,63,4.990432586778736,4.143134726391533,8.844701404322997,4.127134385045092
68,87309a0a3ffffff,87309a198ffffff,5,7.765992511799486,147,11,4.990432586778736,2.3978952727983707,8.957638304314571,1.6094379124341003
71,87309a0a3ffffff,87309a55dffffff,11,13.831932997612725,147,47,4.990432586778736,3.8501476017100584,9.534807477200301,2.3978952727983707
72,87309a0a5ffffff,87309a010ffffff,1,3.451376872378196,161,3,5.081404364984463,1.0986122886681098,8.146818221324743,0.0
73,87309a0a5ffffff,87309a012ffffff,1,2.082082788711847,161,2,5.081404364984463,0.6931471805599453,7.64160418541204,0.0
76,87309a0a5ffffff,87309a0a1ffffff,55,2.311816853981439,161,76,5.081404364984463,4.330733340286331,7.746221477938399,4.007333185232471
82,87309a0a5ffffff,87309a0aeffffff,80,4.623647711480426,161,105,5.081404364984463,4.653960350157523,8.439155476554687,4.382026634673881
83,87309a0a5ffffff,87309a0b0ffffff,2,7.275103452375166,161,13,5.081404364984463,2.5649493574615367,8.892350757840283,0.6931471805599453
84,87309a0a5ffffff,87309a0b1ffffff,1,6.220741518196969,161,18,5.081404364984463,2.8903717578961645,8.73580513339261,0.0
86,87309a0a5ffffff,87309a0b6ffffff,18,8.70932309155384,161,25,5.081404364984463,3.2188758248682006,9.072264163481629,2.8903717578961645
89,87309a0a5ffffff,87309a18effffff,1,6.04118594244394,161,5,5.081404364984463,1.6094379124341003,8.706521136455523,0.0
90,87309a0a5ffffff,87309a198ffffff,1,6.250186623940053,161,11,5.081404364984463,2.3978952727983707,8.74052658453976,0.0
93,87309a0a5ffffff,87309a569ffffff,1,8.721030467593042,161,106,5.081404364984463,4.663439094112067,9.073607341585449,0.0
98,87309a0b0ffffff,87309a0a4ffffff,2,6.2221044590415575,114,6,4.736198448394496,1.791759469228055,8.73602417039034,0.6931471805599453
99,87309a0b0ffffff,87309a0a6ffffff,1,4.148736032726529,114,1,4.736198448394496,0.0,8.33080000462984,0.0
108,87309a0b0ffffff,87309a511ffffff,1,26.00670465350275,114,11,4.736198448394496,2.3978952727983707,10.166148105932749,0.0
109,87309a0b0ffffff,87309a541ffffff,2,7.305854620229865,114,8,4.736198448394496,2.0794415416798357,8.896568175634602,0.6931471805599453
110,87309a0b0ffffff,87309a548ffffff,1,5.309767560942025,114,44,4.736198448394496,3.784189633918261,8.577491653872872,0.0
111,87309a0b0ffffff,87309a54cffffff,5,5.320808847762586,114,57,4.736198448394496,4.04305126783455,8.579568533523666,1.6094379124341003
113,87309a0b0ffffff,87309a569ffffff,100,3.8847636201850317,114,106,4.736198448394496,4.663439094112067,8.265074799519326,4.605170185988092
115,87309a0b0ffffff,87309a571ffffff,1,12.518485193056916,114,14,4.736198448394496,2.6390573296152584,9.435041525043268,0.0
116,87309a0b0ffffff,87309acd3ffffff,1,21.37162793796141,114,2,4.736198448394496,0.6931471805599453,9.969866313984305,0.0
117,87309a0d0ffffff,87309a089ffffff,1,3.8784736642318385,627,7,6.440946540632921,1.9459101490553132,8.26345476986705,0.0
118,87309a0d0ffffff,87309a08bffffff,42,4.161128167681543,627,49,6.440946540632921,3.8918202981106265,8.333781801213103,3.7376696182833684
120,87309a0d0ffffff,87309a0c2ffffff,90,3.44922093637972,627,92,6.440946540632921,4.5217885770490405,8.146193547505316,4.499809670330265
122,87309a0d0ffffff,87309a0c4ffffff,86,6.215824455083705,627,88,6.440946540632921,4.477336814478207,8.735014517596552,4.454347296253507
123,87309a0d0ffffff,87309a0c5ffffff,44,7.2647787017650565,627,54,6.440946540632921,3.9889840465642745,8.8909307556376,3.784189633918261
127,87309a0d0ffffff,87309a0d2ffffff,1,2.0732718273093305,627,2,6.440946540632921,0.6931471805599453,7.637365444477738,0.0
133,87309a0d0ffffff,87309a0deffffff,31,3.8772641722426515,627,31,6.440946540632921,3.4339872044851463,8.263142954225819,3.4339872044851463
134,87309a0d0ffffff,87309a0eeffffff,3,9.27727728554893,627,6,6.440946540632921,1.791759469228055,9.135431171214414,1.0986122886681098
135,87309a0d0ffffff,87309a0f0ffffff,12,6.022957088734974,627,13,6.440946540632921,2.5649493574615367,8.703499646070389,2.4849066497880004
136,87309a0d0ffffff,87309a0f1ffffff,66,5.756162478768282,627,67,6.440946540632921,4.204692619390966,8.658200007096431,4.189654742026425
137,87309a0d0ffffff,87309a0f2ffffff,11,4.622300106717686,627,12,6.440946540632921,2.4849066497880004,8.43886403789202,2.3978952727983707
139,87309a0d0ffffff,87309a442ffffff,1,20.74149861455817,627,91,6.440946540632921,4.51085950651685,9.939939947746016,0.0
140,87309a0d0ffffff,87309a451ffffff,9,22.499171975709967,627,48,6.440946540632921,3.871201010907891,10.02127823152819,2.1972245773362196
141,87309a0d0ffffff,87309a45affffff,1,23.187144509875708,627,37,6.440946540632921,3.6109179126442243,10.051396414537656,0.0
142,87309a0d0ffffff,87309a56affffff,3,23.345647083754987,627,30,6.440946540632921,3.4011973816621555,10.058208658942991,1.0986122886681098
143,87309a0d0ffffff,87309a720ffffff,57,5.30136498904918,627,66,6.440946540632921,4.189654742026425,8.575908224360637,4.04305126783455
144,87309a0d0ffffff,87309a721ffffff,1,4.147208627724302,627,5,6.440946540632921,1.6094379124341003,8.33043186406444,0.0
145,87309a0d0ffffff,87309a723ffffff,1,6.221810281463799,627,182,6.440946540632921,5.204006687076795,8.735976897436291,0.0
146,87309a0d0ffffff,87309a724ffffff,4,5.309540886719855,627,6,6.440946540632921,1.791759469228055,8.577448970954224,1.3862943611198906
147,87309a0d0ffffff,87309a725ffffff,61,3.4514195339222637,627,72,6.440946540632921,4.276666119016055,8.1468305783999,4.110873864173311
148,87309a0d0ffffff,87309a726ffffff,5,6.905037740410419,627,27,6.440946540632921,3.295836866004329,8.84015134280764,1.6094379124341003
149,87309a0d0ffffff,87309a729ffffff,1,6.93352619843045,627,10,6.440946540632921,2.302585092994046,8.84426801007331,0.0
150,87309a0d0ffffff,87309a72cffffff,66,3.8672903916213377,627,77,6.440946540632921,4.343805421853684,8.260567929148483,4.189654742026425
151,87309a0d0ffffff,87309a72effffff,29,5.759883106922507,627,31,6.440946540632921,3.4339872044851463,8.658846059112106,3.367295829986474
152,87309a0d0ffffff,87419672affffff,1,72.72888316458766,627,5,6.440946540632921,1.6094379124341003,11.194507626720618,0.0
153,87309a40affffff,87309a402ffffff,2,5.801915224393176,81,2,4.394449154672439,0.6931471805599453,8.666115695156304,0.6931471805599453
154,87309a40affffff,87309a408ffffff,7,2.081812840075793,81,21,4.394449154672439,3.044522437723423,7.641474586084315,1.9459101490553132
155,87309a40affffff,87309a409ffffff,3,3.467902985658585,81,25,4.394449154672439,3.2188758248682006,8.15159368049584,1.0986122886681098
158,87309a40affffff,87309a40dffffff,4,4.162960506193024,81,70,4.394449154672439,4.248495242049359,8.334221945106073,1.3862943611198906
159,87309a40affffff,87309a40effffff,3,2.3173897763286133,81,11,4.394449154672439,2.3978952727983707,7.748628161760548,1.0986122886681098
161,87309a40affffff,87309a41bffffff,1,4.165620698059384,81,8,4.394449154672439,2.0794415416798357,8.334860602095677,0.0
163,87309a40affffff,87309a450ffffff,28,6.266123732428156,81,36,4.394449154672439,3.58351893845611,8.743072793515998,3.332204510175204
164,87309a40affffff,87309a451ffffff,1,8.353516538051817,81,48,4.394449154672439,3.871201010907891,9.03055757437043,0.0
165,87309a40affffff,87309a453ffffff,3,7.798717123089295,81,20,4.394449154672439,2.995732273553991,8.961842745749443,1.0986122886681098
166,87309a40affffff,87309a454ffffff,1,5.332848852518261,81,6,4.394449154672439,1.791759469228055,8.58182836772972,0.0
168,87309a40affffff,87309a4dcffffff,1,14.322116483347939,81,5,4.394449154672439,1.6094379124341003,9.569630048355044,0.0
169,87309a40affffff,87309a4ddffffff,1,15.158468880947956,81,5,4.394449154672439,1.6094379124341003,9.626380624344387,0.0
170,87309a40affffff,87309a4deffffff,1,15.925029968637574,81,1,4.394449154672439,0.0,9.675710154558528,0.0
171,87309a40affffff,87309a4e0ffffff,11,4.634812974681472,81,25,4.394449154672439,3.2188758248682006,8.441566861687615,2.3978952727983707
173,87309a40affffff,87309a4e5ffffff,1,3.890278484148574,81,8,4.394449154672439,2.0794415416798357,8.266493041780057,0.0
174,87309a40affffff,87309a4e6ffffff,10,3.879350285465953,81,51,4.394449154672439,3.9318256327243257,8.263680708301614,2.302585092994046
175,87309a40affffff,87309a4f5ffffff,1,5.780206404378716,81,50,4.394449154672439,3.912023005428146,8.66236766036808,0.0
176,87309a40affffff,87309a5a3ffffff,1,21.263414955189393,81,97,4.394449154672439,4.574710978503383,9.964790295209076,0.0
177,87309a40affffff,8741964edffffff,1,29.464265089889516,81,1,4.394449154672439,0.0,10.29096739400363,0.0
178,87309a40bffffff,87309a01bffffff,2,31.85854649504009,88,2,4.477336814478207,0.6931471805599453,10.369092349057649,0.6931471805599453
179,87309a40bffffff,87309a095ffffff,1,18.626594376222123,88,59,4.477336814478207,4.07753744390572,9.832399328914692,0.0
185,87309a40bffffff,87309a40dffffff,63,3.877525908108242,88,70,4.477336814478207,4.248495242049359,8.263210439838549,4.143134726391533
187,87309a40bffffff,87309a418ffffff,4,5.3361457524221825,88,11,4.477336814478207,2.3978952727983707,8.582446285764709,1.3862943611198906
188,87309a40bffffff,87309a419ffffff,1,3.469005276514877,88,10,4.477336814478207,2.302585092994046,8.151911393549224,0.0
189,87309a40bffffff,87309a41bffffff,2,5.3275302733625916,88,8,4.477336814478207,2.0794415416798357,8.58083073304913,0.6931471805599453
190,87309a40bffffff,87309a41cffffff,3,6.270067522067878,88,13,4.477336814478207,2.5649493574615367,8.743701877837609,1.0986122886681098
192,87309a40bffffff,87309a456ffffff,7,2.088707957011248,88,21,4.477336814478207,3.044522437723423,7.644779601707782,1.9459101490553132
193,87309a40bffffff,87309a472ffffff,2,4.162050227860808,88,13,4.477336814478207,2.5649493574615367,8.334003312426251,0.6931471805599453
194,87309a40bffffff,87309a489ffffff,1,12.50210587529337,88,1,4.477336814478207,0.0,9.433732362450298,0.0
195,87309a40bffffff,87309a4d4ffffff,1,11.858304000824724,88,18,4.477336814478207,2.8903717578961645,9.380867986244947,0.0
196,87309a40bffffff,87309a4e4ffffff,1,2.082022630107509,88,8,4.477336814478207,2.0794415416798357,7.641575305391831,0.0
197,87309a41bffffff,87309a412ffffff,1,7.808813992883845,430,6,6.063785208687608,1.791759469228055,8.963136426017956,0.0
198,87309a41bffffff,87309a413ffffff,1,5.803839614190015,430,25,6.063785208687608,3.2188758248682006,8.666447264842471,0.0
200,87309a41bffffff,87309a419ffffff,8,2.083142809855132,430,10,6.063785208687608,2.302585092994046,7.6421129273272905,2.0794415416798357
203,87309a41bffffff,87309a41dffffff,1,3.8799171394729597,430,8,6.063785208687608,2.0794415416798357,8.263826780837702,0.0
204,87309a41bffffff,87309a451ffffff,3,10.666770225511678,430,48,6.063785208687608,3.871201010907891,9.274982346403998,1.0986122886681098
205,87309a41bffffff,87309a452ffffff,6,7.322724116326144,430,23,6.063785208687608,3.1354942159291497,8.898874236642293,1.791759469228055
206,87309a41bffffff,87309a45cffffff,56,12.635424102210044,430,169,6.063785208687608,5.1298987149230735,9.444338724369992,4.02535169073515
207,87309a41bffffff,87309a45effffff,3,11.403935113823305,430,24,6.063785208687608,3.1780538303479458,9.341801445427715,1.0986122886681098
208,87309a41bffffff,87309a488ffffff,4,8.339217903643998,430,4,6.063785208687608,1.3862943611198906,9.028844622546726,1.3862943611198906
211,87309a41bffffff,87309a48cffffff,2,7.315717533078041,430,2,6.063785208687608,0.6931471805599453,8.89791708194016,0.6931471805599453
213,87309a41bffffff,87309a4a8ffffff,1,5.340976291069379,430,9,6.063785208687608,2.1972245773362196,8.583350955447662,0.0
214,87309a41bffffff,87309a4a9ffffff,1,3.472306604371764,430,15,6.063785208687608,2.70805020110221,8.152862331131258,0.0
215,87309a41bffffff,87309a4c0ffffff,3,8.302081969124757,430,3,6.063785208687608,1.0986122886681098,9.024382046443188,1.0986122886681098
217,87309a41bffffff,87309a4c3ffffff,8,10.579793940523109,430,8,6.063785208687608,2.0794415416798357,9.266795744234152,2.0794415416798357
218,87309a41bffffff,87309a4c4ffffff,6,6.054889999563509,430,6,6.063785208687608,1.791759469228055,8.708786631075752,1.791759469228055
219,87309a41bffffff,87309a4c5ffffff,93,7.781672633502403,430,93,6.063785208687608,4.532599493153256,8.959655084337959,4.532599493153256
221,87309a41bffffff,87309a4d0ffffff,19,9.892170637885904,430,75,6.063785208687608,4.31748811353631,9.199599963520363,2.9444389791664403
223,87309a41bffffff,87309a4d2ffffff,3,11.647279435131882,430,69,6.063785208687608,4.23410650459726,9.362913760115392,1.0986122886681098
226,87309a41bffffff,87309a4d6ffffff,10,9.628930656586107,430,12,6.063785208687608,2.4849066497880004,9.17263130399637,2.302585092994046
227,87309a41bffffff,87309a4dcffffff,1,11.590826347799595,430,5,6.063785208687608,1.6094379124341003,9.358055503539761,0.0
228,87309a41bffffff,87309a4ddffffff,2,12.871838296096668,430,5,6.063785208687608,1.6094379124341003,9.462874812102969,0.6931471805599453
229,87309a41bffffff,87309a4e0ffffff,8,4.179909244122014,430,25,6.063785208687608,3.2188758248682006,8.338284024381437,2.0794415416798357
230,87309a41bffffff,87309a4e1ffffff,2,6.268877441263207,430,13,6.063785208687608,2.5649493574615367,8.74351208658795,0.6931471805599453
231,87309a41bffffff,87309a4e2ffffff,15,3.8914403881165556,430,51,6.063785208687608,3.9318256327243257,8.266791589041508,2.70805020110221
232,87309a41bffffff,87309a4e3ffffff,2,5.8002176561868986,430,2,6.063785208687608,0.6931471805599453,8.66582311522192,0.6931471805599453
233,87309a41bffffff,87309a4e4ffffff,2,3.470107506992055,430,8,6.063785208687608,2.0794415416798357,8.152228988298313,0.6931471805599453
234,87309a41bffffff,87309a4e5ffffff,6,5.3359156008463,430,8,6.063785208687608,2.0794415416798357,8.582403162239688,1.791759469228055
235,87309a41bffffff,87309a4e6ffffff,39,2.090283383973773,430,51,6.063785208687608,3.9318256327243257,7.645533215819174,3.6635616461296463
236,87309a41bffffff,87309a4eaffffff,6,9.652215284576293,430,6,6.063785208687608,1.791759469228055,9.175046328949065,1.791759469228055
237,87309a41bffffff,87309a4edffffff,1,10.444840293054742,430,30,6.063785208687608,3.4011973816621555,9.253959120065923,0.0
238,87309a41bffffff,87309a4eeffffff,18,7.801487279961428,430,18,6.063785208687608,2.8903717578961645,8.962197843891946,2.8903717578961645
239,87309a41bffffff,87309a4f0ffffff,51,3.8811733244398092,430,57,6.063785208687608,4.04305126783455,8.264150410965073,3.9318256327243257
243,87309a41bffffff,87309a4f4ffffff,4,2.083807604381738,430,41,6.063785208687608,3.713572066704308,7.642431853899298,1.3862943611198906
245,87309a41bffffff,87309a4f6ffffff,2,4.168279875507928,430,5,6.063785208687608,1.6094379124341003,8.335498608155197,0.6931471805599453
246,87309a41bffffff,87309a558ffffff,1,15.965974502470043,430,110,6.063785208687608,4.700480365792417,9.67827777444922,0.0
247,87309a41bffffff,87309a7a5ffffff,4,19.676922995988374,430,10,6.063785208687608,2.302585092994046,9.887252626214902,1.3862943611198906
248,87309a41bffffff,8741960b6ffffff,5,48.351594126649964,430,6,6.063785208687608,1.791759469228055,10.786275152526963,1.6094379124341003
249,87309a41bffffff,8741964daffffff,3,11.570335839188607,430,3,6.063785208687608,1.0986122886681098,9.35628627066987,1.0986122886681098
250,87309a41bffffff,8741964dbffffff,28,11.867618766069349,430,28,6.063785208687608,3.332204510175204,9.38165311740157,3.332204510175204
251,87309a41bffffff,8741964deffffff,1,13.497414069936191,430,2,6.063785208687608,0.6931471805599453,9.510327481224616,0.0
252,87309a424ffffff,87309a013ffffff,1,29.628376497173285,216,4,5.375278407684165,1.3862943611198906,10.29652159738884,0.0
253,87309a424ffffff,87309a01dffffff,49,34.91091415850363,216,50,5.375278407684165,3.912023005428146,10.460583429833475,3.8918202981106265
254,87309a424ffffff,87309a0a0ffffff,1,24.350962917453295,216,3,5.375278407684165,1.0986122886681098,10.100367737888131,0.0
255,87309a424ffffff,87309a18effffff,1,24.642489751742513,216,5,5.375278407684165,1.6094379124341003,10.112268037153944,0.0
256,87309a424ffffff,87309a404ffffff,1,6.039745326440987,216,1,5.375278407684165,0.0,8.706282681733285,0.0
257,87309a424ffffff,87309a411ffffff,1,11.635583754327198,216,58,5.375278407684165,4.060443010546419,9.361909186311964,0.0
260,87309a424ffffff,87309a426ffffff,6,2.081213830669586,216,13,5.375278407684165,2.5649493574615367,7.641186948353424,1.791759469228055
261,87309a424ffffff,87309a42dffffff,1,7.803450517172418,216,22,5.375278407684165,3.091042453358316,8.962449429083977,0.0
262,87309a424ffffff,87309a436ffffff,91,7.30793812155362,216,100,5.375278407684165,4.605170185988092,8.896853278382661,4.51085950651685
263,87309a424ffffff,87309a49affffff,1,28.919879176370383,216,1,5.375278407684165,0.0,10.272319076100054,0.0
264,87309a424ffffff,87309a4a5ffffff,1,13.913812572740483,216,5,5.375278407684165,1.6094379124341003,9.54070920442914,0.0
265,87309a424ffffff,87309a4d2ffffff,22,28.005002001117827,216,69,5.375278407684165,4.23410650459726,10.240174123368902,3.091042453358316
266,87309a424ffffff,87309a4d4ffffff,1,24.17095363631669,216,18,5.375278407684165,2.8903717578961645,10.092948299405668,0.0
267,87309a424ffffff,87309a4dcffffff,3,28.015260392332095,216,5,5.375278407684165,1.6094379124341003,10.240540348897492,1.0986122886681098
270,87309a424ffffff,87309a510ffffff,2,9.853215452081933,216,20,5.375278407684165,2.995732273553991,9.19565460729374,0.6931471805599453
271,87309a424ffffff,87309a513ffffff,1,8.368753801580642,216,52,5.375278407684165,3.9512437185814275,9.032379748663889,0.0
272,87309a424ffffff,87309a515ffffff,11,9.663445354084386,216,22,5.375278407684165,3.091042453358316,9.176209002937727,2.3978952727983707
273,87309a424ffffff,87309a519ffffff,1,2.0912049284611833,216,1,5.375278407684165,0.0,7.645973778542668,0.0
274,87309a424ffffff,87309a51affffff,1,5.339276777569682,216,75,5.375278407684165,4.31748811353631,8.583032761616618,0.0
275,87309a424ffffff,87309a51bffffff,9,3.470062841072108,216,18,5.375278407684165,2.8903717578961645,8.152216120299487,2.1972245773362196
276,87309a424ffffff,87309a542ffffff,1,8.748498489045318,216,28,5.375278407684165,3.332204510175204,9.076751662171384,0.0
277,87309a424ffffff,87309a556ffffff,2,3.46786388897563,216,14,5.375278407684165,2.6390573296152584,8.151582409813598,0.6931471805599453
278,87309a424ffffff,87309a571ffffff,1,9.318887128621753,216,14,5.375278407684165,2.6390573296152584,9.1399057969434,0.0
279,87309a424ffffff,87309a589ffffff,1,10.41272939182063,216,3,5.375278407684165,1.0986122886681098,9.250880348347838,0.0
280,87309a424ffffff,87309a5a9ffffff,1,6.942324665595048,216,3,5.375278407684165,1.0986122886681098,8.845535997232078,0.0
281,87309a424ffffff,87309a5adffffff,4,7.330709630171701,216,55,5.375278407684165,4.007333185232471,8.899964005089135,1.3862943611198906
282,87309a424ffffff,8741964deffffff,1,29.669907009157,216,2,5.375278407684165,0.6931471805599453,10.297922282725168,0.0
285,87309a425ffffff,87309a423ffffff,3,3.8766998876079284,98,4,4.584967478670572,1.3862943611198906,8.262997444362348,1.0986122886681098
286,87309a425ffffff,87309a424ffffff,53,2.0905490098218262,98,71,4.584967478670572,4.2626798770413155,7.6456602234653825,3.970291913552122
289,87309a425ffffff,87309a42effffff,1,4.633941893526849,98,18,4.584967478670572,2.8903717578961645,8.441378941465462,0.0
290,87309a425ffffff,87309a436ffffff,6,8.747828934547723,98,100,4.584967478670572,4.605170185988092,9.076675134343128,1.791759469228055
291,87309a425ffffff,87309a50bffffff,13,2.3169491881286532,98,18,4.584967478670572,2.8903717578961645,7.748438103093714,2.5649493574615367
292,87309a425ffffff,87309a51affffff,2,7.328288346182958,98,75,4.584967478670572,4.31748811353631,8.899633702334212,0.6931471805599453
293,87309a425ffffff,87309a52cffffff,2,12.849669019521258,98,7,4.584967478670572,1.9459101490553132,9.461151152744067,0.6931471805599453
294,87309a425ffffff,87309a550ffffff,1,3.4667680963627867,98,5,4.584967478670572,1.6094379124341003,8.15126646610366,0.0
297,87309a425ffffff,87309a554ffffff,1,4.15951972529579,98,8,4.584967478670572,2.0794415416798357,8.333395279417045,0.0
298,87309a425ffffff,87309a556ffffff,3,2.0800930213549207,98,14,4.584967478670572,2.6390573296152584,7.640648525709319,1.0986122886681098
299,87309a425ffffff,87309a55cffffff,9,7.319047104735079,98,124,4.584967478670572,4.820281565605037,8.89837204200775,2.1972245773362196
300,87309a425ffffff,87309a571ffffff,1,8.316373690705639,98,14,4.584967478670572,2.6390573296152584,9.02610182180866,0.0
301,87309a425ffffff,87309a5a0ffffff,1,15.566674530317474,98,9,4.584967478670572,2.1972245773362196,9.652951897881287,0.0
302,87309a425ffffff,87309a5a9ffffff,1,8.759486427141924,98,3,4.584967478670572,1.0986122886681098,9.078006710601352,0.0
303,87309a425ffffff,87309a5aaffffff,1,12.212075927396512,98,11,4.584967478670572,2.3978952727983707,9.410262454084254,0.0
304,87309a428ffffff,87309a094ffffff,1,13.849549957990492,125,73,4.8283137373023015,4.290459441148391,9.536080218985294,0.0
305,87309a428ffffff,87309a0b6ffffff,1,14.582045450284218,125,25,4.8283137373023015,3.2188758248682006,9.587614862370865,0.0
306,87309a428ffffff,87309a401ffffff,3,4.162119065780502,125,4,4.8283137373023015,1.3862943611198906,8.334019847742137,1.0986122886681098
307,87309a428ffffff,87309a405ffffff,17,3.46788480104923,125,17,4.8283137373023015,2.833213344056216,8.151588438303396,2.833213344056216
310,87309a428ffffff,87309a42affffff,39,2.080726741392993,125,61,4.8283137373023015,4.110873864173311,7.640952992430958,3.6635616461296463
311,87309a428ffffff,87309a42bffffff,2,2.316630682659896,125,4,4.8283137373023015,1.3862943611198906,7.7483006853474405,0.6931471805599453
314,87309a428ffffff,87309a42effffff,11,2.089499235864336,125,18,4.8283137373023015,2.8903717578961645,7.6451581852688495,2.3978952727983707
315,87309a428ffffff,87309a45cffffff,1,13.777318831585621,125,169,4.8283137373023015,5.1298987149230735,9.530851536514348,0.0
316,87309a428ffffff,87309a470ffffff,1,5.797500992220381,125,1,4.8283137373023015,0.0,8.665354713513477,0.0
317,87309a428ffffff,87309a543ffffff,1,8.316248656234428,125,11,4.8283137373023015,2.3978952727983707,9.026086788768703,0.0
318,87309a428ffffff,87309a553ffffff,2,3.875569891173196,125,4,4.8283137373023015,1.3862943611198906,8.262705992949135,0.6931471805599453
319,87309a428ffffff,87309a55affffff,32,3.4656858321136683,125,40,4.8283137373023015,3.6888794541139363,8.1509543249404,3.4657359027997265
320,87309a428ffffff,87309a55effffff,3,4.159456236627876,125,45,4.8283137373023015,3.8066624897703196,8.333380019508063,1.0986122886681098
321,87309a428ffffff,87309a56affffff,8,12.470376281281148,125,30,4.8283137373023015,3.4011973816621555,9.431191399968265,2.0794415416798357
322,87309a428ffffff,87309acdbffffff,3,15.900387027998393,125,11,4.8283137373023015,2.3978952727983707,9.674161618868926,1.0986122886681098
323,87309a42dffffff,87309a090ffffff,17,12.619263783640411,163,93,5.093750200806762,4.532599493153256,9.443059037908489,2.833213344056216
324,87309a42dffffff,87309a096ffffff,1,10.65235419926615,163,14,5.093750200806762,2.6390573296152584,9.27363006983967,0.0
325,87309a42dffffff,87309a09cffffff,1,16.637536159438913,163,33,5.093750200806762,3.4965075614664802,9.719476739317942,0.0
328,87309a42dffffff,87309a474ffffff,1,3.8891544192548797,163,14,5.093750200806762,2.6390573296152584,8.266204132291158,0.0
329,87309a42dffffff,87309a548ffffff,11,8.72896791172816,163,44,5.093750200806762,3.784189633918261,9.07451697319438,2.3978952727983707
330,87309a42dffffff,87309a54bffffff,1,8.739694597957099,163,5,5.093750200806762,1.6094379124341003,9.075744938942202,0.0
331,87309a42dffffff,87309a558ffffff,82,3.4645830796540995,163,110,5.093750200806762,4.700480365792417,8.150636174423475,4.406719247264253
332,87309a42dffffff,87309a559ffffff,44,5.3287064344052215,163,105,5.093750200806762,4.653960350157523,8.58105143767029,3.784189633918261
334,87309a42dffffff,87309a55bffffff,4,4.176109852045348,163,29,5.093750200806762,3.367295829986474,8.337374863420052,1.3862943611198906
335,87309a42dffffff,87309a55dffffff,1,5.318149461451071,163,47,5.093750200806762,3.8501476017100584,8.579068693887121,0.0
336,87309a440ffffff,87309a083ffffff,1,13.395319667159328,481,8,6.175867270105761,2.0794415416798357,9.502735296510789,0.0
337,87309a440ffffff,87309a09effffff,2,9.307279236426593,481,4,6.175867270105761,1.3862943611198906,9.138659523588295,0.6931471805599453
338,87309a440ffffff,87309a0d0ffffff,6,19.0494004940699,481,11,6.175867270105761,2.3978952727983707,9.854843403644617,1.791759469228055
339,87309a440ffffff,87309a0d4ffffff,2,19.040784259909838,481,10,6.175867270105761,2.302585092994046,9.854391015084461,0.6931471805599453
340,87309a440ffffff,87309a0d5ffffff,2,20.73488679674584,481,7,6.175867270105761,1.9459101490553132,9.939621139875229,0.6931471805599453
341,87309a440ffffff,87309a0daffffff,2,21.887618860493582,481,7,6.175867270105761,1.9459101490553132,9.993722093985184,0.6931471805599453
342,87309a440ffffff,87309a408ffffff,1,9.346040879347221,481,21,6.175867270105761,3.044522437723423,9.142815088698988,0.0
343,87309a440ffffff,87309a40dffffff,1,8.349844840050777,481,70,6.175867270105761,4.248495242049359,9.030117991175901,0.0
344,87309a440ffffff,87309a42bffffff,1,9.832259149769495,481,4,6.175867270105761,1.3862943611198906,9.193525709540108,0.0
349,87309a440ffffff,87309a444ffffff,3,2.3151966681579723,481,8,6.175867270105761,2.0794415416798357,7.747681752254282,1.0986122886681098
351,87309a440ffffff,87309a446ffffff,11,2.0864751173638894,481,20,6.175867270105761,2.995732273553991,7.643710536828287,2.3978952727983707
359,87309a440ffffff,87309a450ffffff,1,5.319399550734326,481,36,6.175867270105761,3.58351893845611,8.579303683037052,0.0
360,87309a440ffffff,87309a451ffffff,4,4.159319068184176,481,48,6.175867270105761,3.871201010907891,8.333347049396819,1.3862943611198906
361,87309a440ffffff,87309a455ffffff,15,3.463510424337701,481,29,6.175867270105761,3.367295829986474,8.150326609963964,2.70805020110221
362,87309a440ffffff,87309a458ffffff,1,6.03618890047239,481,15,6.175867270105761,2.70805020110221,8.705693768761154,0.0
363,87309a440ffffff,87309a459ffffff,2,6.9456517666840805,481,22,6.175867270105761,3.091042453358316,8.846015062285773,0.6931471805599453
364,87309a440ffffff,87309a45affffff,2,7.751770162336989,481,37,6.175867270105761,3.6109179126442243,8.955805498782373,0.6931471805599453
365,87309a440ffffff,87309a45bffffff,1,8.281158879341834,481,1,6.175867270105761,0.0,9.021858947614074,0.0
366,87309a440ffffff,87309a45cffffff,92,3.8752575937124565,481,169,6.175867270105761,5.1298987149230735,8.262625429448523,4.5217885770490405
368,87309a440ffffff,87309a45effffff,2,5.773321102904186,481,24,6.175867270105761,3.1780538303479458,8.66117597054085,0.6931471805599453
369,87309a440ffffff,87309a461ffffff,2,5.769602356368174,481,5,6.175867270105761,1.6094379124341003,8.660531748571298,0.6931471805599453
370,87309a440ffffff,87309a462ffffff,13,4.63038202360609,481,58,6.175867270105761,4.060443010546419,8.4406105957595,2.5649493574615367
371,87309a440ffffff,87309a463ffffff,19,3.874000361935998,481,27,6.175867270105761,3.295836866004329,8.262301035190282,2.9444389791664403
372,87309a440ffffff,87309a468ffffff,19,5.314322241254654,481,20,6.175867270105761,2.995732273553991,8.578348917584425,2.9444389791664403
376,87309a440ffffff,87309a46dffffff,1,7.288784146256738,481,2,6.175867270105761,0.6931471805599453,8.894229214997354,0.0
377,87309a440ffffff,87309a46effffff,6,4.156659154543557,481,9,6.175867270105761,2.1972245773362196,8.332707491643706,1.791759469228055
378,87309a440ffffff,87309a471ffffff,7,3.886747259049121,481,44,6.175867270105761,3.784189633918261,8.265585158078787,1.9459101490553132
379,87309a440ffffff,87309a472ffffff,1,6.2613976750817475,481,13,6.175867270105761,2.5649493574615367,8.742318405951329,0.0
380,87309a440ffffff,87309a475ffffff,1,6.0484476232617235,481,8,6.175867270105761,2.0794415416798357,8.7077222449164,0.0
381,87309a440ffffff,87309a4ddffffff,2,17.565486546807776,481,5,6.175867270105761,1.6094379124341003,9.773748192306373,0.6931471805599453
382,87309a440ffffff,87309a4ecffffff,2,8.321297055076554,481,12,6.175867270105761,2.4849066497880004,9.026693584060427,0.6931471805599453
383,87309a440ffffff,87309a4edffffff,3,7.765907824007603,481,30,6.175867270105761,3.4011973816621555,8.95762740070504,1.0986122886681098
384,87309a440ffffff,87309a549ffffff,1,11.618220388929345,481,16,6.175867270105761,2.772588722239781,9.360415935980367,0.0
385,87309a440ffffff,87309a558ffffff,1,10.5691681844874,481,110,6.175867270105761,4.700480365792417,9.265790990231302,0.0
386,87309a440ffffff,87309a559ffffff,1,9.260716350880397,481,105,6.175867270105761,4.653960350157523,9.133644661531836,0.0
387,87309a440ffffff,87309a706ffffff,1,12.505035870818954,481,88,6.175867270105761,4.477336814478207,9.433966676411867,0.0
388,87309a440ffffff,87309a708ffffff,1,20.13034771758912,481,58,6.175867270105761,4.060443010546419,9.910033467092646,0.0
389,87309a440ffffff,87309a70effffff,1,18.060587196896446,481,23,6.175867270105761,3.1354942159291497,9.801542707765849,0.0
390,87309a440ffffff,87309a710ffffff,16,11.576883519793233,481,42,6.175867270105761,3.7376696182833684,9.356851964110993,2.772588722239781
391,87309a440ffffff,87309a711ffffff,14,13.559186639121224,481,60,6.175867270105761,4.0943445622221,9.514893325346657,2.6390573296152584
392,87309a440ffffff,87309a713ffffff,4,13.502775510832047,481,16,6.175867270105761,2.772588722239781,9.510724592795905,1.3862943611198906
393,87309a440ffffff,87309a714ffffff,46,9.819914533792982,481,57,6.175867270105761,4.04305126783455,9.192269526726362,3.828641396489095
396,87309a440ffffff,87309a721ffffff,1,15.953000034427177,481,5,6.175867270105761,1.6094379124341003,9.677464862628977,0.0
397,87309a440ffffff,87309a722ffffff,23,12.604642713759358,481,25,6.175867270105761,3.2188758248682006,9.441899827117007,3.1354942159291497
398,87309a440ffffff,87309a723ffffff,1,14.600999459517789,481,182,6.175867270105761,5.204006687076795,9.58891374760177,0.0
399,87309a440ffffff,87309a726ffffff,15,12.164363123603714,481,27,6.175867270105761,3.295836866004329,9.406348104636795,2.70805020110221
400,87309a440ffffff,87309a729ffffff,1,20.687249750111924,481,10,6.175867270105761,2.302585092994046,9.937321173159958,0.0
404,87309a440ffffff,87309a733ffffff,66,10.422508522558866,481,81,6.175867270105761,4.394449154672439,9.251818969051444,4.189654742026425
408,87309a440ffffff,87309a7a1ffffff,1,12.091333779878639,481,4,6.175867270105761,1.3862943611198906,9.400326958882477,0.0
409,87309a440ffffff,87309a7a4ffffff,57,8.291109955030743,481,85,6.175867270105761,4.442651256490317,9.023059733842903,4.04305126783455
410,87309a440ffffff,87309a7a5ffffff,2,9.895888839330622,481,10,6.175867270105761,2.302585092994046,9.199975728079611,0.6931471805599453
411,87309a463ffffff,87309a082ffffff,4,9.303461051560216,400,21,5.991464547107982,3.044522437723423,9.138249247093716,1.3862943611198906
412,87309a463ffffff,87309a086ffffff,1,10.38227819894758,400,28,5.991464547107982,3.332204510175204,9.247951925640702,0.0
413,87309a463ffffff,87309a08affffff,1,12.160854809187784,400,3,5.991464547107982,1.0986122886681098,9.406059677538394,0.0
414,87309a463ffffff,87309a090ffffff,28,6.231363810778625,400,93,5.991464547107982,4.532599493153256,8.73751096369946,3.332204510175204
415,87309a463ffffff,87309a091ffffff,13,7.28585760786742,400,41,5.991464547107982,3.713572066704308,8.8938276769095,2.5649493574615367
418,87309a463ffffff,87309a095ffffff,6,8.307153900618836,400,59,5.991464547107982,4.07753744390572,9.02499270921283,1.791759469228055
419,87309a463ffffff,87309a096ffffff,4,5.767434269179819,400,14,5.991464547107982,2.6390573296152584,8.66015596551692,1.3862943611198906
420,87309a463ffffff,87309a098ffffff,2,8.728022874293432,400,4,5.991464547107982,1.3862943611198906,9.074408715226065,0.6931471805599453
421,87309a463ffffff,87309a09affffff,1,7.303605094031138,400,2,5.991464547107982,0.6931471805599453,8.896260263042638,0.0
422,87309a463ffffff,87309a09cffffff,1,8.718747488273493,400,33,5.991464547107982,3.4965075614664802,9.07334555871694,0.0
423,87309a463ffffff,87309a09dffffff,1,10.374014971633018,400,2,5.991464547107982,0.6931471805599453,9.247155788146824,0.0
424,87309a463ffffff,87309a09effffff,2,6.9182087806457275,400,4,5.991464547107982,1.3862943611198906,8.842056704017645,0.6931471805599453
425,87309a463ffffff,87309a0a2ffffff,2,13.871271167870157,400,3,5.991464547107982,1.0986122886681098,9.537647246686111,0.6931471805599453
426,87309a463ffffff,87309a0b1ffffff,1,11.820673147411298,400,18,5.991464547107982,2.8903717578961645,9.377689833176975,0.0
427,87309a463ffffff,87309a0b2ffffff,4,9.600384760498853,400,6,5.991464547107982,1.791759469228055,9.169662612938787,1.3862943611198906
428,87309a463ffffff,87309a0b3ffffff,1,9.779401285148635,400,15,5.991464547107982,2.70805020110221,9.188135793388398,0.0
429,87309a463ffffff,87309a18effffff,1,21.1059853299401,400,5,5.991464547107982,1.6094379124341003,9.957359322967454,0.0
430,87309a463ffffff,87309a424ffffff,4,17.628931042023158,400,71,5.991464547107982,4.2626798770413155,9.77735336398456,1.3862943611198906
431,87309a463ffffff,87309a425ffffff,1,15.595241533313542,400,8,5.991464547107982,2.0794415416798357,9.654785236858276,0.0
432,87309a463ffffff,87309a42dffffff,1,9.831437232546795,400,22,5.991464547107982,3.091042453358316,9.193442120613765,0.0
434,87309a463ffffff,87309a441ffffff,58,4.629657983983341,400,74,5.991464547107982,4.30406509320417,8.440454250154508,4.060443010546419
435,87309a463ffffff,87309a442ffffff,74,5.771157267786097,400,91,5.991464547107982,4.51085950651685,8.660801166193766,4.30406509320417
436,87309a463ffffff,87309a443ffffff,3,6.0345827855195555,400,23,5.991464547107982,3.1354942159291497,8.705427696478155,1.0986122886681098
440,87309a463ffffff,87309a44affffff,10,9.259357530582584,400,26,5.991464547107982,3.258096538021482,9.133497937108972,2.302585092994046
441,87309a463ffffff,87309a44cffffff,41,6.046049422848812,400,45,5.991464547107982,3.8066624897703196,8.707325733358518,3.713572066704308
442,87309a463ffffff,87309a451ffffff,13,7.762849630950911,400,48,5.991464547107982,3.871201010907891,8.957233576629802,2.5649493574615367
443,87309a463ffffff,87309a452ffffff,1,10.398910811989714,400,23,5.991464547107982,3.1354942159291497,9.249552509322472,0.0
444,87309a463ffffff,87309a453ffffff,3,9.791981837809994,400,20,5.991464547107982,2.995732273553991,9.189421269109658,1.0986122886681098
445,87309a463ffffff,87309a458ffffff,5,9.875208524472127,400,15,5.991464547107982,2.70805020110221,9.197883964506255,1.6094379124341003
447,87309a463ffffff,87309a45affffff,11,11.625770524272987,400,37,5.991464547107982,3.6109179126442243,9.361065522021875,2.3978952727983707
448,87309a463ffffff,87309a45cffffff,3,7.749257955648455,400,169,5.991464547107982,5.1298987149230735,8.955481406393274,1.0986122886681098
449,87309a463ffffff,87309a45dffffff,25,8.279192800636528,400,47,5.991464547107982,3.8501476017100584,9.021621532209242,3.2188758248682006
450,87309a463ffffff,87309a45effffff,4,9.609706228235787,400,24,5.991464547107982,3.1780538303479458,9.170632988154463,1.3862943611198906
458,87309a463ffffff,87309a46bffffff,3,5.789863982685472,400,17,5.991464547107982,2.833213344056216,8.66403677924238,1.0986122886681098
460,87309a463ffffff,87309a46dffffff,1,5.321425386447888,400,2,5.991464547107982,0.6931471805599453,8.579684378153242,0.0
462,87309a463ffffff,87309a471ffffff,29,3.4624027040124514,400,44,5.991464547107982,3.784189633918261,8.150006825257034,3.367295829986474
463,87309a463ffffff,87309a474ffffff,3,6.2606154196661095,400,14,5.991464547107982,2.6390573296152584,8.742193485063632,1.0986122886681098
465,87309a463ffffff,87309a4b5ffffff,1,27.866887848361927,400,2,5.991464547107982,0.6931471805599453,10.235230331754153,0.0
466,87309a463ffffff,87309a4edffffff,1,11.546031659924076,400,30,5.991464547107982,3.4011973816621555,9.354183683779228,0.0
467,87309a463ffffff,87309a50effffff,7,21.233253029068127,400,8,5.991464547107982,2.0794415416798357,9.963370865725,1.9459101490553132
468,87309a463ffffff,87309a54affffff,1,6.944398351825023,400,12,5.991464547107982,2.4849066497880004,8.84583461161769,0.0
469,87309a463ffffff,87309a54bffffff,3,6.032590607705756,400,5,5.991464547107982,1.6094379124341003,8.70509756983783,1.0986122886681098
470,87309a463ffffff,87309a54dffffff,3,9.868738972898598,400,34,5.991464547107982,3.5263605246161616,9.19722868556298,1.0986122886681098
471,87309a463ffffff,87309a559ffffff,4,6.047894339470678,400,105,5.991464547107982,4.653960350157523,8.707630780516876,1.3862943611198906
472,87309a463ffffff,87309a614ffffff,1,27.130242996150386,400,1,5.991464547107982,0.0,10.208441220900914,0.0
473,87309a463ffffff,87309a616ffffff,1,27.998263074285795,400,5,5.991464547107982,1.6094379124341003,10.239933470035488,0.0
474,87309a463ffffff,87309a70affffff,1,21.18689129240891,400,42,5.991464547107982,3.7376696182833684,9.96118513203057,0.0
475,87309a463ffffff,87309a713ffffff,3,15.929344222044781,400,16,5.991464547107982,2.772588722239781,9.675981011085248,1.0986122886681098
476,87309a463ffffff,87309a715ffffff,1,13.50189433085367,400,52,5.991464547107982,3.9512437185814275,9.510659336325272,0.0
477,87309a463ffffff,87309a789ffffff,1,25.70341950654024,400,1,5.991464547107982,0.0,10.154418221334014,0.0
478,87309a463ffffff,87309a78effffff,1,23.14865665393645,400,2,5.991464547107982,0.6931471805599453,10.049735228040959,0.0
479,87309a463ffffff,87309a7a1ffffff,2,15.150270172230627,400,4,5.991464547107982,1.3862943611198906,9.625839647174356,0.6931471805599453
480,87309a463ffffff,87309a7acffffff,1,16.577933027813316,400,4,5.991464547107982,1.3862943611198906,9.715888073651918,0.0
481,87309a463ffffff,87309a7aeffffff,1,17.45164314596481,400,2,5.991464547107982,0.6931471805599453,9.767246385842997,0.0
482,87309a463ffffff,874196621ffffff,1,54.49359981733613,400,96,5.991464547107982,4.564348191467836,10.905856889821564,0.0
483,87309a485ffffff,87309a410ffffff,2,7.781250958978471,383,4,5.948034989180646,1.3862943611198906,8.959600901672488,0.6931471805599453
484,87309a485ffffff,87309a411ffffff,1,8.339364401918791,383,58,5.948034989180646,4.060443010546419,9.028862187673903,0.0
487,87309a485ffffff,87309a416ffffff,20,7.76562298444408,383,20,5.948034989180646,2.995732273553991,8.95759072654936,2.995732273553991
488,87309a485ffffff,87309a41cffffff,2,9.342807545247833,383,13,5.948034989180646,2.5649493574615367,9.142469108242864,0.6931471805599453
490,87309a485ffffff,87309a481ffffff,52,2.3199759222130245,383,58,5.948034989180646,4.060443010546419,7.749743032335675,3.9512437185814275
493,87309a485ffffff,87309a4a0ffffff,96,4.63991800351892,383,96,5.948034989180646,4.564348191467836,8.442667471237419,4.564348191467836
495,87309a485ffffff,87309a4a2ffffff,38,3.8964866002841005,383,103,5.948034989180646,4.634728988229636,8.268087162897567,3.6375861597263857
501,87309a485ffffff,87309a4a9ffffff,13,5.344273361796448,383,15,5.948034989180646,2.70805020110221,8.583967965611878,2.5649493574615367
506,87309a485ffffff,87309a4b1ffffff,7,4.188318254388207,383,62,5.948034989180646,4.127134385045092,8.340293291894591,1.9459101490553132
507,87309a485ffffff,87309a4b3ffffff,1,5.349333683046099,383,91,5.948034989180646,4.51085950651685,8.584914208607906,0.0
508,87309a485ffffff,87309a4b5ffffff,1,5.810343117249207,383,2,5.948034989180646,0.6931471805599453,8.667566996494264,0.0
509,87309a485ffffff,87309a4f0ffffff,6,8.36875001943718,383,57,5.948034989180646,4.04305126783455,9.032379296781503,1.791759469228055
510,87309a485ffffff,87309a4f4ffffff,36,7.3339487841631685,383,41,5.948034989180646,3.713572066704308,8.900405708161863,3.58351893845611
511,87309a485ffffff,87309a4f6ffffff,3,6.277548680484256,383,5,5.948034989180646,1.6094379124341003,8.744894130920384,1.0986122886681098
512,87309a485ffffff,87309a50cffffff,1,25.01078499999424,383,72,5.948034989180646,4.276666119016055,10.127102392776033,0.0
513,87309a485ffffff,87309a589ffffff,2,9.894168684750051,383,3,5.948034989180646,1.0986122886681098,9.199801905364836,0.6931471805599453
514,87309a485ffffff,87309a58dffffff,7,12.09302510956004,383,8,5.948034989180646,2.0794415416798357,9.400466817030775,1.9459101490553132
515,87309a485ffffff,87309a598ffffff,13,9.925173124462491,383,60,5.948034989180646,4.0943445622221,9.202930297508733,2.5649493574615367
517,87309a485ffffff,87309a59bffffff,72,7.794175092644551,383,74,5.948034989180646,4.30406509320417,8.961260243413378,4.276666119016055
518,87309a485ffffff,87309a59effffff,1,11.693063114246918,383,14,5.948034989180646,2.6390573296152584,9.366836565868898,0.0
519,87309a485ffffff,874192904ffffff,1,52.28683529880403,383,62,5.948034989180646,4.127134385045092,10.86451902832954,0.0
520,87309a485ffffff,874192954ffffff,1,61.85125911178799,383,1,5.948034989180646,0.0,11.032503902809013,0.0
521,87309a485ffffff,8741966a6ffffff,7,13.924401907533632,383,8,5.948034989180646,2.0794415416798357,9.541469926679417,1.9459101490553132
522,87309a4ddffffff,87309a00bffffff,1,45.36254874461113,2106,1,7.652545692693921,0.0,10.722464170451902,0.0
523,87309a4ddffffff,87309a010ffffff,2,41.64808999135257,2106,3,7.652545692693921,1.0986122886681098,10.63703479840918,0.6931471805599453
524,87309a4ddffffff,87309a011ffffff,1,42.212982800214135,2106,1,7.652545692693921,0.0,10.650506791117786,0.0
525,87309a4ddffffff,87309a012ffffff,1,39.59746797191761,2106,2,7.652545692693921,0.6931471805599453,10.58654570891635,0.0
526,87309a4ddffffff,87309a013ffffff,2,40.15076866148881,2106,4,7.652545692693921,1.3862943611198906,10.600421769749353,0.6931471805599453
527,87309a4ddffffff,87309a016ffffff,2,41.18058727834062,2106,30,7.652545692693921,3.4011973816621555,10.62574652472337,0.6931471805599453
528,87309a4ddffffff,87309a01affffff,1,39.47725018035326,2106,1,7.652545692693921,0.0,10.583505170892266,0.0
529,87309a4ddffffff,87309a01cffffff,1,42.87132046675243,2106,1,7.652545692693921,0.0,10.665981686112984,0.0
530,87309a4ddffffff,87309a080ffffff,1,31.907120455971246,2106,9,7.652545692693921,2.1972245773362196,10.370615816126415,0.0
531,87309a4ddffffff,87309a082ffffff,5,29.848744518870394,2106,21,7.652545692693921,3.044522437723423,10.303931559952309,1.6094379124341003
532,87309a4ddffffff,87309a083ffffff,1,30.45376967190974,2106,8,7.652545692693921,2.0794415416798357,10.323997900342945,0.0
533,87309a4ddffffff,87309a089ffffff,3,32.99740371861455,2106,7,7.652545692693921,1.9459101490553132,10.404214467115452,1.0986122886681098
534,87309a4ddffffff,87309a08cffffff,2,33.25996344826976,2106,4,7.652545692693921,1.3862943611198906,10.412139719503259,0.6931471805599453
535,87309a4ddffffff,87309a08effffff,3,31.18620305381807,2106,15,7.652545692693921,2.70805020110221,10.347763131128083,1.0986122886681098
536,87309a4ddffffff,87309a091ffffff,1,27.792132443092832,2106,41,7.652545692693921,3.713572066704308,10.232544234739578,0.0
537,87309a4ddffffff,87309a092ffffff,6,25.321579163551228,2106,7,7.652545692693921,1.9459101490553132,10.139451733769956,1.791759469228055
538,87309a4ddffffff,87309a094ffffff,20,29.05166512932149,2106,73,7.652545692693921,4.290459441148391,10.276865500905727,2.995732273553991
539,87309a4ddffffff,87309a095ffffff,23,29.379139940364027,2106,59,7.652545692693921,4.07753744390572,10.288074212833067,3.1354942159291497
540,87309a4ddffffff,87309a096ffffff,2,27.055730618038183,2106,14,7.652545692693921,2.6390573296152584,10.205691074692973,0.6931471805599453
541,87309a4ddffffff,87309a098ffffff,1,27.03668575218452,2106,4,7.652545692693921,1.3862943611198906,10.204986940406352,0.0
542,87309a4ddffffff,87309a09affffff,1,24.960929084883123,2106,2,7.652545692693921,0.6931471805599453,10.125107106551486,0.0
543,87309a4ddffffff,87309a09cffffff,3,28.38336390344749,2106,33,7.652545692693921,3.4965075614664802,10.253593705751737,1.0986122886681098
544,87309a4ddffffff,87309a09dffffff,1,29.11177711524881,2106,2,7.652545692693921,0.6931471805599453,10.278932432919257,0.0
545,87309a4ddffffff,87309a0a0ffffff,2,37.11708741763958,2106,3,7.652545692693921,1.0986122886681098,10.521859661263436,0.6931471805599453
546,87309a4ddffffff,87309a0a1ffffff,3,37.54851194311868,2106,76,7.652545692693921,4.330733340286331,10.533415659587671,1.0986122886681098
547,87309a4ddffffff,87309a0a2ffffff,1,35.09152628663125,2106,3,7.652545692693921,1.0986122886681098,10.46574346047513,0.0
548,87309a4ddffffff,87309a0a3ffffff,1,35.501627181483315,2106,1,7.652545692693921,0.0,10.47736197783747,0.0
549,87309a4ddffffff,87309a0a4ffffff,3,38.80312361741535,2106,6,7.652545692693921,1.791759469228055,10.566281798763539,1.0986122886681098
550,87309a4ddffffff,87309a0a5ffffff,2,39.14702365779897,2106,2,7.652545692693921,0.6931471805599453,10.575105218862452,0.6931471805599453
551,87309a4ddffffff,87309a0a8ffffff,1,36.664033688552806,2106,1,7.652545692693921,0.0,10.509578819347956,0.0
552,87309a4ddffffff,87309a0a9ffffff,1,37.40548712955642,2106,2,7.652545692693921,0.6931471805599453,10.529599421023386,0.0
553,87309a4ddffffff,87309a0aaffffff,1,34.594195885193116,2106,91,7.652545692693921,4.51085950651685,10.45147010415689,0.0
554,87309a4ddffffff,87309a0aeffffff,2,36.02749392533966,2106,105,7.652545692693921,4.653960350157523,10.49206540229505,0.6931471805599453
555,87309a4ddffffff,87309a0b0ffffff,1,32.8131556360943,2106,13,7.652545692693921,2.5649493574615367,10.398615275542014,0.0
556,87309a4ddffffff,87309a0b1ffffff,6,33.07126963865742,2106,18,7.652545692693921,2.8903717578961645,10.406450434968182,1.791759469228055
557,87309a4ddffffff,87309a0b2ffffff,2,30.83566971670754,2106,6,7.652545692693921,1.791759469228055,10.336459836006801,0.6931471805599453
558,87309a4ddffffff,87309a0b3ffffff,3,31.057486251320196,2106,15,7.652545692693921,2.70805020110221,10.343627359240726,1.0986122886681098
559,87309a4ddffffff,87309a0b4ffffff,3,34.63438804441502,2106,12,7.652545692693921,2.4849066497880004,10.4526312142171,1.0986122886681098
560,87309a4ddffffff,87309a0b5ffffff,3,34.8014020049049,2106,4,7.652545692693921,1.3862943611198906,10.45744168651003,1.0986122886681098
561,87309a4ddffffff,87309a0b6ffffff,3,32.68613236936689,2106,25,7.652545692693921,3.2188758248682006,10.394736773917781,1.0986122886681098
562,87309a4ddffffff,87309a0d0ffffff,2,33.189261481516866,2106,11,7.652545692693921,2.3978952727983707,10.410011783005277,0.6931471805599453
563,87309a4ddffffff,87309a0d2ffffff,1,31.176519492161848,2106,2,7.652545692693921,0.6931471805599453,10.347452584994349,0.0
564,87309a4ddffffff,87309a0d4ffffff,1,34.0575166292992,2106,10,7.652545692693921,2.302585092994046,10.435835401574185,0.0
565,87309a4ddffffff,87309a0d6ffffff,2,32.0165432423395,2106,2,7.652545692693921,0.6931471805599453,10.374039257883823,0.6931471805599453
566,87309a4ddffffff,87309a0daffffff,1,33.35629668235137,2106,7,7.652545692693921,1.9459101490553132,10.415031818487497,0.0
567,87309a4ddffffff,87309a0dcffffff,1,35.78175744252084,2106,5,7.652545692693921,1.6094379124341003,10.485221420681295,0.0
568,87309a4ddffffff,87309a183ffffff,2,42.26649126706032,2106,2,7.652545692693921,0.6931471805599453,10.651773541599882,0.6931471805599453
569,87309a4ddffffff,87309a18affffff,1,40.5509305480024,2106,63,7.652545692693921,4.143134726391533,10.610338667485557,0.0
570,87309a4ddffffff,87309a18bffffff,3,40.81392194050696,2106,3,7.652545692693921,1.0986122886681098,10.616803027363892,1.0986122886681098
571,87309a4ddffffff,87309a18effffff,1,42.35285855884817,2106,5,7.652545692693921,1.6094379124341003,10.653814807118687,0.0
572,87309a4ddffffff,87309a190ffffff,1,40.56614198194357,2106,26,7.652545692693921,3.258096538021482,10.610713707131477,0.0
573,87309a4ddffffff,87309a192ffffff,1,38.7540774089758,2106,4,7.652545692693921,1.3862943611198906,10.565017056106877,0.0
574,87309a4ddffffff,87309a198ffffff,1,38.44593543570749,2106,11,7.652545692693921,2.3978952727983707,10.55703426917499,0.0
575,87309a4ddffffff,87309a19bffffff,4,36.5959654304983,2106,4,7.652545692693921,1.3862943611198906,10.50772060421707,1.3862943611198906
576,87309a4ddffffff,87309a19dffffff,1,40.39373965126051,2106,2,7.652545692693921,0.6931471805599453,10.606454848819652,0.0
577,87309a4ddffffff,87309a400ffffff,1,20.860039513763777,2106,2,7.652545692693921,0.6931471805599453,9.945638560187728,0.0
578,87309a4ddffffff,87309a403ffffff,2,18.54230070245588,2106,10,7.652545692693921,2.302585092994046,9.827863854690309,0.6931471805599453
579,87309a4ddffffff,87309a408ffffff,12,16.577613892257947,2106,21,7.652545692693921,3.044522437723423,9.715868824003797,2.4849066497880004
580,87309a4ddffffff,87309a409ffffff,18,15.919435213388267,2106,25,7.652545692693921,3.2188758248682006,9.6753587965491,2.8903717578961645
581,87309a4ddffffff,87309a40affffff,7,15.158468880947956,2106,7,7.652545692693921,1.9459101490553132,9.626380624344387,1.9459101490553132
582,87309a4ddffffff,87309a40bffffff,12,14.320095083122622,2106,12,7.652545692693921,2.4849066497880004,9.56948890987588,2.4849066497880004
583,87309a4ddffffff,87309a40dffffff,2,18.124699210577326,2106,70,7.652545692693921,4.248495242049359,9.805086056114098,0.6931471805599453
584,87309a4ddffffff,87309a40effffff,6,17.462646886642638,2106,11,7.652545692693921,2.3978952727983707,9.767876678524827,1.791759469228055
585,87309a4ddffffff,87309a410ffffff,1,20.399645783027548,2106,4,7.652545692693921,1.3862943611198906,9.923321835362028,0.0
586,87309a4ddffffff,87309a411ffffff,1,18.87884943706959,2106,58,7.652545692693921,4.060443010546419,9.845850464936209,0.0
587,87309a4ddffffff,87309a412ffffff,4,19.827611332160387,2106,6,7.652545692693921,1.791759469228055,9.894881190426341,1.3862943611198906
588,87309a4ddffffff,87309a413ffffff,2,18.167277386473785,2106,25,7.652545692693921,3.2188758248682006,9.807432351528474,0.6931471805599453
589,87309a4ddffffff,87309a418ffffff,6,15.17202966822953,2106,11,7.652545692693921,2.3978952727983707,9.62727476685382,1.791759469228055
590,87309a4ddffffff,87309a419ffffff,1,13.906786881541404,2106,10,7.652545692693921,2.302585092994046,9.540204169566387,0.0
591,87309a4ddffffff,87309a41bffffff,5,12.871838296096668,2106,8,7.652545692693921,2.0794415416798357,9.462874812102969,1.6094379124341003
592,87309a4ddffffff,87309a41cffffff,6,17.476952152111313,2106,13,7.652545692693921,2.5649493574615367,9.768695488577112,1.791759469228055
593,87309a4ddffffff,87309a41dffffff,3,16.22454962057861,2106,8,7.652545692693921,2.0794415416798357,9.694342415918648,1.0986122886681098
594,87309a4ddffffff,87309a425ffffff,3,28.01118112308156,2106,8,7.652545692693921,2.0794415416798357,10.240394734664884,1.0986122886681098
595,87309a4ddffffff,87309a428ffffff,4,22.6021473811326,2106,9,7.652545692693921,2.1972245773362196,10.02584444021584,1.3862943611198906
596,87309a4ddffffff,87309a429ffffff,6,21.953587042801963,2106,14,7.652545692693921,2.6390573296152584,9.996731373563716,1.791759469228055
597,87309a4ddffffff,87309a42cffffff,4,24.862274829225306,2106,61,7.652545692693921,4.110873864173311,10.121147087250792,1.3862943611198906
598,87309a4ddffffff,87309a42dffffff,4,24.162292787628488,2106,22,7.652545692693921,3.091042453358316,10.092589933640657,1.3862943611198906
599,87309a4ddffffff,87309a42effffff,1,23.419945395979198,2106,18,7.652545692693921,2.8903717578961645,10.061386003372814,0.0
600,87309a4ddffffff,87309a435ffffff,1,26.719367949366358,2106,1,7.652545692693921,0.0,10.193181398115886,0.0
601,87309a4ddffffff,87309a440ffffff,16,17.565486546807776,2106,23,7.652545692693921,3.1354942159291497,9.773748192306373,2.772588722239781
602,87309a4ddffffff,87309a441ffffff,11,18.036836726053668,2106,74,7.652545692693921,4.30406509320417,9.800226871018962,2.3978952727983707
603,87309a4ddffffff,87309a442ffffff,16,15.543706150587417,2106,91,7.652545692693921,4.51085950651685,9.651475419167673,2.772588722239781
604,87309a4ddffffff,87309a443ffffff,15,15.971447562096479,2106,23,7.652545692693921,3.1354942159291497,9.678620489459464,2.70805020110221
605,87309a4ddffffff,87309a444ffffff,2,19.306100951967856,2106,8,7.652545692693921,2.0794415416798357,9.868228232197609,0.6931471805599453
606,87309a4ddffffff,87309a445ffffff,3,19.598660170525157,2106,12,7.652545692693921,2.4849066497880004,9.883267506829787,1.0986122886681098
607,87309a4ddffffff,87309a446ffffff,8,17.3339328671074,2106,20,7.652545692693921,2.995732273553991,9.760478985432501,2.0794415416798357
608,87309a4ddffffff,87309a448ffffff,1,17.553623971867122,2106,4,7.652545692693921,1.3862943611198906,9.773072668371249,0.0
609,87309a4ddffffff,87309a44affffff,13,15.48927873129509,2106,26,7.652545692693921,3.258096538021482,9.647967927522428,2.5649493574615367
610,87309a4ddffffff,87309a44bffffff,7,16.618437756172895,2106,32,7.652545692693921,3.4657359027997265,9.718328238485402,1.9459101490553132
611,87309a4ddffffff,87309a44cffffff,2,18.729668469800682,2106,45,7.652545692693921,3.8066624897703196,9.837917484593083,0.6931471805599453
612,87309a4ddffffff,87309a44dffffff,4,19.620323434164472,2106,8,7.652545692693921,2.0794415416798357,9.88437218416581,1.3862943611198906
613,87309a4ddffffff,87309a44effffff,7,16.651251801008915,2106,10,7.652545692693921,2.302585092994046,9.720300729567878,1.9459101490553132
614,87309a4ddffffff,87309a450ffffff,5,13.484523966961968,2106,36,7.652545692693921,3.58351893845611,9.50937209035935,1.6094379124341003
615,87309a4ddffffff,87309a451ffffff,12,13.538730729095327,2106,48,7.652545692693921,3.871201010907891,9.513383659200224,2.4849066497880004
616,87309a4ddffffff,87309a452ffffff,15,11.639435325736898,2106,23,7.652545692693921,3.1354942159291497,9.36224011970439,2.70805020110221
617,87309a4ddffffff,87309a453ffffff,12,11.559667135012866,2106,20,7.652545692693921,2.995732273553991,9.355363851202425,2.4849066497880004
618,87309a4ddffffff,87309a454ffffff,3,15.516739540031896,2106,6,7.652545692693921,1.791759469228055,9.649739134935661,1.0986122886681098
619,87309a4ddffffff,87309a455ffffff,9,15.38932786573747,2106,29,7.652545692693921,3.367295829986474,9.641494530422602,2.1972245773362196
620,87309a4ddffffff,87309a456ffffff,11,13.750840161795367,2106,21,7.652545692693921,3.044522437723423,9.528927924089043,2.3978952727983707
621,87309a4ddffffff,87309a458ffffff,5,12.492424507679559,2106,15,7.652545692693921,2.70805020110221,9.432957745497498,1.6094379124341003
622,87309a4ddffffff,87309a459ffffff,7,13.428682252743567,2106,22,7.652545692693921,3.091042453358316,9.505222629724628,1.9459101490553132
623,87309a4ddffffff,87309a45affffff,15,10.4120141320314,2106,37,7.652545692693921,3.6109179126442243,9.250811661681707,2.70805020110221
625,87309a4ddffffff,87309a45cffffff,11,13.909417567002034,2106,169,7.652545692693921,5.1298987149230735,9.540393303661892,2.3978952727983707
626,87309a4ddffffff,87309a45dffffff,15,14.572170438927966,2106,47,7.652545692693921,3.8501476017100584,9.586937475993196,2.70805020110221
627,87309a4ddffffff,87309a45effffff,8,11.852850121263764,2106,24,7.652545692693921,3.1780538303479458,9.380407998541157,2.0794415416798357
628,87309a4ddffffff,87309a461ffffff,3,23.30434306839061,2106,5,7.652545692693921,1.6094379124341003,10.056437929504781,1.0986122886681098
629,87309a4ddffffff,87309a462ffffff,2,21.157141026250017,2106,58,7.652545692693921,4.060443010546419,9.959780028911123,0.6931471805599453
630,87309a4ddffffff,87309a463ffffff,8,21.297981750751415,2106,27,7.652545692693921,3.295836866004329,9.966414545425774,2.0794415416798357
631,87309a4ddffffff,87309a469ffffff,1,22.88450723424846,2106,1,7.652545692693921,0.0,10.038259117327517,0.0
632,87309a4ddffffff,87309a46affffff,9,20.104343455594805,2106,10,7.652545692693921,2.302585092994046,9.908740902278959,2.1972245773362196
633,87309a4ddffffff,87309a46bffffff,8,20.80742032182429,2106,17,7.652545692693921,2.833213344056216,9.94311300693525,2.0794415416798357
634,87309a4ddffffff,87309a46effffff,2,21.63982418154157,2106,9,7.652545692693921,2.1972245773362196,9.982336818258341,0.6931471805599453
635,87309a4ddffffff,87309a471ffffff,2,19.236606145395385,2106,44,7.652545692693921,3.784189633918261,9.864622295761302,0.6931471805599453
636,87309a4ddffffff,87309a472ffffff,5,17.61919969149215,2106,13,7.652545692693921,2.5649493574615367,9.776801232654789,1.6094379124341003
637,87309a4ddffffff,87309a473ffffff,4,17.352015573757427,2106,10,7.652545692693921,2.302585092994046,9.761521578557826,1.3862943611198906
638,87309a4ddffffff,87309a474ffffff,3,21.489401275624857,2106,14,7.652545692693921,2.6390573296152584,9.975361662129737,1.0986122886681098
639,87309a4ddffffff,87309a475ffffff,2,21.221498234669163,2106,8,7.652545692693921,2.0794415416798357,9.962817135430079,0.6931471805599453
640,87309a4ddffffff,87309a476ffffff,1,19.76950141508624,2106,8,7.652545692693921,2.0794415416798357,9.891946278265209,0.0
641,87309a4ddffffff,87309a486ffffff,3,19.69837029907481,2106,4,7.652545692693921,1.3862943611198906,9.888341949701235,1.0986122886681098
642,87309a4ddffffff,87309a48bffffff,1,10.453018922749562,2106,2,7.652545692693921,0.6931471805599453,9.2547417693678,0.0
643,87309a4ddffffff,87309a495ffffff,3,20.211991336105918,2106,5,7.652545692693921,1.6094379124341003,9.91408081211711,1.0986122886681098
644,87309a4ddffffff,87309a4a1ffffff,1,19.462995269465168,2106,3,7.652545692693921,1.0986122886681098,9.87632164142311,0.0
645,87309a4ddffffff,87309a4a5ffffff,3,21.563835578476766,2106,5,7.652545692693921,1.6094379124341003,9.978819284590868,1.0986122886681098
652,87309a4ddffffff,87309a4c6ffffff,6,6.053902644244131,2106,6,7.652545692693921,1.791759469228055,8.708623577285532,1.791759469228055
659,87309a4ddffffff,87309a4d0ffffff,56,6.269836647167408,2106,75,7.652545692693921,4.31748811353631,8.743665061274928,4.02535169073515
660,87309a4ddffffff,87309a4d1ffffff,94,4.179232723286932,2106,94,7.652545692693921,4.543294782270004,8.338122199396478,4.543294782270004
661,87309a4ddffffff,87309a4d2ffffff,37,7.327284449730053,2106,69,7.652545692693921,4.23410650459726,8.899496722430587,3.6109179126442243
663,87309a4ddffffff,87309a4d4ffffff,15,7.802661683481131,2106,18,7.652545692693921,2.8903717578961645,8.962348349122246,2.70805020110221
664,87309a4ddffffff,87309a4d5ffffff,6,5.799468395494738,2106,6,7.652545692693921,1.791759469228055,8.665693951117692,1.791759469228055
665,87309a4ddffffff,87309a4d6ffffff,2,8.36109876031846,2106,12,7.652545692693921,2.4849066497880004,9.031464722456484,0.6931471805599453
673,87309a4ddffffff,87309a4e0ffffff,6,10.567428189371999,2106,25,7.652545692693921,3.2188758248682006,9.265626362922227,1.791759469228055
674,87309a4ddffffff,87309a4e1ffffff,11,9.887968430973237,2106,13,7.652545692693921,2.5649493574615367,9.199175114927272,2.3978952727983707
675,87309a4ddffffff,87309a4e2ffffff,36,9.27122888570701,2106,51,7.652545692693921,3.9318256327243257,9.13477907040375,3.58351893845611
677,87309a4ddffffff,87309a4e4ffffff,4,12.859028840529957,2106,8,7.652545692693921,2.0794415416798357,9.461879240443059,1.3862943611198906
678,87309a4ddffffff,87309a4e5ffffff,1,12.085112634475689,2106,8,7.652545692693921,2.0794415416798357,9.399812356295229,0.0
679,87309a4ddffffff,87309a4e6ffffff,2,11.58901309876789,2106,51,7.652545692693921,3.9318256327243257,9.357899066511578,0.6931471805599453
684,87309a4ddffffff,87309a4ecffffff,10,9.62294783857593,2106,12,7.652545692693921,2.4849066497880004,9.172009837707982,2.302585092994046
685,87309a4ddffffff,87309a4edffffff,25,9.805606156427016,2106,30,7.652545692693921,3.4011973816621555,9.190811535151527,3.2188758248682006
687,87309a4ddffffff,87309a4f1ffffff,8,8.3014272219948,2106,8,7.652545692693921,2.0794415416798357,9.02430318741842,2.0794415416798357
688,87309a4ddffffff,87309a4f3ffffff,3,7.781572635026129,2106,4,7.652545692693921,1.3862943611198906,8.959642235394744,1.0986122886681098
689,87309a4ddffffff,87309a4f4ffffff,1,12.109665136554348,2106,41,7.652545692693921,3.713572066704308,9.4018417596098,0.0
690,87309a4ddffffff,87309a4f5ffffff,48,10.579472476694452,2106,50,7.652545692693921,3.912023005428146,9.26676536194773,3.871201010907891
691,87309a4ddffffff,87309a501ffffff,1,35.95677310133469,2106,2,7.652545692693921,0.6931471805599453,10.490100559563842,0.0
692,87309a4ddffffff,87309a504ffffff,1,39.401434661648516,2106,1,7.652545692693921,0.0,10.581582886819744,0.0
693,87309a4ddffffff,87309a50affffff,1,31.328398115287126,2106,4,7.652545692693921,1.3862943611198906,10.352312172631382,0.0
694,87309a4ddffffff,87309a50bffffff,1,30.311651749596358,2106,18,7.652545692693921,2.8903717578961645,10.319320453839559,0.0
695,87309a4ddffffff,87309a50cffffff,1,34.919084188653976,2106,72,7.652545692693921,4.276666119016055,10.460817420851376,0.0
696,87309a4ddffffff,87309a50dffffff,1,33.97881582803481,2106,4,7.652545692693921,1.3862943611198906,10.433521975200488,0.0
697,87309a4ddffffff,87309a510ffffff,4,36.3304474009776,2106,20,7.652545692693921,2.995732273553991,10.500438964800875,1.3862943611198906
698,87309a4ddffffff,87309a512ffffff,1,35.49185706130138,2106,4,7.652545692693921,1.3862943611198906,10.477086745677346,0.0
699,87309a4ddffffff,87309a516ffffff,2,37.76885838410366,2106,4,7.652545692693921,1.3862943611198906,10.539266666271454,0.6931471805599453
700,87309a4ddffffff,87309a528ffffff,4,38.56377653959376,2106,4,7.652545692693921,1.3862943611198906,10.560094613967642,1.3862943611198906
701,87309a4ddffffff,87309a52dffffff,1,39.965251133420644,2106,3,7.652545692693921,1.0986122886681098,10.595790655298133,0.0
702,87309a4ddffffff,87309a530ffffff,2,41.88514350984731,2106,3,7.652545692693921,1.0986122886681098,10.642710347393402,0.6931471805599453
703,87309a4ddffffff,87309a531ffffff,1,40.60816272244935,2106,1,7.652545692693921,0.0,10.611749002946237,0.0
704,87309a4ddffffff,87309a532ffffff,1,40.925395562315465,2106,3,7.652545692693921,1.0986122886681098,10.619530502142117,0.0
705,87309a4ddffffff,87309a540ffffff,1,31.351415961347055,2106,8,7.652545692693921,2.0794415416798357,10.353046607249578,0.0
706,87309a4ddffffff,87309a541ffffff,4,31.01335832249482,2106,8,7.652545692693921,2.0794415416798357,10.342205547929765,1.3862943611198906
707,87309a4ddffffff,87309a542ffffff,1,29.644557736403776,2106,28,7.652545692693921,3.332204510175204,10.297067569808435,0.0
708,87309a4ddffffff,87309a544ffffff,1,33.4981396640899,2106,48,7.652545692693921,3.871201010907891,10.41927503581442,0.0
709,87309a4ddffffff,87309a546ffffff,24,31.823225224736248,2106,47,7.652545692693921,3.8501476017100584,10.367983078266304,3.1780538303479458
710,87309a4ddffffff,87309a548ffffff,2,28.840944648482285,2106,44,7.652545692693921,3.784189633918261,10.269586017991205,0.6931471805599453
711,87309a4ddffffff,87309a549ffffff,8,28.871299171577963,2106,16,7.652545692693921,2.772588722239781,10.27063790826596,2.0794415416798357
712,87309a4ddffffff,87309a54affffff,5,26.951644167789063,2106,12,7.652545692693921,2.4849066497880004,10.201836685356914,1.6094379124341003
713,87309a4ddffffff,87309a54dffffff,1,30.753865318256324,2106,34,7.652545692693921,3.5263605246161616,10.333803482450838,0.0
714,87309a4ddffffff,87309a54effffff,1,28.96121512572641,2106,11,7.652545692693921,2.3978952727983707,10.273747332722518,0.0
715,87309a4ddffffff,87309a551ffffff,1,27.98739011141293,2106,7,7.652545692693921,1.9459101490553132,10.239545064292763,0.0
716,87309a4ddffffff,87309a555ffffff,1,30.19788351293454,2106,43,7.652545692693921,3.7612001156935624,10.315560232909183,0.0
717,87309a4ddffffff,87309a556ffffff,2,29.408873833998395,2106,14,7.652545692693921,2.6390573296152584,10.28908574163739,0.6931471805599453
718,87309a4ddffffff,87309a558ffffff,1,25.36002213661959,2106,110,7.652545692693921,4.700480365792417,10.140968712810684,0.0
719,87309a4ddffffff,87309a559ffffff,1,25.091465552235615,2106,105,7.652545692693921,4.653960350157523,10.130322902855912,0.0
720,87309a4ddffffff,87309a55affffff,3,23.6269948030668,2106,40,7.652545692693921,3.6888794541139363,10.070187508479023,1.0986122886681098
721,87309a4ddffffff,87309a55cffffff,1,27.488253472827054,2106,124,7.652545692693921,4.820281565605037,10.221550424472875,0.0
722,87309a4ddffffff,87309a55dffffff,1,27.141097840159773,2106,47,7.652545692693921,3.8501476017100584,10.208841227386118,0.0
723,87309a4ddffffff,87309a560ffffff,3,37.354365004980565,2106,22,7.652545692693921,3.091042453358316,10.528231821610472,1.0986122886681098
724,87309a4ddffffff,87309a561ffffff,1,36.96909657168298,2106,1,7.652545692693921,0.0,10.517864664090721,0.0
725,87309a4ddffffff,87309a565ffffff,2,39.07968086672821,2106,6,7.652545692693921,1.791759469228055,10.573383528387966,0.6931471805599453
726,87309a4ddffffff,87309a566ffffff,2,37.85113389814749,2106,2,7.652545692693921,0.6931471805599453,10.541442635034619,0.6931471805599453
727,87309a4ddffffff,87309a56affffff,1,32.830374806827514,2106,30,7.652545692693921,3.4011973816621555,10.399139886159428,0.0
728,87309a4ddffffff,87309a56bffffff,2,32.69185353255225,2106,15,7.652545692693921,2.70805020110221,10.394911786595468,0.6931471805599453
729,87309a4ddffffff,87309a571ffffff,1,34.01995614848719,2106,14,7.652545692693921,2.6390573296152584,10.434731971036594,0.0
730,87309a4ddffffff,87309a572ffffff,3,33.14413625826505,2106,5,7.652545692693921,1.6094379124341003,10.408651265642002,1.0986122886681098
731,87309a4ddffffff,87309a576ffffff,2,35.41235456951455,2106,5,7.652545692693921,1.6094379124341003,10.474844275708232,0.6931471805599453
732,87309a4ddffffff,87309a582ffffff,1,31.155237918271744,2106,5,7.652545692693921,1.6094379124341003,10.346769758365534,0.0
733,87309a4ddffffff,87309a5a0ffffff,2,36.35111148475147,2106,9,7.652545692693921,2.1972245773362196,10.501007568888166,0.6931471805599453
734,87309a4ddffffff,87309a5a2ffffff,1,35.80319647695975,2106,1,7.652545692693921,0.0,10.48582038554587,0.0
735,87309a4ddffffff,87309a5a4ffffff,1,38.579324506616246,2106,78,7.652545692693921,4.356708826689592,10.560497697689671,0.0
736,87309a4ddffffff,87309a5a5ffffff,1,37.00826953974367,2106,14,7.652545692693921,2.6390573296152584,10.518923688350618,0.0
737,87309a4ddffffff,87309a5a6ffffff,2,37.99368600834548,2106,4,7.652545692693921,1.3862943611198906,10.545201587044088,0.6931471805599453
738,87309a4ddffffff,87309a5b0ffffff,1,37.14670543821342,2106,87,7.652545692693921,4.465908118654584,10.522657283452741,0.0
739,87309a4ddffffff,87309a616ffffff,4,20.856625537823092,2106,5,7.652545692693921,1.6094379124341003,9.945474893591777,1.3862943611198906
740,87309a4ddffffff,87309a633ffffff,1,22.76997403812499,2106,1,7.652545692693921,0.0,10.033241935399122,0.0
741,87309a4ddffffff,87309a6a3ffffff,1,21.35196362881732,2106,1,7.652545692693921,0.0,9.968945820677531,0.0
742,87309a4ddffffff,87309a700ffffff,2,24.66282629823949,2106,2,7.652545692693921,0.6931471805599453,10.113092926816547,0.6931471805599453
743,87309a4ddffffff,87309a702ffffff,6,22.766465256288782,2106,24,7.652545692693921,3.1780538303479458,10.033087833418575,1.791759469228055
744,87309a4ddffffff,87309a703ffffff,1,24.341248122186517,2106,1,7.652545692693921,0.0,10.099968725554293,0.0
745,87309a4ddffffff,87309a704ffffff,2,25.193457815933474,2106,79,7.652545692693921,4.3694478524670215,10.134379321372672,0.6931471805599453
746,87309a4ddffffff,87309a706ffffff,1,23.225982537383324,2106,88,7.652545692693921,4.477336814478207,10.053069922251307,0.0
747,87309a4ddffffff,87309a708ffffff,2,27.690688160433933,2106,58,7.652545692693921,4.060443010546419,10.228887580736169,0.6931471805599453
748,87309a4ddffffff,87309a70affffff,2,25.992825262332527,2106,42,7.652545692693921,3.7376696182833684,10.165614298888137,0.6931471805599453
749,87309a4ddffffff,87309a711ffffff,2,20.90370656513581,2106,60,7.652545692693921,4.0943445622221,9.947729607104533,0.6931471805599453
750,87309a4ddffffff,87309a712ffffff,4,17.471203896853677,2106,15,7.652545692693921,2.70805020110221,9.768366548397193,1.3862943611198906
751,87309a4ddffffff,87309a713ffffff,2,19.08460914687233,2106,16,7.652545692693921,2.772588722239781,9.856689882242536,0.6931471805599453
752,87309a4ddffffff,87309a714ffffff,3,19.897066900561732,2106,57,7.652545692693921,4.04305126783455,9.898377865318833,1.0986122886681098
753,87309a4ddffffff,87309a715ffffff,3,21.278506365978068,2106,52,7.652545692693921,3.9512437185814275,9.965499746099027,1.0986122886681098
754,87309a4ddffffff,87309a716ffffff,5,17.91937690425899,2106,10,7.652545692693921,2.302585092994046,9.793693718911477,1.6094379124341003
755,87309a4ddffffff,87309a71dffffff,1,24.237048344099072,2106,65,7.652545692693921,4.174387269895637,10.095678923084536,0.0
756,87309a4ddffffff,87309a722ffffff,1,25.920304351319142,2106,25,7.652545692693921,3.2188758248682006,10.162820471396046,0.0
757,87309a4ddffffff,87309a728ffffff,3,29.96441975877928,2106,18,7.652545692693921,2.8903717578961645,10.3077993210965,1.0986122886681098
758,87309a4ddffffff,87309a72cffffff,2,30.48897815612186,2106,77,7.652545692693921,4.343805421853684,10.325153323554424,0.6931471805599453
759,87309a4ddffffff,87309a72effffff,2,28.528866176895477,2106,31,7.652545692693921,3.4339872044851463,10.258706753586502,0.6931471805599453
760,87309a4ddffffff,87309a730ffffff,3,22.726745520160645,2106,22,7.652545692693921,3.091042453358316,10.031341726716704,1.0986122886681098
761,87309a4ddffffff,87309a731ffffff,1,23.901477186465566,2106,34,7.652545692693921,3.5263605246161616,10.081737380517794,0.0
762,87309a4ddffffff,87309a732ffffff,2,20.683062630314698,2106,10,7.652545692693921,2.302585092994046,9.937118761471048,0.6931471805599453
763,87309a4ddffffff,87309a733ffffff,4,21.892652062985697,2106,81,7.652545692693921,4.394449154672439,9.993952013649384,1.3862943611198906
764,87309a4ddffffff,87309a734ffffff,5,23.75762898239497,2106,18,7.652545692693921,2.8903717578961645,10.075701069050558,1.6094379124341003
765,87309a4ddffffff,87309a735ffffff,2,24.775286992144526,2106,77,7.652545692693921,4.343805421853684,10.117642305059656,0.6931471805599453
766,87309a4ddffffff,87309a736ffffff,8,21.688512982864715,2106,24,7.652545692693921,3.1780538303479458,9.984584150035628,2.0794415416798357
767,87309a4ddffffff,87309a780ffffff,1,12.627782640798255,2106,1,7.652545692693921,0.0,9.443733824380649,0.0
768,87309a4ddffffff,87309a788ffffff,1,17.590334461842737,2106,2,7.652545692693921,0.6931471805599453,9.775161699654626,0.0
769,87309a4ddffffff,87309a794ffffff,29,7.31802646726492,2106,29,7.652545692693921,3.367295829986474,8.898232601835284,3.367295829986474
770,87309a4ddffffff,87309a7a4ffffff,4,14.604394124797873,2106,85,7.652545692693921,4.442651256490317,9.58914620006526,1.3862943611198906
771,87309a4ddffffff,87309a7a6ffffff,2,12.61076287694782,2106,30,7.652545692693921,3.4011973816621555,9.442385219104427,0.6931471805599453
773,87309a4ddffffff,87309a7b4ffffff,4,9.33045082950538,2106,4,7.652545692693921,1.3862943611198906,9.141145783306978,1.3862943611198906
774,87309a4ddffffff,87309a7b5ffffff,5,10.64940383080688,2106,12,7.652545692693921,2.4849066497880004,9.27335308880431,1.6094379124341003
776,87309a4ddffffff,87309accaffffff,2,41.68855075845221,2106,17,7.652545692693921,2.833213344056216,10.638005795054063,0.6931471805599453
777,87309a4ddffffff,87309accbffffff,1,41.21213203649635,2106,1,7.652545692693921,0.0,10.626512223301125,0.0
778,87309a4ddffffff,87309acdaffffff,2,39.16167111781074,2106,2,7.652545692693921,0.6931471805599453,10.575479304681116,0.6931471805599453
779,87309a4ddffffff,87309acdbffffff,1,38.45518908545423,2106,11,7.652545692693921,2.3978952727983707,10.557274926491557,0.0
780,87309a4ddffffff,87309acdcffffff,1,42.931690881105574,2106,3,7.652545692693921,1.0986122886681098,10.667388839922916,0.0
781,87309a4ddffffff,87309acddffffff,1,42.26301710217696,2106,1,7.652545692693921,0.0,10.651691343495237,0.0
782,87309a4ddffffff,874192c14ffffff,1,55.67285185951114,2106,23,7.652545692693921,3.1354942159291497,10.92726586972184,0.0
783,87309a4ddffffff,874192c20ffffff,1,54.36027452900533,2106,1,7.652545692693921,0.0,10.903407314072,0.0
784,87309a4ddffffff,874192c2cffffff,1,58.12568107390796,2106,7,7.652545692693921,1.9459101490553132,10.970380064173076,0.0
785,87309a4ddffffff,874192d0bffffff,2,52.24772905084522,2106,2,7.652545692693921,0.6931471805599453,10.863770845145478,0.6931471805599453
786,87309a4ddffffff,874192d18ffffff,1,48.59877383118515,2106,17,7.652545692693921,2.833213344056216,10.791374156198438,0.0
787,87309a4ddffffff,874192d1affffff,1,48.850732144755035,2106,25,7.652545692693921,3.2188758248682006,10.796545115281496,0.0
788,87309a4ddffffff,874192d29ffffff,1,48.68127536638179,2106,43,7.652545692693921,3.7612001156935624,10.793070287307023,0.0
789,87309a4ddffffff,874192d40ffffff,6,58.31800455518351,2106,7,7.652545692693921,1.9459101490553132,10.973683297867176,1.791759469228055
790,87309a4ddffffff,874192d53ffffff,2,58.06105540292494,2106,3,7.652545692693921,1.0986122886681098,10.969267638311376,0.6931471805599453
791,87309a4ddffffff,874192d56ffffff,1,54.17637687264631,2106,2,7.652545692693921,0.6931471805599453,10.90001869941806,0.0
792,87309a4ddffffff,874192d89ffffff,1,53.98723463485124,2106,9,7.652545692693921,2.1972245773362196,10.896521424675356,0.0
793,87309a4ddffffff,874192da4ffffff,1,39.679495378115234,2106,1,7.652545692693921,0.0,10.588615045648382,0.0
794,87309a4ddffffff,874192dacffffff,1,45.29524844752942,2106,3,7.652545692693921,1.0986122886681098,10.720979492313885,0.0
795,87309a4ddffffff,874196092ffffff,2,34.29198515218675,2106,2,7.652545692693921,0.6931471805599453,10.44269609772458,0.6931471805599453
796,87309a4ddffffff,8741960b6ffffff,1,40.381833146601295,2106,6,7.652545692693921,1.791759469228055,10.606160051530429,0.0
797,87309a4ddffffff,874196421ffffff,1,28.924274565641465,2106,1,7.652545692693921,0.0,10.272471044346695,0.0
798,87309a4ddffffff,874196430ffffff,1,25.8371398404807,2106,1,7.652545692693921,0.0,10.159606967707811,0.0
800,87309a4ddffffff,87419644affffff,5,26.712317011201094,2106,128,7.652545692693921,4.852030263919617,10.192917484511149,1.6094379124341003
801,87309a4ddffffff,87419644effffff,26,27.306216330851424,2106,34,7.652545692693921,3.5263605246161616,10.214906280706275,3.258096538021482
802,87309a4ddffffff,874196451ffffff,3,22.813615725596343,2106,3,7.652545692693921,1.0986122886681098,10.035156650160106,1.0986122886681098
803,87309a4ddffffff,874196453ffffff,18,20.755510478828214,2106,18,7.652545692693921,2.8903717578961645,9.940615234462909,2.8903717578961645
804,87309a4ddffffff,874196456ffffff,1,20.873788004201376,2106,1,7.652545692693921,0.0,9.94629739418013,0.0
806,87309a4ddffffff,874196459ffffff,5,24.772633736744428,2106,5,7.652545692693921,1.6094379124341003,10.117535210825656,1.6094379124341003
808,87309a4ddffffff,87419645bffffff,81,22.860548380692034,2106,81,7.652545692693921,4.394449154672439,10.037211668243641,4.394449154672439
812,87309a4ddffffff,874196461ffffff,1,32.20073003576768,2106,1,7.652545692693921,0.0,10.379775457908083,0.0
813,87309a4ddffffff,874196465ffffff,1,33.42986255101538,2106,1,7.652545692693921,0.0,10.417234780786801,0.0
814,87309a4ddffffff,874196480ffffff,18,11.58919716919378,2106,18,7.652545692693921,2.8903717578961645,9.357914948198912,2.8903717578961645
815,87309a4ddffffff,874196481ffffff,32,10.570928298239656,2106,32,7.652545692693921,3.4657359027997265,9.265957493468836,3.4657359027997265
816,87309a4ddffffff,874196482ffffff,81,10.576271904962917,2106,82,7.652545692693921,4.406719247264253,9.26646281818898,4.394449154672439
817,87309a4ddffffff,874196483ffffff,33,9.271346690919113,2106,33,7.652545692693921,3.4965075614664802,9.134791775489571,3.4965075614664802
818,87309a4ddffffff,874196485ffffff,36,12.86332882379793,2106,36,7.652545692693921,3.58351893845611,9.462213552643513,3.58351893845611
826,87309a4ddffffff,874196491ffffff,93,9.904597390602047,2106,93,7.652545692693921,4.532599493153256,9.20085526933839,4.532599493153256
827,87309a4ddffffff,874196495ffffff,1,12.10218548073197,2106,2,7.652545692693921,0.6931471805599453,9.401223959807655,0.0
830,87309a4ddffffff,87419649affffff,96,5.795831055507573,2106,96,7.652545692693921,4.564348191467836,8.665066677480102,4.564348191467836
834,87309a4ddffffff,87419649effffff,7,7.7767168546088525,2106,7,7.652545692693921,1.9459101490553132,8.959018110685737,1.9459101490553132
835,87309a4ddffffff,8741964a3ffffff,1,15.163585946682378,2106,1,7.652545692693921,0.0,9.626718116530844,0.0
840,87309a4ddffffff,8741964aeffffff,19,14.32944619177833,2106,19,7.652545692693921,2.9444389791664403,9.570141657237567,2.9444389791664403
841,87309a4ddffffff,8741964b4ffffff,1,18.867368568385114,2106,2,7.652545692693921,0.6931471805599453,9.84524217825964,0.0
843,87309a4ddffffff,8741964c1ffffff,21,14.084761448736147,2106,21,7.652545692693921,3.044522437723423,9.552919739817364,3.044522437723423
845,87309a4ddffffff,8741964c3ffffff,1,12.211235558146733,2106,1,7.652545692693921,0.0,9.410193642740694,0.0
849,87309a4ddffffff,8741964caffffff,1,14.096344202171139,2106,2,7.652545692693921,0.6931471805599453,9.553741704169383,0.0
854,87309a4ddffffff,8741964d4ffffff,3,8.341558339411392,2106,3,7.652545692693921,1.0986122886681098,9.029125203638104,1.0986122886681098
857,87309a4ddffffff,8741964d8ffffff,5,10.681172908174865,2106,5,7.652545692693921,1.6094379124341003,9.276331547641474,1.6094379124341003
858,87309a4ddffffff,8741964ddffffff,49,12.21708284405178,2106,49,7.652545692693921,3.8918202981106265,9.410672333678768,3.8918202981106265
860,87309a4ddffffff,8741964e1ffffff,1,17.603950508848563,2106,1,7.652545692693921,0.0,9.775935420386597,0.0
863,87309a4ddffffff,8741964eaffffff,36,16.01216734997048,2106,36,7.652545692693921,3.58351893845611,9.68116662214968,3.58351893845611
864,87309a4ddffffff,8741964ebffffff,5,17.526707743622218,2106,5,7.652545692693921,1.6094379124341003,9.77153820744975,1.6094379124341003
865,87309a4ddffffff,8741964ecffffff,12,18.70541323520877,2106,12,7.652545692693921,2.4849066497880004,9.836621697801961,2.4849066497880004
867,87309a4ddffffff,8741964eeffffff,65,16.66603018199311,2106,65,7.652545692693921,4.174387269895637,9.721187806423906,4.174387269895637
869,87309a4ddffffff,8741964f1ffffff,13,12.516316998191014,2106,13,7.652545692693921,2.5649493574615367,9.43486832442006,2.5649493574615367
870,87309a4ddffffff,8741964f2ffffff,90,9.818135902257174,2106,90,7.652545692693921,4.499809670330265,9.192088403816676,4.499809670330265
871,87309a4ddffffff,8741964f3ffffff,31,10.428606154233364,2106,31,7.652545692693921,3.4339872044851463,9.252403786422162,3.4339872044851463
872,87309a4ddffffff,8741964f4ffffff,16,13.560391442945559,2106,16,7.652545692693921,2.772588722239781,9.514982170016498,2.772588722239781
874,87309a4ddffffff,874196541ffffff,1,37.295284125738945,2106,1,7.652545692693921,0.0,10.526648979375514,0.0
875,87309a4ddffffff,874196599ffffff,3,20.86063589751803,2106,3,7.652545692693921,1.0986122886681098,9.945667148179673,1.0986122886681098
876,87309a4ddffffff,874196635ffffff,2,35.52046432394453,2106,131,7.652545692693921,4.875197323201151,10.477892421592642,0.6931471805599453
877,87309a4ddffffff,874196680ffffff,1,32.12953933669583,2106,9,7.652545692693921,2.1972245773362196,10.377562238047322,0.0
878,87309a4ddffffff,87419668cffffff,1,36.301209228356484,2106,2,7.652545692693921,0.6931471805599453,10.499633878686332,0.0
879,87309a4ddffffff,87419669cffffff,2,33.29197961563361,2106,4,7.652545692693921,1.3862943611198906,10.413101831389033,0.6931471805599453
880,87309a4ddffffff,8741966a9ffffff,1,37.70779862943509,2106,86,7.652545692693921,4.454347296253507,10.537648731602124,0.0
881,87309a4ddffffff,8741966aaffffff,1,34.85494817050502,2106,25,7.652545692693921,3.2188758248682006,10.458979080835679,0.0
882,87309a4ddffffff,8741966b3ffffff,1,27.96847893399728,2106,7,7.652545692693921,1.9459101490553132,10.238869156562242,0.0
883,87309a4ddffffff,8741966b5ffffff,1,27.212052981387977,2106,1,7.652545692693921,0.0,10.211452026195794,0.0
884,87309a4ddffffff,8741966e8ffffff,1,50.32434037903537,2106,1,7.652545692693921,0.0,10.826264014102314,0.0
886,87309a50bffffff,87309a423ffffff,1,6.038512940264396,65,4,4.174387269895637,1.3862943611198906,8.706078648648285,0.0
889,87309a50bffffff,87309a42cffffff,1,6.054190519468779,65,61,4.174387269895637,4.110873864173311,8.708671120309491,0.0
890,87309a50bffffff,87309a453ffffff,2,21.15082352119073,65,20,4.174387269895637,2.995732273553991,9.95948139925384,0.6931471805599453
891,87309a50bffffff,87309a508ffffff,13,2.316933865406363,65,26,4.174387269895637,3.258096538021482,7.7484314926067315,2.5649493574615367
894,87309a50bffffff,87309a50cffffff,3,4.63385179539883,65,72,4.174387269895637,4.276666119016055,8.441359502386007,1.0986122886681098
895,87309a50bffffff,87309a50dffffff,1,3.8750822594308287,65,4,4.174387269895637,1.3862943611198906,8.262580195548828,0.0
896,87309a50bffffff,87309a50effffff,1,3.892747581969714,65,8,4.174387269895637,2.0794415416798357,8.267127361532609,0.0
897,87309a50bffffff,87309a51dffffff,4,4.182146030075157,65,7,4.174387269895637,1.9459101490553132,8.338818881202235,1.3862943611198906
898,87309a50bffffff,87309a52bffffff,1,6.036498968987421,65,50,4.174387269895637,3.912023005428146,8.705745127192685,0.0
899,87309a50bffffff,87309a546ffffff,13,6.931322475375325,65,47,4.174387269895637,3.8501476017100584,8.843950169571043,2.5649493574615367
900,87309a50bffffff,87309a54cffffff,1,12.628992916869636,65,57,4.174387269895637,4.04305126783455,9.443829654526457,0.0
902,87309a50bffffff,87309a565ffffff,1,13.406090751822543,65,6,4.174387269895637,1.791759469228055,9.503539006566683,0.0
903,87309a50bffffff,87309ac99ffffff,5,16.607990596089174,65,27,4.174387269895637,3.295836866004329,9.717699429905158,1.6094379124341003
904,87309a50bffffff,87309ac9dffffff,1,18.8806234131438,65,12,4.174387269895637,2.4849066497880004,9.845944421868587,0.0
905,87309a50bffffff,87309acd8ffffff,17,11.538724157973782,65,17,4.174387269895637,2.833213344056216,9.35355063665455,2.833213344056216
906,87309a518ffffff,87309a424ffffff,9,4.183065633479338,77,71,4.343805421853684,4.2626798770413155,8.339038692399766,2.1972245773362196
907,87309a518ffffff,87309a425ffffff,1,6.273614643301164,77,8,4.343805421853684,2.0794415416798357,8.744267350688116,0.0
908,87309a518ffffff,87309a501ffffff,1,5.774673448038751,77,2,4.343805421853684,0.6931471805599453,8.661410142970071,0.0
910,87309a518ffffff,87309a509ffffff,2,6.937911557137309,77,14,4.343805421853684,2.6390573296152584,8.844900205053413,0.6931471805599453
912,87309a518ffffff,87309a50bffffff,2,5.337742023200407,77,18,4.343805421853684,2.8903717578961645,8.582745328022115,0.6931471805599453
914,87309a518ffffff,87309a511ffffff,3,3.895109908740261,77,11,4.343805421853684,2.3978952727983707,8.267733875026797,1.0986122886681098
919,87309a518ffffff,87309a51effffff,4,2.0925163388374477,77,6,4.343805421853684,1.791759469228055,7.646600389984486,1.3862943611198906
920,87309a518ffffff,87309a565ffffff,1,17.911585591069482,77,6,4.343805421853684,1.791759469228055,9.793258850412212,0.0
921,87309a518ffffff,87309a574ffffff,3,11.365074748411201,77,17,4.343805421853684,2.833213344056216,9.338388298327716,1.0986122886681098
922,87309a518ffffff,87309a58dffffff,1,7.773412593995181,77,8,4.343805421853684,2.0794415416798357,8.958593183581792,0.0
923,87309a518ffffff,87309a5a0ffffff,1,9.373325170470626,77,9,4.343805421853684,2.1972245773362196,9.14572986643133,0.0
924,87309a518ffffff,87309a5a4ffffff,7,10.469135154703704,77,78,4.343805421853684,4.356708826689592,9.256282212539976,1.9459101490553132
925,87309a518ffffff,87309a5a5ffffff,4,8.37399772106632,77,14,4.343805421853684,2.6390573296152584,9.033006084581746,1.3862943611198906
926,87309a518ffffff,87309a5adffffff,35,3.472254209015128,77,55,4.343805421853684,4.007333185232471,8.152847245865889,3.5553480614894135
927,87309a518ffffff,87309acdbffffff,3,13.417143638070613,77,11,4.343805421853684,2.3978952727983707,9.504363072944848,1.0986122886681098
928,87309a51cffffff,87309a436ffffff,1,7.757349745420067,37,100,3.6109179126442243,4.605170185988092,8.956524928888893,0.0
931,87309a51cffffff,87309a506ffffff,1,4.636005529181075,37,1,3.6109179126442243,0.0,8.441824076795553,0.0
932,87309a51cffffff,87309a50bffffff,1,6.274202451363842,37,18,3.6109179126442243,2.8903717578961645,8.744361026645093,0.0
933,87309a51cffffff,87309a50cffffff,1,5.325271248145924,37,72,3.6109179126442243,4.276666119016055,8.580406694131849,0.0
934,87309a51cffffff,87309a510ffffff,2,4.186078939597894,37,20,3.6109179126442243,2.995732273553991,8.339758619339841,0.6931471805599453
936,87309a51cffffff,87309a513ffffff,7,3.4722462889238055,37,52,3.6109179126442243,3.9512437185814275,8.152844965554724,1.9459101490553132
937,87309a51cffffff,87309a51affffff,1,3.8780415170673357,37,75,3.6109179126442243,4.31748811353631,8.26334337041629,0.0
939,87309a51cffffff,87309a51dffffff,1,2.0920564212886856,37,7,3.6109179126442243,1.9459101490553132,7.646380679220114,0.0
940,87309a51cffffff,87309a552ffffff,1,9.847569255455422,37,5,3.6109179126442243,1.6094379124341003,9.195081470362602,0.0
941,87309a51cffffff,87309a556ffffff,1,8.364291775911886,37,14,3.6109179126442243,2.6390573296152584,9.031846493375898,0.0
942,87309a51cffffff,87309a5a3ffffff,1,8.7554237157639,37,97,3.6109179126442243,4.574710978503383,9.077542848947928,0.0
943,87309a51cffffff,87309a5a8ffffff,1,6.247732390034553,37,3,3.6109179126442243,1.0986122886681098,8.740133904565706,0.0
944,87309a51cffffff,87309a5acffffff,2,5.330352628501188,37,55,3.6109179126442243,4.007333185232471,8.58136026141835,0.6931471805599453
945,87309a51cffffff,87309a5adffffff,14,4.164488500145747,37,55,3.6109179126442243,4.007333185232471,8.334588834673125,2.6390573296152584
946,87309a51cffffff,87309a5aeffffff,2,7.311379265441278,37,22,3.6109179126442243,3.091042453358316,8.897323980694924,0.6931471805599453
947,87309a52affffff,87309a500ffffff,1,3.468935480725551,12,2,2.4849066497880004,0.6931471805599453,8.151891279317194,0.0
949,87309a52affffff,87309a502ffffff,1,5.325017673086533,12,1,2.4849066497880004,0.0,8.580359084634713,0.0
952,87309a52affffff,87309a50cffffff,5,2.3169013819072144,12,72,2.4849066497880004,4.276666119016055,7.7484174785197695,1.6094379124341003
953,87309a52affffff,87309a521ffffff,1,4.6337506690182195,12,2,2.4849066497880004,0.6931471805599453,8.441337683460977,0.0
956,87309a52affffff,87309a529ffffff,1,3.466736617348924,12,8,2.4849066497880004,2.0794415416798357,8.151257388461827,0.0
959,87309a52affffff,87309a52cffffff,2,3.874021322873192,12,7,2.4849066497880004,1.9459101490553132,8.26230644444926,0.6931471805599453
960,87309a52affffff,87309a52dffffff,1,4.1578203071858075,12,3,2.4849066497880004,1.0986122886681098,8.332986733035485,0.0
962,87309a540ffffff,87309a474ffffff,1,9.872920492420361,52,14,3.9512437185814275,2.6390573296152584,9.197652266570504,0.0
965,87309a540ffffff,87309a542ffffff,1,2.077851429698996,52,28,3.9512437185814275,3.332204510175204,7.639570822918209,0.0
966,87309a540ffffff,87309a543ffffff,2,2.315119621621832,52,11,3.9512437185814275,2.3978952727983707,7.747648487454848,0.6931471805599453
970,87309a540ffffff,87309a54cffffff,9,4.173747728054361,52,57,3.9512437185814275,4.04305126783455,8.33680921104121,2.1972245773362196
971,87309a540ffffff,87309a54effffff,1,3.8877132153715483,52,11,3.9512437185814275,2.3978952727983707,8.265833588924819,0.0
972,87309a540ffffff,87309a555ffffff,2,3.4634660995419426,52,43,3.9512437185814275,3.7612001156935624,8.150313815925593,0.6931471805599453
973,87309a540ffffff,87309a55cffffff,1,3.8728252976775726,52,124,3.9512437185814275,4.820281565605037,8.261997746842072,0.0
974,87309a540ffffff,87309a562ffffff,1,4.630193689968971,52,48,3.9512437185814275,3.871201010907891,8.440569930259326,0.0
976,87309a540ffffff,87309a568ffffff,22,5.312565489045081,52,22,3.9512437185814275,3.091042453358316,8.578018355766455,3.091042453358316
977,87309a540ffffff,87309a569ffffff,1,6.920335769945694,52,106,3.9512437185814275,4.663439094112067,8.84236406032273,0.0
978,87309a540ffffff,87309a56affffff,4,3.461267272507149,52,30,3.9512437185814275,3.4011973816621555,8.149678934520304,1.3862943611198906
979,87309a540ffffff,87309a56bffffff,4,5.324332339118083,52,15,3.9512437185814275,2.70805020110221,8.580230399732121,1.3862943611198906
980,87309a540ffffff,87309a56cffffff,1,6.229555400262859,52,3,3.9512437185814275,1.0986122886681098,8.737220757127815,0.0
981,87309a540ffffff,87309a56dffffff,1,7.285399908968183,52,1,3.9512437185814275,0.0,8.893764863376033,0.0
983,87309a540ffffff,87309acd9ffffff,1,9.260322567359822,52,2,3.9512437185814275,0.6931471805599453,9.133602143290377,0.0
984,87309a545ffffff,87309a0b4ffffff,2,7.3063021092942595,50,12,3.912023005428146,2.4849066497880004,8.896629416125288,0.6931471805599453
985,87309a545ffffff,87309a192ffffff,2,5.763732591961927,50,4,3.912023005428146,1.3862943611198906,8.659514046885278,0.6931471805599453
986,87309a545ffffff,87309a198ffffff,1,8.717179015240387,50,11,3.912023005428146,2.3978952727983707,9.073165666567833,0.0
987,87309a545ffffff,87309a50affffff,3,12.189215238135057,50,4,3.912023005428146,1.3862943611198906,9.408388879262427,1.0986122886681098
992,87309a545ffffff,87309a544ffffff,24,2.087398489620734,50,48,3.912023005428146,3.871201010907891,7.644152778312967,3.1780538303479458
993,87309a545ffffff,87309a545ffffff,1,0.0,50,7,3.912023005428146,1.9459101490553132,0.0,0.0
997,87309a545ffffff,87309a562ffffff,9,3.888325786479937,50,48,3.912023005428146,3.871201010907891,8.265991101919935,2.1972245773362196
998,87309a545ffffff,87309a564ffffff,3,6.944139826516167,50,6,3.912023005428146,1.791759469228055,8.845797388393425,1.0986122886681098
999,87309a545ffffff,87309a565ffffff,1,6.030264318568832,50,6,3.912023005428146,1.791759469228055,8.704711939147703,0.0
1000,87309a545ffffff,87309a569ffffff,1,5.322798182584848,50,106,3.912023005428146,4.663439094112067,8.579942271693739,0.0
1001,87309a545ffffff,87309a56bffffff,2,4.1728287656490375,50,15,3.912023005428146,2.70805020110221,8.33658906275372,0.6931471805599453
1002,87309a545ffffff,87309a574ffffff,1,7.798674694933633,50,17,3.912023005428146,2.833213344056216,8.961837306030233,0.0
1003,87309a546ffffff,87309a0b4ffffff,6,10.647130471608635,101,12,4.61512051684126,2.4849066497880004,9.27313961315621,1.791759469228055
1004,87309a546ffffff,87309a190ffffff,10,10.381529661942373,101,26,4.61512051684126,3.258096538021482,9.247879832417985,2.302585092994046
1005,87309a546ffffff,87309a19affffff,3,10.380492537846013,101,4,4.61512051684126,1.3862943611198906,9.24777993615634,1.0986122886681098
1006,87309a546ffffff,87309a425ffffff,1,7.296669108538093,101,8,4.61512051684126,2.0794415416798357,8.895310275949058,0.0
1011,87309a546ffffff,87309a544ffffff,20,2.0776393784958325,101,48,4.61512051684126,3.871201010907891,7.639468813695276,2.995732273553991
1012,87309a546ffffff,87309a545ffffff,2,3.462362953251278,101,7,4.61512051684126,1.9459101490553132,8.149995347819182,0.6931471805599453
1014,87309a546ffffff,87309a54cffffff,1,6.261605818037429,101,57,4.61512051684126,4.04305126783455,8.742351642342172,0.0
1017,87309a546ffffff,87309a560ffffff,1,5.766233050483232,101,22,4.61512051684126,3.091042453358316,8.659947703841604,0.0
1018,87309a546ffffff,87309a562ffffff,36,3.8721221700150292,101,48,4.61512051684126,3.871201010907891,8.261816223043851,3.58351893845611
1019,87309a546ffffff,87309a565ffffff,1,7.753799416744387,101,6,4.61512051684126,1.791759469228055,8.956067210252844,0.0
1020,87309a546ffffff,87309a569ffffff,2,8.734876223172442,101,106,4.61512051684126,4.663439094112067,9.075193529291413,0.6931471805599453
1021,87309a546ffffff,87309a56affffff,1,5.326093786419484,101,30,4.61512051684126,3.4011973816621555,8.58056111262263,0.0
1022,87309a546ffffff,87309a56bffffff,4,7.310699221587451,101,15,4.61512051684126,2.70805020110221,8.897230977384675,1.3862943611198906
1023,87309a546ffffff,87309a571ffffff,8,2.315464419423859,101,14,4.61512051684126,2.6390573296152584,7.747797345111659,2.0794415416798357
1024,87309a546ffffff,87309a573ffffff,2,2.08851405517017,101,13,4.61512051684126,2.5649493574615367,7.644686808436378,0.6931471805599453
1025,87309a546ffffff,87309a575ffffff,1,4.630912933734763,101,78,4.61512051684126,4.356708826689592,8.440725222386785,0.0
1026,87309a546ffffff,87419295affffff,2,81.52378789791071,101,2,4.61512051684126,0.6931471805599453,11.308662398972574,0.6931471805599453
1027,87309a548ffffff,87309a0b0ffffff,2,5.309767560942025,33,13,3.4965075614664802,2.5649493574615367,8.577491653872872,0.6931471805599453
1028,87309a548ffffff,87309a460ffffff,1,6.032206693273491,33,3,3.4965075614664802,1.0986122886681098,8.705033938300346,0.0
1029,87309a548ffffff,87309a464ffffff,11,3.8720448269777474,33,30,3.4965075614664802,3.4011973816621555,8.261796253673888,2.3978952727983707
1030,87309a548ffffff,87309a466ffffff,1,5.767762693346075,33,2,3.4965075614664802,0.6931471805599453,8.660212898612091,0.0
1035,87309a548ffffff,87309a54cffffff,1,2.3143987971235744,33,57,3.4965075614664802,4.04305126783455,7.74733721826021,0.0
1036,87309a548ffffff,87309a54dffffff,7,2.0764879795843134,33,34,3.4965075614664802,3.5263605246161616,7.638914740712534,1.9459101490553132
1037,87309a548ffffff,87309a54effffff,4,2.0863487002579038,33,11,3.4965075614664802,2.3978952727983707,7.643649975179917,1.3862943611198906
1039,87309a548ffffff,87309a55bffffff,1,6.233459672749445,33,29,3.4965075614664802,3.367295829986474,8.737847194013996,0.0
1040,87309a548ffffff,87309a55dffffff,4,3.461281407975489,33,47,3.4965075614664802,3.8501476017100584,8.149683017232114,1.3862943611198906
1041,87309a548ffffff,87309a55effffff,1,6.924761679272724,33,45,3.4965075614664802,3.8066624897703196,8.843003314793782,0.0
1042,87309a549ffffff,87309a013ffffff,1,13.999971947252249,87,4,4.465908118654584,1.3862943611198906,9.546882030991338,0.0
1043,87309a549ffffff,87309a01dffffff,1,19.021384941278733,87,50,4.465908118654584,3.912023005428146,9.853371719472982,0.0
1044,87309a549ffffff,87309a080ffffff,6,7.300559285119235,87,9,4.465908118654584,2.1972245773362196,8.895843205028365,1.791759469228055
1045,87309a549ffffff,87309a082ffffff,3,6.253135350419757,87,21,4.465908118654584,3.044522437723423,8.74099817999974,1.0986122886681098
1046,87309a549ffffff,87309a086ffffff,23,5.318818100398559,87,28,4.465908118654584,3.332204510175204,8.579194390096736,3.1354942159291497
1048,87309a549ffffff,87309a092ffffff,1,4.628115818882886,87,7,4.465908118654584,1.9459101490553132,8.44012116099973,0.0
1050,87309a549ffffff,87309a095ffffff,1,4.169413862182871,87,59,4.465908118654584,4.07753744390572,8.335770557394007,0.0
1053,87309a549ffffff,87309a0b1ffffff,10,5.308242280351795,87,18,4.465908118654584,2.8903717578961645,8.577204407321595,2.302585092994046
1056,87309a549ffffff,87309a0b4ffffff,1,5.763088872837054,87,12,4.465908118654584,2.4849066497880004,8.659402375605172,0.0
1057,87309a549ffffff,87309a0b5ffffff,1,6.226101986848808,87,4,4.465908118654584,1.3862943611198906,8.736666332905797,0.0
1059,87309a549ffffff,87309a19affffff,1,7.739164147139418,87,4,4.465908118654584,1.3862943611198906,8.954178173999646,0.0
1060,87309a549ffffff,87309a42dffffff,2,10.387152600433032,87,22,4.465908118654584,3.091042453358316,9.248421262743381,0.6931471805599453
1061,87309a549ffffff,87309a440ffffff,1,11.618220388929345,87,23,4.465908118654584,3.1354942159291497,9.360415935980367,0.0
1062,87309a549ffffff,87309a548ffffff,8,2.085692102011728,87,44,4.465908118654584,3.784189633918261,7.6433353648142335,2.0794415416798357
1064,87309a549ffffff,87309a54affffff,3,3.4601853371177373,87,12,4.465908118654584,2.4849066497880004,8.149366392365623,1.0986122886681098
1066,87309a549ffffff,87309a54dffffff,17,2.3140380648237264,87,34,4.465908118654584,3.5263605246161616,7.7471814090735895,2.833213344056216
1067,87309a549ffffff,87309a553ffffff,1,10.652811114862313,87,4,4.465908118654584,1.3862943611198906,9.273672958284896,0.0
1068,87309a549ffffff,87309a558ffffff,2,6.922569520778931,87,110,4.465908118654584,4.700480365792417,8.842686742321012,0.6931471805599453
1069,87309a549ffffff,87309a55cffffff,1,7.309804050405841,87,124,4.465908118654584,4.820281565605037,8.897108539910587,0.0
1070,87309a549ffffff,87309a55effffff,1,8.737060586873879,87,45,4.465908118654584,3.8066624897703196,9.075443543210607,0.0
1071,87309a549ffffff,87309a569ffffff,1,6.029355419468562,87,106,4.465908118654584,4.663439094112067,8.704561229852978,0.0
1072,87309a549ffffff,87419674effffff,1,69.46928559120695,87,5,4.465908118654584,1.6094379124341003,11.148654394679008,0.0
1073,87309a54bffffff,87309a096ffffff,1,2.085494522816553,33,14,3.4965075614664802,2.6390573296152584,7.643240674970196,0.0
1074,87309a54bffffff,87309a0b0ffffff,2,6.228100212901179,33,13,3.4965075614664802,2.5649493574615367,8.736987173245005,0.6931471805599453
1075,87309a54bffffff,87309a19dffffff,1,13.497496325335161,33,2,3.4965075614664802,0.6931471805599453,9.510333574914434,0.0
1076,87309a54bffffff,87309a464ffffff,18,2.077365233773884,33,30,3.4965075614664802,3.4011973816621555,7.639336918377414,2.8903717578961645
1081,87309a54bffffff,87309a54dffffff,4,3.8711301648559435,33,34,3.4965075614664802,3.5263605246161616,8.261560064788027,1.3862943611198906
1082,87309a54bffffff,87309a54effffff,2,3.8865139499463464,33,11,3.4965075614664802,2.3978952727983707,8.265525144891686,0.6931471805599453
1083,87309a54bffffff,87309a558ffffff,2,5.325410253964309,33,110,3.4965075614664802,4.700480365792417,8.580432791939872,0.6931471805599453
1085,87309a54bffffff,87309a55bffffff,1,5.315098143293674,33,29,3.4965075614664802,3.367295829986474,8.578494881531354,0.0
1086,87309a54bffffff,87309a55dffffff,1,4.172959353946848,33,47,3.4965075614664802,3.8501476017100584,8.336620349675705,0.0
1087,87309a54bffffff,87309a56affffff,1,6.94319578065689,33,30,3.4965075614664802,3.4011973816621555,8.845661450161758,0.0
1088,87309a54dffffff,87309a088ffffff,1,13.926108293238201,64,10,4.1588830833596715,2.302585092994046,9.54159245679928,0.0
1089,87309a54dffffff,87309a08cffffff,1,12.501544525006246,64,4,4.1588830833596715,1.3862943611198906,9.433687464574959,0.0
1090,87309a54dffffff,87309a08dffffff,23,14.582835411529423,64,53,4.1588830833596715,3.970291913552122,9.587669030744173,3.1354942159291497
1091,87309a54dffffff,87309a094ffffff,10,3.8850389457352374,64,73,4.1588830833596715,4.290459441148391,8.265145651949759,2.302585092994046
1092,87309a54dffffff,87309a0b0ffffff,6,3.457979804167556,64,13,4.1588830833596715,2.5649493574615367,8.148728970286864,1.791759469228055
1094,87309a54dffffff,87309a0b3ffffff,10,4.169809031531378,64,15,4.1588830833596715,2.70805020110221,8.335865308332528,2.302585092994046
1095,87309a54dffffff,87309a0b6ffffff,1,2.0758218222805627,64,25,4.1588830833596715,3.2188758248682006,7.6385940341012155,0.0
1096,87309a54dffffff,87309a199ffffff,1,8.29928914833682,64,2,4.1588830833596715,0.6931471805599453,9.024045630326905,0.0
1097,87309a54dffffff,87309a428ffffff,1,12.592251263933276,64,9,4.1588830833596715,2.1972245773362196,9.440916335473615,0.0
1098,87309a54dffffff,87309a52bffffff,1,16.025091789630615,64,50,4.1588830833596715,3.912023005428146,9.681973409866266,0.0
1099,87309a54dffffff,87309a540ffffff,2,6.259637089574733,64,8,4.1588830833596715,2.0794415416798357,8.742037230413338,0.6931471805599453
1100,87309a54dffffff,87309a546ffffff,3,8.347495179557802,64,47,4.1588830833596715,3.8501476017100584,9.029836583586654,1.0986122886681098
1103,87309a54dffffff,87309a54affffff,1,4.153641995810977,64,12,4.1588830833596715,2.4849066497880004,8.331981541317676,0.0
1106,87309a54dffffff,87309a55affffff,1,9.309973156217143,64,40,4.1588830833596715,3.6888794541139363,9.138948892866132,0.0
1107,87309a54dffffff,87309a56bffffff,1,2.3140240211570853,64,15,4.1588830833596715,2.70805020110221,7.747175342776257,0.0
1108,87309a54dffffff,87309ac9dffffff,1,29.002206503555254,64,12,4.1588830833596715,2.4849066497880004,10.275161671944412,0.0
1109,87309a551ffffff,87309a0b6ffffff,1,10.383823523801455,79,25,4.3694478524670215,3.2188758248682006,9.248100742790903,0.0
1110,87309a551ffffff,87309a199ffffff,1,15.933121399788046,79,2,4.3694478524670215,0.6931471805599453,9.676218088826063,0.0
1111,87309a551ffffff,87309a540ffffff,1,4.156369138894692,79,8,4.3694478524670215,2.0794415416798357,8.332637734659425,0.0
1112,87309a551ffffff,87309a541ffffff,1,5.316120598776012,79,8,4.3694478524670215,2.0794415416798357,8.578687194980422,0.0
1114,87309a551ffffff,87309a543ffffff,5,3.4634733361692565,79,11,4.3694478524670215,2.3978952727983707,8.150315904737994,1.6094379124341003
1115,87309a551ffffff,87309a545ffffff,1,6.233554167588358,79,7,4.3694478524670215,1.9459101490553132,8.737862350760171,0.0
1116,87309a551ffffff,87309a548ffffff,1,7.312226962688576,79,44,4.3694478524670215,3.784189633918261,8.897439900299899,0.0
1117,87309a551ffffff,87309a54cffffff,15,6.924747826772437,79,57,4.3694478524670215,4.04305126783455,8.843001314650724,2.70805020110221
1118,87309a551ffffff,87309a54effffff,3,5.327400566178294,79,11,4.3694478524670215,2.3978952727983707,8.58080639073402,1.0986122886681098
1122,87309a551ffffff,87309a555ffffff,30,2.315854584893252,79,43,4.3694478524670215,3.7612001156935624,7.747965762382281,3.4011973816621555
1123,87309a551ffffff,87309a556ffffff,2,4.178210562441225,79,14,4.3694478524670215,2.6390573296152584,8.337877647022388,0.6931471805599453
1124,87309a551ffffff,87309a558ffffff,2,3.8888801351792166,79,110,4.3694478524670215,4.700480365792417,8.266133622559137,0.6931471805599453
1127,87309a551ffffff,87309a560ffffff,4,9.601917289599472,79,22,4.3694478524670215,3.091042453358316,9.169822215625715,1.3862943611198906
1128,87309a551ffffff,87309a56affffff,11,7.290295994274381,79,30,4.3694478524670215,3.4011973816621555,8.894436586194617,2.3978952727983707
1129,87309a551ffffff,87309a572ffffff,1,6.052433253069716,79,5,4.3694478524670215,1.6094379124341003,8.708380869915324,0.0
1130,87309a554ffffff,87309a51dffffff,1,7.324336426340538,3,7,1.0986122886681098,1.9459101490553132,8.89909436134124,0.0
1135,87309a554ffffff,87309a556ffffff,1,2.079426703940869,3,14,1.0986122886681098,2.6390573296152584,7.640328297781192,0.0
1136,87309a554ffffff,87309a5a8ffffff,1,13.880236402294793,3,3,1.0986122886681098,1.0986122886681098,9.538293308068717,0.0
1137,87309a556ffffff,87309a425ffffff,1,2.0800930213549207,32,8,3.4657359027997265,2.0794415416798357,7.640648525709319,0.0
1138,87309a556ffffff,87309a42cffffff,7,4.6331930562008745,32,61,3.4657359027997265,4.110873864173311,8.441217364936117,1.9459101490553132
1139,87309a556ffffff,87309a508ffffff,2,3.891858145678126,32,26,3.4657359027997265,3.258096538021482,8.266898908641434,0.6931471805599453
1142,87309a556ffffff,87309a515ffffff,1,11.908258199320029,32,22,3.4657359027997265,3.091042453358316,9.385071376557404,0.0
1143,87309a556ffffff,87309a544ffffff,1,7.294221049201933,32,48,3.4657359027997265,3.871201010907891,8.894974761964829,0.0
1144,87309a556ffffff,87309a550ffffff,1,2.0894333424884217,32,5,3.4657359027997265,1.6094379124341003,7.645126664370253,0.0
1145,87309a556ffffff,87309a552ffffff,1,2.3165893297073588,32,5,3.4657359027997265,1.6094379124341003,7.748282842417686,0.0
1146,87309a556ffffff,87309a554ffffff,6,2.079426703940869,32,8,3.4657359027997265,2.0794415416798357,7.640328297781192,1.791759469228055
1147,87309a556ffffff,87309a555ffffff,10,3.4656649734138467,32,43,3.4657359027997265,3.7612001156935624,8.150948308022922,2.302585092994046
1149,87309a556ffffff,87309a572ffffff,1,3.874518364821984,32,5,3.4657359027997265,1.6094379124341003,8.262434704407793,0.0
1150,87309a556ffffff,87309a573ffffff,1,4.158186967749046,32,13,3.4657359027997265,2.5649493574615367,8.333074893709396,0.0
1151,87309a55affffff,87309a090ffffff,45,10.648829075675504,182,93,5.204006687076795,4.532599493153256,9.273299121776434,3.8066624897703196
1152,87309a55affffff,87309a091ffffff,1,12.615076381933083,182,41,5.204006687076795,3.713572066704308,9.44272718299464,0.0
1153,87309a55affffff,87309a094ffffff,14,10.383864125876826,182,73,5.204006687076795,4.290459441148391,9.248104652534378,2.6390573296152584
1154,87309a55affffff,87309a428ffffff,2,3.4656858321136683,182,9,5.204006687076795,2.1972245773362196,8.1509543249404,0.6931471805599453
1157,87309a55affffff,87309a462ffffff,2,5.7950118563775845,182,58,5.204006687076795,4.060443010546419,8.66492534905228,0.6931471805599453
1158,87309a55affffff,87309a464ffffff,1,5.326943997093165,182,30,5.204006687076795,3.4011973816621555,8.580720701108897,0.0
1159,87309a55affffff,87309a474ffffff,3,2.315895898508033,182,14,5.204006687076795,2.6390573296152584,7.747983593991872,1.0986122886681098
1160,87309a55affffff,87309a540ffffff,2,7.746915484505982,182,8,5.204006687076795,2.0794415416798357,8.95517911642738,0.6931471805599453
1161,87309a55affffff,87309a548ffffff,19,7.291264792874297,182,44,5.204006687076795,3.784189633918261,8.894569447930579,2.9444389791664403
1162,87309a55affffff,87309a549ffffff,2,8.726348104961321,182,16,5.204006687076795,2.772588722239781,9.074216834641122,0.6931471805599453
1163,87309a55affffff,87309a54affffff,1,5.316623826854163,182,12,5.204006687076795,2.4849066497880004,8.578781833470712,0.0
1164,87309a55affffff,87309a54dffffff,1,9.309973156217143,182,34,5.204006687076795,3.5263605246161616,9.138948892866132,0.0
1166,87309a55affffff,87309a559ffffff,16,3.4634869049229655,182,105,5.204006687076795,4.653960350157523,8.150319821271857,2.772588722239781
1168,87309a55affffff,87309a55bffffff,20,2.087726576941864,182,29,5.204006687076795,3.367295829986474,7.644309865934992,2.995732273553991
1169,87309a55affffff,87309a55cffffff,14,3.8740901868284108,182,124,5.204006687076795,4.820281565605037,8.262324215536847,2.6390573296152584
1170,87309a55affffff,87309a55dffffff,6,4.1572150803708725,182,47,5.204006687076795,3.8501476017100584,8.332841193961091,1.791759469228055
1171,87309a55affffff,87309a55effffff,27,2.3158827391957195,182,45,5.204006687076795,3.8066624897703196,7.747977914259049,3.295836866004329
1172,87309a55affffff,87309a56affffff,1,9.783713639785413,182,30,5.204006687076795,3.4011973816621555,9.188576614178173,0.0
1173,87309a55affffff,87309a574ffffff,5,13.89507762975604,182,17,5.204006687076795,2.833213344056216,9.539361894387493,1.6094379124341003
1174,87309a55bffffff,87309a091ffffff,1,10.64530355689672,72,41,4.276666119016055,3.713572066704308,9.272968027030565,0.0
1175,87309a55bffffff,87309a429ffffff,1,3.4645895708302605,72,14,4.276666119016055,2.6390573296152584,8.150638047461845,0.0
1176,87309a55bffffff,87309a42affffff,21,6.9313780985856015,72,61,4.276666119016055,4.110873864173311,8.843958193287095,3.044522437723423
1177,87309a55bffffff,87309a42bffffff,1,5.3201770140867675,72,4,4.276666119016055,1.3862943611198906,8.579449801114404,0.0
1178,87309a55bffffff,87309a42dffffff,1,4.176109852045348,72,22,4.276666119016055,3.091042453358316,8.337374863420052,0.0
1179,87309a55bffffff,87309a471ffffff,1,4.631081778767407,72,44,4.276666119016055,3.784189633918261,8.440761674271291,0.0
1180,87309a55bffffff,87309a476ffffff,1,4.158968339060622,72,8,4.276666119016055,2.0794415416798357,8.333262742423612,0.0
1181,87309a55bffffff,87309a550ffffff,1,7.778342869341726,72,5,4.276666119016055,1.6094379124341003,8.959227149510252,0.0
1182,87309a55bffffff,87309a552ffffff,1,7.799103173262871,72,5,4.276666119016055,1.6094379124341003,8.961892239931597,0.0
1183,87309a55bffffff,87309a553ffffff,1,5.797100227311651,72,4,4.276666119016055,1.3862943611198906,8.665285595864038,0.0
1185,87309a55bffffff,87309a559ffffff,37,2.078485724956032,72,105,4.276666119016055,4.653960350157523,7.63987589450734,3.6109179126442243
1188,87309a55bffffff,87309a55cffffff,5,4.631030389843947,72,124,4.276666119016055,4.820281565605037,8.440750580078447,1.6094379124341003
1190,87309a55cffffff,87309a09cffffff,1,14.598459747625313,121,33,4.795790545596741,3.4965075614664802,9.58873980342447,0.0
1191,87309a55cffffff,87309a42cffffff,1,5.319675045865777,121,61,4.795790545596741,4.110873864173311,8.579355462606683,0.0
1193,87309a55cffffff,87309a474ffffff,2,6.035131471446289,121,14,4.795790545596741,2.6390573296152584,8.705518600870924,0.6931471805599453
1194,87309a55cffffff,87309a549ffffff,2,7.309804050405841,121,16,4.795790545596741,2.772588722239781,8.897108539910587,0.6931471805599453
1195,87309a55cffffff,87309a54cffffff,7,5.314595309153567,121,57,4.795790545596741,4.04305126783455,8.578400289989052,1.9459101490553132
1196,87309a55cffffff,87309a552ffffff,1,5.330696522341366,121,5,4.795790545596741,1.6094379124341003,8.581424763388739,0.0
1198,87309a55cffffff,87309a556ffffff,2,6.266331520019243,121,14,4.795790545596741,2.6390573296152584,8.743105948142492,0.6931471805599453
1199,87309a55cffffff,87309a558ffffff,13,2.315508465494923,121,110,4.795790545596741,4.700480365792417,7.747816359283405,2.5649493574615367
1200,87309a55cffffff,87309a55cffffff,92,0.0,121,124,4.795790545596741,4.820281565605037,0.0,4.5217885770490405
1202,87309a55effffff,87309a086ffffff,1,14.043581600984668,63,28,4.143134726391533,3.332204510175204,9.549991949203884,0.0
1203,87309a55effffff,87309a094ffffff,1,10.649286684374902,63,73,4.143134726391533,4.290459441148391,9.273342089495918,0.0
1204,87309a55effffff,87309a09cffffff,1,15.512373275675014,63,33,4.143134726391533,3.4965075614664802,9.649457722895324,0.0
1205,87309a55effffff,87309a190ffffff,15,15.5079554815606,63,26,4.143134726391533,3.258096538021482,9.649172909064688,2.70805020110221
1206,87309a55effffff,87309a198ffffff,1,15.452882598953334,63,11,4.143134726391533,2.3978952727983707,9.645615551658237,0.0
1207,87309a55effffff,87309a400ffffff,1,9.324130006696631,63,2,4.143134726391533,0.6931471805599453,9.140468186151736,0.0
1208,87309a55effffff,87309a42cffffff,1,3.465679181490259,63,61,4.143134726391533,4.110873864173311,8.150952406500105,0.0
1210,87309a55effffff,87309a4a5ffffff,1,17.93857548970113,63,5,4.143134726391533,1.6094379124341003,9.794764472551389,0.0
1211,87309a55effffff,87309a50bffffff,1,7.802061622900739,63,18,4.143134726391533,2.8903717578961645,8.962271451420031,0.0
1212,87309a55effffff,87309a540ffffff,1,5.7690300739301215,63,8,4.143134726391533,2.0794415416798357,8.660432571608167,0.0
1213,87309a55effffff,87309a541ffffff,1,6.234189392142568,63,8,4.143134726391533,2.0794415416798357,8.737964233297163,0.0
1214,87309a55effffff,87309a542ffffff,13,3.873740489975066,63,28,4.143134726391533,3.332204510175204,8.262233969215819,2.5649493574615367
1215,87309a55effffff,87309a543ffffff,3,4.156792419606552,63,11,4.143134726391533,2.3978952727983707,8.33273954403721,1.0986122886681098
1216,87309a55effffff,87309a545ffffff,1,7.7577360423658535,63,7,4.143134726391533,1.9459101490553132,8.95657471877227,0.0
1217,87309a55effffff,87309a546ffffff,1,6.0343578005138765,63,47,4.143134726391533,3.8501476017100584,8.705390419348985,0.0
1218,87309a55effffff,87309a54cffffff,6,7.290780784184667,63,57,4.143134726391533,4.04305126783455,8.894503072837708,1.791759469228055
1219,87309a55effffff,87309a550ffffff,1,3.8897711874488152,63,5,4.143134726391533,1.6094379124341003,8.26636266566531,0.0
1220,87309a55effffff,87309a551ffffff,5,2.315868967983735,63,7,4.143134726391533,1.9459101490553132,7.747971970387709,1.6094379124341003
1222,87309a55effffff,87309a558ffffff,5,2.0879239275317096,63,110,4.143134726391533,4.700480365792417,7.644404345159514,1.6094379124341003
1223,87309a55effffff,87309a55bffffff,1,3.8885716818929126,63,29,4.143134726391533,3.367295829986474,8.266054323067676,0.0
1226,87309a55effffff,87309a56bffffff,2,9.309264047908782,63,15,4.143134726391533,2.70805020110221,9.138872731620674,0.6931471805599453
1230,87309a565ffffff,87309a193ffffff,76,4.1726947490825825,95,76,4.553876891600541,4.330733340286331,8.336556953454181,4.330733340286331
1232,87309a565ffffff,87309a19cffffff,3,7.305219164371017,95,4,4.553876891600541,1.3862943611198906,8.896481204766102,1.0986122886681098
1233,87309a565ffffff,87309a550ffffff,1,11.8257126740796,95,5,4.553876891600541,1.6094379124341003,9.378116037889857,0.0
1239,87309a565ffffff,87309a56cffffff,2,3.8871564245956596,95,3,4.553876891600541,1.0986122886681098,8.265690397434511,0.6931471805599453
1244,87309a565ffffff,87309acceffffff,10,6.049533149095414,95,94,4.553876891600541,4.543294782270004,8.707901670959636,2.302585092994046
1246,87309a565ffffff,87309acdbffffff,3,5.326772589233087,95,11,4.553876891600541,2.3978952727983707,8.580688529108317,1.0986122886681098
1247,87309a572ffffff,87309a508ffffff,10,3.466752962153749,143,26,4.962844630259907,3.258096538021482,8.151262101843525,2.302585092994046
1249,87309a572ffffff,87309a50cffffff,2,4.180306673905032,143,72,4.962844630259907,4.276666119016055,8.338379078081848,0.6931471805599453
1251,87309a572ffffff,87309a510ffffff,1,12.649907322675856,143,20,4.962844630259907,2.995732273553991,9.44548421669626,0.0
1252,87309a572ffffff,87309a515ffffff,1,11.416334323023724,143,22,4.962844630259907,3.091042453358316,9.342888034161117,0.0
1253,87309a572ffffff,87309a529ffffff,2,4.632350131175574,143,8,4.962844630259907,2.0794415416798357,8.441035455877678,0.6931471805599453
1254,87309a572ffffff,87309a52bffffff,44,3.8915785075985787,143,50,4.962844630259907,3.912023005428146,8.266827072444668,3.784189633918261
1255,87309a572ffffff,87309a52dffffff,1,6.948499786183054,143,3,4.962844630259907,1.0986122886681098,8.84642496275757,0.0
1256,87309a572ffffff,87309a545ffffff,1,7.31554247549948,143,7,4.962844630259907,1.9459101490553132,8.897893155955318,0.0
1257,87309a572ffffff,87309a546ffffff,2,4.17768393562877,143,47,4.962844630259907,3.8501476017100584,8.337751628008084,0.6931471805599453
1259,87309a572ffffff,87309a562ffffff,1,5.317140169815197,143,48,4.962844630259907,3.871201010907891,8.578878929074111,0.0
1260,87309a572ffffff,87309a570ffffff,5,2.0785479976951784,143,5,4.962844630259907,1.6094379124341003,7.63990584027999,1.6094379124341003
1262,87309a572ffffff,87309a573ffffff,8,2.089169880458599,143,13,4.962844630259907,2.5649493574615367,7.645000624171688,2.0794415416798357
1263,87309a572ffffff,87309a575ffffff,62,4.1564292312589854,143,78,4.962844630259907,4.356708826689592,8.332652188976082,4.127134385045092
1264,87309a572ffffff,87309a576ffffff,3,2.316183331763385,143,5,4.962844630259907,1.6094379124341003,7.748107645930321,1.0986122886681098
1265,87309a573ffffff,87309a080ffffff,1,18.773000134677567,201,9,5.303304908059076,2.1972245773362196,9.840228220070559,0.0
1266,87309a573ffffff,87309a082ffffff,4,18.084305263090396,201,21,5.303304908059076,3.044522437723423,9.802855023596267,1.3862943611198906
1267,87309a573ffffff,87309a083ffffff,2,20.156801924691962,201,8,5.303304908059076,2.0794415416798357,9.911346684727642,0.6931471805599453
1268,87309a573ffffff,87309a086ffffff,3,16.689737663616196,201,28,5.303304908059076,3.332204510175204,9.722609213619037,1.0986122886681098
1269,87309a573ffffff,87309a08cffffff,1,22.937553759734218,201,4,5.303304908059076,1.3862943611198906,10.040574344220571,0.0
1270,87309a573ffffff,87309a08effffff,4,22.230619204373067,201,15,5.303304908059076,2.70805020110221,10.009270843008874,1.3862943611198906
1271,87309a573ffffff,87309a090ffffff,1,15.586913493629833,201,93,5.303304908059076,4.532599493153256,9.654251116894178,0.0
1272,87309a573ffffff,87309a091ffffff,1,17.61428811734804,201,41,5.303304908059076,3.713572066704308,9.776522447005357,0.0
1273,87309a573ffffff,87309a094ffffff,1,13.946807452127574,201,73,5.303304908059076,4.290459441148391,9.54307760300622,0.0
1274,87309a573ffffff,87309a095ffffff,2,16.01389860179093,201,59,5.303304908059076,4.07753744390572,9.681274730570884,0.6931471805599453
1275,87309a573ffffff,87309a098ffffff,1,21.357230795077523,201,4,5.303304908059076,1.3862943611198906,9.969192461697899,0.0
1276,87309a573ffffff,87309a0aaffffff,14,21.730330656103714,201,91,5.303304908059076,4.51085950651685,9.986510307275482,2.6390573296152584
1277,87309a573ffffff,87309a0abffffff,6,23.804387345416945,201,6,5.303304908059076,1.791759469228055,10.077667193095353,1.791759469228055
1278,87309a573ffffff,87309a192ffffff,1,9.307130305892327,201,4,5.303304908059076,1.3862943611198906,9.138643523668017,0.0
1279,87309a573ffffff,87309a409ffffff,1,16.56418227765485,201,25,5.303304908059076,3.2188758248682006,9.715058318455819,0.0
1280,87309a573ffffff,87309a414ffffff,1,16.64873551663564,201,4,5.303304908059076,1.3862943611198906,9.720149610395675,0.0
1281,87309a573ffffff,87309a424ffffff,2,7.298631775071747,201,71,5.303304908059076,4.2626798770413155,8.89557918409326,0.6931471805599453
1282,87309a573ffffff,87309a42dffffff,1,8.280693117102402,201,22,5.303304908059076,3.091042453358316,9.021802709217395,0.0
1283,87309a573ffffff,87309a456ffffff,2,18.835813546032725,201,21,5.303304908059076,3.044522437723423,9.843568401449678,0.6931471805599453
1284,87309a573ffffff,87309a472ffffff,5,15.145648395609765,201,13,5.303304908059076,2.5649493574615367,9.625534558450433,1.6094379124341003
1285,87309a573ffffff,87309a476ffffff,6,12.847303652849918,201,8,5.303304908059076,2.0794415416798357,9.46096707015772,1.791759469228055
1286,87309a573ffffff,87309a508ffffff,1,5.332911629893294,201,26,5.303304908059076,3.258096538021482,8.581840137280627,0.0
1287,87309a573ffffff,87309a509ffffff,9,3.4656574159765197,201,14,5.303304908059076,2.6390573296152584,8.150946127989481,2.1972245773362196
1288,87309a573ffffff,87309a50cffffff,58,6.2694765543636315,201,72,5.303304908059076,4.276666119016055,8.74360763621934,4.060443010546419
1289,87309a573ffffff,87309a50dffffff,2,4.17899544564897,201,4,5.303304908059076,1.3862943611198906,8.338065435960546,0.6931471805599453
1290,87309a573ffffff,87309a51bffffff,3,10.646473021186692,201,18,5.303304908059076,2.8903717578961645,9.27307786797746,1.0986122886681098
1291,87309a573ffffff,87309a529ffffff,4,6.053058387844823,201,8,5.303304908059076,2.0794415416798357,8.708484134042065,1.3862943611198906
1292,87309a573ffffff,87309a52bffffff,4,5.800858631287353,201,50,5.303304908059076,3.912023005428146,8.665933598870433,1.3862943611198906
1293,87309a573ffffff,87309a542ffffff,12,3.889494272778533,201,28,5.303304908059076,3.332204510175204,8.266291490951682,2.4849066497880004
1294,87309a573ffffff,87309a544ffffff,1,3.4634585614183915,201,48,5.303304908059076,3.871201010907891,8.15031164008333,0.0
1296,87309a573ffffff,87309a54bffffff,1,11.59090403340445,201,5,5.303304908059076,1.6094379124341003,9.358062205274432,0.0
1301,87309a573ffffff,87309a558ffffff,1,8.296390601351474,201,110,5.303304908059076,4.700480365792417,9.023696358975904,0.0
1302,87309a573ffffff,87309a55affffff,1,9.263445882015564,201,40,5.303304908059076,3.6888794541139363,9.133939329269342,0.0
1303,87309a573ffffff,87309a560ffffff,14,6.232280933131271,201,22,5.303304908059076,3.091042453358316,8.737658107689706,2.6390573296152584
1304,87309a573ffffff,87309a562ffffff,1,4.155520719573837,201,48,5.303304908059076,3.871201010907891,8.3324336378195,0.0
1305,87309a573ffffff,87309a564ffffff,1,7.755158897258458,201,6,5.303304908059076,1.791759469228055,8.956242503163834,0.0
1311,87309a573ffffff,87309a574ffffff,8,4.631631747740476,201,17,5.303304908059076,2.833213344056216,8.440880397634327,2.0794415416798357
1312,87309a573ffffff,87309a575ffffff,15,3.8726859429905907,201,78,5.303304908059076,4.356708826689592,8.261961772789846,2.70805020110221
1313,87309a573ffffff,87309acd9ffffff,1,7.744101351871955,201,2,5.303304908059076,0.6931471805599453,8.95481583886889,0.0
1314,87309a573ffffff,87309acdbffffff,1,6.033185880358119,201,11,5.303304908059076,2.3978952727983707,8.70519622473974,0.0
1315,87309a573ffffff,87309acdcffffff,2,10.553145097030118,201,3,5.303304908059076,1.0986122886681098,9.264273961931572,0.6931471805599453
1316,87309a573ffffff,8741962f1ffffff,1,81.40454238426597,201,36,5.303304908059076,3.58351893845611,11.307198637931528,0.0
1317,87309a584ffffff,87309a424ffffff,1,14.097679186979912,733,71,6.597145701886651,4.2626798770413155,9.553836397296237,0.0
1318,87309a584ffffff,87309a426ffffff,6,12.66394439237747,733,13,6.597145701886651,2.5649493574615367,9.446593171772957,1.791759469228055
1319,87309a584ffffff,87309a511ffffff,2,9.340267117957902,733,11,6.597145701886651,2.3978952727983707,9.142197187755375,0.6931471805599453
1320,87309a584ffffff,87309a513ffffff,1,7.315790524787525,733,52,6.597145701886651,3.9512437185814275,8.8979270579089,0.0
1321,87309a584ffffff,87309a51affffff,1,8.770697410044054,733,75,6.597145701886651,4.31748811353631,9.079285613963796,0.0
1322,87309a584ffffff,87309a51bffffff,3,10.690201986308034,733,18,6.597145701886651,2.8903717578961645,9.277176437951484,1.0986122886681098
1323,87309a584ffffff,87309a51dffffff,1,12.207533441982251,733,7,6.597145701886651,1.9459101490553132,9.409890448669055,0.0
1324,87309a584ffffff,87309a580ffffff,34,2.3202446432375643,733,35,6.597145701886651,3.5553480614894135,7.749858804958303,3.5263605246161616
1325,87309a584ffffff,87309a582ffffff,4,3.882830121281528,733,5,6.597145701886651,1.6094379124341003,8.264577090370622,1.3862943611198906
1328,87309a584ffffff,87309a586ffffff,1,2.0854857175310824,733,1,6.597145701886651,0.0,7.643236454827773,0.0
1329,87309a584ffffff,87309a594ffffff,1,5.340514770253039,733,1,6.597145701886651,0.0,8.58326455657037,0.0
1330,87309a584ffffff,87309a595ffffff,2,4.171637594651204,733,2,6.597145701886651,0.6931471805599453,8.336303631541396,0.6931471805599453
1332,87309a584ffffff,87309a5a1ffffff,30,4.168972446225614,733,76,6.597145701886651,4.330733340286331,8.33566470715126,3.4011973816621555
1335,87309a584ffffff,87309a5a4ffffff,5,6.04564714719691,733,78,6.597145701886651,4.356708826689592,8.707259206858582,1.6094379124341003
1336,87309a584ffffff,87309a5a5ffffff,4,5.782172394358954,733,14,6.597145701886651,2.6390573296152584,8.662707668254953,1.3862943611198906
1338,87309a584ffffff,87309a5a8ffffff,1,5.347629355713613,733,3,6.597145701886651,1.0986122886681098,8.58459561187274,0.0
1339,87309a584ffffff,87309a5aaffffff,10,4.189758885313381,733,11,6.597145701886651,2.3978952727983707,8.340637114729477,2.302585092994046
1341,87309a584ffffff,87309a5adffffff,2,6.951105409684305,733,55,6.597145701886651,4.007333185232471,8.84679982932802,0.6931471805599453
1342,87309a584ffffff,87309a5aeffffff,19,3.4766522104367623,733,22,6.597145701886651,3.091042453358316,8.154112692914989,2.9444389791664403
1343,87309a584ffffff,87309a5b0ffffff,86,4.192380600239303,733,87,6.597145701886651,4.465908118654584,8.341262513439958,4.454347296253507
1344,87309a584ffffff,87309a5b1ffffff,100,2.0958626587944935,733,100,6.597145701886651,4.605170185988092,7.648197534619982,4.605170185988092
1345,87309a584ffffff,87309a5b2ffffff,64,5.352685717522959,733,81,6.597145701886651,4.394449154672439,8.585540521857348,4.1588830833596715
1346,87309a584ffffff,87309a5b3ffffff,74,3.47885123736605,733,74,6.597145701886651,4.30406509320417,8.154744823971484,4.30406509320417
1350,87309a584ffffff,874192d06ffffff,60,11.452261558225256,733,60,6.597145701886651,4.0943445622221,9.346029820666434,4.0943445622221
1351,87309a584ffffff,874192d10ffffff,40,9.872815277698953,733,40,6.597145701886651,3.6888794541139363,9.197641610693534,3.6888794541139363
1352,87309a584ffffff,874192d12ffffff,25,9.680047449861172,733,25,6.597145701886651,3.2188758248682006,9.177925382046887,3.2188758248682006
1354,87309a584ffffff,874192d15ffffff,5,10.4858646481182,733,5,6.597145701886651,1.6094379124341003,9.257878767116061,1.6094379124341003
1355,87309a584ffffff,874192d16ffffff,60,7.825764551921199,733,60,6.597145701886651,4.0943445622221,8.965304491829599,4.0943445622221
1356,87309a584ffffff,874192d32ffffff,41,7.348742041278147,733,83,6.597145701886651,4.418840607796598,8.902420495166247,3.713572066704308
1359,87309a584ffffff,874192da1ffffff,47,9.931642406130539,733,47,6.597145701886651,3.8501476017100584,9.203581824976414,3.8501476017100584
1360,87309a584ffffff,874192da2ffffff,2,9.280815459890029,733,2,6.597145701886651,0.6931471805599453,9.135812438100576,0.6931471805599453
1363,87309a584ffffff,874192db6ffffff,1,9.623674642308337,733,1,6.597145701886651,0.0,9.1720853551881,0.0
1364,87309a589ffffff,87309a096ffffff,1,24.388327650292123,349,14,5.855071922202427,2.6390573296152584,10.101900924216311,0.0
1365,87309a589ffffff,87309a401ffffff,1,9.364540721446192,349,4,5.855071922202427,1.3862943611198906,9.144792351753422,0.0
1366,87309a589ffffff,87309a403ffffff,8,8.367448976938613,349,10,5.855071922202427,2.302585092994046,9.03222383889724,2.0794415416798357
1367,87309a589ffffff,87309a40effffff,1,10.457669396716934,349,11,5.855071922202427,2.3978952727983707,9.255186520800327,0.0
1369,87309a589ffffff,87309a411ffffff,55,5.8064922599798585,349,58,5.855071922202427,4.060443010546419,8.666904131880845,4.007333185232471
1371,87309a589ffffff,87309a413ffffff,22,6.059451897533976,349,25,5.855071922202427,3.2188758248682006,8.709539646833276,3.091042453358316
1372,87309a589ffffff,87309a414ffffff,3,2.092847055752511,349,4,5.855071922202427,1.3862943611198906,7.6467583494852915,1.0986122886681098
1373,87309a589ffffff,87309a415ffffff,93,4.185037665205742,349,93,5.855071922202427,4.532599493153256,8.33950990086459,4.532599493153256
1375,87309a589ffffff,87309a41cffffff,2,7.810391357408468,349,13,5.855071922202427,2.5649493574615367,8.963338377723296,0.6931471805599453
1376,87309a589ffffff,87309a424ffffff,1,10.41272939182063,349,71,5.855071922202427,4.2626798770413155,9.250880348347838,0.0
1377,87309a589ffffff,87309a42affffff,1,10.678724707229534,349,61,5.855071922202427,4.110873864173311,9.276102335705332,0.0
1378,87309a589ffffff,87309a42cffffff,1,12.196928926587109,349,61,5.855071922202427,4.110873864173311,9.409021456194658,0.0
1379,87309a589ffffff,87309a42dffffff,1,13.880322087327553,349,22,5.855071922202427,3.091042453358316,9.538299480773066,0.0
1381,87309a589ffffff,87309a434ffffff,1,5.78058536023868,349,1,5.855071922202427,0.0,8.662433207835823,0.0
1383,87309a589ffffff,87309a4a1ffffff,2,6.045899156643761,349,3,5.855071922202427,1.0986122886681098,8.707300883541427,0.6931471805599453
1384,87309a589ffffff,87309a4a2ffffff,65,7.781765594145686,349,103,5.855071922202427,4.634728988229636,8.959667028832154,4.174387269895637
1385,87309a589ffffff,87309a4a3ffffff,2,7.764929671661514,349,3,5.855071922202427,1.0986122886681098,8.957501454322397,0.6931471805599453
1388,87309a589ffffff,87309a4a8ffffff,8,9.276851608726625,349,9,5.855071922202427,2.1972245773362196,9.135385291297887,2.0794415416798357
1389,87309a589ffffff,87309a4a9ffffff,1,10.586361862156231,349,15,5.855071922202427,2.70805020110221,9.267416291617222,0.0
1390,87309a589ffffff,87309a4aaffffff,22,10.573781578337453,349,22,5.855071922202427,3.091042453358316,9.266227349170434,3.091042453358316
1391,87309a589ffffff,87309a4adffffff,9,8.307634144096143,349,9,5.855071922202427,2.1972245773362196,9.025050511415776,2.1972245773362196
1392,87309a589ffffff,87309a4d2ffffff,7,20.87316046605269,349,69,5.855071922202427,4.23410650459726,9.946267331715243,1.9459101490553132
1393,87309a589ffffff,87309a4d4ffffff,1,17.48604901529578,349,18,5.855071922202427,2.8903717578961645,9.769215829665972,0.0
1394,87309a589ffffff,87309a4f3ffffff,1,16.612781290602722,349,4,5.855071922202427,1.3862943611198906,9.717987828149777,0.0
1395,87309a589ffffff,87309a50cffffff,1,15.54102590130651,349,72,5.855071922202427,4.276666119016055,9.651302982304056,0.0
1396,87309a589ffffff,87309a529ffffff,1,19.595829149274838,349,8,5.855071922202427,2.0794415416798357,9.883123054032898,0.0
1397,87309a589ffffff,87309a551ffffff,1,15.978841049121186,349,7,5.855071922202427,1.9459101490553132,9.67908327240729,0.0
1398,87309a589ffffff,87309a571ffffff,2,19.62470330192178,349,14,5.855071922202427,2.6390573296152584,9.884595379049077,0.6931471805599453
1399,87309a589ffffff,87309a573ffffff,1,17.557906858301727,349,13,5.855071922202427,2.5649493574615367,9.773316613446243,0.0
1406,87309a589ffffff,87309a58effffff,18,4.18766287817798,349,18,5.855071922202427,2.8903717578961645,8.340136839832647,2.8903717578961645
1407,87309a589ffffff,874196680ffffff,1,17.5435925332828,349,9,5.855071922202427,2.1972245773362196,9.772501063654317,0.0
1408,87309a589ffffff,874196682ffffff,1,15.695062472390388,349,76,5.855071922202427,4.330733340286331,9.66116516194442,0.0
1409,87309a589ffffff,874196684ffffff,5,17.98863128766379,349,5,5.855071922202427,1.6094379124341003,9.79755083132953,1.6094379124341003
1410,87309a589ffffff,874196685ffffff,1,19.441646842824987,349,14,5.855071922202427,2.6390573296152584,9.875224223212557,0.0
1411,87309a589ffffff,8741966aaffffff,1,21.004631159832364,349,25,5.855071922202427,3.2188758248682006,9.952545831227857,0.0
1412,87309a589ffffff,8741966f5ffffff,7,27.86619969983613,349,7,5.855071922202427,1.9459101490553132,10.235205638206295,1.9459101490553132
1413,87309a5a8ffffff,87309a451ffffff,1,25.189732590592847,84,48,4.430816798843313,3.871201010907891,10.13423145151975,0.0
1414,87309a5a8ffffff,87309a512ffffff,2,4.638256769275429,84,4,4.430816798843313,1.3862943611198906,8.4423094533548,0.6931471805599453
1415,87309a5a8ffffff,87309a513ffffff,29,3.879520826029132,84,52,4.430816798843313,3.9512437185814275,8.26372465712147,3.367295829986474
1417,87309a5a8ffffff,87309a5a0ffffff,1,5.811772104115483,84,9,4.430816798843313,2.1972245773362196,8.667812862411155,0.0
1418,87309a5a8ffffff,87309a5a1ffffff,46,3.897167184631624,84,76,4.430816798843313,4.330733340286331,8.268261768996819,3.828641396489095
1420,87309a5a8ffffff,87309a5a5ffffff,4,6.06222167893794,84,14,4.430816798843313,2.6390573296152584,8.709996567985876,1.3862943611198906
1422,87309a5a8ffffff,87309a5a9ffffff,1,2.0934360965119496,84,3,4.430816798843313,1.0986122886681098,7.647039629781731,0.0
1426,87309a5a9ffffff,87309a428ffffff,1,12.546840052011765,216,9,5.375278407684165,2.1972245773362196,9.437303822338329,0.0
1427,87309a5a9ffffff,87309a436ffffff,1,2.3187922382815227,216,100,5.375278407684165,4.605170185988092,7.749232908185434,0.0
1428,87309a5a9ffffff,87309a454ffffff,1,19.391557708283965,216,6,5.375278407684165,1.791759469228055,9.87264464816485,0.0
1429,87309a5a9ffffff,87309a473ffffff,1,19.688154655277906,216,10,5.375278407684165,2.302585092994046,9.887823238018694,0.0
1430,87309a5a9ffffff,87309a511ffffff,3,6.0418871067166435,216,11,5.375278407684165,2.3978952727983707,8.706637174525072,1.0986122886681098
1431,87309a5a9ffffff,87309a513ffffff,13,4.637538706143656,216,52,5.375278407684165,3.9512437185814275,8.442154661597403,2.5649493574615367
1432,87309a5a9ffffff,87309a518ffffff,2,4.164912258149367,216,2,5.375278407684165,0.6931471805599453,8.334690560185145,0.6931471805599453
1434,87309a5a9ffffff,87309a51bffffff,3,3.47226182452294,216,18,5.375278407684165,2.8903717578961645,8.152849438478064,1.0986122886681098
1435,87309a5a9ffffff,87309a51cffffff,1,5.777792679645914,216,1,5.375278407684165,0.0,8.661950060894181,0.0
1436,87309a5a9ffffff,87309a51effffff,1,3.8789571032842316,216,6,5.375278407684165,1.791759469228055,8.263579376701623,0.0
1437,87309a5a9ffffff,87309a532ffffff,1,11.593723127235032,216,3,5.375278407684165,1.0986122886681098,9.35830537077021,0.0
1438,87309a5a9ffffff,87309a55affffff,1,15.550259205375534,216,40,5.375278407684165,3.6888794541139363,9.651896892166507,0.0
1439,87309a5a9ffffff,87309a580ffffff,1,6.951120698898469,216,35,5.375278407684165,3.5553480614894135,8.846802028546309,0.0
1440,87309a5a9ffffff,87309a5a0ffffff,3,7.817867728910718,216,9,5.375278407684165,2.1972245773362196,8.96429503135663,1.0986122886681098
1441,87309a5a9ffffff,87309a5a3ffffff,70,6.282275074917481,216,97,5.375278407684165,4.574710978503383,8.74564663226864,4.248495242049359
1442,87309a5a9ffffff,87309a5a4ffffff,51,9.671313488134603,216,78,5.375278407684165,4.356708826689592,9.17702280369396,3.9318256327243257
1443,87309a5a9ffffff,87309a5a5ffffff,1,7.793749562288669,216,14,5.375278407684165,2.6390573296152584,8.961205652982006,0.0
1444,87309a5a9ffffff,87309a5a6ffffff,2,9.86252183938056,216,4,5.375278407684165,1.3862943611198906,9.19659856834283,0.6931471805599453
1447,87309a5a9ffffff,87309a5acffffff,41,3.896278334437219,216,55,5.375278407684165,4.007333185232471,8.268033725533215,3.713572066704308
1449,87309a5a9ffffff,87309ac99ffffff,16,18.11958901225838,216,27,5.375278407684165,3.295836866004329,9.80480408526393,2.772588722239781
1450,87309a5a9ffffff,87309ac9bffffff,1,16.57570743189407,216,1,5.375278407684165,0.0,9.715753822230939,0.0
1451,87309a5a9ffffff,874192da6ffffff,1,11.624097584323522,216,1,5.375278407684165,0.0,9.360921624770736,0.0
1452,87309a5adffffff,87309a436ffffff,1,4.637569424477987,132,100,4.882801922586371,4.605170185988092,8.442161283991775,0.0
1453,87309a5adffffff,87309a473ffffff,1,21.395648121102177,132,10,4.882801922586371,2.302585092994046,9.970989558887167,0.0
1454,87309a5adffffff,87309a513ffffff,1,2.3187615199471914,132,52,4.882801922586371,3.9512437185814275,7.7492196662505695,0.0
1455,87309a5adffffff,87309a51affffff,70,2.0929762306833752,132,75,4.882801922586371,4.31748811353631,7.646820040211987,4.248495242049359
1456,87309a5adffffff,87309a51effffff,1,2.0825775050615833,132,6,4.882801922586371,1.791759469228055,7.641841649624229,0.0
1457,87309a5adffffff,87309a5a3ffffff,25,5.346094260949563,132,97,4.882801922586371,4.574710978503383,8.584308563547706,3.2188758248682006
1458,87309a5adffffff,87309a5a4ffffff,14,7.818645912047939,132,78,4.882801922586371,4.356708826689592,8.96439455272493,2.6390573296152584
1461,87309a5adffffff,87309a5acffffff,12,2.093631797693458,132,55,4.882801922586371,4.007333185232471,7.647133064018938,2.4849066497880004
1463,87309a5adffffff,87309a5aeffffff,1,3.474453199247544,132,22,4.882801922586371,3.091042453358316,8.15348016654498,0.0
1464,87309a5adffffff,87309ac99ffffff,5,15.912591080943042,132,27,4.882801922586371,3.295836866004329,9.674928808052677,1.6094379124341003
1465,87309a5adffffff,87419638dffffff,1,68.60111833651898,132,1,4.882801922586371,0.0,11.136078692778307,0.0
1466,87309a715ffffff,87309a00affffff,1,25.245086734913336,718,1,6.576469569048224,0.0,10.13642644189723,0.0
1467,87309a715ffffff,87309a019ffffff,1,23.23487558478425,718,1,6.576469569048224,0.0,10.053452724681849,0.0
1468,87309a715ffffff,87309a080ffffff,1,16.54306109206836,718,9,6.576469569048224,2.1972245773362196,9.713782470003729,0.0
1469,87309a715ffffff,87309a082ffffff,1,15.128363502945653,718,21,6.576469569048224,3.044522437723423,9.624392737354578,0.0
1470,87309a715ffffff,87309a083ffffff,1,14.28965847599633,718,8,6.576469569048224,2.0794415416798357,9.56736134935818,0.0
1471,87309a715ffffff,87309a090ffffff,1,15.143410208756746,718,93,6.576469569048224,4.532599493153256,9.62538677973551,0.0
1472,87309a715ffffff,87309a091ffffff,1,13.880207502363104,718,41,6.576469569048224,3.713572066704308,9.538291226124363,0.0
1473,87309a715ffffff,87309a099ffffff,1,9.865349889492904,718,3,6.576469569048224,1.0986122886681098,9.196885245334002,0.0
1474,87309a715ffffff,87309a0c5ffffff,1,19.550199813277615,718,54,6.576469569048224,3.9889840465642745,9.880791935053509,0.0
1475,87309a715ffffff,87309a0c6ffffff,1,16.59415141456693,718,2,6.576469569048224,0.6931471805599453,9.716865848220129,0.0
1476,87309a715ffffff,87309a0d0ffffff,2,12.449603155186002,718,11,6.576469569048224,2.3978952727983707,9.429524346919054,0.6931471805599453
1477,87309a715ffffff,87309a0d1ffffff,2,13.379940903710052,718,29,6.576469569048224,3.367295829986474,9.501586652862239,0.6931471805599453
1478,87309a715ffffff,87309a0d4ffffff,1,13.865058348902057,718,10,6.576469569048224,2.302585092994046,9.537199287549406,0.0
1479,87309a715ffffff,87309a0daffffff,4,12.137453001652837,718,7,6.576469569048224,1.9459101490553132,9.404133626646239,1.3862943611198906
1480,87309a715ffffff,87309a0dcffffff,4,14.549590381163284,718,5,6.576469569048224,1.6094379124341003,9.585386847801422,1.3862943611198906
1481,87309a715ffffff,87309a0f0ffffff,1,17.512161900964443,718,13,6.576469569048224,2.5649493574615367,9.770707985846187,0.0
1482,87309a715ffffff,87309a0f2ffffff,1,15.497408985594772,718,12,6.576469569048224,2.4849066497880004,9.648492651548208,0.0
1483,87309a715ffffff,87309a0f3ffffff,1,15.91997591161993,718,3,6.576469569048224,1.0986122886681098,9.675392758500697,0.0
1484,87309a715ffffff,87309a408ffffff,1,20.859468070137044,718,21,6.576469569048224,3.044522437723423,9.945611166948133,0.0
1485,87309a715ffffff,87309a409ffffff,2,18.770561812586884,718,25,6.576469569048224,3.2188758248682006,9.840098334035158,0.6931471805599453
1486,87309a715ffffff,87309a40effffff,1,22.94903147861054,718,11,6.576469569048224,2.3978952727983707,10.041074587104768,0.0
1487,87309a715ffffff,87309a418ffffff,1,24.843586585519564,718,11,6.576469569048224,2.3978952727983707,10.120395164152338,0.0
1488,87309a715ffffff,87309a41dffffff,1,23.824073574718568,718,8,6.576469569048224,2.0794415416798357,10.07849381664853,0.0
1489,87309a715ffffff,87309a424ffffff,1,30.944830896966547,718,71,6.576469569048224,4.2626798770413155,10.339993564579396,0.0
1490,87309a715ffffff,87309a429ffffff,7,21.352351647133244,718,14,6.576469569048224,2.6390573296152584,9.968963992149991,1.9459101490553132
1491,87309a715ffffff,87309a42cffffff,1,25.144939740737907,718,61,6.576469569048224,4.110873864173311,10.132451720774606,0.0
1492,87309a715ffffff,87309a42dffffff,1,23.164420829771544,718,22,6.576469569048224,3.091042453358316,10.050415964306568,0.0
1493,87309a715ffffff,87309a42effffff,5,25.40089853184831,718,18,6.576469569048224,2.8903717578961645,10.142579195561693,1.6094379124341003
1494,87309a715ffffff,87309a440ffffff,1,11.869635244342346,718,23,6.576469569048224,3.1354942159291497,9.381823002965536,0.0
1495,87309a715ffffff,87309a441ffffff,1,9.817078164260407,718,74,6.576469569048224,4.30406509320417,9.19198067590841,0.0
1496,87309a715ffffff,87309a443ffffff,2,10.421511061070001,718,23,6.576469569048224,3.1354942159291497,9.251723271022799,0.6931471805599453
1497,87309a715ffffff,87309a445ffffff,6,11.574962550367252,718,12,6.576469569048224,2.4849066497880004,9.356686033196139,1.791759469228055
1498,87309a715ffffff,87309a448ffffff,2,6.250932172923612,718,4,6.576469569048224,1.3862943611198906,8.740645842621932,0.6931471805599453
1500,87309a715ffffff,87309a44affffff,3,7.301791010240794,718,26,6.576469569048224,3.258096538021482,8.896011884236898,1.0986122886681098
1501,87309a715ffffff,87309a44bffffff,25,5.318734797318207,718,32,6.576469569048224,3.4657359027997265,8.579178730964975,3.2188758248682006
1502,87309a715ffffff,87309a44cffffff,1,7.7828656173495565,718,45,6.576469569048224,3.8066624897703196,8.959808359758641,0.0
1503,87309a715ffffff,87309a44dffffff,2,5.785666228979456,718,8,6.576469569048224,2.0794415416798357,8.663311623909038,0.6931471805599453
1504,87309a715ffffff,87309a44effffff,2,8.335892629532962,718,10,6.576469569048224,2.302585092994046,9.028445839538303,0.6931471805599453
1505,87309a715ffffff,87309a450ffffff,2,15.509741005104168,718,36,6.576469569048224,3.58351893845611,9.649288030987066,0.6931471805599453
1506,87309a715ffffff,87309a451ffffff,5,13.440891409889524,718,48,6.576469569048224,3.871201010907891,9.50613133407811,1.6094379124341003
1507,87309a715ffffff,87309a452ffffff,1,16.636336814954515,718,23,6.576469569048224,3.1354942159291497,9.719404654388068,0.0
1508,87309a715ffffff,87309a454ffffff,1,16.68231284491677,718,6,6.576469569048224,1.791759469228055,9.722164267997586,0.0
1509,87309a715ffffff,87309a455ffffff,5,14.594721305443912,718,29,6.576469569048224,3.367295829986474,9.588483703474617,1.6094379124341003
1510,87309a715ffffff,87309a458ffffff,1,10.642531794839776,718,15,6.576469569048224,2.70805020110221,9.272707643422443,0.0
1511,87309a715ffffff,87309a459ffffff,7,8.729731825925336,718,22,6.576469569048224,3.091042453358316,9.074604474177633,1.9459101490553132
1512,87309a715ffffff,87309a45affffff,1,12.171373451688405,718,37,6.576469569048224,3.6109179126442243,9.406924191756227,0.0
1513,87309a715ffffff,87309a45cffffff,6,11.379465288198006,718,169,6.576469569048224,5.1298987149230735,9.339653593329379,1.791759469228055
1514,87309a715ffffff,87309a45dffffff,6,9.329943081246657,718,47,6.576469569048224,3.8501476017100584,9.141091369252567,1.791759469228055
1515,87309a715ffffff,87309a45effffff,6,12.61096065060302,718,24,6.576469569048224,3.1780538303479458,9.442400900663495,1.791759469228055
1516,87309a715ffffff,87309a460ffffff,1,15.535090322150946,718,3,6.576469569048224,1.0986122886681098,9.650921004246888,0.0
1517,87309a715ffffff,87309a462ffffff,36,15.414577298093898,718,58,6.576469569048224,4.060443010546419,9.643133790030543,3.58351893845611
1518,87309a715ffffff,87309a468ffffff,1,9.890931371442086,718,20,6.576469569048224,2.995732273553991,9.199474690833384,0.0
1519,87309a715ffffff,87309a46affffff,1,9.632514261051837,718,10,6.576469569048224,2.302585092994046,9.173003366680112,0.0
1520,87309a715ffffff,87309a46bffffff,1,7.765128618727481,718,17,6.576469569048224,2.833213344056216,8.957527071927258,0.0
1521,87309a715ffffff,87309a46effffff,1,11.649506496820784,718,9,6.576469569048224,2.1972245773362196,9.363104934170742,0.0
1522,87309a715ffffff,87309a471ffffff,5,15.573068736328747,718,44,6.576469569048224,3.784189633918261,9.653362549657997,1.6094379124341003
1523,87309a715ffffff,87309a473ffffff,4,16.002536038548097,718,10,6.576469569048224,2.302585092994046,9.68056497921374,1.3862943611198906
1524,87309a715ffffff,87309a475ffffff,5,17.367882811935623,718,8,6.576469569048224,2.0794415416798357,9.762435540064565,1.6094379124341003
1525,87309a715ffffff,87309a4c2ffffff,1,22.542884604758264,718,1,6.576469569048224,0.0,10.02321911545779,0.0
1526,87309a715ffffff,87309a4cdffffff,14,15.951266869271809,718,14,6.576469569048224,2.6390573296152584,9.677356221579725,2.6390573296152584
1527,87309a715ffffff,87309a4e4ffffff,1,20.723615209795348,718,8,6.576469569048224,2.0794415416798357,9.93907741335564,0.0
1528,87309a715ffffff,87309a4e8ffffff,3,15.624883373426163,718,3,6.576469569048224,1.0986122886681098,9.656684008905783,1.0986122886681098
1529,87309a715ffffff,87309a4ebffffff,2,15.618028187323558,718,2,6.576469569048224,0.6931471805599453,9.6562452055378,0.6931471805599453
1530,87309a715ffffff,87309a500ffffff,1,38.58411291151799,718,2,6.576469569048224,0.6931471805599453,10.560621805193447,0.0
1531,87309a715ffffff,87309a509ffffff,1,30.901675929632823,718,14,6.576469569048224,2.6390573296152584,10.338598058800795,0.0
1532,87309a715ffffff,87309a510ffffff,11,40.74534592551136,718,20,6.576469569048224,2.995732273553991,10.615121444108768,2.3978952727983707
1533,87309a715ffffff,87309a511ffffff,1,38.74179824233211,718,11,6.576469569048224,2.3978952727983707,10.56470016569812,0.0
1535,87309a715ffffff,87309a515ffffff,9,40.575679106490284,718,22,6.576469569048224,3.091042453358316,10.610948774311275,2.1972245773362196
1536,87309a715ffffff,87309a516ffffff,2,42.758131561882244,718,4,6.576469569048224,1.3862943611198906,10.663338055341585,0.6931471805599453
1537,87309a715ffffff,87309a532ffffff,1,44.415577644832155,718,3,6.576469569048224,1.0986122886681098,10.701368049114043,0.0
1538,87309a715ffffff,87309a544ffffff,1,28.018580416812316,718,48,6.576469569048224,3.871201010907891,10.240658845361047,0.0
1539,87309a715ffffff,87309a545ffffff,1,26.40585209590471,718,7,6.576469569048224,1.9459101490553132,10.18137880454467,0.0
1540,87309a715ffffff,87309a546ffffff,1,27.533622754346656,718,47,6.576469569048224,3.8501476017100584,10.22319950101608,0.0
1541,87309a715ffffff,87309a549ffffff,1,18.84304948495584,718,16,6.576469569048224,2.772588722239781,9.843952465848952,0.0
1542,87309a715ffffff,87309a559ffffff,1,19.421877764488702,718,105,6.576469569048224,4.653960350157523,9.874206916473952,0.0
1543,87309a715ffffff,87309a55bffffff,1,19.274058883887996,718,29,6.576469569048224,3.367295829986474,9.866567253362687,0.0
1544,87309a715ffffff,87309a55dffffff,8,21.51949416684834,718,47,6.576469569048224,3.8501476017100584,9.976760977155582,2.0794415416798357
1545,87309a715ffffff,87309a624ffffff,49,9.623452603590252,718,58,6.576469569048224,4.060443010546419,9.172062285184431,3.8918202981106265
1546,87309a715ffffff,87309a635ffffff,2,10.55628307821824,718,2,6.576469569048224,0.6931471805599453,9.264571239897343,0.6931471805599453
1547,87309a715ffffff,87309a636ffffff,1,10.54947771339394,718,1,6.576469569048224,0.0,9.263926418769485,0.0
1553,87309a715ffffff,87309a705ffffff,87,5.3069379498675975,718,87,6.576469569048224,4.465908118654584,8.576958705456791,4.465908118654584
1558,87309a715ffffff,87309a70dffffff,3,9.315170273807796,718,3,6.576469569048224,1.0986122886681098,9.139506908403515,1.0986122886681098
1561,87309a715ffffff,87309a711ffffff,29,2.3134013684980506,718,60,6.576469569048224,4.0943445622221,7.746906344958869,3.367295829986474
1570,87309a715ffffff,87309a71bffffff,2,8.283091993552743,718,2,6.576469569048224,0.6931471805599453,9.022092327421554,0.6931471805599453
1574,87309a715ffffff,87309a720ffffff,9,7.7524464485142355,718,66,6.576469569048224,4.189654742026425,8.955892726530399,2.1972245773362196
1575,87309a715ffffff,87309a721ffffff,3,8.302394527461704,718,5,6.576469569048224,1.6094379124341003,9.02441968938774,1.0986122886681098
1576,87309a715ffffff,87309a722ffffff,1,5.765489141372575,718,25,6.576469569048224,3.2188758248682006,8.659818706610821,0.0
1577,87309a715ffffff,87309a723ffffff,88,6.227792873722207,718,182,6.576469569048224,5.204006687076795,8.736937832770353,4.477336814478207
1578,87309a715ffffff,87309a724ffffff,2,9.597318122307867,718,6,6.576469569048224,1.791759469228055,9.169343166514457,0.6931471805599453
1579,87309a715ffffff,87309a725ffffff,11,9.775426418925713,718,72,6.576469569048224,4.276666119016055,9.18772929941731,2.3978952727983707
1580,87309a715ffffff,87309a726ffffff,5,7.741756775373319,718,27,6.576469569048224,3.295836866004329,8.954513075698248,1.6094379124341003
1581,87309a715ffffff,87309a728ffffff,15,8.709034260908368,718,18,6.576469569048224,2.8903717578961645,9.072231003352977,2.70805020110221
1582,87309a715ffffff,87309a729ffffff,8,10.360896269682879,718,10,6.576469569048224,2.302585092994046,9.245890536678312,2.0794415416798357
1584,87309a715ffffff,87309a72bffffff,12,8.715877197570181,718,12,6.576469569048224,2.4849066497880004,9.073016333218204,2.4849066497880004
1585,87309a715ffffff,87309a72cffffff,9,9.295943544930713,718,77,6.576469569048224,4.343805421853684,9.137440974041025,2.1972245773362196
1586,87309a715ffffff,87309a72dffffff,54,10.608800234501622,718,55,6.576469569048224,4.007333185232471,9.269533403391346,3.9889840465642745
1588,87309a715ffffff,87309a730ffffff,2,4.626776504242304,718,22,6.576469569048224,3.091042453358316,8.439831795064991,0.6931471805599453
1592,87309a715ffffff,87309a734ffffff,3,6.940150420009717,718,18,6.576469569048224,2.8903717578961645,8.845222806335096,1.0986122886681098
1593,87309a715ffffff,87309a735ffffff,1,6.030330489576545,718,77,6.576469569048224,4.343805421853684,8.704722910420264,0.0
1594,87309a715ffffff,87309a736ffffff,4,6.042119441012617,718,24,6.576469569048224,3.1780538303479458,8.706675621351174,1.3862943611198906
1595,87309a715ffffff,87309a784ffffff,1,10.392940490255985,718,1,6.576469569048224,0.0,9.248978270158114,0.0
1596,87309a715ffffff,87309a785ffffff,1,9.787978400373419,718,2,6.576469569048224,0.6931471805599453,9.189012378738761,0.0
1597,87309a715ffffff,87309a788ffffff,1,13.73209401276832,718,2,6.576469569048224,0.6931471805599453,9.527563820262936,0.0
1598,87309a715ffffff,87309a7a0ffffff,5,7.28873565467013,718,5,6.576469569048224,1.6094379124341003,8.894222562983122,1.6094379124341003
1599,87309a715ffffff,87309a7a1ffffff,1,6.233772179898169,718,4,6.576469569048224,1.3862943611198906,8.737897318536898,0.0
1603,87309a715ffffff,87309a7a8ffffff,18,7.7467684240899075,718,18,6.576469569048224,2.8903717578961645,8.95516013560447,2.8903717578961645
1604,87309a715ffffff,87309a7a9ffffff,28,8.275651438458551,718,32,6.576469569048224,3.4657359027997265,9.021193749936142,3.332204510175204
1605,87309a715ffffff,87309a7aaffffff,1,9.606603436430154,718,2,6.576469569048224,0.6931471805599453,9.170310088598077,0.0
1609,87309a715ffffff,87309a7b0ffffff,1,12.591130137656666,718,1,6.576469569048224,0.0,9.4408273055511,0.0
1610,87309a715ffffff,87309a7b5ffffff,5,10.629102535171185,718,12,6.576469569048224,2.4849066497880004,9.271445117119312,1.6094379124341003
1611,87309a715ffffff,874192cb5ffffff,1,59.89740018744631,718,1,6.576469569048224,0.0,11.000405075690885,0.0
1612,87309a715ffffff,874192db0ffffff,1,46.55066306718598,718,1,6.576469569048224,0.0,10.748318008537199,0.0
1613,87309a715ffffff,87419654cffffff,1,57.15823599783086,718,1,6.576469569048224,0.0,10.953596265926326,0.0
1614,87309a715ffffff,87419659cffffff,1,34.62171635952928,718,1,6.576469569048224,0.0,10.45226528779921,0.0
1615,87309a715ffffff,8741966a6ffffff,1,46.09935612515834,718,8,6.576469569048224,2.0794415416798357,10.738575954012566,0.0
1616,87309a715ffffff,874196790ffffff,1,39.920414208922,718,1,6.576469569048224,0.0,10.594668155873112,0.0
1617,87309a715ffffff,874196799ffffff,1,45.68109591996832,718,88,6.576469569048224,4.477336814478207,10.729461725938618,0.0
1618,87309a72dffffff,87309a082ffffff,1,15.396763898829317,1283,21,7.1569563646156364,3.044522437723423,9.64197757648426,0.0
1619,87309a72dffffff,87309a089ffffff,3,8.277704386574364,1283,7,7.1569563646156364,1.9459101490553132,9.021441760084402,1.0986122886681098
1620,87309a72dffffff,87309a08affffff,1,9.621584188778815,1283,3,7.1569563646156364,1.0986122886681098,9.171868134278247,0.0
1621,87309a72dffffff,87309a08bffffff,7,7.756900141231929,1283,49,7.1569563646156364,3.8918202981106265,8.956466976201671,1.9459101490553132
1622,87309a72dffffff,87309a091ffffff,13,15.553269337931027,1283,41,7.1569563646156364,3.713572066704308,9.652090435417875,2.5649493574615367
1623,87309a72dffffff,87309a099ffffff,1,9.804111750111907,1283,3,7.1569563646156364,1.0986122886681098,9.190659135823214,0.0
1624,87309a72dffffff,87309a09cffffff,11,13.543781354043233,1283,33,7.1569563646156364,3.4965075614664802,9.51375661219941,2.3978952727983707
1625,87309a72dffffff,87309a0c2ffffff,2,5.757384044820293,1283,92,7.1569563646156364,4.5217885770490405,8.658412166554793,0.6931471805599453
1626,87309a72dffffff,87309a0c3ffffff,47,6.217085641252088,1283,47,7.1569563646156364,3.8501476017100584,8.735217363642553,3.8501476017100584
1627,87309a72dffffff,87309a0c4ffffff,2,9.58449244093899,1283,88,7.1569563646156364,4.477336814478207,9.1680060303665,0.6931471805599453
1628,87309a72dffffff,87309a0c5ffffff,9,9.760328720648339,1283,54,7.1569563646156364,3.9889840465642745,9.1861838095517,2.1972245773362196
1629,87309a72dffffff,87309a0c6ffffff,1,7.73218723021006,1283,2,7.1569563646156364,0.6931471805599453,8.953276376162572,0.0
1630,87309a72dffffff,87309a0d0ffffff,1,4.622341471472127,1283,11,7.1569563646156364,2.3978952727983707,8.438872984871113,0.0
1631,87309a72dffffff,87309a0d1ffffff,27,3.866722273805734,1283,29,7.1569563646156364,3.367295829986474,8.260421053014433,3.295836866004329
1633,87309a72dffffff,87309a0d3ffffff,28,2.3111756022223484,1283,28,7.1569563646156364,3.332204510175204,7.745944179426338,3.332204510175204
1634,87309a72dffffff,87309a0d4ffffff,6,6.933496999530023,1283,10,7.1569563646156364,2.302585092994046,8.844263799409012,1.791759469228055
1635,87309a72dffffff,87309a0d5ffffff,5,6.023715123922495,1283,7,7.1569563646156364,1.9459101490553132,8.703625474904495,1.6094379124341003
1640,87309a72dffffff,87309a0e2ffffff,1,11.596392637854006,1283,1,7.1569563646156364,0.0,9.358535579230518,0.0
1641,87309a72dffffff,87309a0e3ffffff,1,11.511046904512995,1283,1,7.1569563646156364,0.0,9.351149322960657,0.0
1642,87309a72dffffff,87309a0eeffffff,3,11.79695279043017,1283,6,7.1569563646156364,1.791759469228055,9.375681303065793,1.0986122886681098
1643,87309a72dffffff,87309a0f1ffffff,1,9.85402646438281,1283,67,7.1569563646156364,4.204692619390966,9.195736904959452,0.0
1644,87309a72dffffff,87309a0f3ffffff,2,8.26426640053316,1283,3,7.1569563646156364,1.0986122886681098,9.01981724210508,0.6931471805599453
1645,87309a72dffffff,87309a19cffffff,1,27.9909867948156,1283,4,7.1569563646156364,1.3862943611198906,10.239673562298899,0.0
1646,87309a72dffffff,87309a409ffffff,1,27.201668725495765,1283,25,7.1569563646156364,3.2188758248682006,10.211070362379068,0.0
1647,87309a72dffffff,87309a41dffffff,2,32.520939582687355,1283,8,7.1569563646156364,2.0794415416798357,10.38967020464725,0.6931471805599453
1648,87309a72dffffff,87309a440ffffff,5,19.88931740949476,1283,23,7.1569563646156364,3.1354942159291497,9.897988329965772,1.6094379124341003
1649,87309a72dffffff,87309a441ffffff,4,17.902858387407143,1283,74,7.1569563646156364,4.30406509320417,9.792771520969886,1.3862943611198906
1650,87309a72dffffff,87309a443ffffff,3,19.33555827355165,1283,23,7.1569563646156364,3.1354942159291497,9.869752794202336,1.0986122886681098
1651,87309a72dffffff,87309a444ffffff,3,20.688795133291983,1283,8,7.1569563646156364,2.0794415416798357,9.937395868964707,1.0986122886681098
1652,87309a72dffffff,87309a445ffffff,3,18.64295111172113,1283,12,7.1569563646156364,2.4849066497880004,9.833277035290156,1.0986122886681098
1653,87309a72dffffff,87309a446ffffff,1,21.894899111059352,1283,20,7.1569563646156364,2.995732273553991,9.99405464306738,0.0
1654,87309a72dffffff,87309a448ffffff,1,15.595430189969415,1283,4,7.1569563646156364,1.3862943611198906,9.65479733307482,0.0
1655,87309a72dffffff,87309a449ffffff,8,13.81890864750244,1283,8,7.1569563646156364,2.0794415416798357,9.533865487133564,2.0794415416798357
1656,87309a72dffffff,87309a44cffffff,1,15.942413722762849,1283,45,7.1569563646156364,3.8066624897703196,9.676801090190647,0.0
1657,87309a72dffffff,87309a44dffffff,2,14.018608057940897,1283,8,7.1569563646156364,2.0794415416798357,9.548212204273478,0.6931471805599453
1658,87309a72dffffff,87309a44effffff,1,17.44081112382573,1283,10,7.1569563646156364,2.302585092994046,9.766625540914271,0.0
1659,87309a72dffffff,87309a458ffffff,3,20.74155606506253,1283,15,7.1569563646156364,2.70805020110221,9.939942717442467,1.0986122886681098
1660,87309a72dffffff,87309a459ffffff,6,19.04160255407378,1283,22,7.1569563646156364,3.091042453358316,9.854433987768678,1.791759469228055
1661,87309a72dffffff,87309a45affffff,7,22.499725362724842,1283,37,7.1569563646156364,3.6109179126442243,10.021302826016194,1.9459101490553132
1662,87309a72dffffff,87309a45dffffff,1,19.048963079752724,1283,47,7.1569563646156364,3.8501476017100584,9.854820442482247,0.0
1663,87309a72dffffff,87309a45effffff,1,22.50708525749296,1283,24,7.1569563646156364,3.1780538303479458,10.021629868421105,0.0
1664,87309a72dffffff,87309a460ffffff,1,20.827964213141335,1283,3,7.1569563646156364,1.0986122886681098,9.944099807293322,0.0
1665,87309a72dffffff,87309a462ffffff,5,21.706854756917657,1283,58,7.1569563646156364,4.060443010546419,9.985429444397951,1.6094379124341003
1666,87309a72dffffff,87309a466ffffff,1,22.914376979045223,1283,2,7.1569563646156364,0.6931471805599453,10.039563447999056,0.0
1667,87309a72dffffff,87309a46bffffff,5,14.58734710355364,1283,17,7.1569563646156364,2.833213344056216,9.587978345418032,1.6094379124341003
1668,87309a72dffffff,87309a48bffffff,1,39.8374047380762,1283,2,7.1569563646156364,0.6931471805599453,10.59258666918189,0.0
1669,87309a72dffffff,87309a4f5ffffff,1,33.071695912632684,1283,50,7.1569563646156364,3.912023005428146,10.406463324051174,0.0
1670,87309a72dffffff,87309a511ffffff,1,44.47714575443546,1283,11,7.1569563646156364,2.3978952727983707,10.702753240880067,0.0
1671,87309a72dffffff,87309a512ffffff,1,47.24225937523305,1283,4,7.1569563646156364,1.3862943611198906,10.76306526401994,0.0
1672,87309a72dffffff,87309a514ffffff,25,48.04630219898344,1283,25,7.1569563646156364,3.2188758248682006,10.779941267119472,3.2188758248682006
1673,87309a72dffffff,87309a552ffffff,1,32.616712656840235,1283,5,7.1569563646156364,1.6094379124341003,10.392610752834761,0.0
1674,87309a72dffffff,87309a55affffff,2,27.089173296312534,1283,40,7.1569563646156364,3.6888794541139363,10.206926332117098,0.6931471805599453
1675,87309a72dffffff,87309a55dffffff,14,25.78739364410413,1283,47,7.1569563646156364,3.8501476017100584,10.157679810937248,2.6390573296152584
1676,87309a72dffffff,87309a624ffffff,9,11.60768833485882,1283,58,7.1569563646156364,4.060443010546419,9.359509091122524,2.1972245773362196
1677,87309a72dffffff,87309a634ffffff,1,15.50416277534447,1283,1,7.1569563646156364,0.0,9.648928329728038,0.0
1680,87309a72dffffff,87309a702ffffff,18,9.293535438869071,1283,24,7.1569563646156364,3.1780538303479458,9.137181919225945,2.8903717578961645
1682,87309a72dffffff,87309a704ffffff,77,6.905056792028025,1283,79,7.1569563646156364,4.3694478524670215,8.840154101493885,4.343805421853684
1684,87309a72dffffff,87309a706ffffff,86,8.706156868482843,1283,88,7.1569563646156364,4.477336814478207,9.071900595030495,4.454347296253507
1685,87309a72dffffff,87309a708ffffff,55,7.737207548577481,1283,58,7.1569563646156364,4.060443010546419,8.953925356893192,4.007333185232471
1686,87309a72dffffff,87309a70affffff,39,9.593790535935607,1283,42,7.1569563646156364,3.7376696182833684,9.168975577660062,3.6635616461296463
1689,87309a72dffffff,87309a70effffff,22,7.7483479557982795,1283,23,7.1569563646156364,3.1354942159291497,8.95536398407216,3.091042453358316
1690,87309a72dffffff,87309a710ffffff,26,12.56727936454903,1283,42,7.1569563646156364,3.7376696182833684,9.438931407930697,3.258096538021482
1691,87309a72dffffff,87309a711ffffff,15,11.333535361023973,1283,60,7.1569563646156364,4.0943445622221,9.335609570572911,2.70805020110221
1692,87309a72dffffff,87309a712ffffff,11,14.559362931936773,1283,15,7.1569563646156364,2.70805020110221,9.586058248084022,2.3978952727983707
1693,87309a72dffffff,87309a713ffffff,7,13.385517357602874,1283,16,7.1569563646156364,2.772588722239781,9.502003312069776,1.9459101490553132
1694,87309a72dffffff,87309a714ffffff,8,12.141171491356314,1283,57,7.1569563646156364,4.04305126783455,9.404439919405194,2.0794415416798357
1695,87309a72dffffff,87309a715ffffff,48,10.608800234501622,1283,52,7.1569563646156364,3.9512437185814275,9.269533403391346,3.871201010907891
1696,87309a72dffffff,87309a716ffffff,5,14.004050177764167,1283,10,7.1569563646156364,2.302585092994046,9.547173270534214,1.6094379124341003
1697,87309a72dffffff,87309a718ffffff,59,11.815924168070273,1283,59,7.1569563646156364,4.07753744390572,9.377288034428807,4.07753744390572
1698,87309a72dffffff,87309a719ffffff,2,11.525908407439474,1283,2,7.1569563646156364,0.6931471805599453,9.352439442654589,0.6931471805599453
1699,87309a72dffffff,87309a71affffff,28,13.869576095318216,1283,28,7.1569563646156364,3.332204510175204,9.537525047797297,3.332204510175204
1700,87309a72dffffff,87309a71cffffff,25,10.375101525298549,1283,25,7.1569563646156364,3.2188758248682006,9.24726051057626,3.2188758248682006
1701,87309a72dffffff,87309a71dffffff,64,9.772891357123196,1283,65,7.1569563646156364,4.174387269895637,9.18746996227039,4.1588830833596715
1702,87309a72dffffff,87309a71effffff,29,12.452114561416975,1283,29,7.1569563646156364,3.367295829986474,9.429726036182325,3.367295829986474
1706,87309a72dffffff,87309a723ffffff,92,5.309076411281858,1283,182,7.1569563646156364,5.204006687076795,8.577361504204362,4.5217885770490405
1717,87309a72dffffff,87309a730ffffff,17,10.623214373320744,1283,22,7.1569563646156364,3.091042453358316,9.270891049724304,2.833213344056216
1718,87309a72dffffff,87309a731ffffff,33,8.713478947402344,1283,34,7.1569563646156364,3.5263605246161616,9.072741168146361,3.4965075614664802
1719,87309a72dffffff,87309a732ffffff,7,12.148521010760538,1283,10,7.1569563646156364,2.302585092994046,9.405045025008917,1.9459101490553132
1720,87309a72dffffff,87309a733ffffff,11,10.360883303756404,1283,81,7.1569563646156364,4.394449154672439,9.24588928536926,2.3978952727983707
1721,87309a72dffffff,87309a734ffffff,9,11.360495239017549,1283,18,7.1569563646156364,2.8903717578961645,9.337985306766528,2.1972245773362196
1722,87309a72dffffff,87309a735ffffff,73,9.314092431771154,1283,77,7.1569563646156364,4.343805421853684,9.13939120588191,4.290459441148391
1723,87309a72dffffff,87309a736ffffff,12,12.588563706015908,1283,24,7.1569563646156364,3.1780538303479458,9.440623472428072,2.4849066497880004
1724,87309a72dffffff,87309a785ffffff,1,19.577715649374017,1283,2,7.1569563646156364,0.6931471805599453,9.882198318906191,0.0
1725,87309a72dffffff,87309a786ffffff,2,22.68879597027379,1283,2,7.1569563646156364,0.6931471805599453,10.029670585678536,0.6931471805599453
1726,87309a72dffffff,87309a78effffff,1,22.13483789211689,1283,2,7.1569563646156364,0.6931471805599453,10.004953198170924,0.0
1727,87309a72dffffff,87309a790ffffff,2,26.800968860606822,1283,2,7.1569563646156364,0.6931471805599453,10.196230628748546,0.6931471805599453
1728,87309a72dffffff,87309a791ffffff,2,25.797174449105906,1283,2,7.1569563646156364,0.6931471805599453,10.158059010619667,0.6931471805599453
1729,87309a72dffffff,87309a793ffffff,1,27.87392664887881,1283,1,7.1569563646156364,0.0,10.235482877328602,0.0
1730,87309a72dffffff,87309a79cffffff,1,24.928131543878727,1283,1,7.1569563646156364,0.0,10.123792340125775,0.0
1731,87309a72dffffff,87309a7a2ffffff,1,19.854061336683944,1283,1,7.1569563646156364,0.0,9.896214232791703,0.0
1732,87309a72dffffff,87309a7a4ffffff,24,17.42618986196127,1283,85,7.1569563646156364,4.442651256490317,9.765786901302693,3.1780538303479458
1733,87309a72dffffff,87309a7a5ffffff,4,15.920813766632088,1283,10,7.1569563646156364,2.302585092994046,9.675445382973667,1.3862943611198906
1734,87309a72dffffff,87309a7a6ffffff,28,19.313799250433263,1283,30,7.1569563646156364,3.4011973816621555,9.868626881592228,3.332204510175204
1735,87309a72dffffff,87309a7a9ffffff,4,15.930000220774671,1283,32,7.1569563646156364,3.4657359027997265,9.676022189431075,1.3862943611198906
1736,87309a72dffffff,87309a7aaffffff,1,18.687136922363944,1283,2,7.1569563646156364,0.6931471805599453,9.835644212354321,0.0
1737,87309a72dffffff,87309a7acffffff,3,15.444974240616022,1283,4,7.1569563646156364,1.3862943611198906,9.645103681422006,1.0986122886681098
1738,87309a72dffffff,87309a7adffffff,19,14.529791555549416,1283,19,7.1569563646156364,2.9444389791664403,9.584025232406674,2.9444389791664403
1739,87309a72dffffff,87309a7aeffffff,1,17.509504913808048,1283,2,7.1569563646156364,0.6931471805599453,9.770556260604193,0.0
1740,87309a72dffffff,87309a7b1ffffff,1,21.852982964928106,1283,1,7.1569563646156364,0.0,9.992138470635929,0.0
1741,87309a72dffffff,87309a7b3ffffff,2,23.86647470078844,1283,2,7.1569563646156364,0.6931471805599453,10.080271919885806,0.6931471805599453
1742,87309a72dffffff,87309a7b5ffffff,2,21.237902769672807,1283,12,7.1569563646156364,2.4849066497880004,9.963589815343214,0.6931471805599453
1743,87309a72dffffff,874196482ffffff,1,34.112078373140555,1283,82,7.1569563646156364,4.406719247264253,10.437436119746899,0.0
1744,87309a72dffffff,874196492ffffff,1,29.09211086562444,1283,1,7.1569563646156364,0.0,10.278256685119338,0.0
1745,87309a72dffffff,874196495ffffff,1,33.25874198760347,1283,2,7.1569563646156364,0.6931471805599453,10.41210299527857,0.0
1746,87309a72dffffff,87419649cffffff,1,32.99815177973975,1283,1,7.1569563646156364,0.0,10.404237136474023,0.0
1747,87309a72dffffff,8741964a2ffffff,1,38.76175452280529,1283,1,7.1569563646156364,0.0,10.565215129599473,0.0
1748,87309a72dffffff,8741964b3ffffff,1,34.59781282014128,1283,1,7.1569563646156364,0.0,10.45157464890055,0.0
1749,87309a72dffffff,8741964b4ffffff,1,37.5626506205241,1283,2,7.1569563646156364,0.6931471805599453,10.533792122968784,0.0
1750,87309a72dffffff,8741964b6ffffff,1,35.504543272081285,1283,1,7.1569563646156364,0.0,10.47744411178293,0.0
1751,87309a72dffffff,8741964caffffff,1,45.26400955240806,1283,2,7.1569563646156364,0.6931471805599453,10.720289596942504,0.0
1752,87309a72dffffff,87419659affffff,1,39.166721673216,1283,1,7.1569563646156364,0.0,10.575608259872894,0.0
1753,87309acdeffffff,87309a41dffffff,1,25.782333604379186,132,8,4.882801922586371,2.0794415416798357,10.157483577845547,0.0
1754,87309acdeffffff,87309a521ffffff,1,5.333812135973888,132,2,4.882801922586371,0.6931471805599453,8.582008949615167,0.0
1755,87309acdeffffff,87309a524ffffff,1,8.363733625911566,132,1,4.882801922586371,0.0,9.031779769030043,0.0
1756,87309acdeffffff,87309a526ffffff,1,9.35942755578744,132,1,4.882801922586371,0.0,9.144246247465501,0.0
1759,87309acdeffffff,87309a52cffffff,3,3.465624163620293,132,7,4.882801922586371,1.9459101490553132,8.150936535892047,1.0986122886681098
1761,87309acdeffffff,87309a52effffff,1,5.319681188941206,132,1,4.882801922586371,0.0,8.579356617172941,0.0
1762,87309acdeffffff,87309a530ffffff,1,12.201717710900983,132,3,4.882801922586371,1.0986122886681098,9.409413969101918,0.0
1763,87309acdeffffff,87309a55bffffff,1,19.76832513738519,132,29,4.882801922586371,3.367295829986474,9.891886779890838,0.0
1764,87309acdeffffff,87309a573ffffff,1,9.263196174027069,132,13,4.882801922586371,2.5649493574615367,9.133912375541405,0.0
1765,87309acdeffffff,87309ac99ffffff,1,10.456303329768609,132,27,4.882801922586371,3.295836866004329,9.255055896519245,0.0
1766,87309acdeffffff,87309ac9dffffff,10,11.90846535424641,132,12,4.882801922586371,2.4849066497880004,9.385088770850253,2.302585092994046
1769,87309acdeffffff,87309acc8ffffff,8,6.924652065301664,132,8,4.882801922586371,2.0794415416798357,8.842987487677057,2.0794415416798357
1770,87309acdeffffff,87309accaffffff,15,5.328757648369114,132,17,4.882801922586371,2.833213344056216,8.581061046776993,2.70805020110221
1771,87309acdeffffff,87309acceffffff,84,5.314598659133513,132,94,4.882801922586371,4.543294782270004,8.57840092020612,4.430816798843313
1773,87309acdeffffff,87309acd3ffffff,1,2.089951341437112,132,2,4.882801922586371,0.6931471805599453,7.645374428683033,0.0
1774,87309acdeffffff,87309acd5ffffff,1,4.631492210904167,132,1,4.882801922586371,0.0,8.44085027675587,0.0
1782,87309acdeffffff,874190cd9ffffff,1,120.78807795568362,132,4,4.882801922586371,1.3862943611198906,11.701801146121092,0.0
1783,87419056dffffff,874190096ffffff,2,10.677398872842398,436,2,6.077642243349034,0.6931471805599453,9.275978183002135,0.6931471805599453
1784,87419056dffffff,8741900b0ffffff,7,6.126681567769847,436,7,6.077642243349034,1.9459101490553132,8.720571746586247,1.9459101490553132
1785,87419056dffffff,8741900b4ffffff,12,3.9429678262776284,436,12,6.077642243349034,2.4849066497880004,8.279942558051735,2.4849066497880004
1787,87419056dffffff,874190186ffffff,1,7.85678726380246,436,1,6.077642243349034,0.0,8.969260327189257,0.0
1788,87419056dffffff,87419018affffff,24,7.091835236111473,436,24,6.077642243349034,3.1780538303479458,8.86684043184889,3.1780538303479458
1789,87419056dffffff,874190192ffffff,78,3.9417832884596726,436,78,6.077642243349034,4.356708826689592,8.279642171286733,4.356708826689592
1790,87419056dffffff,874190193ffffff,14,2.342170725134373,436,14,6.077642243349034,2.6390573296152584,7.759260301894327,2.6390573296152584
1791,87419056dffffff,874190198ffffff,86,3.5448191698184917,436,86,6.077642243349034,4.454347296253507,8.173524489794776,4.454347296253507
1792,87419056dffffff,874190199ffffff,82,5.45108248910717,436,82,6.077642243349034,4.406719247264253,8.603752922765644,4.406719247264253
1795,87419056dffffff,87419019cffffff,40,4.239694083573741,436,40,6.077642243349034,3.6888794541139363,8.352482233784862,3.6888794541139363
1796,87419056dffffff,87419019dffffff,10,5.4400809629361,436,10,6.077642243349034,2.302585092994046,8.601733026532559,2.302585092994046
1798,87419056dffffff,874190400ffffff,4,22.074984759990098,436,4,6.077642243349034,1.3862943611198906,10.002245634216251,1.3862943611198906
1799,87419056dffffff,874190405ffffff,10,19.971773944038794,436,10,6.077642243349034,2.302585092994046,9.902125322323657,2.302585092994046
1800,87419056dffffff,87419042cffffff,2,15.770755959786623,436,2,6.077642243349034,0.6931471805599453,9.665976021874172,0.6931471805599453
1801,87419056dffffff,874190561ffffff,2,4.255877700690435,436,2,6.077642243349034,0.6931471805599453,8.35629123642567,0.6931471805599453
1802,87419056dffffff,874190569ffffff,1,2.3421558463813685,436,1,6.077642243349034,0.0,7.75925395203681,0.0
1803,87419056dffffff,87419056cffffff,52,2.1282654800975354,436,52,6.077642243349034,3.9512437185814275,7.663532354206121,3.9512437185814275
1805,87419056dffffff,874190cc1ffffff,1,13.952893391018028,436,1,6.077642243349034,0.0,9.543513844439756,0.0
1806,87419056dffffff,874190ccaffffff,1,9.787139625665578,436,1,6.077642243349034,0.0,9.188926689445042,0.0
1807,87419056dffffff,874190cd9ffffff,3,9.99803630820325,436,4,6.077642243349034,1.3862943611198906,9.2102439981527,1.0986122886681098
1808,87419056dffffff,87419631affffff,3,57.233378097001435,436,8,6.077642243349034,2.0794415416798357,10.95491001251214,1.0986122886681098
1809,87419056dffffff,874196614ffffff,1,87.54932763593811,436,4,6.077642243349034,1.3862943611198906,11.379969079979276,0.0
1810,874192d1effffff,87309a198ffffff,2,44.664319631196946,681,11,6.523562306149512,2.3978952727983707,10.706952632299675,0.6931471805599453
1811,874192d1effffff,87309a5a0ffffff,1,12.583407616505454,681,9,6.523562306149512,2.1972245773362196,9.440213835862073,0.0
1812,874192d1effffff,874192c00ffffff,16,12.145844278343569,681,16,6.523562306149512,2.772588722239781,9.404824684855486,2.772588722239781
1813,874192d1effffff,874192c01ffffff,1,13.835132660032961,681,1,6.523562306149512,0.0,9.5350387580447,0.0
1814,874192d1effffff,874192c02ffffff,7,12.901792823788483,681,7,6.523562306149512,1.9459101490553132,9.46519906488556,1.9459101490553132
1815,874192d1effffff,874192c03ffffff,5,14.386277311921852,681,5,6.523562306149512,1.6094379124341003,9.57409957502482,1.6094379124341003
1816,874192d1effffff,874192c06ffffff,1,10.605430627584461,681,1,6.523562306149512,0.0,9.26921575913423,0.0
1817,874192d1effffff,874192c0effffff,1,16.009996282286583,681,1,6.523562306149512,0.0,9.681031032804574,0.0
1818,874192d1effffff,874192c14ffffff,22,10.580396032688837,681,23,6.523562306149512,3.1354942159291497,9.266852646867259,3.091042453358316
1819,874192d1effffff,874192c15ffffff,1,11.60972017328307,681,1,6.523562306149512,0.0,9.359684103197335,0.0
1822,874192d1effffff,874192c22ffffff,61,7.810311998109671,681,63,6.523562306149512,4.143134726391533,8.963328218239756,4.110873864173311
1827,874192d1effffff,874192c28ffffff,4,13.654539728584774,681,4,6.523562306149512,1.3862943611198906,9.521900559203916,1.3862943611198906
1828,874192d1effffff,874192c2affffff,3,13.585602652743942,681,3,6.523562306149512,1.0986122886681098,9.516839487132227,1.0986122886681098
1829,874192d1effffff,874192c2cffffff,6,11.957939350825253,681,7,6.523562306149512,1.9459101490553132,9.389234340530683,1.791759469228055
1830,874192d1effffff,874192c2dffffff,1,14.03755080821967,681,1,6.523562306149512,0.0,9.549562453464604,0.0
1832,874192d1effffff,874192c30ffffff,2,6.965892562251111,681,2,6.523562306149512,0.6931471805599453,8.848924573962616,0.6931471805599453
1833,874192d1effffff,874192c31ffffff,8,8.323429934458025,681,8,6.523562306149512,2.0794415416798357,9.026949836162654,2.0794415416798357
1836,874192d1effffff,874192c36ffffff,2,6.049053630251285,681,2,6.523562306149512,0.6931471805599453,8.707822415489943,0.6931471805599453
1837,874192d1effffff,874192c62ffffff,1,21.85865191695482,681,1,6.523562306149512,0.0,9.992397838317148,0.0
1838,874192d1effffff,874192d00ffffff,3,5.7893681511149016,681,3,6.523562306149512,1.0986122886681098,8.663951152503335,1.0986122886681098
1839,874192d1effffff,874192d01ffffff,18,6.264002685181229,681,18,6.523562306149512,2.8903717578961645,8.742734295930433,2.8903717578961645
1840,874192d1effffff,874192d05ffffff,1,7.789232531893355,681,1,6.523562306149512,0.0,8.960625988469785,0.0
1843,874192d1effffff,874192d0affffff,86,5.361930698275022,681,87,6.523562306149512,4.465908118654584,8.587265876705702,4.454347296253507
1846,874192d1effffff,874192d0dffffff,2,8.78475663048033,681,2,6.523562306149512,0.6931471805599453,9.08088712445715,0.6931471805599453
1847,874192d1effffff,874192d0effffff,11,5.347634779674803,681,11,6.523562306149512,2.3978952727983707,8.584596625956552,2.3978952727983707
1849,874192d1effffff,874192d19ffffff,10,4.199704746921843,681,10,6.523562306149512,2.302585092994046,8.34300758708129,2.302585092994046
1852,874192d1effffff,874192d1cffffff,65,2.087333988471796,681,65,6.523562306149512,4.174387269895637,7.644121892375559,4.174387269895637
1853,874192d1effffff,874192d1dffffff,48,3.4843102663663235,681,48,6.523562306149512,3.871201010907891,8.156312348318233,3.871201010907891
1855,874192d1effffff,874192d28ffffff,20,10.443338144613307,681,20,6.523562306149512,2.995732273553991,9.253815306220723,2.995732273553991
1856,874192d1effffff,874192d29ffffff,42,11.419164318862581,681,43,6.523562306149512,3.7612001156935624,9.343135871798479,3.7376696182833684
1859,874192d1effffff,874192d2cffffff,2,11.883192100744603,681,2,6.523562306149512,0.6931471805599453,9.382964401105554,0.6931471805599453
1861,874192d1effffff,874192d50ffffff,28,11.472617202819677,681,28,6.523562306149512,3.332204510175204,9.347805522466512,3.332204510175204
1863,874192d1effffff,874192d53ffffff,1,12.606960339629167,681,3,6.523562306149512,1.0986122886681098,9.442083666441473,0.0
1864,874192d1effffff,874192d54ffffff,1,10.728914659984405,681,1,6.523562306149512,0.0,9.280790882189985,0.0
1865,874192d1effffff,874192d55ffffff,26,12.714096887612547,681,26,6.523562306149512,3.258096538021482,9.450545297773122,3.258096538021482
1867,874192d1effffff,874192d5effffff,1,14.710407952561562,681,1,6.523562306149512,0.0,9.596378522989466,0.0
1868,874192d1effffff,874192d89ffffff,7,9.895734596262399,681,9,6.523562306149512,2.1972245773362196,9.19996014295254,1.9459101490553132
1871,874192d1effffff,874192dacffffff,2,3.4821113202496234,681,3,6.523562306149512,1.0986122886681098,8.155681230880129,0.6931471805599453
1873,874192d1effffff,8741966ceffffff,30,19.717478847541944,681,30,6.523562306149512,3.4011973816621555,9.88931148763279,3.4011973816621555
1874,874192d1effffff,8741966d8ffffff,3,15.55760631200313,681,3,6.523562306149512,1.0986122886681098,9.652369225083541,1.0986122886681098
1875,874192d1effffff,8741966d9ffffff,1,16.70430068193968,681,1,6.523562306149512,0.0,9.723481354146358,0.0
1876,874192d1effffff,8741966daffffff,1,13.484625920394654,681,1,6.523562306149512,0.0,9.509379650543703,0.0
1877,874192d1effffff,8741966dbffffff,3,14.677194228816381,681,3,6.523562306149512,1.0986122886681098,9.594118285666074,1.0986122886681098
1878,874192d1effffff,8741966dcffffff,71,16.71733922387035,681,71,6.523562306149512,4.2626798770413155,9.72426155298938,4.2626798770413155
1880,874192d1effffff,8741966deffffff,53,14.625339321229111,681,54,6.523562306149512,3.9889840465642745,9.590579245427032,3.970291913552122
1881,874192d89ffffff,874192c21ffffff,11,10.691704489305184,146,11,4.983606621708336,2.3978952727983707,9.27731696447327,2.3978952727983707
1882,874192d89ffffff,874192c22ffffff,2,7.32757405006206,146,63,4.983606621708336,4.143134726391533,8.899536239811757,0.6931471805599453
1883,874192d89ffffff,874192c23ffffff,1,8.778183226551654,146,1,4.983606621708336,0.0,9.080138655713272,0.0
1884,874192d89ffffff,874192c26ffffff,6,8.345442302988527,146,6,4.983606621708336,1.791759469228055,9.02959065555227,1.791759469228055
1885,874192d89ffffff,874192c34ffffff,16,5.784370822782414,146,16,4.983606621708336,2.772588722239781,8.663087738313674,2.772588722239781
1886,874192d89ffffff,874192c35ffffff,5,6.258080258688036,146,5,4.983606621708336,1.6094379124341003,8.741788529767563,1.6094379124341003
1887,874192d89ffffff,874192d08ffffff,6,13.937221528745185,146,6,4.983606621708336,1.791759469228055,9.54239009574109,1.791759469228055
1888,874192d89ffffff,874192d0affffff,1,11.872144254398268,146,87,4.983606621708336,4.465908118654584,9.382034343377065,0.0
1889,874192d89ffffff,874192d0cffffff,2,15.571924376657988,146,2,4.983606621708336,0.6931471805599453,9.653289068428709,0.6931471805599453
1890,874192d89ffffff,874192d18ffffff,16,9.630588028497895,146,17,4.983606621708336,2.833213344056216,9.17280339550618,2.772588722239781
1891,874192d89ffffff,874192d1affffff,24,7.765343472661572,146,25,4.983606621708336,3.2188758248682006,8.95755473705781,3.1780538303479458
1892,874192d89ffffff,874192d1bffffff,13,7.782195470246611,146,13,4.983606621708336,2.5649493574615367,8.959722261669915,2.5649493574615367
1893,874192d89ffffff,874192d1effffff,19,9.895734596262399,146,19,4.983606621708336,2.9444389791664403,9.19996014295254,2.9444389791664403
1894,874192d89ffffff,874192d2affffff,2,17.364360092571197,146,2,4.983606621708336,0.6931471805599453,9.762232701650255,0.6931471805599453
1895,874192d89ffffff,874192d2bffffff,3,17.603676101697676,146,3,4.983606621708336,1.0986122886681098,9.775919833334003,1.0986122886681098
1896,874192d89ffffff,874192d2dffffff,2,21.349864557075463,146,2,4.983606621708336,0.6931471805599453,9.968847512313493,0.6931471805599453
1897,874192d89ffffff,874192d52ffffff,1,12.661217352307316,146,1,4.983606621708336,0.0,9.446377826673636,0.0
1898,874192d89ffffff,874192d56ffffff,1,13.4722500957243,146,2,4.983606621708336,0.6931471805599453,9.508461524318239,0.0
1899,874192d89ffffff,874192dabffffff,11,4.6424031279707645,146,11,4.983606621708336,2.3978952727983707,8.443202809142258,2.3978952727983707
1900,874192d89ffffff,874192dadffffff,1,8.29771940871603,146,1,4.983606621708336,0.0,9.023856493774552,0.0
1901,874192d89ffffff,8741966ddffffff,2,25.830069129430402,146,2,4.983606621708336,0.6931471805599453,10.159333276229447,0.6931471805599453
1902,874192d89ffffff,8741966deffffff,1,23.36917433902535,146,54,4.983606621708336,3.9889840465642745,10.059215887454815,0.0
1903,8741962a1ffffff,8741905b0ffffff,4,24.043685067625596,2051,4,7.62608275807238,1.3862943611198906,10.087669256001767,1.3862943611198906
1904,8741962a1ffffff,8741905b5ffffff,17,24.625988424010043,2051,17,7.62608275807238,2.833213344056216,10.11159821096348,2.833213344056216
1905,8741962a1ffffff,874190c83ffffff,1,33.468510161461026,2051,1,7.62608275807238,0.0,10.41839015894623,0.0
1906,8741962a1ffffff,8741928d3ffffff,1,57.710610916577416,2051,1,7.62608275807238,0.0,10.96321366130914,0.0
1907,8741962a1ffffff,874192904ffffff,59,18.960853279502924,2051,62,7.62608275807238,4.127134385045092,9.850184517841331,4.07753744390572
1908,8741962a1ffffff,874192905ffffff,1,19.884829088488633,2051,1,7.62608275807238,0.0,9.8977626509385,0.0
1909,8741962a1ffffff,874192906ffffff,10,20.4777441586586,2051,11,7.62608275807238,2.3978952727983707,9.927142756895275,2.302585092994046
1910,8741962a1ffffff,87419290affffff,1,26.857173356227893,2051,1,7.62608275807238,0.0,10.19832546166746,0.0
1911,8741962a1ffffff,87419290cffffff,46,23.312820467406077,2051,46,7.62608275807238,3.828641396489095,10.056801616815576,3.828641396489095
1912,8741962a1ffffff,87419290dffffff,28,24.55076857499445,2051,28,7.62608275807238,3.332204510175204,10.108539170342572,3.332204510175204
1913,8741962a1ffffff,874192915ffffff,9,22.08996909991529,2051,9,7.62608275807238,2.1972245773362196,10.002924165977696,2.1972245773362196
1914,8741962a1ffffff,87419291bffffff,1,29.582181114802854,2051,1,7.62608275807238,0.0,10.2949612732412,0.0
1915,8741962a1ffffff,87419291dffffff,1,25.863904513215065,2051,14,7.62608275807238,2.6390573296152584,10.160642290693513,0.0
1916,8741962a1ffffff,874192920ffffff,18,15.246805511630209,2051,18,7.62608275807238,2.8903717578961645,9.632190870804125,2.8903717578961645
1917,8741962a1ffffff,874192921ffffff,19,16.319113086503013,2051,19,7.62608275807238,2.9444389791664403,9.700153557814128,2.9444389791664403
1918,8741962a1ffffff,874192922ffffff,3,16.676186069884416,2051,3,7.62608275807238,1.0986122886681098,9.721796960834892,1.0986122886681098
1919,8741962a1ffffff,874192923ffffff,48,17.564252799956478,2051,48,7.62608275807238,3.871201010907891,9.773677956851213,3.871201010907891
1920,8741962a1ffffff,874192924ffffff,79,12.9341776028612,2051,80,7.62608275807238,4.382026634673881,9.467705824936475,4.3694478524670215
1921,8741962a1ffffff,874192925ffffff,3,13.987848365770963,2051,3,7.62608275807238,1.0986122886681098,9.546015745884546,1.0986122886681098
1923,8741962a1ffffff,874192929ffffff,1,21.291108761285614,2051,1,7.62608275807238,0.0,9.966091802361774,0.0
1926,8741962a1ffffff,87419292cffffff,46,17.581014796980515,2051,46,7.62608275807238,3.828641396489095,9.774631772009025,3.828641396489095
1928,8741962a1ffffff,87419292effffff,79,18.65036375978309,2051,79,7.62608275807238,4.3694478524670215,9.833674546247503,4.3694478524670215
1929,8741962a1ffffff,874192931ffffff,1,18.235729394918476,2051,7,7.62608275807238,1.9459101490553132,9.811192938061335,0.0
1931,8741962a1ffffff,874192940ffffff,83,30.484733636096934,2051,83,7.62608275807238,4.418840607796598,10.325014103530352,4.418840607796598
1932,8741962a1ffffff,874192942ffffff,3,31.150640714290027,2051,3,7.62608275807238,1.0986122886681098,10.346622194234289,1.0986122886681098
1933,8741962a1ffffff,874192944ffffff,44,28.25867311402325,2051,44,7.62608275807238,3.784189633918261,10.249191089081148,3.784189633918261
1934,8741962a1ffffff,874192945ffffff,1,29.951954181182955,2051,1,7.62608275807238,0.0,10.307383235780543,0.0
1938,8741962a1ffffff,874192972ffffff,36,25.902536739420732,2051,36,7.62608275807238,3.58351893845611,10.162134792010617,3.58351893845611
1940,8741962a1ffffff,874192974ffffff,19,22.791885569877113,2051,19,7.62608275807238,2.9444389791664403,10.034203729840144,2.9444389791664403
1941,8741962a1ffffff,874192975ffffff,22,24.38415977391621,2051,22,7.62608275807238,3.091042453358316,10.101730020261963,3.091042453358316
1942,8741962a1ffffff,874192976ffffff,11,23.594253056395427,2051,11,7.62608275807238,2.3978952727983707,10.068800829103841,2.3978952727983707
1943,8741962a1ffffff,874196085ffffff,2,39.246758415859276,2051,2,7.62608275807238,0.6931471805599453,10.577649611155724,0.6931471805599453
1945,8741962a1ffffff,874196201ffffff,92,10.79014718128635,2051,92,7.62608275807238,4.5217885770490405,9.286481371533657,4.5217885770490405
1947,8741962a1ffffff,874196203ffffff,58,8.857282256142176,2051,58,7.62608275807238,4.060443010546419,9.089108148520769,4.060443010546419
1948,8741962a1ffffff,874196206ffffff,74,8.421505285180059,2051,74,7.62608275807238,4.30406509320417,9.03866260278779,4.30406509320417
1949,8741962a1ffffff,874196210ffffff,24,4.209426740598338,2051,24,7.62608275807238,3.1780538303479458,8.34531928510204,3.1780538303479458
1950,8741962a1ffffff,874196211ffffff,62,5.392536490372896,2051,62,7.62608275807238,4.127134385045092,8.592956569412861,4.127134385045092
1951,8741962a1ffffff,874196212ffffff,43,2.1043818215325114,2051,43,7.62608275807238,3.7612001156935624,7.652252117569116,3.7612001156935624
1952,8741962a1ffffff,874196213ffffff,85,3.5119002794158405,2051,85,7.62608275807238,4.442651256490317,8.164197265701771,4.442651256490317
1954,8741962a1ffffff,874196216ffffff,5,3.9084293790846183,2051,5,7.62608275807238,1.6094379124341003,8.271146703476262,1.6094379124341003
1955,8741962a1ffffff,874196218ffffff,1,7.410266689711944,2051,1,7.62608275807238,0.0,8.910756646961959,0.0
1956,8741962a1ffffff,87419621cffffff,11,7.025999279689899,2051,11,7.62608275807238,2.3978952727983707,8.85751504868613,2.3978952727983707
1957,8741962a1ffffff,874196230ffffff,62,9.701859761289194,2051,62,7.62608275807238,4.127134385045092,9.18017594179184,4.127134385045092
1958,8741962a1ffffff,874196233ffffff,27,7.846215566919175,2051,27,7.62608275807238,3.295836866004329,8.967914043002748,3.295836866004329
1959,8741962a1ffffff,874196234ffffff,4,11.729022897121713,2051,4,7.62608275807238,1.3862943611198906,9.369906893659403,1.3862943611198906
1961,8741962a1ffffff,874196252ffffff,9,15.728201886337043,2051,10,7.62608275807238,2.302585092994046,9.663274256452125,2.1972245773362196
1962,8741962a1ffffff,874196253ffffff,28,17.829653417230876,2051,28,7.62608275807238,3.332204510175204,9.788674357254171,3.332204510175204
1963,8741962a1ffffff,87419625affffff,2,21.13589848548308,2051,2,7.62608275807238,0.6931471805599453,9.958775535580541,0.6931471805599453
1965,8741962a1ffffff,874196281ffffff,2,6.080557474891577,2051,2,7.62608275807238,0.6931471805599453,8.713016105789395,0.6931471805599453
1966,8741962a1ffffff,874196284ffffff,78,4.206773768324059,2051,80,7.62608275807238,4.382026634673881,8.344688990691898,4.356708826689592
1972,8741962a1ffffff,87419628cffffff,75,6.993976160689633,2051,75,7.62608275807238,4.31748811353631,8.852947479043685,4.31748811353631
1973,8741962a1ffffff,87419628dffffff,28,8.353149740030407,2051,28,7.62608275807238,3.332204510175204,9.030513669247739,3.332204510175204
1974,8741962a1ffffff,87419628effffff,8,8.339473189190203,2051,9,7.62608275807238,2.1972245773362196,9.028875231056267,2.0794415416798357
1975,8741962a1ffffff,874196299ffffff,10,12.15913730543117,2051,10,7.62608275807238,2.302585092994046,9.405918447021472,2.302585092994046
1976,8741962a1ffffff,87419629dffffff,2,9.95053985158098,2051,2,7.62608275807238,0.6931471805599453,9.20548257713157,0.6931471805599453
1981,8741962a1ffffff,8741962a4ffffff,1,3.9173176023085046,2051,1,7.62608275807238,0.0,8.273417657574523,0.0
1983,8741962a1ffffff,8741962a6ffffff,21,4.219307294954905,2051,23,7.62608275807238,3.1354942159291497,8.347663223088597,3.044522437723423
1984,8741962a1ffffff,8741962a8ffffff,7,3.918520088907279,2051,7,7.62608275807238,1.9459101490553132,8.273724498990633,1.9459101490553132
1985,8741962a1ffffff,8741962a9ffffff,3,5.8474745976434255,2051,3,7.62608275807238,1.0986122886681098,8.673936153684462,1.0986122886681098
1986,8741962a1ffffff,8741962aaffffff,52,4.662661492085328,2051,52,7.62608275807238,3.9512437185814275,8.447556146512419,3.9512437185814275
1989,8741962a1ffffff,8741962adffffff,17,4.221933119223321,2051,17,7.62608275807238,2.833213344056216,8.348285217541974,2.833213344056216
1990,8741962a1ffffff,8741962aeffffff,29,2.3313358970984517,2051,83,7.62608275807238,4.418840607796598,7.75462557530476,3.367295829986474
1991,8741962a1ffffff,8741962b1ffffff,12,5.387461725916065,2051,15,7.62608275807238,2.70805020110221,8.59201522909175,2.4849066497880004
1992,8741962a1ffffff,8741962b2ffffff,2,8.843406628607983,2051,2,7.62608275807238,0.6931471805599453,9.087540518827213,0.6931471805599453
1993,8741962a1ffffff,8741962b3ffffff,1,7.386736189802233,2051,1,7.62608275807238,0.0,8.907576632750109,0.0
1994,8741962a1ffffff,8741962c0ffffff,1,15.573942260402628,2051,1,7.62608275807238,0.0,9.65341863645152,0.0
1995,8741962a1ffffff,8741962c5ffffff,8,15.749965710207265,2051,8,7.62608275807238,2.0794415416798357,9.66465695730789,2.0794415416798357
1996,8741962a1ffffff,8741962cbffffff,1,23.375679304948708,2051,1,7.62608275807238,0.0,10.05949419349932,0.0
1997,8741962a1ffffff,8741962d4ffffff,61,12.188432035045203,2051,61,7.62608275807238,4.110873864173311,9.408324628694618,4.110873864173311
1998,8741962a1ffffff,8741962d6ffffff,1,12.949441640892953,2051,1,7.62608275807238,0.0,9.46888517009003,0.0
1999,8741962a1ffffff,8741962deffffff,22,18.285389115872523,2051,22,7.62608275807238,3.091042453358316,9.813912297939755,3.091042453358316
2001,8741962a1ffffff,8741962e1ffffff,90,14.788245606002322,2051,90,7.62608275807238,4.499809670330265,9.60165554737232,4.499809670330265
2002,8741962a1ffffff,8741962e2ffffff,55,12.012553926960626,2051,55,7.62608275807238,4.007333185232471,9.393790785285185,4.007333185232471
2004,8741962a1ffffff,8741962e5ffffff,2,13.631804582590979,2051,2,7.62608275807238,0.6931471805599453,9.520234268937644,0.6931471805599453
2005,8741962a1ffffff,8741962ecffffff,29,16.903474772877185,2051,29,7.62608275807238,3.367295829986474,9.73533364532346,3.367295829986474
2006,8741962a1ffffff,8741962edffffff,12,19.019359120208602,2051,12,7.62608275807238,2.4849066497880004,9.85326521710981,2.4849066497880004
2007,8741962a1ffffff,8741962eeffffff,25,16.20036675886095,2051,25,7.62608275807238,3.2188758248682006,9.692850885492634,3.2188758248682006
2008,8741962a1ffffff,8741962f0ffffff,38,9.730255695309813,2051,38,7.62608275807238,3.6375861597263857,9.183098220841977,3.6375861597263857
2009,8741962a1ffffff,8741962f1ffffff,35,11.69855525235423,2051,36,7.62608275807238,3.58351893845611,9.367306107444053,3.5553480614894135
2010,8741962a1ffffff,8741962f2ffffff,25,9.977961104496007,2051,25,7.62608275807238,3.2188758248682006,9.208234266141073,3.2188758248682006
2011,8741962a1ffffff,8741962f6ffffff,6,7.838240252117134,2051,6,7.62608275807238,1.791759469228055,8.966897202030992,1.791759469228055
2012,8741962a1ffffff,87419631affffff,3,13.852612518559804,2051,8,7.62608275807238,2.0794415416798357,9.536301309269787,1.0986122886681098
2013,8741962a1ffffff,8741963adffffff,1,14.415586687512269,2051,1,7.62608275807238,0.0,9.576134675989517,0.0
2014,8741962a1ffffff,874196602ffffff,1,30.30614657625968,2051,1,7.62608275807238,0.0,10.31913882428935,0.0
2015,8741962a1ffffff,874196749ffffff,1,10.769848153555534,2051,2,7.62608275807238,0.6931471805599453,9.284598518540463,0.0
2016,8741962a1ffffff,87419674cffffff,2,12.333189309660597,2051,17,7.62608275807238,2.833213344056216,9.420130304035936,0.6931471805599453
2017,8741962b3ffffff,874192904ffffff,2,16.698486654933195,308,62,5.730099782973574,4.127134385045092,9.723133258706829,0.6931471805599453
2018,8741962b3ffffff,874192906ffffff,1,17.570173201892686,308,11,5.730099782973574,2.3978952727983707,9.774014951968013,0.0
2019,8741962b3ffffff,87419290effffff,1,22.77782354784294,308,1,5.730099782973574,0.0,10.033586591586928,0.0
2020,8741962b3ffffff,87419291dffffff,13,23.57976072196129,308,14,5.730099782973574,2.6390573296152584,10.06818643489249,2.5649493574615367
2021,8741962b3ffffff,874192931ffffff,6,15.253430401301635,308,7,5.730099782973574,1.9459101490553132,9.63262525796148,1.791759469228055
2022,8741962b3ffffff,874192946ffffff,1,29.29351494329674,308,2,5.730099782973574,0.6931471805599453,10.285155574179981,0.0
2023,8741962b3ffffff,874196200ffffff,1,16.82454297094615,308,1,5.730099782973574,0.0,9.730653425668057,0.0
2024,8741962b3ffffff,874196215ffffff,1,13.581351344102343,308,1,5.730099782973574,0.0,9.516526533701867,0.0
2025,8741962b3ffffff,874196252ffffff,1,21.604349443007823,308,10,5.730099782973574,2.302585092994046,9.980696222408241,0.0
2028,8741962b3ffffff,874196283ffffff,4,5.843067517761786,308,4,5.730099782973574,1.3862943611198906,8.67318232615118,1.3862943611198906
2033,8741962b3ffffff,87419628effffff,1,7.8650034232769235,308,9,5.730099782973574,2.1972245773362196,8.970305388190862,0.0
2035,8741962b3ffffff,874196295ffffff,63,2.3298650683628184,308,63,5.730099782973574,4.143134726391533,7.753994751630077,4.143134726391533
2037,8741962b3ffffff,8741962a0ffffff,5,6.307796792414319,308,5,5.730099782973574,1.6094379124341003,8.749700254692838,1.6094379124341003
2038,8741962b3ffffff,8741962a1ffffff,2,7.386736189802233,308,2,5.730099782973574,0.6931471805599453,8.907576632750109,0.6931471805599453
2041,8741962b3ffffff,8741962a6ffffff,2,5.823848950773385,308,23,5.730099782973574,3.1354942159291497,8.66988834689998,0.6931471805599453
2043,8741962b3ffffff,8741962abffffff,4,9.45549415670376,308,4,5.730099782973574,1.3862943611198906,9.154456996815112,1.3862943611198906
2044,8741962b3ffffff,8741962aeffffff,54,7.017193963634812,308,83,5.730099782973574,4.418840607796598,8.856261193782727,3.9889840465642745
2050,8741962b3ffffff,8741962b6ffffff,10,3.9146892710220054,308,10,5.730099782973574,2.302585092994046,8.272746651937787,2.302585092994046
2051,8741962b3ffffff,87419639bffffff,8,6.0780185595953995,308,8,5.730099782973574,2.0794415416798357,8.712598540811245,2.0794415416798357
2053,8741962b3ffffff,874196665ffffff,1,6.3018243344860965,308,1,5.730099782973574,0.0,8.748753118981321,0.0
2054,8741962b3ffffff,874196740ffffff,1,10.5331666648314,308,1,5.730099782973574,0.0,9.262379221527382,0.0
2055,8741962b3ffffff,874196741ffffff,1,8.427847073543308,308,1,5.730099782973574,0.0,9.039415276938522,0.0
2056,8741962b3ffffff,874196743ffffff,2,9.44074418082772,308,3,5.730099782973574,1.0986122886681098,9.152896006990801,0.6931471805599453
2060,8741962b3ffffff,87419674bffffff,19,5.38061253878375,308,20,5.730099782973574,2.995732273553991,8.590743336644714,2.9444389791664403
2061,8741962b3ffffff,87419674cffffff,15,6.321870458245795,308,17,5.730099782973574,2.833213344056216,8.751928570460763,2.70805020110221
2063,8741962b3ffffff,87419674effffff,4,7.392670232170424,308,5,5.730099782973574,1.6094379124341003,8.908379539120121,1.3862943611198906
2064,8741962b3ffffff,874196751ffffff,4,12.75787597418643,308,23,5.730099782973574,3.1354942159291497,9.453982463221346,1.3862943611198906
2065,8741962b3ffffff,874196755ffffff,1,13.587715106962635,308,2,5.730099782973574,0.6931471805599453,9.516994955726311,0.0
2066,8741962b3ffffff,874196758ffffff,4,10.509299076661653,308,14,5.730099782973574,2.6390573296152584,9.260110919856384,1.3862943611198906
2067,8741962b3ffffff,874196759ffffff,71,8.832152441601746,308,71,5.730099782973574,4.2626798770413155,9.086267244787285,4.2626798770413155
2068,8741962b3ffffff,87419675cffffff,2,10.771822046880004,308,2,5.730099782973574,0.6931471805599453,9.284781764320929,0.6931471805599453
2069,8741962b3ffffff,87419675dffffff,1,8.840105589600423,308,1,5.730099782973574,0.0,9.087167214508382,0.0
2070,8741962b3ffffff,874196768ffffff,1,7.828174400193968,308,1,5.730099782973574,0.0,8.965612342837344,0.0
2071,8741962b3ffffff,87419676affffff,1,7.857695263350685,308,1,5.730099782973574,0.0,8.969375874615046,0.0
2073,874196680ffffff,87309a410ffffff,1,19.17710776104195,1140,4,7.038783541388542,1.3862943611198906,9.861524686690537,0.0
2074,874196680ffffff,87309a412ffffff,1,17.563990858749396,1140,6,7.038783541388542,1.791759469228055,9.773663044275619,0.0
2075,874196680ffffff,87309a426ffffff,1,25.288243212899385,1140,13,7.038783541388542,2.5649493574615367,10.138134414854836,0.0
2076,874196680ffffff,87309a428ffffff,1,29.56468686972052,1140,9,7.038783541388542,2.1972245773362196,10.29436974051408,0.0
2077,874196680ffffff,87309a456ffffff,1,30.674257292528036,1140,21,7.038783541388542,3.044522437723423,10.331211657238411,0.0
2078,874196680ffffff,87309a486ffffff,1,12.579532199009863,1140,4,7.038783541388542,1.3862943611198906,9.439905834527309,0.0
2079,874196680ffffff,87309a495ffffff,2,11.934377668677904,1140,5,7.038783541388542,1.6094379124341003,9.387262182065983,0.6931471805599453
2080,874196680ffffff,87309a546ffffff,1,35.91824107267343,1140,47,7.038783541388542,3.8501476017100584,10.489028393926601,0.0
2084,874196680ffffff,87309a592ffffff,30,7.79300918230096,1140,30,7.038783541388542,3.4011973816621555,8.961110664022282,3.4011973816621555
2088,874196680ffffff,87309a598ffffff,46,10.691169301236139,1140,60,7.038783541388542,4.0943445622221,9.277266911517673,3.828641396489095
2090,874196680ffffff,87309a59bffffff,2,10.446546101169448,1140,74,7.038783541388542,4.30406509320417,9.254122406963155,0.6931471805599453
2093,874196680ffffff,87309a5b2ffffff,17,13.510592316440176,1140,81,7.038783541388542,4.394449154672439,9.511303286069767,2.833213344056216
2094,874196680ffffff,874192d20ffffff,43,10.60630203128569,1140,43,7.038783541388542,3.7612001156935624,9.269297913813535,3.7612001156935624
2095,874196680ffffff,874192d21ffffff,2,12.144440668166016,1140,2,7.038783541388542,0.6931471805599453,9.404709124694538,0.6931471805599453
2096,874196680ffffff,874192d22ffffff,34,11.614161712476754,1140,34,7.038783541388542,3.5263605246161616,9.360066567834817,3.5263605246161616
2097,874196680ffffff,874192d23ffffff,1,12.903527426127042,1140,1,7.038783541388542,0.0,9.465333492042225,0.0
2098,874196680ffffff,874192d24ffffff,49,8.323470633816733,1140,49,7.038783541388542,3.8918202981106265,9.026954725297351,3.8918202981106265
2099,874196680ffffff,874192d25ffffff,63,9.941123587754914,1140,63,7.038783541388542,4.143134726391533,9.204535917451919,4.143134726391533
2100,874196680ffffff,874192d26ffffff,69,9.291359014113546,1140,69,7.038783541388542,4.23410650459726,9.136947730048083,4.23410650459726
2101,874196680ffffff,874192d30ffffff,79,12.10731040216896,1140,79,7.038783541388542,4.3694478524670215,9.401647305935322,4.3694478524670215
2102,874196680ffffff,874192d31ffffff,3,12.88421183848762,1140,3,7.038783541388542,1.0986122886681098,9.463835563656605,1.0986122886681098
2103,874196680ffffff,874192d32ffffff,42,13.77601868007252,1140,83,7.038783541388542,4.418840607796598,9.530757169931936,3.7376696182833684
2104,874196680ffffff,874192d34ffffff,1,9.906044691615778,1140,1,7.038783541388542,0.0,9.201001368077803,0.0
2105,874196680ffffff,874192d35ffffff,84,10.587779248149792,1140,84,7.038783541388542,4.430816798843313,9.26755015793293,4.430816798843313
2107,874196680ffffff,8741962b1ffffff,1,36.80648457949876,1140,15,7.038783541388542,2.70805020110221,10.5134564887895,0.0
2108,874196680ffffff,874196306ffffff,1,57.99313591383442,1140,1,7.038783541388542,0.0,10.968097179483218,0.0
2109,874196680ffffff,874196611ffffff,1,10.458429333468969,1140,5,7.038783541388542,1.6094379124341003,9.25525917910089,0.0
2110,874196680ffffff,874196623ffffff,1,18.129436953085083,1140,1,7.038783541388542,0.0,9.805347404566307,0.0
2111,874196680ffffff,87419662affffff,1,17.659824849910706,1140,11,7.038783541388542,2.3978952727983707,9.779104180310163,0.0
2112,874196680ffffff,874196642ffffff,1,22.736991472013212,1140,65,7.038783541388542,4.174387269895637,10.03179243763459,0.0
2114,874196680ffffff,874196651ffffff,16,21.091470895046466,1140,20,7.038783541388542,2.995732273553991,9.95667142616667,2.772588722239781
2115,874196680ffffff,874196652ffffff,2,17.619388696256788,1140,23,7.038783541388542,3.1354942159291497,9.776811959193322,0.6931471805599453
2117,874196680ffffff,874196681ffffff,45,2.0988861553690175,1140,45,7.038783541388542,3.8066624897703196,7.649638410512966,3.8066624897703196
2124,874196680ffffff,874196689ffffff,71,7.834715702798379,1140,71,7.038783541388542,4.2626798770413155,8.966447497497429,4.2626798770413155
2126,874196680ffffff,87419668bffffff,24,7.80780715247407,1140,24,7.038783541388542,3.1780538303479458,8.96300749781081,3.1780538303479458
2128,874196680ffffff,87419668dffffff,94,6.298626388019226,1140,94,7.038783541388542,4.543294782270004,8.748245607132091,4.543294782270004
2130,874196680ffffff,874196690ffffff,6,5.348124222878128,1140,6,7.038783541388542,1.791759469228055,8.584688129831997,1.791759469228055
2134,874196680ffffff,874196694ffffff,2,5.358146579350293,1140,2,7.038783541388542,0.6931471805599453,8.586560021117487,0.6931471805599453
2135,874196680ffffff,874196695ffffff,5,3.4843811577231105,1140,5,7.038783541388542,1.6094379124341003,8.156332688153258,1.6094379124341003
2139,874196680ffffff,87419669bffffff,28,8.305800101386208,1140,28,7.038783541388542,3.332204510175204,9.02482974767403,3.332204510175204
2143,874196680ffffff,8741966a2ffffff,40,4.645759795491082,1140,44,7.038783541388542,3.784189633918261,8.443925437516818,3.6888794541139363
2146,874196680ffffff,8741966a9ffffff,62,6.975359674802783,1140,86,7.038783541388542,4.454347296253507,8.850282523147715,4.127134385045092
2147,874196680ffffff,8741966aaffffff,16,3.4865802801094468,1140,25,7.038783541388542,3.2188758248682006,8.1569634452509,2.772588722239781
2148,874196680ffffff,8741966abffffff,37,5.363204993682125,1140,42,7.038783541388542,3.7376696182833684,8.587503460241455,3.6109179126442243
2149,874196680ffffff,8741966aeffffff,2,4.181377147984542,1140,4,7.038783541388542,1.3862943611198906,8.338635059562773,0.6931471805599453
2150,874196680ffffff,8741966b0ffffff,1,5.818368727684575,1140,1,7.038783541388542,0.0,8.66894706880904,0.0
2151,874196680ffffff,8741966b1ffffff,1,3.9021070210439794,1140,2,7.038783541388542,0.6931471805599453,8.269528187005553,0.0
2152,874196680ffffff,8741966b2ffffff,1,6.292720848748167,1140,20,7.038783541388542,2.995732273553991,8.747307724678297,0.0
2153,874196680ffffff,8741966b3ffffff,2,4.1958036490257955,1140,7,7.038783541388542,1.9459101490553132,8.342078478590356,0.6931471805599453
2154,874196680ffffff,8741966b4ffffff,2,7.803013171150435,1140,4,7.038783541388542,1.3862943611198906,8.962393389485099,0.6931471805599453
2155,874196680ffffff,8741966e0ffffff,29,14.16202612213112,1140,37,7.038783541388542,3.6109179126442243,9.558390053605205,3.367295829986474
2156,874196680ffffff,8741966f4ffffff,1,8.802770055745507,1140,7,7.038783541388542,1.9459101490553132,9.082935324148236,0.0
2157,874196680ffffff,874196748ffffff,1,30.235112959557878,1140,3,7.038783541388542,1.0986122886681098,10.316792282334374,0.0
2158,874196680ffffff,874196749ffffff,1,31.457460257107346,1140,2,7.038783541388542,0.6931471805599453,10.356423232538091,0.0
2159,874196680ffffff,87419674affffff,2,28.177470384339856,1140,2,7.038783541388542,0.6931471805599453,10.246313503792786,0.6931471805599453
2160,874196680ffffff,874196798ffffff,17,10.603223015984353,1140,17,7.038783541388542,2.833213344056216,9.269007598495225,2.833213344056216
2161,874196680ffffff,874196799ffffff,52,9.291566530224117,1140,88,7.038783541388542,4.477336814478207,9.136970061707157,3.9512437185814275
2162,8741966a2ffffff,87309a481ffffff,2,14.694744187066986,1836,58,7.515344571180436,4.060443010546419,9.595313219766526,0.6931471805599453
2163,8741966a2ffffff,87309a482ffffff,79,11.44824191875138,1836,132,7.515344571180436,4.882801922586371,9.345678798821229,4.3694478524670215
2166,8741966a2ffffff,87309a48effffff,100,15.591859396942484,1836,161,7.515344571180436,5.081404364984463,9.654568357481606,4.605170185988092
2167,8741966a2ffffff,87309a490ffffff,45,8.387403650901717,1836,92,7.515344571180436,4.5217885770490405,9.034605513289062,3.8066624897703196
2172,8741966a2ffffff,87309a496ffffff,72,6.291538169243526,1836,123,7.515344571180436,4.812184355372417,8.747119792822385,4.276666119016055
2173,8741966a2ffffff,87309a499ffffff,1,16.079147609097173,1836,5,7.515344571180436,1.6094379124341003,9.685340722361047,0.0
2175,8741966a2ffffff,87309a49dffffff,29,14.671056347364756,1836,50,7.515344571180436,3.912023005428146,9.593700034958117,3.367295829986474
2176,8741966a2ffffff,87309a49effffff,5,11.931955846973779,1836,22,7.515344571180436,3.091042453358316,9.387059250285192,1.6094379124341003
2178,8741966a2ffffff,87309a4b3ffffff,90,8.788468184822847,1836,91,7.515344571180436,4.51085950651685,9.081309486553419,4.499809670330265
2179,8741966a2ffffff,87309a546ffffff,1,37.367579829349005,1836,47,7.515344571180436,3.8501476017100584,10.52858551879644,0.0
2180,8741966a2ffffff,87309a59effffff,6,11.88428828399103,1836,14,7.515344571180436,2.6390573296152584,9.383056635620525,1.791759469228055
2181,8741966a2ffffff,874196264ffffff,1,64.12201084950169,1836,1,7.515344571180436,0.0,11.068558562101131,0.0
2182,8741966a2ffffff,874196448ffffff,19,23.483084713685848,1836,91,7.515344571180436,4.51085950651685,10.064078224471295,2.9444389791664403
2183,8741966a2ffffff,874196449ffffff,9,22.669200958705563,1836,32,7.515344571180436,3.4657359027997265,10.028806607983924,2.1972245773362196
2184,8741966a2ffffff,87419644affffff,36,22.133174681156703,1836,128,7.515344571180436,4.852030263919617,10.004878058776814,3.58351893845611
2185,8741966a2ffffff,87419644bffffff,2,21.187939833458127,1836,9,7.515344571180436,2.1972245773362196,9.961234618555238,0.6931471805599453
2186,8741966a2ffffff,87419644cffffff,2,25.78335248426867,1836,18,7.515344571180436,2.8903717578961645,10.157523094060716,0.6931471805599453
2187,8741966a2ffffff,87419644dffffff,1,24.936331235043752,1836,6,7.515344571180436,1.791759469228055,10.124121206092276,0.0
2188,8741966a2ffffff,87419644effffff,3,24.449988583349622,1836,34,7.515344571180436,3.5263605246161616,10.104425926942467,1.0986122886681098
2189,8741966a2ffffff,874196601ffffff,1,14.14286080253596,1836,1,7.515344571180436,0.0,9.557035943379335,0.0
2192,8741966a2ffffff,874196606ffffff,7,11.435978794407593,1836,18,7.515344571180436,2.8903717578961645,9.344607138657578,1.9459101490553132
2193,8741966a2ffffff,874196610ffffff,58,7.343660922677832,1836,121,7.515344571180436,4.795790545596741,8.901728923169031,4.060443010546419
2195,8741966a2ffffff,874196613ffffff,2,6.975384480590766,1836,20,7.515344571180436,2.995732273553991,8.850286078833637,0.6931471805599453
2196,8741966a2ffffff,874196614ffffff,3,8.367087141253915,1836,4,7.515344571180436,1.3862943611198906,9.032180599880252,1.0986122886681098
2197,8741966a2ffffff,874196615ffffff,99,9.379040945361014,1836,155,7.515344571180436,5.043425116919247,9.146339407167824,4.59511985013459
2199,8741966a2ffffff,874196620ffffff,97,16.744801786830326,1836,159,7.515344571180436,5.0689042022202315,9.725902866245642,4.574710978503383
2203,8741966a2ffffff,874196624ffffff,15,18.133294772313185,1836,20,7.515344571180436,2.995732273553991,9.805560163302363,2.70805020110221
2205,8741966a2ffffff,874196628ffffff,46,18.046638315186897,1836,83,7.515344571180436,4.418840607796598,9.800770113936679,3.828641396489095
2206,8741966a2ffffff,874196629ffffff,1,19.50444748740999,1836,1,7.515344571180436,0.0,9.878449063867283,0.0
2207,8741966a2ffffff,87419662affffff,7,16.07633404075633,1836,11,7.515344571180436,2.3978952727983707,9.685165735502395,1.9459101490553132
2209,8741966a2ffffff,87419662dffffff,50,20.043122868011775,1836,88,7.515344571180436,4.477336814478207,9.905691265975603,3.912023005428146
2211,8741966a2ffffff,874196630ffffff,87,11.903259327044731,1836,158,7.515344571180436,5.062595033026967,9.384651541701576,4.465908118654584
2213,8741966a2ffffff,874196632ffffff,62,9.843399303202336,1836,110,7.515344571180436,4.700480365792417,9.194657973792951,4.127134385045092
2214,8741966a2ffffff,874196633ffffff,100,10.460519813698674,1836,163,7.515344571180436,5.093750200806762,9.255459024740967,4.605170185988092
2215,8741966a2ffffff,874196635ffffff,70,13.973821711050531,1836,131,7.515344571180436,4.875197323201151,9.545012540235339,4.248495242049359
2216,8741966a2ffffff,874196642ffffff,35,23.458446776306477,1836,65,7.515344571180436,4.174387269895637,10.063028540356802,3.5553480614894135
2217,8741966a2ffffff,874196646ffffff,1,22.982771135014584,1836,51,7.515344571180436,3.9318256327243257,10.042543643030998,0.0
2218,8741966a2ffffff,87419664affffff,71,28.258747377896295,1836,132,7.515344571180436,4.882801922586371,10.249193716987534,4.2626798770413155
2219,8741966a2ffffff,874196651ffffff,3,22.11145594788852,1836,20,7.515344571180436,2.995732273553991,10.003896346284645,1.0986122886681098
2220,8741966a2ffffff,87419665cffffff,1,24.15005369416086,1836,42,7.515344571180436,3.7376696182833684,10.092083289357097,0.0
2221,8741966a2ffffff,87419665dffffff,1,26.199919374850726,1836,2,7.515344571180436,0.6931471805599453,10.173549779776684,0.0
2222,8741966a2ffffff,874196680ffffff,4,4.645759795491082,1836,9,7.515344571180436,2.1972245773362196,8.443925437516818,1.3862943611198906
2225,8741966a2ffffff,874196685ffffff,5,3.902688646650399,1836,14,7.515344571180436,2.6390573296152584,8.269677191957715,1.6094379124341003
2226,8741966a2ffffff,874196686ffffff,10,3.8890064512891644,1836,18,7.515344571180436,2.8903717578961645,8.266166095040209,2.302585092994046
2227,8741966a2ffffff,874196691ffffff,1,7.776754067656929,1836,1,7.515344571180436,0.0,8.959022895246521,0.0
2228,8741966a2ffffff,874196692ffffff,1,9.830836878744387,1836,2,7.515344571180436,0.6931471805599453,9.193381060256367,0.0
2229,8741966a2ffffff,87419669cffffff,1,8.306610623386252,1836,4,7.515344571180436,1.3862943611198906,9.024927316226309,0.0
2233,8741966a2ffffff,8741966a3ffffff,1,2.0984928114743995,1836,10,7.515344571180436,2.302585092994046,7.649451076195738,0.0
2234,8741966a2ffffff,8741966a4ffffff,9,3.8902629980954457,1836,17,7.515344571180436,2.833213344056216,8.266489062089576,2.1972245773362196
2237,8741966a2ffffff,8741966a8ffffff,1,6.297447684616479,1836,1,7.515344571180436,0.0,8.748058482751112,0.0
2238,8741966a2ffffff,8741966aaffffff,3,5.820855727773827,1836,25,7.515344571180436,3.2188758248682006,8.669374343471873,1.0986122886681098
2241,8741966a2ffffff,8741966b2ffffff,19,5.348622580268605,1836,20,7.515344571180436,2.995732273553991,8.584781291657398,2.9444389791664403
2242,8741966a2ffffff,8741966b3ffffff,2,4.179555562915045,1836,7,7.515344571180436,1.9459101490553132,8.338199426475366,0.6931471805599453
2243,8741966a2ffffff,8741966b4ffffff,1,4.195015636598767,1836,4,7.515344571180436,1.3862943611198906,8.341890696058044,0.0
2246,8741966a2ffffff,8741966e1ffffff,1,17.720380832203634,1836,35,7.515344571180436,3.5553480614894135,9.782527146190997,0.0
2247,8741966a2ffffff,8741966edffffff,1,21.90920339016559,1836,1,7.515344571180436,0.0,9.994707715529794,0.0
2248,8741966a2ffffff,874196701ffffff,1,23.216761924659032,1836,1,7.515344571180436,0.0,10.052672864932886,0.0
2249,8741966a2ffffff,874196708ffffff,3,21.75884020278265,1836,5,7.515344571180436,1.6094379124341003,9.987821357320794,1.0986122886681098
2250,8741966a2ffffff,87419670bffffff,10,20.21884346967923,1836,14,7.515344571180436,2.6390573296152584,9.91441975118343,2.302585092994046
2251,8741966a2ffffff,874196710ffffff,1,19.834369679352342,1836,2,7.515344571180436,0.6931471805599453,9.89522197050363,0.0
2252,8741966a2ffffff,874196712ffffff,18,18.178158076074713,1836,43,7.515344571180436,3.7612001156935624,9.808031056212172,2.8903717578961645
2254,8741966a2ffffff,874196716ffffff,2,20.414887478646083,1836,7,7.515344571180436,1.9459101490553132,9.924068674699376,0.6931471805599453
2255,8741966a2ffffff,87419671affffff,95,15.44815301000244,1836,178,7.515344571180436,5.181783550292085,9.64530945946408,4.553876891600541
2257,8741966a2ffffff,87419671effffff,42,17.416612673457536,1836,83,7.515344571180436,4.418840607796598,9.765237195863257,3.7376696182833684
2258,8741966a2ffffff,87419672affffff,1,25.203322922566688,1836,5,7.515344571180436,1.6094379124341003,10.134770803333728,0.0
2259,8741966a2ffffff,87419672cffffff,1,29.03019684416259,1836,1,7.515344571180436,0.0,10.276126284007708,0.0
2260,8741966a2ffffff,874196743ffffff,1,26.13092047593636,1836,3,7.515344571180436,1.0986122886681098,10.170912852788108,0.0
2261,8741966a2ffffff,874196750ffffff,30,21.83625048000929,1836,44,7.515344571180436,3.784189633918261,9.991372528161087,3.4011973816621555
2262,8741966a2ffffff,874196751ffffff,12,22.893687089242924,1836,23,7.515344571180436,3.1354942159291497,10.038660157788492,2.4849066497880004
2263,8741966a2ffffff,874196752ffffff,2,19.748183509275783,1836,3,7.515344571180436,1.0986122886681098,9.8908674281722,0.6931471805599453
2265,8741966a2ffffff,874196755ffffff,1,23.9265777779145,1836,2,7.515344571180436,0.6931471805599453,10.082786954630633,0.0
2266,8741966a2ffffff,874196758ffffff,2,23.413706574643577,1836,14,7.515344571180436,2.6390573296152584,10.061119590026996,0.6931471805599453
2267,8741966a2ffffff,87419675affffff,16,21.445266266812073,1836,24,7.515344571180436,3.1780538303479458,9.973305842389488,2.772588722239781
2268,8741966a2ffffff,87419675effffff,89,22.058869502161468,1836,164,7.515344571180436,5.099866427824199,10.00151537720348,4.48863636973214
2269,8741966a2ffffff,874196781ffffff,1,10.592207435000411,1836,6,7.515344571180436,1.791759469228055,9.267968266676116,0.0
2270,8741966a2ffffff,874196782ffffff,18,10.602598789323581,1836,46,7.515344571180436,3.828641396489095,9.268948730906967,2.8903717578961645
2271,8741966a2ffffff,874196783ffffff,3,9.29165546854085,1836,5,7.515344571180436,1.6094379124341003,9.136979632571228,1.0986122886681098
2272,8741966a2ffffff,874196784ffffff,1,13.937541260982842,1836,2,7.515344571180436,0.6931471805599453,9.54241303472006,0.0
2273,8741966a2ffffff,874196785ffffff,1,12.889516063103406,1836,3,7.515344571180436,1.0986122886681098,9.464247131059157,0.0
2274,8741966a2ffffff,874196786ffffff,1,12.89924459693709,1836,2,7.515344571180436,0.6931471805599453,9.46500155117288,0.0
2275,8741966a2ffffff,87419678cffffff,2,9.913979017326653,1836,2,7.515344571180436,0.6931471805599453,9.20180192469615,0.6931471805599453
2277,8741966a2ffffff,874196793ffffff,21,9.67914325887759,1836,39,7.515344571180436,3.6635616461296463,9.177831979631938,3.044522437723423
2278,8741966a2ffffff,874196795ffffff,43,12.135823587665588,1836,73,7.515344571180436,4.290459441148391,9.403999381915087,3.7612001156935624
2280,8741966a2ffffff,874196799ffffff,21,4.6458067347330365,1836,88,7.515344571180436,4.477336814478207,8.443935538965341,3.044522437723423
2283,8741966a2ffffff,87419679dffffff,11,6.968726160523777,1836,33,7.515344571180436,3.4965075614664802,8.849331214679145,2.3978952727983707
2285,8741966a2ffffff,8741967a1ffffff,2,16.621497856808027,1836,3,7.515344571180436,1.0986122886681098,9.71851234934341,0.6931471805599453
2286,8741966a2ffffff,8741967a3ffffff,2,15.194741676888487,1836,6,7.515344571180436,1.791759469228055,9.628770514747947,0.6931471805599453
2287,8741966a2ffffff,8741967a4ffffff,2,19.81789584319484,1836,5,7.515344571180436,1.6094379124341003,9.894391097108896,0.6931471805599453
2289,8741966aaffffff,87309a474ffffff,1,36.52293163547147,1494,14,7.309212365692763,2.6390573296152584,10.50572298596445,0.0
2290,8741966aaffffff,87309a598ffffff,1,14.114925755888255,1494,60,7.309212365692763,4.0943445622221,9.555058925209797,0.0
2291,8741966aaffffff,87309a599ffffff,3,15.710048474791549,1494,3,7.309212365692763,1.0986122886681098,9.662119468347429,1.0986122886681098
2292,8741966aaffffff,87309a732ffffff,1,48.63443110776798,1494,10,7.309212365692763,2.302585092994046,10.792107579410816,0.0
2293,8741966aaffffff,874192810ffffff,1,38.01622410244381,1494,1,7.309212365692763,0.0,10.545794601868371,0.0
2294,8741966aaffffff,874192811ffffff,5,40.103958787982585,1494,5,7.309212365692763,1.6094379124341003,10.599255266197519,1.6094379124341003
2295,8741966aaffffff,874192812ffffff,35,37.562764447553484,1494,35,7.309212365692763,3.5553480614894135,10.533795153208258,3.5553480614894135
2296,8741966aaffffff,874192813ffffff,10,39.630719002921296,1494,10,7.309212365692763,2.302585092994046,10.587385061547598,2.302585092994046
2298,8741966aaffffff,874192815ffffff,2,38.578737026663035,1494,2,7.309212365692763,0.6931471805599453,10.56048247012397,0.6931471805599453
2299,8741966aaffffff,874192816ffffff,7,35.9318590646725,1494,7,7.309212365692763,1.9459101490553132,10.489407450130557,1.9459101490553132
2300,8741966aaffffff,87419281effffff,2,41.70358755972225,1494,2,7.309212365692763,0.6931471805599453,10.638366415158456,0.6931471805599453
2301,8741966aaffffff,87419282dffffff,2,46.03161795875617,1494,2,7.309212365692763,0.6931471805599453,10.737105510248409,0.6931471805599453
2302,8741966aaffffff,874192884ffffff,1,36.89096227093737,1494,1,7.309212365692763,0.0,10.515748981665544,0.0
2303,8741966aaffffff,8741928a0ffffff,5,35.18903344108163,1494,5,7.309212365692763,1.6094379124341003,10.46851818061588,1.6094379124341003
2304,8741966aaffffff,8741928a1ffffff,3,37.22223116823073,1494,3,7.309212365692763,1.0986122886681098,10.52468833911579,1.0986122886681098
2305,8741966aaffffff,8741928a2ffffff,8,35.00064271770725,1494,8,7.309212365692763,2.0794415416798357,10.463150274161784,2.0794415416798357
2306,8741966aaffffff,8741928a4ffffff,18,33.44474779936722,1494,18,7.309212365692763,2.8903717578961645,10.417679936380653,2.8903717578961645
2307,8741966aaffffff,8741928a5ffffff,4,35.500466383585454,1494,4,7.309212365692763,1.3862943611198906,10.477329281190286,1.3862943611198906
2308,8741966aaffffff,8741928adffffff,1,41.31348539084811,1494,1,7.309212365692763,0.0,10.628968453311568,0.0
2309,8741966aaffffff,8741928b1ffffff,12,34.93716465123104,1494,12,7.309212365692763,2.4849066497880004,10.461335053723113,2.4849066497880004
2310,8741966aaffffff,874192946ffffff,1,46.38213083405049,1494,2,7.309212365692763,0.6931471805599453,10.744691112499549,0.0
2311,8741966aaffffff,874192980ffffff,3,26.61016437847424,1494,3,7.309212365692763,1.0986122886681098,10.189086120191202,1.0986122886681098
2312,8741966aaffffff,874192981ffffff,23,28.713078309622453,1494,23,7.309212365692763,3.1354942159291497,10.265142814911838,3.1354942159291497
2313,8741966aaffffff,874192985ffffff,45,27.351146501782484,1494,45,7.309212365692763,3.8066624897703196,10.216550287468236,3.8066624897703196
2314,8741966aaffffff,874192986ffffff,1,24.508786097030047,1494,1,7.309212365692763,0.0,10.10682774931272,0.0
2316,8741966aaffffff,87419298bffffff,9,33.851364163502076,1494,9,7.309212365692763,2.1972245773362196,10.429764118250215,2.1972245773362196
2317,8741966aaffffff,87419298cffffff,31,30.81734758352806,1494,31,7.309212365692763,3.4339872044851463,10.335865492366295,3.4339872044851463
2319,8741966aaffffff,874192995ffffff,1,23.93603867992597,1494,1,7.309212365692763,0.0,10.08318227388042,0.0
2320,8741966aaffffff,874192998ffffff,1,29.358011225211403,1494,1,7.309212365692763,0.0,10.287354804545933,0.0
2321,8741966aaffffff,87419299cffffff,1,27.640338539093033,1494,1,7.309212365692763,0.0,10.227067704317314,0.0
2322,8741966aaffffff,87419299dffffff,2,29.70468014911017,1494,2,7.309212365692763,0.6931471805599453,10.299093557316477,0.6931471805599453
2323,8741966aaffffff,8741929a0ffffff,72,25.057876611060887,1494,72,7.309212365692763,4.276666119016055,10.128983399474821,4.276666119016055
2324,8741966aaffffff,8741929a1ffffff,15,27.14278254339928,1494,15,7.309212365692763,2.70805020110221,10.208903295210316,2.70805020110221
2326,8741966aaffffff,8741929a5ffffff,24,26.21883110791691,1494,24,7.309212365692763,3.1780538303479458,10.17427131595129,3.1780538303479458
2327,8741966aaffffff,8741929a6ffffff,2,22.9778544169705,1494,2,7.309212365692763,0.6931471805599453,10.042329698853361,0.6931471805599453
2328,8741966aaffffff,8741929a8ffffff,16,30.33343061823911,1494,16,7.309212365692763,2.772588722239781,10.32003867040427,2.772588722239781
2331,8741966aaffffff,8741929adffffff,21,31.323870850749945,1494,21,7.309212365692763,3.044522437723423,10.352167656874682,3.044522437723423
2332,8741966aaffffff,8741929aeffffff,10,28.22904458495709,1494,10,7.309212365692763,2.302585092994046,10.248142100592979,2.302585092994046
2333,8741966aaffffff,8741929b4ffffff,25,19.82777641436859,1494,25,7.309212365692763,3.2188758248682006,9.894889515846526,3.2188758248682006
2334,8741966aaffffff,8741929b5ffffff,1,21.925093309633183,1494,1,7.309212365692763,0.0,9.995432681886891,0.0
2335,8741966aaffffff,8741929b6ffffff,8,18.923619355232383,1494,8,7.309212365692763,2.0794415416798357,9.848218964773514,2.0794415416798357
2336,8741966aaffffff,874196280ffffff,1,34.18398179752752,1494,1,7.309212365692763,0.0,10.439541697878177,0.0
2337,8741966aaffffff,874196292ffffff,9,26.833309105558204,1494,9,7.309212365692763,2.1972245773362196,10.197436538259678,2.1972245773362196
2338,8741966aaffffff,8741962b0ffffff,3,32.31760803218035,1494,3,7.309212365692763,1.0986122886681098,10.383398443396313,1.0986122886681098
2339,8741966aaffffff,8741962b1ffffff,1,33.51737196001512,1494,15,7.309212365692763,2.70805020110221,10.419848984204538,0.0
2340,8741966aaffffff,874196610ffffff,4,7.78335549780229,1494,121,7.309212365692763,4.795790545596741,8.95987129314702,1.3862943611198906
2341,8741966aaffffff,874196611ffffff,4,7.804072641427294,1494,5,7.309212365692763,1.6094379124341003,8.962529139943673,1.3862943611198906
2342,8741966aaffffff,874196612ffffff,18,6.0587251978499355,1494,18,7.309212365692763,2.8903717578961645,8.70941973114571,2.8903717578961645
2343,8741966aaffffff,874196613ffffff,15,5.799909606292562,1494,20,7.309212365692763,2.995732273553991,8.665770012909311,2.70805020110221
2344,8741966aaffffff,87419661bffffff,3,6.979757890886456,1494,3,7.309212365692763,1.0986122886681098,8.850912770218224,1.0986122886681098
2345,8741966aaffffff,87419661cffffff,1,8.369895263418318,1494,1,7.309212365692763,0.0,9.03251611874548,0.0
2346,8741966aaffffff,874196640ffffff,15,20.965662443262417,1494,15,7.309212365692763,2.70805020110221,9.950688952586177,2.70805020110221
2347,8741966aaffffff,874196641ffffff,2,22.751282016991155,1494,2,7.309212365692763,0.6931471805599453,10.032420727787713,0.6931471805599453
2349,8741966aaffffff,874196643ffffff,93,21.104658848633008,1494,93,7.309212365692763,4.532599493153256,9.957296475385487,4.532599493153256
2350,8741966aaffffff,874196644ffffff,38,21.084364302380315,1494,38,7.309212365692763,3.6375861597263857,9.956334443829851,3.6375861597263857
2351,8741966aaffffff,874196645ffffff,18,22.741088507856148,1494,18,7.309212365692763,2.8903717578961645,10.031972606000863,2.8903717578961645
2352,8741966aaffffff,874196646ffffff,50,19.245613732478017,1494,51,7.309212365692763,3.9318256327243257,9.86509041424081,3.912023005428146
2353,8741966aaffffff,874196648ffffff,1,24.926998953644397,1494,1,7.309212365692763,0.0,10.123746906695361,0.0
2354,8741966aaffffff,87419664affffff,35,23.474989344387993,1494,132,7.309212365692763,4.882801922586371,10.063733447784273,3.5553480614894135
2355,8741966aaffffff,87419664cffffff,16,24.588359512487195,1494,16,7.309212365692763,2.772588722239781,10.110069088205186,2.772588722239781
2356,8741966aaffffff,87419664effffff,9,22.998410906183157,1494,9,7.309212365692763,2.1972245773362196,10.043223881808629,2.1972245773362196
2358,8741966aaffffff,874196652ffffff,20,14.17081675557112,1494,23,7.309212365692763,3.1354942159291497,9.559010535868683,2.995732273553991
2360,8741966aaffffff,874196655ffffff,59,17.465887778077335,1494,59,7.309212365692763,4.07753744390572,9.768062240611128,4.07753744390572
2361,8741966aaffffff,874196658ffffff,99,20.10168262396172,1494,100,7.309212365692763,4.605170185988092,9.908608549020348,4.59511985013459
2362,8741966aaffffff,874196659ffffff,1,22.12731856106471,1494,1,7.309212365692763,0.0,10.004613450089087,0.0
2363,8741966aaffffff,87419665affffff,3,18.838051132791538,1494,3,7.309212365692763,1.0986122886681098,9.84368718236051,1.0986122886681098
2365,8741966aaffffff,87419665cffffff,41,19.545184191750845,1494,42,7.309212365692763,3.7376696182833684,9.880535364355396,3.713572066704308
2366,8741966aaffffff,87419665effffff,4,18.095172533793907,1494,4,7.309212365692763,1.3862943611198906,9.803455732671297,1.3862943611198906
2367,8741966aaffffff,874196660ffffff,52,23.42557156713092,1494,52,7.309212365692763,3.9512437185814275,10.061626194168122,3.9512437185814275
2368,8741966aaffffff,874196661ffffff,39,24.886913678877736,1494,39,7.309212365692763,3.6635616461296463,10.12213757018821,3.6635616461296463
2369,8741966aaffffff,874196663ffffff,25,22.968149819395023,1494,25,7.309212365692763,3.2188758248682006,10.041907282346658,3.2188758248682006
2370,8741966aaffffff,874196664ffffff,25,24.10024392654061,1494,25,7.309212365692763,3.2188758248682006,10.090018733355882,3.2188758248682006
2371,8741966aaffffff,874196666ffffff,34,22.069233454423408,1494,34,7.309212365692763,3.5263605246161616,10.001985077102558,3.5263605246161616
2372,8741966aaffffff,874196668ffffff,3,26.24020071498851,1494,3,7.309212365692763,1.0986122886681098,10.175086000966472,1.0986122886681098
2373,8741966aaffffff,87419666affffff,3,24.467636064779068,1494,3,7.309212365692763,1.0986122886681098,10.10514741580596,1.0986122886681098
2374,8741966aaffffff,87419666cffffff,4,26.436008788063056,1494,4,7.309212365692763,1.3862943611198906,10.182520155495475,1.3862943611198906
2375,8741966aaffffff,87419666effffff,3,24.56804507085522,1494,3,7.309212365692763,1.0986122886681098,10.109242599104878,1.0986122886681098
2376,8741966aaffffff,874196670ffffff,1,18.055696286446672,1494,1,7.309212365692763,0.0,9.801271880361666,0.0
2377,8741966aaffffff,874196675ffffff,1,20.052829912111083,1494,1,7.309212365692763,0.0,9.906175432553491,0.0
2380,8741966aaffffff,874196682ffffff,7,5.3514269890900925,1494,76,7.309212365692763,4.330733340286331,8.585305379845835,1.9459101490553132
2381,8741966aaffffff,874196683ffffff,4,4.180957480915613,1494,5,7.309212365692763,1.6094379124341003,8.338534712771807,1.3862943611198906
2384,8741966aaffffff,874196686ffffff,1,5.361443169942913,1494,18,7.309212365692763,2.8903717578961645,8.587174965500473,0.0
2386,8741966aaffffff,87419669dffffff,2,5.796188929424511,1494,2,7.309212365692763,0.6931471805599453,8.66512841170473,0.6931471805599453
2388,8741966aaffffff,8741966a2ffffff,4,5.820855727773827,1494,44,7.309212365692763,3.784189633918261,8.669374343471873,1.3862943611198906
2390,8741966aaffffff,8741966a5ffffff,1,6.970855556282324,1494,1,7.309212365692763,0.0,8.849636688737736,0.0
2392,8741966aaffffff,8741966a9ffffff,23,3.488779394693335,1494,86,7.309212365692763,4.454347296253507,8.157593802509004,3.1354942159291497
2394,8741966aaffffff,8741966abffffff,4,2.1000019872186217,1494,42,7.309212365692763,3.7376696182833684,7.650169646688733,1.3862943611198906
2395,8741966aaffffff,8741966acffffff,1,3.8910493289777124,1494,1,7.309212365692763,0.0,8.266691117680281,0.0
2396,8741966aaffffff,8741966adffffff,3,4.183617938539748,1494,3,7.309212365692763,1.0986122886681098,8.339170685695118,1.0986122886681098
2398,8741966aaffffff,8741966b1ffffff,1,6.296068789240848,1494,2,7.309212365692763,0.6931471805599453,8.74783953255816,0.0
2399,8741966aaffffff,8741966ccffffff,1,16.125507152542042,1494,1,7.309212365692763,0.0,9.688219604120535,0.0
2400,8741966aaffffff,8741966e0ffffff,8,10.738060765439275,1494,37,7.309212365692763,3.6109179126442243,9.28164291223119,2.0794415416798357
2401,8741966aaffffff,8741966e1ffffff,34,12.723464656768293,1494,35,7.309212365692763,3.5553480614894135,9.451281770338722,3.5263605246161616
2402,8741966aaffffff,8741966e5ffffff,5,12.280661834231976,1494,5,7.309212365692763,1.6094379124341003,9.415862521065575,1.6094379124341003
2403,8741966aaffffff,8741966e6ffffff,4,8.80826477461633,1494,4,7.309212365692763,1.3862943611198906,9.083559261942263,1.3862943611198906
2405,8741966aaffffff,8741966e9ffffff,13,17.733254423175584,1494,13,7.309212365692763,2.5649493574615367,9.783253326469248,2.5649493574615367
2406,8741966aaffffff,8741966eaffffff,88,14.713783554640504,1494,88,7.309212365692763,4.477336814478207,9.59660795139463,4.477336814478207
2407,8741966aaffffff,8741966ebffffff,4,16.818374011590365,1494,4,7.309212365692763,1.3862943611198906,9.730286715925358,1.3862943611198906
2410,8741966aaffffff,8741966eeffffff,80,13.556556039477123,1494,80,7.309212365692763,4.382026634673881,9.514699312173546,4.382026634673881
2411,8741966aaffffff,8741966f4ffffff,6,5.366501466557705,1494,7,7.309212365692763,1.9459101490553132,8.588117802982094,1.791759469228055
2412,8741966aaffffff,8741966f6ffffff,9,4.200659922193726,1494,9,7.309212365692763,2.1972245773362196,8.343234945762712,2.1972245773362196
2413,8741966aaffffff,87419672affffff,2,27.26365832832096,1494,5,7.309212365692763,1.6094379124341003,10.213346575769481,0.6931471805599453
2414,8741966aaffffff,874196799ffffff,2,9.938587340469356,1494,88,7.309212365692763,4.477336814478207,9.204280783745522,0.6931471805599453
2415,87419679bffffff,87309a425ffffff,1,30.06013429483694,2421,8,7.791935956938058,2.0794415416798357,10.310988396954222,0.0
2416,87419679bffffff,87309a42cffffff,2,30.081391592041566,2421,61,7.791935956938058,4.110873864173311,10.311695282617354,0.6931471805599453
2417,87419679bffffff,87309a481ffffff,4,12.241304845803331,2421,58,7.791935956938058,4.060443010546419,9.412652842734968,1.3862943611198906
2418,87419679bffffff,87309a482ffffff,53,8.785378995483294,2421,132,7.791935956938058,4.882801922586371,9.08095795989986,3.970291913552122
2419,87419679bffffff,87309a483ffffff,95,10.706336475135824,2421,95,7.791935956938058,4.553876891600541,9.27868443737999,4.553876891600541
2420,87419679bffffff,87309a484ffffff,9,10.689610016493463,2421,9,7.791935956938058,2.1972245773362196,9.277121066609276,2.1972245773362196
2422,87419679bffffff,87309a48effffff,61,12.68159900630011,2421,161,7.791935956938058,5.081404364984463,9.447986175939064,4.110873864173311
2423,87419679bffffff,87309a490ffffff,47,5.35569858493703,2421,92,7.791935956938058,4.5217885770490405,8.586103128652484,3.8501476017100584
2428,87419679bffffff,87309a496ffffff,51,3.4833023813372046,2421,123,7.791935956938058,4.812184355372417,8.156023125634825,3.9318256327243257
2429,87419679bffffff,87309a499ffffff,4,12.572031268815685,2421,5,7.791935956938058,1.6094379124341003,9.439309423571373,1.3862943611198906
2430,87419679bffffff,87309a49cffffff,96,9.386341914652485,2421,96,7.791935956938058,4.564348191467836,9.14711745594684,4.564348191467836
2431,87419679bffffff,87309a49dffffff,21,11.443630597843018,2421,50,7.791935956938058,3.912023005428146,9.345275955574209,3.044522437723423
2432,87419679bffffff,87309a49effffff,17,8.383984027190165,2421,22,7.791935956938058,3.091042453358316,9.034197769328859,2.833213344056216
2433,87419679bffffff,87309a4a3ffffff,1,12.656875127437077,2421,3,7.791935956938058,1.0986122886681098,9.446034840176548,0.0
2434,87419679bffffff,87309a4b0ffffff,24,8.355467180571441,2421,24,7.791935956938058,3.1780538303479458,9.030791030708048,3.1780538303479458
2435,87419679bffffff,87309a4b1ffffff,55,9.362479892766768,2421,62,7.791935956938058,4.127134385045092,9.144572283792561,4.007333185232471
2438,87419679bffffff,87309a4b6ffffff,11,7.794191791707808,2421,11,7.791935956938058,2.3978952727983707,8.961262385641765,2.3978952727983707
2439,87419679bffffff,87309a509ffffff,2,33.35799578497945,2421,14,7.791935956938058,2.6390573296152584,10.415082753650877,0.6931471805599453
2440,87419679bffffff,87309a535ffffff,1,36.59051087451712,2421,1,7.791935956938058,0.0,10.507571549167242,0.0
2441,87419679bffffff,87309a540ffffff,1,38.27410738667254,2421,8,7.791935956938058,2.0794415416798357,10.55255502618289,0.0
2442,87419679bffffff,87309a556ffffff,1,32.136189415297714,2421,14,7.791935956938058,2.6390573296152584,10.377769187281556,0.0
2443,87419679bffffff,87309a559ffffff,1,35.914127517367845,2421,105,7.791935956938058,4.653960350157523,10.488913865034906,0.0
2444,87419679bffffff,87309a564ffffff,1,43.74740134747496,2421,6,7.791935956938058,1.791759469228055,10.686210350488992,0.0
2445,87419679bffffff,87309a591ffffff,12,15.547592758849284,2421,12,7.791935956938058,2.4849066497880004,9.651725415689008,2.4849066497880004
2446,87419679bffffff,87309a59effffff,7,13.512518352755881,2421,14,7.791935956938058,2.6390573296152584,9.511445822863976,1.9459101490553132
2447,87419679bffffff,87309a72dffffff,1,54.07520448346156,2421,55,7.791935956938058,4.007333185232471,10.898149524885934,0.0
2448,87419679bffffff,874192924ffffff,1,41.06428364729354,2421,80,7.791935956938058,4.382026634673881,10.62291836342655,0.0
2449,87419679bffffff,87419292bffffff,2,47.152929160863856,2421,2,7.791935956938058,0.6931471805599453,10.761172617799847,0.6931471805599453
2450,87419679bffffff,874192d40ffffff,1,35.46721657314074,2421,7,7.791935956938058,1.9459101490553132,10.476392266637248,0.0
2451,87419679bffffff,874192d89ffffff,1,38.637414260728484,2421,9,7.791935956938058,2.1972245773362196,10.562002248683317,0.0
2452,87419679bffffff,874196284ffffff,2,38.52353953432512,2421,80,7.791935956938058,4.382026634673881,10.559050707730776,0.6931471805599453
2453,87419679bffffff,8741962a3ffffff,18,40.35505946267941,2421,18,7.791935956938058,2.8903717578961645,10.605496834980435,2.8903717578961645
2454,87419679bffffff,8741962b1ffffff,1,36.86080322783186,2421,15,7.791935956938058,2.70805020110221,10.514931151021033,0.0
2455,87419679bffffff,87419631affffff,2,50.31507881890329,2421,8,7.791935956938058,2.0794415416798357,10.826079963435461,0.6931471805599453
2456,87419679bffffff,874196448ffffff,72,20.41315639538371,2421,91,7.791935956938058,4.51085950651685,9.9239838801168,4.276666119016055
2457,87419679bffffff,874196449ffffff,23,19.833013277732846,2421,32,7.791935956938058,3.4657359027997265,9.895153585188865,3.1354942159291497
2458,87419679bffffff,87419644affffff,87,18.89788354833685,2421,128,7.791935956938058,4.852030263919617,9.846858127786374,4.465908118654584
2459,87419679bffffff,87419644bffffff,7,18.17672939075581,2421,9,7.791935956938058,2.1972245773362196,9.807952463933285,1.9459101490553132
2460,87419679bffffff,87419644cffffff,16,22.667154671023482,2421,18,7.791935956938058,2.8903717578961645,10.028716340586483,2.772588722239781
2461,87419679bffffff,87419644dffffff,5,22.023868396516768,2421,6,7.791935956938058,1.791759469228055,9.999927475600003,1.6094379124341003
2462,87419679bffffff,87419644effffff,5,21.185703676694725,2421,34,7.791935956938058,3.5263605246161616,9.961129078835707,1.6094379124341003
2465,87419679bffffff,874196606ffffff,11,12.259855314926977,2421,18,7.791935956938058,2.8903717578961645,9.414166971732696,2.3978952727983707
2466,87419679bffffff,874196610ffffff,59,8.799231668565058,2421,121,7.791935956938058,4.795790545596741,9.082533326093078,4.07753744390572
2468,87419679bffffff,874196613ffffff,3,9.401098445944768,2421,20,7.791935956938058,2.995732273553991,9.148688182274288,1.0986122886681098
2469,87419679bffffff,874196615ffffff,56,10.463102179237186,2421,155,7.791935956938058,5.043425116919247,9.255705838484662,4.02535169073515
2471,87419679bffffff,874196620ffffff,62,16.724104415330874,2421,159,7.791935956938058,5.0689042022202315,9.724666128046051,4.127134385045092
2472,87419679bffffff,874196621ffffff,95,18.042594239966437,2421,96,7.791935956938058,4.564348191467836,9.800546011020204,4.553876891600541
2473,87419679bffffff,874196622ffffff,98,14.693639406839958,2421,98,7.791935956938058,4.584967478670572,9.595238040058575,4.584967478670572
2475,87419679bffffff,874196624ffffff,5,17.660284340786774,2421,20,7.791935956938058,2.995732273553991,9.77913019749241,1.6094379124341003
2477,87419679bffffff,874196626ffffff,2,15.578977033504323,2421,2,7.791935956938058,0.6931471805599453,9.653741845322518,0.6931471805599453
2478,87419679bffffff,874196628ffffff,37,19.22843324146534,2421,83,7.791935956938058,4.418840607796598,9.864197365525792,3.6109179126442243
2479,87419679bffffff,87419662affffff,3,17.44949937756529,2421,11,7.791935956938058,2.3978952727983707,9.767123544846614,1.0986122886681098
2481,87419679bffffff,87419662dffffff,38,21.066385776549698,2421,88,7.791935956938058,4.477336814478207,9.955481425847056,3.6375861597263857
2483,87419679bffffff,874196630ffffff,71,11.43403685212418,2421,158,7.791935956938058,5.062595033026967,9.344437329199758,4.2626798770413155
2484,87419679bffffff,874196631ffffff,97,12.684953790638048,2421,97,7.791935956938058,4.574710978503383,9.448250659639363,4.574710978503383
2485,87419679bffffff,874196632ffffff,48,9.377329766397233,2421,110,7.791935956938058,4.700480365792417,9.146156962861244,3.871201010907891
2486,87419679bffffff,874196633ffffff,63,10.709919190098034,2421,163,7.791935956938058,5.093750200806762,9.279018985164983,4.143134726391533
2487,87419679bffffff,874196635ffffff,59,13.50275860928353,2421,131,7.791935956938058,4.875197323201151,9.5107233411786,4.07753744390572
2488,87419679bffffff,874196642ffffff,29,26.189575971012005,2421,65,7.791935956938058,4.174387269895637,10.17315492928025,3.367295829986474
2489,87419679bffffff,87419664affffff,26,31.28854092535508,2421,132,7.791935956938058,4.882801922586371,10.351039164946322,3.258096538021482
2490,87419679bffffff,874196651ffffff,1,25.029643366138334,2421,20,7.791935956938058,2.995732273553991,10.127856087896456,0.0
2491,87419679bffffff,874196652ffffff,1,21.9003185889948,2421,23,7.791935956938058,3.1354942159291497,9.994302123535212,0.0
2492,87419679bffffff,874196653ffffff,1,23.997511318253768,2421,1,7.791935956938058,0.0,10.085747079000148,0.0
2493,87419679bffffff,874196654ffffff,1,22.102849099977302,2421,1,7.791935956938058,0.0,10.003507039760247,0.0
2494,87419679bffffff,874196658ffffff,1,28.197197133045492,2421,100,7.791935956938058,4.605170185988092,10.247013323430215,0.0
2495,87419679bffffff,87419665dffffff,1,29.198701659088936,2421,2,7.791935956938058,0.6931471805599453,10.28191377104969,0.0
2496,87419679bffffff,874196680ffffff,3,8.321007863388383,2421,9,7.791935956938058,2.1972245773362196,9.026658834434098,1.0986122886681098
2497,87419679bffffff,874196682ffffff,68,9.290077101071383,2421,76,7.791935956938058,4.330733340286331,9.13680976707544,4.219507705176107
2498,87419679bffffff,874196683ffffff,1,10.603530954141567,2421,5,7.791935956938058,1.6094379124341003,9.269036637273993,0.0
2500,87419679bffffff,874196685ffffff,8,7.804175861330328,2421,14,7.791935956938058,2.6390573296152584,8.962542364576581,2.0794415416798357
2501,87419679bffffff,874196686ffffff,7,6.967576191193432,2421,18,7.791935956938058,2.8903717578961645,8.849166206157456,1.9459101490553132
2502,87419679bffffff,874196688ffffff,42,13.826027585895586,2421,42,7.791935956938058,3.7376696182833684,9.534380476461163,3.7376696182833684
2503,87419679bffffff,87419668cffffff,1,11.708063564726412,2421,2,7.791935956938058,0.6931471805599453,9.36811848454066,0.0
2504,87419679bffffff,874196692ffffff,1,11.662584373946629,2421,2,7.791935956938058,0.6931471805599453,9.364226820378532,0.0
2505,87419679bffffff,87419669cffffff,1,11.612564738720069,2421,4,7.791935956938058,1.3862943611198906,9.359929067936788,0.0
2506,87419679bffffff,8741966a0ffffff,83,4.1959344726905385,2421,83,7.791935956938058,4.418840607796598,8.342109650319294,4.418840607796598
2509,87419679bffffff,8741966a3ffffff,8,5.818768656598562,2421,10,7.791935956938058,2.302585092994046,8.669015790210109,2.0794415416798357
2510,87419679bffffff,8741966a4ffffff,8,3.4855015581623756,2421,17,7.791935956938058,2.833213344056216,8.156654093574023,2.0794415416798357
2513,87419679bffffff,8741966aaffffff,4,9.684848366532815,2421,25,7.791935956938058,3.2188758248682006,9.178421167929713,1.3862943611198906
2514,87419679bffffff,8741966abffffff,1,11.64114822424871,2421,42,7.791935956938058,3.7376696182833684,9.362387259605013,0.0
2515,87419679bffffff,8741966aeffffff,2,7.830187862229665,2421,4,7.791935956938058,1.3862943611198906,8.965869484021317,0.6931471805599453
2519,87419679bffffff,8741966b3ffffff,2,6.054960058982023,2421,7,7.791935956938058,1.9459101490553132,8.708798199815156,0.6931471805599453
2520,87419679bffffff,8741966b4ffffff,1,2.089863837261896,2421,4,7.791935956938058,1.3862943611198906,7.645332578830043,0.0
2523,87419679bffffff,8741966f2ffffff,1,15.499915039001323,2421,1,7.791935956938058,0.0,9.648654335939133,0.0
2524,87419679bffffff,874196708ffffff,2,20.935162208161596,2421,5,7.791935956938058,1.6094379124341003,9.949233191990514,0.6931471805599453
2525,87419679bffffff,87419670bffffff,4,19.7452825085357,2421,14,7.791935956938058,2.6390573296152584,9.89072052519635,1.3862943611198906
2526,87419679bffffff,87419670cffffff,1,22.304907251000145,2421,1,7.791935956938058,0.0,10.012606821516615,0.0
2527,87419679bffffff,874196710ffffff,1,17.41564100149171,2421,2,7.791935956938058,0.6931471805599453,9.7651814075593,0.0
2528,87419679bffffff,874196712ffffff,25,15.567665249700612,2421,43,7.791935956938058,3.7612001156935624,9.653015535379495,3.2188758248682006
2530,87419679bffffff,874196716ffffff,5,17.676224464195194,2421,7,7.791935956938058,1.9459101490553132,9.78003233654856,1.6094379124341003
2531,87419679bffffff,87419671affffff,83,13.972626298235742,2421,178,7.791935956938058,5.181783550292085,9.544926996106726,4.418840607796598
2533,87419679bffffff,87419671effffff,41,15.610790376792528,2421,83,7.791935956938058,4.418840607796598,9.655781701153773,3.713572066704308
2534,87419679bffffff,874196728ffffff,1,25.89546170009956,2421,1,7.791935956938058,0.0,10.16186162445933,0.0
2535,87419679bffffff,874196729ffffff,1,26.48698859587852,2421,1,7.791935956938058,0.0,10.184446648687821,0.0
2536,87419679bffffff,87419672affffff,1,23.823515312050926,2421,5,7.791935956938058,1.6094379124341003,10.078470384644993,0.0
2537,87419679bffffff,874196748ffffff,2,29.888928019149066,2421,3,7.791935956938058,1.0986122886681098,10.30527684708335,0.6931471805599453
2538,87419679bffffff,87419674bffffff,1,29.715430089096866,2421,20,7.791935956938058,2.995732273553991,10.299455373484259,0.0
2539,87419679bffffff,874196750ffffff,14,22.054398781200067,2421,44,7.791935956938058,3.784189633918261,10.001312693590723,2.6390573296152584
2540,87419679bffffff,874196751ffffff,7,23.40838157747659,2421,23,7.791935956938058,3.1354942159291497,10.060892143112381,1.9459101490553132
2541,87419679bffffff,874196752ffffff,1,20.038868259475432,2421,3,7.791935956938058,1.0986122886681098,9.905478981298721,0.0
2543,87419679bffffff,874196758ffffff,8,24.546790351714712,2421,14,7.791935956938058,2.6390573296152584,10.108377123131746,2.0794415416798357
2544,87419679bffffff,87419675affffff,8,22.72063036424307,2421,24,7.791935956938058,3.1780538303479458,10.031072629250106,2.0794415416798357
2545,87419679bffffff,87419675effffff,75,22.949363193869278,2421,164,7.791935956938058,5.099866427824199,10.041089040804398,4.31748811353631
2546,87419679bffffff,874196765ffffff,1,33.28292057281855,2421,1,7.791935956938058,0.0,10.412829693670236,0.0
2547,87419679bffffff,874196781ffffff,5,7.781332742498279,2421,6,7.791935956938058,1.791759469228055,8.959611410597285,1.6094379124341003
2548,87419679bffffff,874196782ffffff,28,6.967673421917119,2421,46,7.791935956938058,3.828641396489095,8.849180158798958,3.332204510175204
2549,87419679bffffff,874196783ffffff,2,6.056941585749107,2421,5,7.791935956938058,1.6094379124341003,8.709125349043022,0.6931471805599453
2550,87419679bffffff,874196784ffffff,1,10.591098538396503,2421,2,7.791935956938058,0.6931471805599453,9.267863581229863,0.0
2551,87419679bffffff,874196785ffffff,2,9.913307962653176,2421,3,7.791935956938058,1.0986122886681098,9.20173424150871,0.6931471805599453
2552,87419679bffffff,874196786ffffff,1,9.290249955531747,2421,2,7.791935956938058,0.6931471805599453,9.136828371253468,0.0
2554,87419679bffffff,874196793ffffff,18,5.815151405139571,2421,39,7.791935956938058,3.6635616461296463,8.668394051395074,2.8903717578961645
2555,87419679bffffff,874196795ffffff,30,8.318517810017362,2421,73,7.791935956938058,4.290459441148391,9.026359576609009,3.4011973816621555
2556,87419679bffffff,874196796ffffff,1,9.675841368757021,2421,1,7.791935956938058,0.0,9.177490822141129,0.0
2558,87419679bffffff,874196799ffffff,12,2.0905283112566786,2421,88,7.791935956938058,4.477336814478207,7.645650327131388,2.4849066497880004
2561,87419679bffffff,87419679dffffff,22,3.8900402500249602,2421,33,7.791935956938058,3.4965075614664802,8.266431817321942,3.091042453358316
2563,87419679bffffff,8741967a1ffffff,1,13.790749483938528,2421,3,7.791935956938058,1.0986122886681098,9.531825828870943,0.0
2564,87419679bffffff,8741967a3ffffff,4,12.115854716757893,2421,6,7.791935956938058,1.791759469228055,9.40235271412563,1.3862943611198906
2565,87419679bffffff,8741967a4ffffff,3,16.6199283267786,2421,5,7.791935956938058,1.6094379124341003,9.718417922853076,1.0986122886681098
2566,87419679bffffff,8741967aaffffff,2,9.652623037604593,2421,2,7.791935956938058,0.6931471805599453,9.175088568182808,0.6931471805599453
2567,87419679bffffff,8741967adffffff,75,13.591858572738838,2421,75,7.791935956938058,4.31748811353631,9.517299828862585,4.31748811353631
